tfidf_vector,class_name
[0. 0. 0. ... 0. 0. 0.],sci.electronics
[0. 0. 0. ... 0. 0. 0.],soc.religion.christian
[0. 0. 0. ... 0. 0. 0.],alt.atheism
[0. 0. 0. ... 0. 0. 0.],sci.crypt
[0.         0.06362774 0.         ... 0.         0.         0.        ],talk.politics.guns
[0. 0. 0. ... 0. 0. 0.],rec.sport.hockey
[0. 0. 0. ... 0. 0. 0.],rec.motorcycles
[0. 0. 0. ... 0. 0. 0.],talk.politics.mideast
[0. 0. 0. ... 0. 0. 0.],comp.sys.ibm.pc.hardware
[0. 0. 0. ... 0. 0. 0.],comp.windows.x
[0. 0. 0. ... 0. 0. 0.],sci.med
[0. 0. 0. ... 0. 0. 0.],talk.politics.guns
[0. 0. 0. ... 0. 0. 0.],rec.sport.baseball
[0. 0. 0. ... 0. 0. 0.],alt.atheism
[0. 0. 0. ... 0. 0. 0.],talk.politics.mideast
[0. 0. 0. ... 0. 0. 0.],comp.windows.x
[0. 0. 0. ... 0. 0. 0.],rec.sport.hockey
[0. 0. 0. ... 0. 0. 0.],sci.electronics
[0. 0. 0. ... 0. 0. 0.],comp.sys.ibm.pc.hardware
[0. 0. 0. ... 0. 0. 0.],comp.sys.mac.hardware
[0. 0. 0. ... 0. 0. 0.],sci.space
[0. 0. 0. ... 0. 0. 0.],comp.os.ms-windows.misc
[0. 0. 0. ... 0. 0. 0.],rec.sport.baseball
[0. 0. 0. ... 0. 0. 0.],comp.os.ms-windows.misc
[0. 0. 0. ... 0. 0. 0.],sci.med
[0. 0. 0. ... 0. 0. 0.],sci.space
[0. 0. 0. ... 0. 0. 0.],sci.space
[0. 0. 0. ... 0. 0. 0.],sci.space
[0. 0. 0. ... 0. 0. 0.],soc.religion.christian
[0. 0. 0. ... 0. 0. 0.],sci.crypt
[0. 0. 0. ... 0. 0. 0.],rec.sport.baseball
[0. 0. 0. ... 0. 0. 0.],comp.windows.x
[0.         0.         0.45158859 ... 0.         0.         0.        ],talk.religion.misc
[0. 0. 0. ... 0. 0. 0.],talk.politics.mideast
[0. 0. 0. ... 0. 0. 0.],talk.politics.guns
[0. 0. 0. ... 0. 0. 0.],rec.autos
[0. 0. 0. ... 0. 0. 0.],talk.politics.mideast
[0. 0. 0. ... 0. 0. 0.],comp.sys.ibm.pc.hardware
[0. 0. 0. ... 0. 0. 0.],comp.graphics
[0. 0. 0. ... 0. 0. 0.],sci.crypt
[0. 0. 0. ... 0. 0. 0.],soc.religion.christian
[0. 0. 0. ... 0. 0. 0.],talk.politics.guns
[0. 0. 0. ... 0. 0. 0.],talk.politics.mideast
[0. 0. 0. ... 0. 0. 0.],comp.os.ms-windows.misc
[0. 0. 0. ... 0. 0. 0.],sci.space
[0. 0. 0. ... 0. 0. 0.],sci.space
[0. 0. 0. ... 0. 0. 0.],talk.politics.guns
[0. 0. 0. ... 0. 0. 0.],rec.motorcycles
[0. 0. 0. ... 0. 0. 0.],comp.sys.mac.hardware
[0. 0. 0. ... 0. 0. 0.],misc.forsale
[0. 0. 0. ... 0. 0. 0.],comp.sys.mac.hardware
[0. 0. 0. ... 0. 0. 0.],talk.politics.mideast
[0. 0. 0. ... 0. 0. 0.],sci.space
[0.        0.        0.        ... 0.        0.2286302 0.       ],sci.space
[0. 0. 0. ... 0. 0. 0.],sci.electronics
[0. 0. 0. ... 0. 0. 0.],rec.sport.hockey
[0. 0. 0. ... 0. 0. 0.],sci.med
[0. 0. 0. ... 0. 0. 0.],rec.motorcycles
[0. 0. 0. ... 0. 0. 0.],sci.space
[0. 0. 0. ... 0. 0. 0.],sci.med
[0. 0. 0. ... 0. 0. 0.],sci.electronics
[0. 0. 0. ... 0. 0. 0.],sci.electronics
[0. 0. 0. ... 0. 0. 0.],talk.politics.mideast
[0. 0. 0. ... 0. 0. 0.],comp.os.ms-windows.misc
[0. 0. 0. ... 0. 0. 0.],sci.crypt
[0.0695201 0.        0.        ... 0.        0.        0.       ],rec.sport.baseball
[0. 0. 0. ... 0. 0. 0.],sci.crypt
[0. 0. 0. ... 0. 0. 0.],sci.med
[0. 0. 0. ... 0. 0. 0.],sci.electronics
[0. 0. 0. ... 0. 0. 0.],rec.autos
[0. 0. 0. ... 0. 0. 0.],talk.politics.mideast
[0. 0. 0. ... 0. 0. 0.],rec.motorcycles
[0. 0. 0. ... 0. 0. 0.],rec.sport.baseball
[0. 0. 0. ... 0. 0. 0.],sci.med
[0. 0. 0. ... 0. 0. 0.],soc.religion.christian
[0. 0. 0. ... 0. 0. 0.],talk.religion.misc
[0. 0. 0. ... 0. 0. 0.],sci.crypt
[0. 0. 0. ... 0. 0. 0.],sci.electronics
[0. 0. 0. ... 0. 0. 0.],sci.electronics
[0. 0. 0. ... 0. 0. 0.],talk.politics.guns
[0. 0. 0. ... 0. 0. 0.],comp.sys.mac.hardware
[0. 0. 0. ... 0. 0. 0.],talk.politics.misc
[0. 0. 0. ... 0. 0. 0.],sci.space
[0. 0. 0. ... 0. 0. 0.],soc.religion.christian
[0. 0. 0. ... 0. 0. 0.],rec.autos
[0. 0. 0. ... 0. 0. 0.],comp.sys.ibm.pc.hardware
[0. 0. 0. ... 0. 0. 0.],comp.graphics
[0. 0. 0. ... 0. 0. 0.],comp.sys.ibm.pc.hardware
[0. 0. 0. ... 0. 0. 0.],talk.religion.misc
[0. 0. 0. ... 0. 0. 0.],soc.religion.christian
[0. 0. 0. ... 0. 0. 0.],comp.sys.ibm.pc.hardware
[0. 0. 0. ... 0. 0. 0.],misc.forsale
[0. 0. 0. ... 0. 0. 0.],sci.med
[0. 0. 0. ... 0. 0. 0.],soc.religion.christian
[0.         0.12929565 0.         ... 0.         0.         0.        ],comp.sys.mac.hardware
[0. 0. 0. ... 0. 0. 0.],sci.med
[0. 0. 0. ... 0. 0. 0.],comp.windows.x
[0. 0. 0. ... 0. 0. 0.],rec.autos
[0. 0. 0. ... 0. 0. 0.],sci.space
[0. 0. 0. ... 0. 0. 0.],talk.politics.guns
[0. 0. 0. ... 0. 0. 0.],soc.religion.christian
[0. 0. 0. ... 0. 0. 0.],comp.sys.mac.hardware
[0. 0. 0. ... 0. 0. 0.],talk.politics.guns
[0. 0. 0. ... 0. 0. 0.],misc.forsale
[0. 0. 0. ... 0. 0. 0.],rec.autos
[0. 0. 0. ... 0. 0. 0.],misc.forsale
[0. 0. 0. ... 0. 0. 0.],alt.atheism
[0. 0. 0. ... 0. 0. 0.],talk.politics.mideast
[0. 0. 0. ... 0. 0. 0.],comp.graphics
[0. 0. 0. ... 0. 0. 0.],soc.religion.christian
[0. 0. 0. ... 0. 0. 0.],comp.os.ms-windows.misc
[0. 0. 0. ... 0. 0. 0.],talk.politics.misc
[0. 0. 0. ... 0. 0. 0.],sci.crypt
[0. 0. 0. ... 0. 0. 0.],sci.electronics
[0. 0. 0. ... 0. 0. 0.],comp.os.ms-windows.misc
[0. 0. 0. ... 0. 0. 0.],misc.forsale
[0. 0. 0. ... 0. 0. 0.],sci.electronics
[0. 0. 0. ... 0. 0. 0.],talk.religion.misc
[0. 0. 0. ... 0. 0. 0.],misc.forsale
[0. 0. 0. ... 0. 0. 0.],talk.politics.mideast
[0. 0. 0. ... 0. 0. 0.],comp.sys.mac.hardware
[0. 0. 0. ... 0. 0. 0.],talk.politics.mideast
[0. 0. 0. ... 0. 0. 0.],talk.politics.misc
[0. 0. 0. ... 0. 0. 0.],comp.sys.mac.hardware
[0. 0. 0. ... 0. 0. 0.],sci.crypt
[0.11093987 0.16951633 0.         ... 0.         0.         0.        ],comp.sys.mac.hardware
[0. 0. 0. ... 0. 0. 0.],soc.religion.christian
[0.         0.04742048 0.         ... 0.         0.         0.        ],sci.electronics
[0. 0. 0. ... 0. 0. 0.],talk.politics.guns
[0. 0. 0. ... 0. 0. 0.],comp.sys.ibm.pc.hardware
[0. 0. 0. ... 0. 0. 0.],talk.politics.mideast
[0. 0. 0. ... 0. 0. 0.],sci.space
[0. 0. 0. ... 0. 0. 0.],talk.politics.guns
[0. 0. 0. ... 0. 0. 0.],comp.graphics
[0. 0. 0. ... 0. 0. 0.],comp.sys.ibm.pc.hardware
[0.        0.        0.        ... 0.0642812 0.        0.       ],sci.space
[0. 0. 0. ... 0. 0. 0.],talk.politics.mideast
[0. 0. 0. ... 0. 0. 0.],talk.religion.misc
[0. 0. 0. ... 0. 0. 0.],misc.forsale
[0.05561701 0.04249145 0.         ... 0.         0.         0.        ],sci.crypt
[0. 0. 0. ... 0. 0. 0.],rec.motorcycles
[0. 0. 0. ... 0. 0. 0.],sci.med
[0.         0.09278649 0.         ... 0.         0.         0.        ],soc.religion.christian
[0. 0. 0. ... 0. 0. 0.],comp.graphics
[0. 0. 0. ... 0. 0. 0.],rec.sport.hockey
[0. 0. 0. ... 0. 0. 0.],soc.religion.christian
[0. 0. 0. ... 0. 0. 0.],comp.os.ms-windows.misc
[0.         0.07428414 0.         ... 0.         0.         0.        ],sci.crypt
[0. 0. 0. ... 0. 0. 0.],sci.med
[0. 0. 0. ... 0. 0. 0.],sci.electronics
[0. 0. 0. ... 0. 0. 0.],talk.politics.misc
[0. 0. 0. ... 0. 0. 0.],talk.politics.misc
[0. 0. 0. ... 0. 0. 0.],talk.politics.misc
[0. 0. 0. ... 0. 0. 0.],rec.sport.hockey
[0. 0. 0. ... 0. 0. 0.],alt.atheism
[0.         0.         0.         ... 0.36021379 0.         0.        ],sci.electronics
[0. 0. 0. ... 0. 0. 0.],alt.atheism
[0. 0. 0. ... 0. 0. 0.],sci.electronics
[0. 0. 0. ... 0. 0. 0.],rec.sport.baseball
[0. 0. 0. ... 0. 0. 0.],alt.atheism
[0. 0. 0. ... 0. 0. 0.],sci.crypt
[0. 0. 0. ... 0. 0. 0.],rec.sport.hockey
[0. 0. 0. ... 0. 0. 0.],sci.space
[0.         0.         0.41506293 ... 0.         0.         0.        ],talk.religion.misc
[0. 0. 0. ... 0. 0. 0.],sci.electronics
[0. 0. 0. ... 0. 0. 0.],soc.religion.christian
[0. 0. 0. ... 0. 0. 0.],rec.sport.hockey
[0. 0. 0. ... 0. 0. 0.],rec.motorcycles
[0. 0. 0. ... 0. 0. 0.],talk.politics.misc
[0. 0. 0. ... 0. 0. 0.],comp.windows.x
[0.         0.09677313 0.         ... 0.         0.         0.        ],talk.politics.guns
[0. 0. 0. ... 0. 0. 0.],alt.atheism
[0. 0. 0. ... 0. 0. 0.],sci.electronics
[0. 0. 0. ... 0. 0. 0.],soc.religion.christian
[0. 0. 0. ... 0. 0. 0.],misc.forsale
[0. 0. 0. ... 0. 0. 0.],talk.politics.guns
[0. 0. 0. ... 0. 0. 0.],sci.med
[0. 0. 0. ... 0. 0. 0.],talk.religion.misc
[0. 0. 0. ... 0. 0. 0.],talk.politics.guns
[0. 0. 0. ... 0. 0. 0.],comp.os.ms-windows.misc
[0. 0. 0. ... 0. 0. 0.],sci.med
[0. 0. 0. ... 0. 0. 0.],sci.med
[0. 0. 0. ... 0. 0. 0.],comp.windows.x
[0. 0. 0. ... 0. 0. 0.],soc.religion.christian
[0. 0. 0. ... 0. 0. 0.],sci.electronics
[0. 0. 0. ... 0. 0. 0.],soc.religion.christian
[0. 0. 0. ... 0. 0. 0.],comp.sys.ibm.pc.hardware
[0.         0.14069058 0.         ... 0.         0.         0.        ],comp.graphics
[0. 0. 0. ... 0. 0. 0.],talk.politics.guns
[0. 0. 0. ... 0. 0. 0.],rec.motorcycles
[0. 0. 0. ... 0. 0. 0.],comp.windows.x
[0. 0. 0. ... 0. 0. 0.],rec.sport.baseball
[0. 0. 0. ... 0. 0. 0.],rec.motorcycles
[0. 0. 0. ... 0. 0. 0.],misc.forsale
[0. 0. 0. ... 0. 0. 0.],comp.graphics
[0. 0. 0. ... 0. 0. 0.],comp.sys.ibm.pc.hardware
[0. 0. 0. ... 0. 0. 0.],soc.religion.christian
[0. 0. 0. ... 0. 0. 0.],sci.med
[0. 0. 0. ... 0. 0. 0.],sci.med
[0. 0. 0. ... 0. 0. 0.],sci.med
[0. 0. 0. ... 0. 0. 0.],talk.politics.misc
[0.         0.22681953 0.         ... 0.         0.         0.        ],rec.sport.hockey
[0. 0. 0. ... 0. 0. 0.],comp.os.ms-windows.misc
[0. 0. 0. ... 0. 0. 0.],alt.atheism
[0. 0. 0. ... 0. 0. 0.],sci.space
[0. 0. 0. ... 0. 0. 0.],comp.sys.ibm.pc.hardware
[0. 0. 0. ... 0. 0. 0.],comp.sys.mac.hardware
[0.         0.         0.36550334 ... 0.         0.         0.        ],alt.atheism
[0. 0. 0. ... 0. 0. 0.],talk.politics.guns
[0. 0. 0. ... 0. 0. 0.],talk.politics.mideast
[0. 0. 0. ... 0. 0. 0.],sci.space
[0. 0. 0. ... 0. 0. 0.],sci.crypt
[0. 0. 0. ... 0. 0. 0.],rec.autos
[0. 0. 0. ... 0. 0. 0.],comp.sys.mac.hardware
[0. 0. 0. ... 0. 0. 0.],misc.forsale
[0. 0. 0. ... 0. 0. 0.],rec.sport.hockey
[0. 0. 0. ... 0. 0. 0.],alt.atheism
[0.         0.         0.         ... 0.         0.70804843 0.        ],comp.os.ms-windows.misc
[0. 0. 0. ... 0. 0. 0.],rec.sport.hockey
[0. 0. 0. ... 0. 0. 0.],talk.politics.guns
[0. 0. 0. ... 0. 0. 0.],sci.med
[0.         0.         0.         ... 0.25596502 0.         0.        ],rec.sport.baseball
[0. 0. 0. ... 0. 0. 0.],rec.sport.hockey
[0. 0. 0. ... 0. 0. 0.],misc.forsale
[0. 0. 0. ... 0. 0. 0.],rec.autos
[0. 0. 0. ... 0. 0. 0.],sci.crypt
[0. 0. 0. ... 0. 0. 0.],sci.med
[0. 0. 0. ... 0. 0. 0.],comp.sys.mac.hardware
[0. 0. 0. ... 0. 0. 0.],comp.graphics
[0. 0. 0. ... 0. 0. 0.],rec.motorcycles
[0. 0. 0. ... 0. 0. 0.],talk.politics.mideast
[0.         0.11666031 0.         ... 0.         0.         0.        ],comp.sys.mac.hardware
[0. 0. 0. ... 0. 0. 0.],rec.sport.hockey
[0. 0. 0. ... 0. 0. 0.],alt.atheism
[0. 0. 0. ... 0. 0. 0.],misc.forsale
[0. 0. 0. ... 0. 0. 0.],talk.politics.mideast
[0. 0. 0. ... 0. 0. 0.],talk.politics.guns
[0. 0. 0. ... 0. 0. 0.],comp.os.ms-windows.misc
[0. 0. 0. ... 0. 0. 0.],sci.crypt
[0. 0. 0. ... 0. 0. 0.],comp.sys.ibm.pc.hardware
[0. 0. 0. ... 0. 0. 0.],comp.sys.ibm.pc.hardware
[0.         0.02245017 0.         ... 0.         0.         0.        ],rec.autos
[0. 0. 0. ... 0. 0. 0.],rec.sport.baseball
[0. 0. 0. ... 0. 0. 0.],comp.graphics
[0. 0. 0. ... 0. 0. 0.],talk.politics.mideast
[0.         0.07798742 0.         ... 0.         0.         0.        ],comp.windows.x
[0. 0. 0. ... 0. 0. 0.],rec.autos
[0. 0. 0. ... 0. 0. 0.],talk.politics.guns
[0. 0. 0. ... 0. 0. 0.],comp.sys.ibm.pc.hardware
[0. 0. 0. ... 0. 0. 0.],rec.sport.hockey
[0. 0. 0. ... 0. 0. 0.],rec.autos
[0. 0. 0. ... 0. 0. 0.],comp.sys.mac.hardware
[0. 0. 0. ... 0. 0. 0.],comp.graphics
[0. 0. 0. ... 0. 0. 0.],talk.politics.mideast
[0. 0. 0. ... 0. 0. 0.],comp.sys.mac.hardware
[0. 0. 0. ... 0. 0. 0.],talk.politics.misc
[0. 0. 0. ... 0. 0. 0.],sci.space
[0. 0. 0. ... 0. 0. 0.],rec.sport.baseball
[0. 0. 0. ... 0. 0. 0.],soc.religion.christian
[0. 0. 0. ... 0. 0. 0.],misc.forsale
[0. 0. 0. ... 0. 0. 0.],sci.med
[0. 0. 0. ... 0. 0. 0.],rec.motorcycles
[0. 0. 0. ... 0. 0. 0.],rec.autos
[0. 0. 0. ... 0. 0. 0.],rec.motorcycles
[0. 0. 0. ... 0. 0. 0.],rec.autos
[0. 0. 0. ... 0. 0. 0.],comp.os.ms-windows.misc
[0. 0. 0. ... 0. 0. 0.],comp.windows.x
[0. 0. 0. ... 0. 0. 0.],talk.politics.mideast
[0. 0. 0. ... 0. 0. 0.],sci.med
[0. 0. 0. ... 0. 0. 0.],rec.motorcycles
[0. 0. 0. ... 0. 0. 0.],soc.religion.christian
[0. 0. 0. ... 0. 0. 0.],comp.os.ms-windows.misc
[0. 0. 0. ... 0. 0. 0.],rec.autos
[0. 0. 0. ... 0. 0. 0.],talk.politics.mideast
[0. 0. 0. ... 0. 0. 0.],rec.autos
[0. 0. 0. ... 0. 0. 0.],comp.sys.mac.hardware
[0. 0. 0. ... 0. 0. 0.],sci.crypt
[0. 0. 0. ... 0. 0. 0.],comp.graphics
[0. 0. 0. ... 0. 0. 0.],rec.motorcycles
[0. 0. 0. ... 0. 0. 0.],rec.motorcycles
[0. 0. 0. ... 0. 0. 0.],sci.space
[0. 0. 0. ... 0. 0. 0.],rec.sport.baseball
[0. 0. 0. ... 0. 0. 0.],talk.politics.guns
[0. 0. 0. ... 0. 0. 0.],rec.motorcycles
[0. 0. 0. ... 0. 0. 0.],sci.crypt
[0. 0. 0. ... 0. 0. 0.],rec.motorcycles
[0. 0. 0. ... 0. 0. 0.],soc.religion.christian
[0. 0. 0. ... 0. 0. 0.],comp.windows.x
[0. 0. 0. ... 0. 0. 0.],sci.med
[0. 0. 0. ... 0. 0. 0.],comp.sys.ibm.pc.hardware
[0.         0.         0.         ... 0.18246296 0.         0.        ],sci.space
[0. 0. 0. ... 0. 0. 0.],sci.crypt
[0. 0. 0. ... 0. 0. 0.],sci.electronics
[0. 0. 0. ... 0. 0. 0.],comp.sys.mac.hardware
[0. 0. 0. ... 0. 0. 0.],rec.autos
[0.         0.         0.         ... 0.         0.19649444 0.        ],comp.os.ms-windows.misc
[0. 0. 0. ... 0. 0. 0.],comp.sys.mac.hardware
[0. 0. 0. ... 0. 0. 0.],misc.forsale
[0. 0. 0. ... 0. 0. 0.],comp.sys.mac.hardware
[0. 0. 0. ... 0. 0. 0.],sci.med
[0. 0. 0. ... 0. 0. 0.],talk.politics.guns
[0. 0. 0. ... 0. 0. 0.],misc.forsale
[0. 0. 0. ... 0. 0. 0.],soc.religion.christian
[0. 0. 0. ... 0. 0. 0.],sci.crypt
[0. 0. 0. ... 0. 0. 0.],rec.sport.baseball
[0. 0. 0. ... 0. 0. 0.],sci.electronics
[0. 0. 0. ... 0. 0. 0.],comp.graphics
[0. 0. 0. ... 0. 0. 0.],alt.atheism
[0. 0. 0. ... 0. 0. 0.],alt.atheism
[0. 0. 0. ... 0. 0. 0.],comp.os.ms-windows.misc
[0. 0. 0. ... 0. 0. 0.],comp.windows.x
[0. 0. 0. ... 0. 0. 0.],talk.politics.guns
[0. 0. 0. ... 0. 0. 0.],rec.sport.hockey
[0. 0. 0. ... 0. 0. 0.],rec.motorcycles
[0. 0. 0. ... 0. 0. 0.],sci.med
[0. 0. 0. ... 0. 0. 0.],rec.autos
[0.11716706 0.         0.         ... 0.         0.         0.        ],soc.religion.christian
[0.         0.29927729 0.         ... 0.         0.         0.        ],rec.motorcycles
[0. 0. 0. ... 0. 0. 0.],talk.politics.mideast
[0. 0. 0. ... 0. 0. 0.],sci.med
[0.09380099 0.03583202 0.         ... 0.         0.         0.        ],sci.crypt
[0. 0. 0. ... 0. 0. 0.],comp.windows.x
[0. 0. 0. ... 0. 0. 0.],comp.sys.mac.hardware
[0. 0. 0. ... 0. 0. 0.],rec.sport.hockey
[0. 0. 0. ... 0. 0. 0.],comp.sys.mac.hardware
[0. 0. 0. ... 0. 0. 0.],comp.sys.mac.hardware
[0. 0. 0. ... 0. 0. 0.],talk.politics.guns
[0. 0. 0. ... 0. 0. 0.],comp.windows.x
[0. 0. 0. ... 0. 0. 0.],talk.politics.mideast
[0. 0. 0. ... 0. 0. 0.],talk.politics.misc
[0. 0. 0. ... 0. 0. 0.],comp.windows.x
[0. 0. 0. ... 0. 0. 0.],sci.electronics
[0. 0. 0. ... 0. 0. 0.],rec.sport.baseball
[0. 0. 0. ... 0. 0. 0.],comp.sys.ibm.pc.hardware
[0. 0. 0. ... 0. 0. 0.],comp.graphics
[0. 0. 0. ... 0. 0. 0.],talk.politics.mideast
[0. 0. 0. ... 0. 0. 0.],soc.religion.christian
[0. 0. 0. ... 0. 0. 0.],rec.autos
[0. 0. 0. ... 0. 0. 0.],rec.motorcycles
[0. 0. 0. ... 0. 0. 0.],rec.autos
[0. 0. 0. ... 0. 0. 0.],comp.sys.mac.hardware
[0. 0. 0. ... 0. 0. 0.],rec.motorcycles
[0. 0. 0. ... 0. 0. 0.],comp.graphics
[0. 0. 0. ... 0. 0. 0.],misc.forsale
[0. 0. 0. ... 0. 0. 0.],sci.med
[0. 0. 0. ... 0. 0. 0.],rec.sport.hockey
[0. 0. 0. ... 0. 0. 0.],rec.sport.baseball
[0. 0. 0. ... 0. 0. 0.],sci.electronics
[0. 0. 0. ... 0. 0. 0.],alt.atheism
[0. 0. 0. ... 0. 0. 0.],talk.politics.mideast
[0. 0. 0. ... 0. 0. 0.],rec.sport.hockey
[0. 0. 0. ... 0. 0. 0.],sci.crypt
[0. 0. 0. ... 0. 0. 0.],comp.graphics
[0. 0. 0. ... 0. 0. 0.],misc.forsale
[0. 0. 0. ... 0. 0. 0.],sci.med
[0. 0. 0. ... 0. 0. 0.],comp.sys.ibm.pc.hardware
[0. 0. 0. ... 0. 0. 0.],rec.sport.baseball
[0. 0. 0. ... 0. 0. 0.],sci.space
[0. 0. 0. ... 0. 0. 0.],sci.crypt
[0. 0. 0. ... 0. 0. 0.],rec.autos
[0. 0. 0. ... 0. 0. 0.],rec.sport.hockey
[0. 0. 0. ... 0. 0. 0.],comp.graphics
[0. 0. 0. ... 0. 0. 0.],soc.religion.christian
[0. 0. 0. ... 0. 0. 0.],sci.electronics
[0. 0. 0. ... 0. 0. 0.],sci.electronics
[0. 0. 0. ... 0. 0. 0.],sci.space
[0. 0. 0. ... 0. 0. 0.],comp.os.ms-windows.misc
[0.1312929 0.        0.        ... 0.        0.        0.       ],sci.electronics
[0. 0. 0. ... 0. 0. 0.],talk.politics.guns
[0. 0. 0. ... 0. 0. 0.],sci.crypt
[0. 0. 0. ... 0. 0. 0.],talk.politics.mideast
[0. 0. 0. ... 0. 0. 0.],talk.religion.misc
[0. 0. 0. ... 0. 0. 0.],comp.os.ms-windows.misc
[0. 0. 0. ... 0. 0. 0.],sci.space
[0.         0.08597253 0.         ... 0.         0.         0.        ],talk.politics.guns
[0. 0. 0. ... 0. 0. 0.],talk.politics.guns
[0.         0.09867384 0.         ... 0.         0.         0.        ],rec.motorcycles
[0. 0. 0. ... 0. 0. 0.],misc.forsale
[0. 0. 0. ... 0. 0. 0.],misc.forsale
[0. 0. 0. ... 0. 0. 0.],sci.electronics
[0. 0. 0. ... 0. 0. 0.],rec.sport.hockey
[0. 0. 0. ... 0. 0. 0.],alt.atheism
[0. 0. 0. ... 0. 0. 0.],rec.motorcycles
[0.         0.07560568 0.         ... 0.         0.         0.        ],talk.religion.misc
[0. 0. 0. ... 0. 0. 0.],sci.crypt
[0. 0. 0. ... 0. 0. 0.],rec.autos
[0. 0. 0. ... 0. 0. 0.],comp.os.ms-windows.misc
[0.05549724 0.         0.         ... 0.         0.         0.        ],talk.religion.misc
[0. 0. 0. ... 0. 0. 0.],talk.religion.misc
[0. 0. 0. ... 0. 0. 0.],comp.os.ms-windows.misc
[0. 0. 0. ... 0. 0. 0.],comp.sys.ibm.pc.hardware
[0. 0. 0. ... 0. 0. 0.],comp.sys.ibm.pc.hardware
[0. 0. 0. ... 0. 0. 0.],rec.sport.baseball
[0. 0. 0. ... 0. 0. 0.],rec.autos
[0. 0. 0. ... 0. 0. 0.],rec.sport.hockey
[0. 0. 0. ... 0. 0. 0.],rec.autos
[0. 0. 0. ... 0. 0. 0.],rec.motorcycles
[0. 0. 0. ... 0. 0. 0.],rec.motorcycles
[0. 0. 0. ... 0. 0. 0.],talk.religion.misc
[0.         0.03889067 0.         ... 0.         0.         0.        ],soc.religion.christian
[0. 0. 0. ... 0. 0. 0.],sci.electronics
[0. 0. 0. ... 0. 0. 0.],misc.forsale
[0. 0. 0. ... 0. 0. 0.],sci.space
[0. 0. 0. ... 0. 0. 0.],rec.sport.hockey
[0. 0. 0. ... 0. 0. 0.],comp.graphics
[0. 0. 0. ... 0. 0. 0.],rec.autos
[0. 0. 0. ... 0. 0. 0.],rec.sport.hockey
[0. 0. 0. ... 0. 0. 0.],comp.sys.mac.hardware
[0. 0. 0. ... 0. 0. 0.],rec.sport.hockey
[0. 0. 0. ... 0. 0. 0.],misc.forsale
[0. 0. 0. ... 0. 0. 0.],misc.forsale
[0.         0.14405229 0.         ... 0.         0.         0.        ],talk.politics.guns
[0. 0. 0. ... 0. 0. 0.],misc.forsale
[0. 0. 0. ... 0. 0. 0.],talk.politics.mideast
[0. 0. 0. ... 0. 0. 0.],sci.space
[0. 0. 0. ... 0. 0. 0.],sci.crypt
[0. 0. 0. ... 0. 0. 0.],talk.politics.misc
[0.         0.         0.06207873 ... 0.         0.         0.        ],talk.politics.misc
[0. 0. 0. ... 0. 0. 0.],comp.windows.x
[0. 0. 0. ... 0. 0. 0.],soc.religion.christian
[0. 0. 0. ... 0. 0. 0.],alt.atheism
[0. 0. 0. ... 0. 0. 0.],rec.sport.hockey
[0. 0. 0. ... 0. 0. 0.],rec.motorcycles
[0. 0. 0. ... 0. 0. 0.],rec.sport.hockey
[0. 0. 0. ... 0. 0. 0.],comp.os.ms-windows.misc
[0. 0. 0. ... 0. 0. 0.],rec.sport.hockey
[0. 0. 0. ... 0. 0. 0.],sci.electronics
[0. 0. 0. ... 0. 0. 0.],comp.sys.mac.hardware
[0. 0. 0. ... 0. 0. 0.],talk.politics.mideast
[0. 0. 0. ... 0. 0. 0.],comp.sys.mac.hardware
[0. 0. 0. ... 0. 0. 0.],sci.crypt
[0. 0. 0. ... 0. 0. 0.],rec.sport.hockey
[0. 0. 0. ... 0. 0. 0.],alt.atheism
[0. 0. 0. ... 0. 0. 0.],rec.sport.hockey
[0. 0. 0. ... 0. 0. 0.],talk.religion.misc
[0. 0. 0. ... 0. 0. 0.],alt.atheism
[0. 0. 0. ... 0. 0. 0.],sci.space
[0. 0. 0. ... 0. 0. 0.],rec.autos
[0. 0. 0. ... 0. 0. 0.],sci.space
[0. 0. 0. ... 0. 0. 0.],misc.forsale
[0. 0. 0. ... 0. 0. 0.],sci.electronics
[0. 0. 0. ... 0. 0. 0.],comp.sys.ibm.pc.hardware
[0. 0. 0. ... 0. 0. 0.],misc.forsale
[0. 0. 0. ... 0. 0. 0.],soc.religion.christian
[0. 0. 0. ... 0. 0. 0.],comp.windows.x
[0. 0. 0. ... 0. 0. 0.],sci.space
[0. 0. 0. ... 0. 0. 0.],misc.forsale
[0.        0.        0.        ... 0.        0.        0.4327122],comp.sys.mac.hardware
[0. 0. 0. ... 0. 0. 0.],soc.religion.christian
[0. 0. 0. ... 0. 0. 0.],comp.windows.x
[0. 0. 0. ... 0. 0. 0.],misc.forsale
[0. 0. 0. ... 0. 0. 0.],comp.sys.ibm.pc.hardware
[0. 0. 0. ... 0. 0. 0.],comp.windows.x
[0. 0. 0. ... 0. 0. 0.],rec.sport.baseball
[0. 0. 0. ... 0. 0. 0.],talk.politics.mideast
[0. 0. 0. ... 0. 0. 0.],rec.autos
[0. 0. 0. ... 0. 0. 0.],rec.autos
[0. 0. 0. ... 0. 0. 0.],rec.autos
[0. 0. 0. ... 0. 0. 0.],rec.autos
[0. 0. 0. ... 0. 0. 0.],soc.religion.christian
[0. 0. 0. ... 0. 0. 0.],comp.windows.x
[0. 0. 0. ... 0. 0. 0.],comp.sys.mac.hardware
[0. 0. 0. ... 0. 0. 0.],talk.religion.misc
[0. 0. 0. ... 0. 0. 0.],talk.politics.guns
[0. 0. 0. ... 0. 0. 0.],comp.sys.ibm.pc.hardware
[0. 0. 0. ... 0. 0. 0.],rec.autos
[0. 0. 0. ... 0. 0. 0.],soc.religion.christian
[0. 0. 0. ... 0. 0. 0.],comp.sys.ibm.pc.hardware
[0. 0. 0. ... 0. 0. 0.],talk.politics.mideast
[0.11310106 0.         0.         ... 0.         0.         0.        ],comp.sys.mac.hardware
[0. 0. 0. ... 0. 0. 0.],rec.sport.hockey
[0. 0. 0. ... 0. 0. 0.],talk.politics.mideast
[0. 0. 0. ... 0. 0. 0.],soc.religion.christian
[0. 0. 0. ... 0. 0. 0.],alt.atheism
[0. 0. 0. ... 0. 0. 0.],rec.motorcycles
[0. 0. 0. ... 0. 0. 0.],rec.sport.hockey
[0. 0. 0. ... 0. 0. 0.],rec.autos
[0.         0.03376234 0.         ... 0.         0.         0.        ],rec.sport.hockey
[0. 0. 0. ... 0. 0. 0.],soc.religion.christian
[0. 0. 0. ... 0. 0. 0.],sci.electronics
[0.         0.06100064 0.         ... 0.         0.         0.        ],rec.autos
[0. 0. 0. ... 0. 0. 0.],talk.politics.misc
[0. 0. 0. ... 0. 0. 0.],misc.forsale
[0. 0. 0. ... 0. 0. 0.],rec.autos
[0. 0. 0. ... 0. 0. 0.],rec.sport.hockey
[0. 0. 0. ... 0. 0. 0.],talk.politics.mideast
[0. 0. 0. ... 0. 0. 0.],rec.sport.baseball
[0. 0. 0. ... 0. 0. 0.],sci.crypt
[0. 0. 0. ... 0. 0. 0.],rec.autos
[0. 0. 0. ... 0. 0. 0.],sci.electronics
[0. 0. 0. ... 0. 0. 0.],sci.med
[0. 0. 0. ... 0. 0. 0.],comp.graphics
[0. 0. 0. ... 0. 0. 0.],comp.os.ms-windows.misc
[0. 0. 0. ... 0. 0. 0.],sci.crypt
[0. 0. 0. ... 0. 0. 0.],comp.os.ms-windows.misc
[0. 0. 0. ... 0. 0. 0.],sci.crypt
[0. 0. 0. ... 0. 0. 0.],sci.electronics
[0.         0.13986937 0.         ... 0.         0.         0.        ],comp.sys.ibm.pc.hardware
[0. 0. 0. ... 0. 0. 0.],comp.graphics
[0. 0. 0. ... 0. 0. 0.],alt.atheism
[0. 0. 0. ... 0. 0. 0.],talk.politics.mideast
[0. 0. 0. ... 0. 0. 0.],rec.sport.hockey
[0. 0. 0. ... 0. 0. 0.],sci.crypt
[0. 0. 0. ... 0. 0. 0.],talk.politics.guns
[0. 0. 0. ... 0. 0. 0.],talk.politics.guns
[0. 0. 0. ... 0. 0. 0.],sci.space
[0. 0. 0. ... 0. 0. 0.],alt.atheism
[0. 0. 0. ... 0. 0. 0.],sci.electronics
[0. 0. 0. ... 0. 0. 0.],rec.sport.baseball
[0. 0. 0. ... 0. 0. 0.],comp.sys.mac.hardware
[0. 0. 0. ... 0. 0. 0.],sci.med
[0. 0. 0. ... 0. 0. 0.],soc.religion.christian
[0. 0. 0. ... 0. 0. 0.],sci.crypt
[0. 0. 0. ... 0. 0. 0.],comp.windows.x
[0. 0. 0. ... 0. 0. 0.],talk.politics.mideast
[0. 0. 0. ... 0. 0. 0.],talk.politics.guns
[0. 0. 0. ... 0. 0. 0.],sci.space
[0. 0. 0. ... 0. 0. 0.],talk.politics.mideast
[0. 0. 0. ... 0. 0. 0.],comp.sys.mac.hardware
[0. 0. 0. ... 0. 0. 0.],alt.atheism
[0. 0. 0. ... 0. 0. 0.],comp.sys.ibm.pc.hardware
[0. 0. 0. ... 0. 0. 0.],comp.graphics
[0. 0. 0. ... 0. 0. 0.],talk.politics.misc
[0. 0. 0. ... 0. 0. 0.],comp.windows.x
[0. 0. 0. ... 0. 0. 0.],sci.med
[0. 0. 0. ... 0. 0. 0.],rec.sport.hockey
[0. 0. 0. ... 0. 0. 0.],rec.sport.hockey
[0. 0. 0. ... 0. 0. 0.],rec.sport.hockey
[0. 0. 0. ... 0. 0. 0.],rec.sport.hockey
[0. 0. 0. ... 0. 0. 0.],rec.sport.baseball
[0. 0. 0. ... 0. 0. 0.],sci.space
[0. 0. 0. ... 0. 0. 0.],comp.windows.x
[0. 0. 0. ... 0. 0. 0.],rec.sport.baseball
[0. 0. 0. ... 0. 0. 0.],comp.os.ms-windows.misc
[0. 0. 0. ... 0. 0. 0.],alt.atheism
[0. 0. 0. ... 0. 0. 0.],comp.graphics
[0. 0. 0. ... 0. 0. 0.],talk.politics.mideast
[0. 0. 0. ... 0. 0. 0.],sci.electronics
[0. 0. 0. ... 0. 0. 0.],sci.space
[0. 0. 0. ... 0. 0. 0.],rec.autos
[0. 0. 0. ... 0. 0. 0.],comp.os.ms-windows.misc
[0. 0. 0. ... 0. 0. 0.],rec.sport.baseball
[0. 0. 0. ... 0. 0. 0.],talk.politics.misc
[0. 0. 0. ... 0. 0. 0.],misc.forsale
[0. 0. 0. ... 0. 0. 0.],sci.electronics
[0. 0. 0. ... 0. 0. 0.],rec.motorcycles
[0. 0. 0. ... 0. 0. 0.],talk.politics.misc
[0.         0.16290836 0.         ... 0.         0.         0.        ],rec.motorcycles
[0. 0. 0. ... 0. 0. 0.],sci.electronics
[0. 0. 0. ... 0. 0. 0.],talk.religion.misc
[0.         0.19618974 0.         ... 0.         0.         0.        ],soc.religion.christian
[0. 0. 0. ... 0. 0. 0.],comp.windows.x
[0. 0. 0. ... 0. 0. 0.],talk.religion.misc
[0. 0. 0. ... 0. 0. 0.],alt.atheism
[0. 0. 0. ... 0. 0. 0.],rec.autos
[0. 0. 0. ... 0. 0. 0.],sci.electronics
[0. 0. 0. ... 0. 0. 0.],comp.sys.ibm.pc.hardware
[0. 0. 0. ... 0. 0. 0.],talk.politics.mideast
[0. 0. 0. ... 0. 0. 0.],talk.politics.guns
[0. 0. 0. ... 0. 0. 0.],talk.politics.guns
[0. 0. 0. ... 0. 0. 0.],rec.autos
[0. 0. 0. ... 0. 0. 0.],rec.sport.hockey
[0. 0. 0. ... 0. 0. 0.],talk.politics.mideast
[0. 0. 0. ... 0. 0. 0.],rec.sport.baseball
[0. 0. 0. ... 0. 0. 0.],comp.os.ms-windows.misc
[0. 0. 0. ... 0. 0. 0.],rec.sport.hockey
[0. 0. 0. ... 0. 0. 0.],misc.forsale
[0. 0. 0. ... 0. 0. 0.],rec.sport.baseball
[0. 0. 0. ... 0. 0. 0.],rec.autos
[0. 0. 0. ... 0. 0. 0.],comp.graphics
[0. 0. 0. ... 0. 0. 0.],rec.motorcycles
[0. 0. 0. ... 0. 0. 0.],rec.autos
[0. 0. 0. ... 0. 0. 0.],sci.med
[0. 0. 0. ... 0. 0. 0.],sci.med
[0. 0. 0. ... 0. 0. 0.],sci.med
[0. 0. 0. ... 0. 0. 0.],rec.motorcycles
[0. 0. 0. ... 0. 0. 0.],talk.politics.mideast
[0. 0. 0. ... 0. 0. 0.],comp.sys.mac.hardware
[0. 0. 0. ... 0. 0. 0.],rec.autos
[0. 0. 0. ... 0. 0. 0.],sci.electronics
[0. 0. 0. ... 0. 0. 0.],rec.autos
[0.         0.07219081 0.         ... 0.         0.         0.        ],comp.windows.x
[0. 0. 0. ... 0. 0. 0.],rec.sport.hockey
[0. 0. 0. ... 0. 0. 0.],misc.forsale
[0. 0. 0. ... 0. 0. 0.],comp.os.ms-windows.misc
[0. 0. 0. ... 0. 0. 0.],rec.autos
[0. 0. 0. ... 0. 0. 0.],talk.religion.misc
[0. 0. 0. ... 0. 0. 0.],soc.religion.christian
[0. 0. 0. ... 0. 0. 0.],talk.religion.misc
[0. 0. 0. ... 0. 0. 0.],comp.graphics
[0. 0. 0. ... 0. 0. 0.],comp.graphics
[0. 0. 0. ... 0. 0. 0.],comp.graphics
[0. 0. 0. ... 0. 0. 0.],rec.sport.hockey
[0. 0. 0. ... 0. 0. 0.],soc.religion.christian
[0. 0. 0. ... 0. 0. 0.],sci.space
[0.         0.04880475 0.         ... 0.         0.         0.        ],talk.politics.guns
[0. 0. 0. ... 0. 0. 0.],talk.politics.misc
[0. 0. 0. ... 0. 0. 0.],sci.electronics
[0. 0. 0. ... 0. 0. 0.],talk.religion.misc
[0. 0. 0. ... 0. 0. 0.],comp.sys.ibm.pc.hardware
[0. 0. 0. ... 0. 0. 0.],misc.forsale
[0. 0. 0. ... 0. 0. 0.],sci.space
[0. 0. 0. ... 0. 0. 0.],comp.os.ms-windows.misc
[0. 0. 0. ... 0. 0. 0.],sci.med
[0. 0. 0. ... 0. 0. 0.],sci.space
[0. 0. 0. ... 0. 0. 0.],comp.sys.ibm.pc.hardware
[0. 0. 0. ... 0. 0. 0.],talk.politics.misc
[0. 0. 0. ... 0. 0. 0.],rec.motorcycles
[0. 0. 0. ... 0. 0. 0.],rec.motorcycles
[0. 0. 0. ... 0. 0. 0.],talk.religion.misc
[0. 0. 0. ... 0. 0. 0.],talk.politics.guns
[0. 0. 0. ... 0. 0. 0.],sci.crypt
[0. 0. 0. ... 0. 0. 0.],comp.sys.ibm.pc.hardware
[0. 0. 0. ... 0. 0. 0.],comp.sys.ibm.pc.hardware
[0. 0. 0. ... 0. 0. 0.],talk.politics.misc
[0. 0. 0. ... 0. 0. 0.],sci.space
[0. 0. 0. ... 0. 0. 0.],rec.autos
[0.         0.06304295 0.         ... 0.         0.         0.        ],sci.crypt
[0. 0. 0. ... 0. 0. 0.],comp.windows.x
[0. 0. 0. ... 0. 0. 0.],comp.sys.ibm.pc.hardware
[0. 0. 0. ... 0. 0. 0.],talk.politics.guns
[0. 0. 0. ... 0. 0. 0.],talk.politics.misc
[0. 0. 0. ... 0. 0. 0.],rec.autos
[0.         0.         0.         ... 0.         0.16714173 0.        ],rec.sport.baseball
[0. 0. 0. ... 0. 0. 0.],rec.autos
[0. 0. 0. ... 0. 0. 0.],comp.sys.mac.hardware
[0. 0. 0. ... 0. 0. 0.],sci.electronics
[0. 0. 0. ... 0. 0. 0.],sci.electronics
[0. 0. 0. ... 0. 0. 0.],sci.crypt
[0. 0. 0. ... 0. 0. 0.],comp.sys.ibm.pc.hardware
[0. 0. 0. ... 0. 0. 0.],sci.med
[0. 0. 0. ... 0. 0. 0.],rec.autos
[0. 0. 0. ... 0. 0. 0.],rec.sport.baseball
[0. 0. 0. ... 0. 0. 0.],rec.sport.hockey
[0. 0. 0. ... 0. 0. 0.],talk.politics.guns
[0. 0. 0. ... 0. 0. 0.],talk.politics.misc
[0. 0. 0. ... 0. 0. 0.],talk.politics.guns
[0. 0. 0. ... 0. 0. 0.],rec.sport.baseball
[0. 0. 0. ... 0. 0. 0.],soc.religion.christian
[0. 0. 0. ... 0. 0. 0.],comp.sys.mac.hardware
[0. 0. 0. ... 0. 0. 0.],rec.sport.baseball
[0. 0. 0. ... 0. 0. 0.],rec.motorcycles
[0. 0. 0. ... 0. 0. 0.],rec.motorcycles
[0. 0. 0. ... 0. 0. 0.],rec.motorcycles
[0. 0. 0. ... 0. 0. 0.],rec.sport.baseball
[0. 0. 0. ... 0. 0. 0.],rec.motorcycles
[0. 0. 0. ... 0. 0. 0.],rec.autos
[0. 0. 0. ... 0. 0. 0.],sci.med
[0. 0. 0. ... 0. 0. 0.],talk.religion.misc
[0. 0. 0. ... 0. 0. 0.],rec.sport.baseball
[0. 0. 0. ... 0. 0. 0.],comp.graphics
[0. 0. 0. ... 0. 0. 0.],rec.motorcycles
[0. 0. 0. ... 0. 0. 0.],misc.forsale
[0. 0. 0. ... 0. 0. 0.],alt.atheism
[0. 0. 0. ... 0. 0. 0.],talk.politics.misc
[0. 0. 0. ... 0. 0. 0.],rec.sport.baseball
[0. 0. 0. ... 0. 0. 0.],misc.forsale
[0.         0.21489367 0.         ... 0.         0.         0.        ],rec.sport.baseball
[0. 0. 0. ... 0. 0. 0.],sci.electronics
[0. 0. 0. ... 0. 0. 0.],sci.electronics
[0. 0. 0. ... 0. 0. 0.],sci.space
[0. 0. 0. ... 0. 0. 0.],talk.politics.mideast
[0. 0. 0. ... 0. 0. 0.],sci.med
[0. 0. 0. ... 0. 0. 0.],sci.space
[0. 0. 0. ... 0. 0. 0.],talk.politics.mideast
[0. 0. 0. ... 0. 0. 0.],misc.forsale
[0. 0. 0. ... 0. 0. 0.],talk.politics.guns
[0. 0. 0. ... 0. 0. 0.],rec.motorcycles
[0. 0. 0. ... 0. 0. 0.],comp.windows.x
[0.         0.13468931 0.         ... 0.         0.         0.        ],comp.windows.x
[0. 0. 0. ... 0. 0. 0.],sci.electronics
[0. 0. 0. ... 0. 0. 0.],sci.med
[0. 0. 0. ... 0. 0. 0.],sci.space
[0. 0. 0. ... 0. 0. 0.],misc.forsale
[0. 0. 0. ... 0. 0. 0.],rec.motorcycles
[0. 0. 0. ... 0. 0. 0.],sci.med
[0. 0. 0. ... 0. 0. 0.],comp.os.ms-windows.misc
[0. 0. 0. ... 0. 0. 0.],talk.politics.mideast
[0. 0. 0. ... 0. 0. 0.],soc.religion.christian
[0. 0. 0. ... 0. 0. 0.],sci.med
[0. 0. 0. ... 0. 0. 0.],comp.graphics
[0. 0. 0. ... 0. 0. 0.],talk.politics.mideast
[0. 0. 0. ... 0. 0. 0.],comp.os.ms-windows.misc
[0. 0. 0. ... 0. 0. 0.],comp.graphics
[0. 0. 0. ... 0. 0. 0.],rec.motorcycles
[0. 0. 0. ... 0. 0. 0.],talk.politics.mideast
[0. 0. 0. ... 0. 0. 0.],comp.windows.x
[0. 0. 0. ... 0. 0. 0.],talk.politics.mideast
[0. 0. 0. ... 0. 0. 0.],talk.politics.guns
[0. 0. 0. ... 0. 0. 0.],sci.space
[0. 0. 0. ... 0. 0. 0.],talk.politics.misc
[0. 0. 0. ... 0. 0. 0.],rec.autos
[0. 0. 0. ... 0. 0. 0.],comp.graphics
[0. 0. 0. ... 0. 0. 0.],rec.sport.hockey
[0.         0.         0.         ... 0.         0.05228561 0.        ],comp.graphics
[0. 0. 0. ... 0. 0. 0.],comp.os.ms-windows.misc
[0. 0. 0. ... 0. 0. 0.],comp.sys.mac.hardware
[0. 0. 0. ... 0. 0. 0.],soc.religion.christian
[0. 0. 0. ... 0. 0. 0.],comp.graphics
[0. 0. 0. ... 0. 0. 0.],talk.politics.misc
[0. 0. 0. ... 0. 0. 0.],comp.os.ms-windows.misc
[0. 0. 0. ... 0. 0. 0.],comp.sys.mac.hardware
[0. 0. 0. ... 0. 0. 0.],alt.atheism
[0. 0. 0. ... 0. 0. 0.],comp.sys.mac.hardware
[0. 0. 0. ... 0. 0. 0.],talk.politics.mideast
[0. 0. 0. ... 0. 0. 0.],misc.forsale
[0. 0. 0. ... 0. 0. 0.],sci.electronics
[0. 0. 0. ... 0. 0. 0.],talk.politics.guns
[0.         0.03678565 0.         ... 0.         0.         0.        ],sci.med
[0. 0. 0. ... 0. 0. 0.],misc.forsale
[0. 0. 0. ... 0. 0. 0.],sci.crypt
[0. 0. 0. ... 0. 0. 0.],sci.crypt
[0. 0. 0. ... 0. 0. 0.],rec.motorcycles
[0. 0. 0. ... 0. 0. 0.],talk.politics.mideast
[0.        0.1341305 0.        ... 0.        0.        0.       ],comp.sys.ibm.pc.hardware
[0. 0. 0. ... 0. 0. 0.],rec.motorcycles
[0. 0. 0. ... 0. 0. 0.],rec.autos
[0. 0. 0. ... 0. 0. 0.],comp.windows.x
[0. 0. 0. ... 0. 0. 0.],rec.sport.hockey
[0. 0. 0. ... 0. 0. 0.],misc.forsale
[0. 0. 0. ... 0. 0. 0.],talk.politics.guns
[0. 0. 0. ... 0. 0. 0.],talk.politics.misc
[0. 0. 0. ... 0. 0. 0.],comp.os.ms-windows.misc
[0. 0. 0. ... 0. 0. 0.],rec.sport.hockey
[0. 0. 0. ... 0. 0. 0.],misc.forsale
[0. 0. 0. ... 0. 0. 0.],rec.autos
[0. 0. 0. ... 0. 0. 0.],talk.politics.mideast
[0. 0. 0. ... 0. 0. 0.],soc.religion.christian
[0. 0. 0. ... 0. 0. 0.],sci.space
[0. 0. 0. ... 0. 0. 0.],alt.atheism
[0. 0. 0. ... 0. 0. 0.],soc.religion.christian
[0. 0. 0. ... 0. 0. 0.],soc.religion.christian
[0. 0. 0. ... 0. 0. 0.],talk.politics.guns
[0.06057685 0.09256154 0.         ... 0.         0.         0.        ],rec.sport.baseball
[0. 0. 0. ... 0. 0. 0.],misc.forsale
[0. 0. 0. ... 0. 0. 0.],comp.sys.mac.hardware
[0. 0. 0. ... 0. 0. 0.],rec.autos
[0.         0.         0.         ... 0.17767403 0.         0.        ],talk.religion.misc
[0. 0. 0. ... 0. 0. 0.],comp.sys.mac.hardware
[0. 0. 0. ... 0. 0. 0.],comp.sys.mac.hardware
[0. 0. 0. ... 0. 0. 0.],comp.sys.ibm.pc.hardware
[0. 0. 0. ... 0. 0. 0.],talk.politics.mideast
[0. 0. 0. ... 0. 0. 0.],sci.med
[0. 0. 0. ... 0. 0. 0.],rec.motorcycles
[0. 0. 0. ... 0. 0. 0.],talk.politics.guns
[0. 0. 0. ... 0. 0. 0.],misc.forsale
[0. 0. 0. ... 0. 0. 0.],comp.sys.ibm.pc.hardware
[0. 0. 0. ... 0. 0. 0.],talk.politics.mideast
[0. 0. 0. ... 0. 0. 0.],talk.politics.mideast
[0. 0. 0. ... 0. 0. 0.],rec.motorcycles
[0. 0. 0. ... 0. 0. 0.],comp.sys.mac.hardware
[0. 0. 0. ... 0. 0. 0.],sci.electronics
[0. 0. 0. ... 0. 0. 0.],rec.sport.baseball
[0. 0. 0. ... 0. 0. 0.],talk.politics.guns
[0. 0. 0. ... 0. 0. 0.],rec.sport.hockey
[0.         0.12641649 0.         ... 0.         0.         0.        ],comp.os.ms-windows.misc
[0. 0. 0. ... 0. 0. 0.],comp.graphics
[0. 0. 0. ... 0. 0. 0.],rec.sport.baseball
[0. 0. 0. ... 0. 0. 0.],rec.sport.hockey
[0. 0. 0. ... 0. 0. 0.],rec.sport.hockey
[0. 0. 0. ... 0. 0. 0.],talk.politics.guns
[0. 0. 0. ... 0. 0. 0.],rec.autos
[0. 0. 0. ... 0. 0. 0.],rec.motorcycles
[0.         0.09370755 0.         ... 0.         0.         0.        ],sci.space
[0. 0. 0. ... 0. 0. 0.],rec.motorcycles
[0. 0. 0. ... 0. 0. 0.],talk.politics.misc
[0. 0. 0. ... 0. 0. 0.],rec.sport.baseball
[0.         0.07054899 0.         ... 0.         0.         0.        ],sci.electronics
[0. 0. 0. ... 0. 0. 0.],talk.politics.misc
[0. 0. 0. ... 0. 0. 0.],talk.politics.misc
[0. 0. 0. ... 0. 0. 0.],talk.politics.mideast
[0. 0. 0. ... 0. 0. 0.],sci.electronics
[0. 0. 0. ... 0. 0. 0.],sci.space
[0. 0. 0. ... 0. 0. 0.],comp.graphics
[0. 0. 0. ... 0. 0. 0.],comp.sys.ibm.pc.hardware
[0. 0. 0. ... 0. 0. 0.],comp.sys.ibm.pc.hardware
[0. 0. 0. ... 0. 0. 0.],rec.sport.baseball
[0. 0. 0. ... 0. 0. 0.],comp.windows.x
[0. 0. 0. ... 0. 0. 0.],comp.sys.ibm.pc.hardware
[0. 0. 0. ... 0. 0. 0.],soc.religion.christian
[0. 0. 0. ... 0. 0. 0.],comp.sys.mac.hardware
[0. 0. 0. ... 0. 0. 0.],rec.motorcycles
[0. 0. 0. ... 0. 0. 0.],sci.space
[0. 0. 0. ... 0. 0. 0.],sci.electronics
[0. 0. 0. ... 0. 0. 0.],rec.sport.baseball
[0. 0. 0. ... 0. 0. 0.],talk.politics.misc
[0. 0. 0. ... 0. 0. 0.],talk.politics.misc
[0. 0. 0. ... 0. 0. 0.],talk.politics.misc
[0. 0. 0. ... 0. 0. 0.],comp.sys.ibm.pc.hardware
[0. 0. 0. ... 0. 0. 0.],sci.med
[0.         0.18634204 0.         ... 0.         0.         0.        ],sci.crypt
[0. 0. 0. ... 0. 0. 0.],sci.space
[0. 0. 0. ... 0. 0. 0.],misc.forsale
[0. 0. 0. ... 0. 0. 0.],misc.forsale
[0. 0. 0. ... 0. 0. 0.],rec.motorcycles
[0. 0. 0. ... 0. 0. 0.],rec.sport.hockey
[0. 0. 0. ... 0. 0. 0.],comp.windows.x
[0. 0. 0. ... 0. 0. 0.],sci.electronics
[0. 0. 0. ... 0. 0. 0.],misc.forsale
[0. 0. 0. ... 0. 0. 0.],sci.electronics
[0. 0. 0. ... 0. 0. 0.],sci.space
[0. 0. 0. ... 0. 0. 0.],comp.windows.x
[0. 0. 0. ... 0. 0. 0.],rec.autos
[0.         0.         0.         ... 0.         0.         0.40909381],rec.sport.baseball
[0. 0. 0. ... 0. 0. 0.],alt.atheism
[0. 0. 0. ... 0. 0. 0.],rec.sport.hockey
[0. 0. 0. ... 0. 0. 0.],comp.sys.mac.hardware
[0. 0. 0. ... 0. 0. 0.],rec.sport.baseball
[0. 0. 0. ... 0. 0. 0.],comp.sys.mac.hardware
[0. 0. 0. ... 0. 0. 0.],sci.med
[0.0533318 0.        0.        ... 0.        0.        0.       ],talk.politics.guns
[0. 0. 0. ... 0. 0. 0.],comp.graphics
[0. 0. 0. ... 0. 0. 0.],talk.politics.guns
[0. 0. 0. ... 0. 0. 0.],rec.sport.baseball
[0. 0. 0. ... 0. 0. 0.],comp.sys.mac.hardware
[0. 0. 0. ... 0. 0. 0.],alt.atheism
[0. 0. 0. ... 0. 0. 0.],sci.crypt
[0. 0. 0. ... 0. 0. 0.],sci.crypt
[0. 0. 0. ... 0. 0. 0.],comp.sys.ibm.pc.hardware
[0. 0. 0. ... 0. 0. 0.],misc.forsale
[0.         0.24438527 0.         ... 0.         0.         0.        ],comp.sys.mac.hardware
[0.09133753 0.         0.         ... 0.         0.         0.        ],sci.crypt
[0. 0. 0. ... 0. 0. 0.],comp.windows.x
[0. 0. 0. ... 0. 0. 0.],talk.politics.mideast
[0. 0. 0. ... 0. 0. 0.],talk.politics.mideast
[0. 0. 0. ... 0. 0. 0.],soc.religion.christian
[0. 0. 0. ... 0. 0. 0.],comp.sys.mac.hardware
[0.         0.05029392 0.         ... 0.         0.         0.        ],sci.crypt
[0. 0. 0. ... 0. 0. 0.],misc.forsale
[0.         0.38876674 0.         ... 0.         0.         0.        ],comp.sys.mac.hardware
[0. 0. 0. ... 0. 0. 0.],sci.space
[0. 0. 0. ... 0. 0. 0.],alt.atheism
[0. 0. 0. ... 0. 0. 0.],comp.os.ms-windows.misc
[0. 0. 0. ... 0. 0. 0.],sci.med
[0. 0. 0. ... 0. 0. 0.],alt.atheism
[0. 0. 0. ... 0. 0. 0.],comp.sys.ibm.pc.hardware
[0. 0. 0. ... 0. 0. 0.],sci.space
[0. 0. 0. ... 0. 0. 0.],rec.motorcycles
[0. 0. 0. ... 0. 0. 0.],rec.sport.hockey
[0. 0. 0. ... 0. 0. 0.],misc.forsale
[0. 0. 0. ... 0. 0. 0.],rec.sport.hockey
[0. 0. 0. ... 0. 0. 0.],talk.politics.mideast
[0. 0. 0. ... 0. 0. 0.],sci.electronics
[0. 0. 0. ... 0. 0. 0.],talk.politics.guns
[0. 0. 0. ... 0. 0. 0.],comp.graphics
[0. 0. 0. ... 0. 0. 0.],misc.forsale
[0. 0. 0. ... 0. 0. 0.],comp.os.ms-windows.misc
[0. 0. 0. ... 0. 0. 0.],sci.electronics
[0. 0. 0. ... 0. 0. 0.],sci.space
[0. 0. 0. ... 0. 0. 0.],comp.sys.ibm.pc.hardware
[0. 0. 0. ... 0. 0. 0.],comp.os.ms-windows.misc
[0. 0. 0. ... 0. 0. 0.],sci.crypt
[0. 0. 0. ... 0. 0. 0.],comp.windows.x
[0. 0. 0. ... 0. 0. 0.],sci.space
[0. 0. 0. ... 0. 0. 0.],comp.windows.x
[0. 0. 0. ... 0. 0. 0.],comp.graphics
[0. 0. 0. ... 0. 0. 0.],alt.atheism
[0. 0. 0. ... 0. 0. 0.],rec.sport.hockey
[0.         0.02455998 0.         ... 0.         0.         0.        ],comp.sys.ibm.pc.hardware
[0. 0. 0. ... 0. 0. 0.],soc.religion.christian
[0.         0.20742302 0.         ... 0.         0.         0.        ],talk.politics.misc
[0. 0. 0. ... 0. 0. 0.],talk.religion.misc
[0. 0. 0. ... 0. 0. 0.],sci.crypt
[0. 0. 0. ... 0. 0. 0.],misc.forsale
[0. 0. 0. ... 0. 0. 0.],comp.os.ms-windows.misc
[0. 0. 0. ... 0. 0. 0.],comp.graphics
[0. 0. 0. ... 0. 0. 0.],sci.crypt
[0.         0.09422661 0.         ... 0.         0.         0.        ],rec.motorcycles
[0. 0. 0. ... 0. 0. 0.],comp.os.ms-windows.misc
[0. 0. 0. ... 0. 0. 0.],misc.forsale
[0.1584053 0.        0.        ... 0.        0.        0.       ],sci.med
[0. 0. 0. ... 0. 0. 0.],talk.politics.guns
[0. 0. 0. ... 0. 0. 0.],alt.atheism
[0. 0. 0. ... 0. 0. 0.],comp.graphics
[0. 0. 0. ... 0. 0. 0.],talk.politics.misc
[0. 0. 0. ... 0. 0. 0.],rec.motorcycles
[0. 0. 0. ... 0. 0. 0.],alt.atheism
[0. 0. 0. ... 0. 0. 0.],rec.motorcycles
[0. 0. 0. ... 0. 0. 0.],misc.forsale
[0. 0. 0. ... 0. 0. 0.],talk.religion.misc
[0. 0. 0. ... 0. 0. 0.],misc.forsale
[0. 0. 0. ... 0. 0. 0.],sci.crypt
[0. 0. 0. ... 0. 0. 0.],rec.sport.baseball
[0. 0. 0. ... 0. 0. 0.],talk.politics.misc
[0. 0. 0. ... 0. 0. 0.],talk.politics.guns
[0. 0. 0. ... 0. 0. 0.],rec.autos
[0. 0. 0. ... 0. 0. 0.],misc.forsale
[0. 0. 0. ... 0. 0. 0.],alt.atheism
[0. 0. 0. ... 0. 0. 0.],comp.sys.ibm.pc.hardware
[0. 0. 0. ... 0. 0. 0.],misc.forsale
[0. 0. 0. ... 0. 0. 0.],alt.atheism
[0. 0. 0. ... 0. 0. 0.],alt.atheism
[0. 0. 0. ... 0. 0. 0.],comp.sys.ibm.pc.hardware
[0. 0. 0. ... 0. 0. 0.],talk.politics.guns
[0. 0. 0. ... 0. 0. 0.],talk.politics.mideast
[0. 0. 0. ... 0. 0. 0.],sci.electronics
[0. 0. 0. ... 0. 0. 0.],talk.politics.mideast
[0. 0. 0. ... 0. 0. 0.],comp.sys.mac.hardware
[0. 0. 0. ... 0. 0. 0.],talk.politics.misc
[0. 0. 0. ... 0. 0. 0.],sci.crypt
[0. 0. 0. ... 0. 0. 0.],comp.os.ms-windows.misc
[0. 0. 0. ... 0. 0. 0.],rec.motorcycles
[0. 0. 0. ... 0. 0. 0.],rec.sport.baseball
[0. 0. 0. ... 0. 0. 0.],rec.sport.hockey
[0. 0. 0. ... 0. 0. 0.],sci.med
[0. 0. 0. ... 0. 0. 0.],sci.med
[0. 0. 0. ... 0. 0. 0.],comp.graphics
[0. 0. 0. ... 0. 0. 0.],rec.autos
[0. 0. 0. ... 0. 0. 0.],comp.sys.mac.hardware
[0. 0. 0. ... 0. 0. 0.],misc.forsale
[0. 0. 0. ... 0. 0. 0.],sci.space
[0. 0. 0. ... 0. 0. 0.],alt.atheism
[0. 0. 0. ... 0. 0. 0.],alt.atheism
[0. 0. 0. ... 0. 0. 0.],sci.med
[0. 0. 0. ... 0. 0. 0.],rec.autos
[0. 0. 0. ... 0. 0. 0.],sci.med
[0. 0. 0. ... 0. 0. 0.],talk.politics.mideast
[0. 0. 0. ... 0. 0. 0.],comp.sys.mac.hardware
[0. 0. 0. ... 0. 0. 0.],talk.politics.misc
[0. 0. 0. ... 0. 0. 0.],comp.graphics
[0. 0. 0. ... 0. 0. 0.],comp.sys.mac.hardware
[0. 0. 0. ... 0. 0. 0.],comp.sys.mac.hardware
[0. 0. 0. ... 0. 0. 0.],rec.sport.baseball
[0. 0. 0. ... 0. 0. 0.],soc.religion.christian
[0. 0. 0. ... 0. 0. 0.],comp.windows.x
[0. 0. 0. ... 0. 0. 0.],talk.religion.misc
[0. 0. 0. ... 0. 0. 0.],soc.religion.christian
[0. 0. 0. ... 0. 0. 0.],sci.electronics
[0. 0. 0. ... 0. 0. 0.],talk.politics.misc
[0. 0. 0. ... 0. 0. 0.],alt.atheism
[0. 0. 0. ... 0. 0. 0.],talk.politics.guns
[0. 0. 0. ... 0. 0. 0.],comp.graphics
[0. 0. 0. ... 0. 0. 0.],rec.sport.hockey
[0. 0. 0. ... 0. 0. 0.],comp.sys.mac.hardware
[0. 0. 0. ... 0. 0. 0.],rec.sport.hockey
[0. 0. 0. ... 0. 0. 0.],comp.graphics
[0. 0. 0. ... 0. 0. 0.],rec.sport.hockey
[0. 0. 0. ... 0. 0. 0.],comp.os.ms-windows.misc
[0. 0. 0. ... 0. 0. 0.],talk.politics.guns
[0. 0. 0. ... 0. 0. 0.],rec.motorcycles
[0. 0. 0. ... 0. 0. 0.],rec.sport.baseball
[0. 0. 0. ... 0. 0. 0.],misc.forsale
[0. 0. 0. ... 0. 0. 0.],alt.atheism
[0.07947919 0.         0.         ... 0.         0.         0.        ],comp.sys.ibm.pc.hardware
[0. 0. 0. ... 0. 0. 0.],rec.sport.baseball
[0. 0. 0. ... 0. 0. 0.],soc.religion.christian
[0. 0. 0. ... 0. 0. 0.],rec.sport.hockey
[0. 0. 0. ... 0. 0. 0.],sci.electronics
[0. 0. 0. ... 0. 0. 0.],alt.atheism
[0. 0. 0. ... 0. 0. 0.],comp.os.ms-windows.misc
[0. 0. 0. ... 0. 0. 0.],comp.graphics
[0. 0. 0. ... 0. 0. 0.],rec.motorcycles
[0. 0. 0. ... 0. 0. 0.],comp.sys.mac.hardware
[0. 0. 0. ... 0. 0. 0.],comp.graphics
[0. 0. 0. ... 0. 0. 0.],sci.electronics
[0. 0. 0. ... 0. 0. 0.],rec.sport.hockey
[0. 0. 0. ... 0. 0. 0.],rec.sport.hockey
[0. 0. 0. ... 0. 0. 0.],rec.autos
[0. 0. 0. ... 0. 0. 0.],misc.forsale
[0. 0. 0. ... 0. 0. 0.],comp.os.ms-windows.misc
[0.         0.         0.         ... 0.15621605 0.         0.        ],rec.sport.hockey
[0.04648543 0.         0.         ... 0.         0.         0.        ],talk.religion.misc
[0. 0. 0. ... 0. 0. 0.],comp.sys.ibm.pc.hardware
[0. 0. 0. ... 0. 0. 0.],comp.windows.x
[0. 0. 0. ... 0. 0. 0.],rec.motorcycles
[0. 0. 0. ... 0. 0. 0.],soc.religion.christian
[0. 0. 0. ... 0. 0. 0.],sci.crypt
[0. 0. 0. ... 0. 0. 0.],rec.motorcycles
[0. 0. 0. ... 0. 0. 0.],rec.motorcycles
[0. 0. 0. ... 0. 0. 0.],alt.atheism
[0. 0. 0. ... 0. 0. 0.],comp.sys.ibm.pc.hardware
[0. 0. 0. ... 0. 0. 0.],sci.med
[0. 0. 0. ... 0. 0. 0.],comp.windows.x
[0. 0. 0. ... 0. 0. 0.],alt.atheism
[0. 0. 0. ... 0. 0. 0.],talk.politics.misc
[0. 0. 0. ... 0. 0. 0.],rec.autos
[0. 0. 0. ... 0. 0. 0.],talk.politics.misc
[0. 0. 0. ... 0. 0. 0.],sci.electronics
[0. 0. 0. ... 0. 0. 0.],comp.sys.mac.hardware
[0. 0. 0. ... 0. 0. 0.],comp.sys.ibm.pc.hardware
[0. 0. 0. ... 0. 0. 0.],sci.crypt
[0. 0. 0. ... 0. 0. 0.],misc.forsale
[0. 0. 0. ... 0. 0. 0.],talk.politics.guns
[0. 0. 0. ... 0. 0. 0.],rec.motorcycles
[0. 0. 0. ... 0. 0. 0.],rec.sport.hockey
[0.16076854 0.         0.         ... 0.         0.         0.        ],alt.atheism
[0. 0. 0. ... 0. 0. 0.],talk.politics.mideast
[0. 0. 0. ... 0. 0. 0.],rec.sport.hockey
[0. 0. 0. ... 0. 0. 0.],sci.space
[0. 0. 0. ... 0. 0. 0.],rec.motorcycles
[0. 0. 0. ... 0. 0. 0.],rec.sport.baseball
[0. 0. 0. ... 0. 0. 0.],sci.space
[0. 0. 0. ... 0. 0. 0.],sci.space
[0. 0. 0. ... 0. 0. 0.],talk.religion.misc
[0. 0. 0. ... 0. 0. 0.],talk.religion.misc
[0. 0. 0. ... 0. 0. 0.],sci.med
[0. 0. 0. ... 0. 0. 0.],sci.med
[0. 0. 0. ... 0. 0. 0.],sci.crypt
[0. 0. 0. ... 0. 0. 0.],alt.atheism
[0. 0. 0. ... 0. 0. 0.],sci.space
[0. 0. 0. ... 0. 0. 0.],comp.sys.mac.hardware
[0. 0. 0. ... 0. 0. 0.],sci.med
[0. 0. 0. ... 0. 0. 0.],rec.motorcycles
[0. 0. 0. ... 0. 0. 0.],talk.politics.mideast
[0. 0. 0. ... 0. 0. 0.],rec.motorcycles
[0. 0. 0. ... 0. 0. 0.],comp.graphics
[0. 0. 0. ... 0. 0. 0.],rec.motorcycles
[0.038263   0.         0.         ... 0.04393892 0.         0.        ],rec.sport.hockey
[0. 0. 0. ... 0. 0. 0.],comp.windows.x
[0. 0. 0. ... 0. 0. 0.],sci.crypt
[0. 0. 0. ... 0. 0. 0.],talk.religion.misc
[0. 0. 0. ... 0. 0. 0.],soc.religion.christian
[0. 0. 0. ... 0. 0. 0.],comp.windows.x
[0. 0. 0. ... 0. 0. 0.],comp.graphics
[0. 0. 0. ... 0. 0. 0.],comp.graphics
[0. 0. 0. ... 0. 0. 0.],rec.autos
[0. 0. 0. ... 0. 0. 0.],rec.motorcycles
[0. 0. 0. ... 0. 0. 0.],comp.sys.mac.hardware
[0. 0. 0. ... 0. 0. 0.],soc.religion.christian
[0. 0. 0. ... 0. 0. 0.],rec.sport.baseball
[0.         0.13211762 0.         ... 0.         0.         0.        ],comp.graphics
[0. 0. 0. ... 0. 0. 0.],soc.religion.christian
[0.09026715 0.         0.         ... 0.         0.         0.        ],sci.electronics
[0. 0. 0. ... 0. 0. 0.],comp.os.ms-windows.misc
[0. 0. 0. ... 0. 0. 0.],rec.motorcycles
[0. 0. 0. ... 0. 0. 0.],talk.politics.mideast
[0. 0. 0. ... 0. 0. 0.],sci.space
[0. 0. 0. ... 0. 0. 0.],comp.os.ms-windows.misc
[0. 0. 0. ... 0. 0. 0.],soc.religion.christian
[0. 0. 0. ... 0. 0. 0.],sci.electronics
[0. 0. 0. ... 0. 0. 0.],comp.windows.x
[0. 0. 0. ... 0. 0. 0.],misc.forsale
[0. 0. 0. ... 0. 0. 0.],comp.windows.x
[0. 0. 0. ... 0. 0. 0.],sci.crypt
[0. 0. 0. ... 0. 0. 0.],rec.autos
[0. 0. 0. ... 0. 0. 0.],sci.electronics
[0. 0. 0. ... 0. 0. 0.],talk.politics.guns
[0.         0.04514812 0.         ... 0.         0.         0.        ],soc.religion.christian
[0. 0. 0. ... 0. 0. 0.],sci.med
[0. 0. 0. ... 0. 0. 0.],rec.sport.baseball
[0. 0. 0. ... 0. 0. 0.],rec.motorcycles
[0. 0. 0. ... 0. 0. 0.],comp.graphics
[0. 0. 0. ... 0. 0. 0.],comp.sys.mac.hardware
[0. 0. 0. ... 0. 0. 0.],comp.graphics
[0. 0. 0. ... 0. 0. 0.],sci.electronics
[0. 0. 0. ... 0. 0. 0.],comp.sys.ibm.pc.hardware
[0. 0. 0. ... 0. 0. 0.],rec.sport.baseball
[0. 0. 0. ... 0. 0. 0.],soc.religion.christian
[0. 0. 0. ... 0. 0. 0.],comp.sys.ibm.pc.hardware
[0. 0. 0. ... 0. 0. 0.],sci.med
[0. 0. 0. ... 0. 0. 0.],misc.forsale
[0. 0. 0. ... 0. 0. 0.],rec.autos
[0. 0. 0. ... 0. 0. 0.],sci.electronics
[0. 0. 0. ... 0. 0. 0.],rec.sport.hockey
[0. 0. 0. ... 0. 0. 0.],soc.religion.christian
[0. 0. 0. ... 0. 0. 0.],sci.med
[0. 0. 0. ... 0. 0. 0.],comp.windows.x
[0. 0. 0. ... 0. 0. 0.],misc.forsale
[0.         0.06576126 0.         ... 0.         0.         0.        ],sci.med
[0. 0. 0. ... 0. 0. 0.],soc.religion.christian
[0. 0. 0. ... 0. 0. 0.],sci.electronics
[0. 0. 0. ... 0. 0. 0.],sci.space
[0. 0. 0. ... 0. 0. 0.],rec.motorcycles
[0. 0. 0. ... 0. 0. 0.],rec.sport.hockey
[0. 0. 0. ... 0. 0. 0.],rec.sport.hockey
[0. 0. 0. ... 0. 0. 0.],talk.politics.guns
[0. 0. 0. ... 0. 0. 0.],alt.atheism
[0. 0. 0. ... 0. 0. 0.],comp.windows.x
[0. 0. 0. ... 0. 0. 0.],comp.graphics
[0. 0. 0. ... 0. 0. 0.],rec.motorcycles
[0. 0. 0. ... 0. 0. 0.],sci.electronics
[0. 0. 0. ... 0. 0. 0.],soc.religion.christian
[0. 0. 0. ... 0. 0. 0.],sci.space
[0. 0. 0. ... 0. 0. 0.],comp.windows.x
[0.        0.0700198 0.        ... 0.        0.        0.       ],rec.sport.baseball
[0. 0. 0. ... 0. 0. 0.],sci.space
[0. 0. 0. ... 0. 0. 0.],sci.electronics
[0. 0. 0. ... 0. 0. 0.],sci.space
[0. 0. 0. ... 0. 0. 0.],sci.space
[0. 0. 0. ... 0. 0. 0.],comp.os.ms-windows.misc
[0. 0. 0. ... 0. 0. 0.],sci.crypt
[0. 0. 0. ... 0. 0. 0.],comp.sys.ibm.pc.hardware
[0. 0. 0. ... 0. 0. 0.],sci.med
[0. 0. 0. ... 0. 0. 0.],sci.electronics
[0. 0. 0. ... 0. 0. 0.],talk.politics.misc
[0. 0. 0. ... 0. 0. 0.],comp.sys.ibm.pc.hardware
[0. 0. 0. ... 0. 0. 0.],comp.windows.x
[0. 0. 0. ... 0. 0. 0.],soc.religion.christian
[0. 0. 0. ... 0. 0. 0.],comp.sys.mac.hardware
[0. 0. 0. ... 0. 0. 0.],rec.autos
[0. 0. 0. ... 0. 0. 0.],talk.politics.guns
[0. 0. 0. ... 0. 0. 0.],rec.autos
[0. 0. 0. ... 0. 0. 0.],comp.windows.x
[0. 0. 0. ... 0. 0. 0.],comp.sys.ibm.pc.hardware
[0. 0. 0. ... 0. 0. 0.],talk.politics.guns
[0. 0. 0. ... 0. 0. 0.],comp.windows.x
[0. 0. 0. ... 0. 0. 0.],misc.forsale
[0. 0. 0. ... 0. 0. 0.],rec.sport.baseball
[0. 0. 0. ... 0. 0. 0.],sci.electronics
[0. 0. 0. ... 0. 0. 0.],talk.politics.mideast
[0. 0. 0. ... 0. 0. 0.],comp.sys.mac.hardware
[0. 0. 0. ... 0. 0. 0.],comp.graphics
[0. 0. 0. ... 0. 0. 0.],sci.med
[0. 0. 0. ... 0. 0. 0.],comp.graphics
[0. 0. 0. ... 0. 0. 0.],misc.forsale
[0. 0. 0. ... 0. 0. 0.],talk.politics.guns
[0. 0. 0. ... 0. 0. 0.],sci.crypt
[0. 0. 0. ... 0. 0. 0.],talk.politics.guns
[0. 0. 0. ... 0. 0. 0.],rec.sport.hockey
[0. 0. 0. ... 0. 0. 0.],comp.os.ms-windows.misc
[0. 0. 0. ... 0. 0. 0.],sci.space
[0. 0. 0. ... 0. 0. 0.],sci.electronics
[0. 0. 0. ... 0. 0. 0.],alt.atheism
[0. 0. 0. ... 0. 0. 0.],alt.atheism
[0. 0. 0. ... 0. 0. 0.],sci.med
[0. 0. 0. ... 0. 0. 0.],rec.sport.hockey
[0. 0. 0. ... 0. 0. 0.],rec.sport.hockey
[0. 0. 0. ... 0. 0. 0.],comp.sys.ibm.pc.hardware
[0. 0. 0. ... 0. 0. 0.],talk.politics.misc
[0. 0. 0. ... 0. 0. 0.],talk.politics.guns
[0. 0. 0. ... 0. 0. 0.],rec.autos
[0.         0.03356959 0.         ... 0.         0.         0.        ],talk.politics.guns
[0. 0. 0. ... 0. 0. 0.],comp.os.ms-windows.misc
[0. 0. 0. ... 0. 0. 0.],comp.sys.mac.hardware
[0. 0. 0. ... 0. 0. 0.],talk.politics.mideast
[0. 0. 0. ... 0. 0. 0.],rec.sport.hockey
[0. 0. 0. ... 0. 0. 0.],talk.religion.misc
[0. 0. 0. ... 0. 0. 0.],comp.sys.ibm.pc.hardware
[0. 0. 0. ... 0. 0. 0.],rec.motorcycles
[0. 0. 0. ... 0. 0. 0.],comp.sys.mac.hardware
[0. 0. 0. ... 0. 0. 0.],comp.graphics
[0. 0. 0. ... 0. 0. 0.],rec.sport.hockey
[0. 0. 0. ... 0. 0. 0.],comp.os.ms-windows.misc
[0. 0. 0. ... 0. 0. 0.],talk.politics.guns
[0. 0. 0. ... 0. 0. 0.],misc.forsale
[0. 0. 0. ... 0. 0. 0.],comp.sys.mac.hardware
[0. 0. 0. ... 0. 0. 0.],rec.sport.hockey
[0. 0. 0. ... 0. 0. 0.],rec.sport.hockey
[0. 0. 0. ... 0. 0. 0.],comp.os.ms-windows.misc
[0. 0. 0. ... 0. 0. 0.],sci.space
[0. 0. 0. ... 0. 0. 0.],talk.politics.guns
[0. 0. 0. ... 0. 0. 0.],sci.crypt
[0. 0. 0. ... 0. 0. 0.],soc.religion.christian
[0. 0. 0. ... 0. 0. 0.],talk.politics.misc
[0. 0. 0. ... 0. 0. 0.],comp.graphics
[0. 0. 0. ... 0. 0. 0.],talk.politics.misc
[0. 0. 0. ... 0. 0. 0.],comp.sys.ibm.pc.hardware
[0. 0. 0. ... 0. 0. 0.],sci.med
[0. 0. 0. ... 0. 0. 0.],rec.sport.hockey
[0. 0. 0. ... 0. 0. 0.],rec.motorcycles
[0. 0. 0. ... 0. 0. 0.],sci.space
[0. 0. 0. ... 0. 0. 0.],talk.politics.misc
[0. 0. 0. ... 0. 0. 0.],comp.graphics
[0. 0. 0. ... 0. 0. 0.],soc.religion.christian
[0. 0. 0. ... 0. 0. 0.],sci.med
[0. 0. 0. ... 0. 0. 0.],talk.politics.misc
[0. 0. 0. ... 0. 0. 0.],rec.autos
[0.22113739 0.         0.         ... 0.         0.         0.        ],rec.sport.baseball
[0. 0. 0. ... 0. 0. 0.],rec.sport.baseball
[0. 0. 0. ... 0. 0. 0.],talk.religion.misc
[0. 0. 0. ... 0. 0. 0.],comp.os.ms-windows.misc
[0. 0. 0. ... 0. 0. 0.],alt.atheism
[0. 0. 0. ... 0. 0. 0.],comp.windows.x
[0. 0. 0. ... 0. 0. 0.],talk.politics.misc
[0. 0. 0. ... 0. 0. 0.],comp.windows.x
[0.         0.         0.         ... 0.         0.         0.23746398],rec.sport.baseball
[0. 0. 0. ... 0. 0. 0.],sci.crypt
[0. 0. 0. ... 0. 0. 0.],sci.med
[0. 0. 0. ... 0. 0. 0.],soc.religion.christian
[0. 0. 0. ... 0. 0. 0.],talk.politics.misc
[0. 0. 0. ... 0. 0. 0.],rec.sport.hockey
[0. 0. 0. ... 0. 0. 0.],comp.sys.ibm.pc.hardware
[0. 0. 0. ... 0. 0. 0.],comp.windows.x
[0. 0. 0. ... 0. 0. 0.],talk.politics.misc
[0. 0. 0. ... 0. 0. 0.],talk.politics.mideast
[0. 0. 0. ... 0. 0. 0.],misc.forsale
[0. 0. 0. ... 0. 0. 0.],comp.os.ms-windows.misc
[0. 0. 0. ... 0. 0. 0.],talk.politics.mideast
[0. 0. 0. ... 0. 0. 0.],comp.windows.x
[0.         0.03168793 0.         ... 0.         0.         0.        ],talk.politics.guns
[0. 0. 0. ... 0. 0. 0.],comp.sys.ibm.pc.hardware
[0. 0. 0. ... 0. 0. 0.],talk.politics.misc
[0. 0. 0. ... 0. 0. 0.],soc.religion.christian
[0. 0. 0. ... 0. 0. 0.],comp.os.ms-windows.misc
[0. 0. 0. ... 0. 0. 0.],talk.politics.misc
[0. 0. 0. ... 0. 0. 0.],comp.sys.ibm.pc.hardware
[0. 0. 0. ... 0. 0. 0.],misc.forsale
[0. 0. 0. ... 0. 0. 0.],talk.politics.mideast
[0. 0. 0. ... 0. 0. 0.],comp.sys.mac.hardware
[0. 0. 0. ... 0. 0. 0.],soc.religion.christian
[0. 0. 0. ... 0. 0. 0.],alt.atheism
[0. 0. 0. ... 0. 0. 0.],rec.autos
[0. 0. 0. ... 0. 0. 0.],sci.med
[0. 0. 0. ... 0. 0. 0.],sci.med
[0. 0. 0. ... 0. 0. 0.],rec.sport.baseball
[0. 0. 0. ... 0. 0. 0.],comp.os.ms-windows.misc
[0. 0. 0. ... 0. 0. 0.],misc.forsale
[0. 0. 0. ... 0. 0. 0.],comp.sys.mac.hardware
[0. 0. 0. ... 0. 0. 0.],sci.space
[0. 0. 0. ... 0. 0. 0.],sci.space
[0. 0. 0. ... 0. 0. 0.],sci.space
[0. 0. 0. ... 0. 0. 0.],sci.electronics
[0. 0. 0. ... 0. 0. 0.],comp.sys.ibm.pc.hardware
[0. 0. 0. ... 0. 0. 0.],sci.crypt
[0. 0. 0. ... 0. 0. 0.],alt.atheism
[0. 0. 0. ... 0. 0. 0.],sci.electronics
[0. 0. 0. ... 0. 0. 0.],comp.os.ms-windows.misc
[0. 0. 0. ... 0. 0. 0.],comp.sys.ibm.pc.hardware
[0. 0. 0. ... 0. 0. 0.],talk.politics.misc
[0. 0. 0. ... 0. 0. 0.],comp.sys.ibm.pc.hardware
[0. 0. 0. ... 0. 0. 0.],sci.med
[0. 0. 0. ... 0. 0. 0.],comp.os.ms-windows.misc
[0. 0. 0. ... 0. 0. 0.],sci.electronics
[0. 0. 0. ... 0. 0. 0.],sci.space
[0. 0. 0. ... 0. 0. 0.],talk.religion.misc
[0. 0. 0. ... 0. 0. 0.],talk.politics.mideast
[0. 0. 0. ... 0. 0. 0.],rec.sport.baseball
[0. 0. 0. ... 0. 0. 0.],rec.motorcycles
[0.         0.06832918 0.         ... 0.         0.         0.        ],sci.med
[0. 0. 0. ... 0. 0. 0.],rec.sport.baseball
[0. 0. 0. ... 0. 0. 0.],talk.politics.mideast
[0. 0. 0. ... 0. 0. 0.],sci.space
[0. 0. 0. ... 0. 0. 0.],sci.med
[0. 0. 0. ... 0. 0. 0.],rec.autos
[0. 0. 0. ... 0. 0. 0.],sci.crypt
[0. 0. 0. ... 0. 0. 0.],comp.os.ms-windows.misc
[0. 0. 0. ... 0. 0. 0.],soc.religion.christian
[0. 0. 0. ... 0. 0. 0.],talk.politics.misc
[0.41944838 0.         0.         ... 0.         0.         0.        ],rec.sport.baseball
[0. 0. 0. ... 0. 0. 0.],comp.windows.x
[0. 0. 0. ... 0. 0. 0.],sci.crypt
[0. 0. 0. ... 0. 0. 0.],rec.sport.baseball
[0. 0. 0. ... 0. 0. 0.],comp.os.ms-windows.misc
[0. 0. 0. ... 0. 0. 0.],talk.politics.mideast
[0.         0.         0.         ... 0.         0.         0.21393887],rec.autos
[0. 0. 0. ... 0. 0. 0.],sci.space
[0. 0. 0. ... 0. 0. 0.],sci.med
[0. 0. 0. ... 0. 0. 0.],comp.windows.x
[0. 0. 0. ... 0. 0. 0.],rec.sport.hockey
[0. 0. 0. ... 0. 0. 0.],soc.religion.christian
[0. 0. 0. ... 0. 0. 0.],talk.politics.guns
[0. 0. 0. ... 0. 0. 0.],comp.os.ms-windows.misc
[0.         0.04699344 0.         ... 0.         0.         0.        ],rec.sport.baseball
[0.05253017 0.         0.         ... 0.         0.         0.        ],comp.windows.x
[0. 0. 0. ... 0. 0. 0.],soc.religion.christian
[0. 0. 0. ... 0. 0. 0.],sci.crypt
[0. 0. 0. ... 0. 0. 0.],rec.autos
[0. 0. 0. ... 0. 0. 0.],rec.autos
[0. 0. 0. ... 0. 0. 0.],alt.atheism
[0. 0. 0. ... 0. 0. 0.],talk.religion.misc
[0. 0. 0. ... 0. 0. 0.],comp.sys.ibm.pc.hardware
[0. 0. 0. ... 0. 0. 0.],sci.crypt
[0. 0. 0. ... 0. 0. 0.],talk.politics.mideast
[0. 0. 0. ... 0. 0. 0.],talk.politics.mideast
[0. 0. 0. ... 0. 0. 0.],sci.med
[0.        0.0895128 0.        ... 0.        0.        0.       ],talk.politics.mideast
[0. 0. 0. ... 0. 0. 0.],comp.sys.ibm.pc.hardware
[0. 0. 0. ... 0. 0. 0.],talk.religion.misc
[0. 0. 0. ... 0. 0. 0.],sci.crypt
[0. 0. 0. ... 0. 0. 0.],sci.space
[0. 0. 0. ... 0. 0. 0.],alt.atheism
[0. 0. 0. ... 0. 0. 0.],rec.autos
[0. 0. 0. ... 0. 0. 0.],rec.motorcycles
[0. 0. 0. ... 0. 0. 0.],comp.sys.ibm.pc.hardware
[0. 0. 0. ... 0. 0. 0.],rec.sport.hockey
[0. 0. 0. ... 0. 0. 0.],rec.sport.hockey
[0. 0. 0. ... 0. 0. 0.],comp.sys.ibm.pc.hardware
[0. 0. 0. ... 0. 0. 0.],sci.electronics
[0. 0. 0. ... 0. 0. 0.],comp.windows.x
[0. 0. 0. ... 0. 0. 0.],sci.space
[0. 0. 0. ... 0. 0. 0.],comp.graphics
[0. 0. 0. ... 0. 0. 0.],comp.windows.x
[0. 0. 0. ... 0. 0. 0.],sci.med
[0. 0. 0. ... 0. 0. 0.],alt.atheism
[0. 0. 0. ... 0. 0. 0.],sci.electronics
[0. 0. 0. ... 0. 0. 0.],sci.space
[0. 0. 0. ... 0. 0. 0.],talk.politics.guns
[0. 0. 0. ... 0. 0. 0.],soc.religion.christian
[0. 0. 0. ... 0. 0. 0.],sci.med
[0. 0. 0. ... 0. 0. 0.],rec.motorcycles
[0. 0. 0. ... 0. 0. 0.],sci.space
[0. 0. 0. ... 0. 0. 0.],sci.space
[0. 0. 0. ... 0. 0. 0.],sci.electronics
[0. 0. 0. ... 0. 0. 0.],talk.politics.mideast
[0. 0. 0. ... 0. 0. 0.],soc.religion.christian
[0. 0. 0. ... 0. 0. 0.],comp.sys.ibm.pc.hardware
[0. 0. 0. ... 0. 0. 0.],comp.sys.ibm.pc.hardware
[0. 0. 0. ... 0. 0. 0.],rec.sport.hockey
[0.         0.         0.         ... 0.         0.20676882 0.        ],comp.os.ms-windows.misc
[0. 0. 0. ... 0. 0. 0.],sci.crypt
[0. 0. 0. ... 0. 0. 0.],rec.sport.baseball
[0. 0. 0. ... 0. 0. 0.],comp.sys.mac.hardware
[0. 0. 0. ... 0. 0. 0.],rec.autos
[0. 0. 0. ... 0. 0. 0.],rec.sport.hockey
[0. 0. 0. ... 0. 0. 0.],rec.autos
[0.         0.10902294 0.         ... 0.         0.         0.        ],sci.crypt
[0. 0. 0. ... 0. 0. 0.],rec.motorcycles
[0. 0. 0. ... 0. 0. 0.],talk.religion.misc
[0. 0. 0. ... 0. 0. 0.],misc.forsale
[0. 0. 0. ... 0. 0. 0.],talk.politics.guns
[0. 0. 0. ... 0. 0. 0.],rec.autos
[0. 0. 0. ... 0. 0. 0.],rec.sport.hockey
[0. 0. 0. ... 0. 0. 0.],soc.religion.christian
[0. 0. 0. ... 0. 0. 0.],talk.religion.misc
[0. 0. 0. ... 0. 0. 0.],rec.motorcycles
[0. 0. 0. ... 0. 0. 0.],talk.politics.misc
[0. 0. 0. ... 0. 0. 0.],rec.autos
[0.0434403 0.        0.        ... 0.        0.        0.       ],talk.politics.misc
[0.         0.28346424 0.         ... 0.         0.         0.        ],comp.windows.x
[0.         0.05209371 0.         ... 0.         0.         0.        ],sci.space
[0. 0. 0. ... 0. 0. 0.],rec.autos
[0. 0. 0. ... 0. 0. 0.],misc.forsale
[0. 0. 0. ... 0. 0. 0.],rec.motorcycles
[0. 0. 0. ... 0. 0. 0.],sci.med
[0. 0. 0. ... 0. 0. 0.],comp.os.ms-windows.misc
[0. 0. 0. ... 0. 0. 0.],soc.religion.christian
[0. 0. 0. ... 0. 0. 0.],comp.windows.x
[0. 0. 0. ... 0. 0. 0.],comp.sys.ibm.pc.hardware
[0. 0. 0. ... 0. 0. 0.],rec.motorcycles
[0. 0. 0. ... 0. 0. 0.],talk.politics.mideast
[0. 0. 0. ... 0. 0. 0.],comp.os.ms-windows.misc
[0. 0. 0. ... 0. 0. 0.],sci.med
[0. 0. 0. ... 0. 0. 0.],comp.sys.mac.hardware
[0. 0. 0. ... 0. 0. 0.],sci.electronics
[0. 0. 0. ... 0. 0. 0.],comp.os.ms-windows.misc
[0. 0. 0. ... 0. 0. 0.],comp.sys.mac.hardware
[0. 0. 0. ... 0. 0. 0.],sci.electronics
[0. 0. 0. ... 0. 0. 0.],comp.os.ms-windows.misc
[0. 0. 0. ... 0. 0. 0.],misc.forsale
[0. 0. 0. ... 0. 0. 0.],talk.politics.misc
[0. 0. 0. ... 0. 0. 0.],misc.forsale
[0. 0. 0. ... 0. 0. 0.],misc.forsale
[0. 0. 0. ... 0. 0. 0.],misc.forsale
[0. 0. 0. ... 0. 0. 0.],talk.religion.misc
[0. 0. 0. ... 0. 0. 0.],sci.electronics
[0. 0. 0. ... 0. 0. 0.],comp.sys.mac.hardware
[0.         0.         0.         ... 0.20685409 0.         0.        ],rec.sport.baseball
[0. 0. 0. ... 0. 0. 0.],talk.politics.misc
[0. 0. 0. ... 0. 0. 0.],talk.politics.guns
[0. 0. 0. ... 0. 0. 0.],comp.graphics
[0. 0. 0. ... 0. 0. 0.],talk.politics.guns
[0. 0. 0. ... 0. 0. 0.],misc.forsale
[0. 0. 0. ... 0. 0. 0.],soc.religion.christian
[0. 0. 0. ... 0. 0. 0.],alt.atheism
[0.         0.09697346 0.         ... 0.         0.         0.        ],talk.politics.misc
[0. 0. 0. ... 0. 0. 0.],talk.religion.misc
[0. 0. 0. ... 0. 0. 0.],sci.crypt
[0. 0. 0. ... 0. 0. 0.],soc.religion.christian
[0. 0. 0. ... 0. 0. 0.],sci.electronics
[0. 0. 0. ... 0. 0. 0.],talk.politics.guns
[0. 0. 0. ... 0. 0. 0.],rec.autos
[0. 0. 0. ... 0. 0. 0.],sci.crypt
[0. 0. 0. ... 0. 0. 0.],comp.sys.mac.hardware
[0. 0. 0. ... 0. 0. 0.],comp.windows.x
[0. 0. 0. ... 0. 0. 0.],alt.atheism
[0. 0. 0. ... 0. 0. 0.],rec.motorcycles
[0.05112278 0.         0.         ... 0.         0.         0.        ],rec.autos
[0. 0. 0. ... 0. 0. 0.],sci.electronics
[0.        0.0758152 0.        ... 0.        0.        0.       ],misc.forsale
[0. 0. 0. ... 0. 0. 0.],comp.sys.ibm.pc.hardware
[0.13117442 0.         0.         ... 0.         0.         0.        ],rec.sport.hockey
[0. 0. 0. ... 0. 0. 0.],talk.politics.misc
[0. 0. 0. ... 0. 0. 0.],rec.autos
[0. 0. 0. ... 0. 0. 0.],comp.sys.mac.hardware
[0. 0. 0. ... 0. 0. 0.],rec.sport.baseball
[0. 0. 0. ... 0. 0. 0.],sci.med
[0. 0. 0. ... 0. 0. 0.],comp.sys.mac.hardware
[0. 0. 0. ... 0. 0. 0.],comp.os.ms-windows.misc
[0. 0. 0. ... 0. 0. 0.],rec.sport.hockey
[0. 0. 0. ... 0. 0. 0.],sci.med
[0.        0.0590062 0.        ... 0.        0.        0.       ],comp.sys.ibm.pc.hardware
[0. 0. 0. ... 0. 0. 0.],sci.crypt
[0. 0. 0. ... 0. 0. 0.],sci.space
[0. 0. 0. ... 0. 0. 0.],misc.forsale
[0. 0. 0. ... 0. 0. 0.],talk.politics.misc
[0. 0. 0. ... 0. 0. 0.],talk.politics.misc
[0. 0. 0. ... 0. 0. 0.],sci.med
[0. 0. 0. ... 0. 0. 0.],sci.electronics
[0. 0. 0. ... 0. 0. 0.],sci.space
[0. 0. 0. ... 0. 0. 0.],sci.electronics
[0. 0. 0. ... 0. 0. 0.],sci.space
[0. 0. 0. ... 0. 0. 0.],rec.sport.hockey
[0. 0. 0. ... 0. 0. 0.],sci.crypt
[0. 0. 0. ... 0. 0. 0.],sci.space
[0. 0. 0. ... 0. 0. 0.],rec.sport.baseball
[0. 0. 0. ... 0. 0. 0.],sci.crypt
[0. 0. 0. ... 0. 0. 0.],sci.crypt
[0. 0. 0. ... 0. 0. 0.],talk.politics.guns
[0.         0.03612774 0.         ... 0.         0.         0.        ],comp.graphics
[0. 0. 0. ... 0. 0. 0.],alt.atheism
[0. 0. 0. ... 0. 0. 0.],comp.graphics
[0. 0. 0. ... 0. 0. 0.],comp.sys.ibm.pc.hardware
[0. 0. 0. ... 0. 0. 0.],rec.sport.hockey
[0. 0. 0. ... 0. 0. 0.],rec.sport.baseball
[0. 0. 0. ... 0. 0. 0.],soc.religion.christian
[0. 0. 0. ... 0. 0. 0.],sci.space
[0. 0. 0. ... 0. 0. 0.],comp.windows.x
[0. 0. 0. ... 0. 0. 0.],comp.os.ms-windows.misc
[0. 0. 0. ... 0. 0. 0.],comp.sys.ibm.pc.hardware
[0. 0. 0. ... 0. 0. 0.],alt.atheism
[0. 0. 0. ... 0. 0. 0.],talk.politics.misc
[0. 0. 0. ... 0. 0. 0.],talk.religion.misc
[0.         0.06695144 0.         ... 0.         0.         0.        ],rec.autos
[0. 0. 0. ... 0. 0. 0.],talk.politics.mideast
[0. 0. 0. ... 0. 0. 0.],rec.sport.hockey
[0. 0. 0. ... 0. 0. 0.],comp.sys.mac.hardware
[0. 0. 0. ... 0. 0. 0.],talk.politics.misc
[0. 0. 0. ... 0. 0. 0.],comp.sys.ibm.pc.hardware
[0. 0. 0. ... 0. 0. 0.],comp.sys.ibm.pc.hardware
[0. 0. 0. ... 0. 0. 0.],rec.autos
[0. 0. 0. ... 0. 0. 0.],soc.religion.christian
[0. 0. 0. ... 0. 0. 0.],talk.politics.guns
[0. 0. 0. ... 0. 0. 0.],soc.religion.christian
[0. 0. 0. ... 0. 0. 0.],comp.sys.ibm.pc.hardware
[0. 0. 0. ... 0. 0. 0.],alt.atheism
[0.         0.06597318 0.         ... 0.         0.         0.        ],comp.os.ms-windows.misc
[0.1403054 0.        0.        ... 0.        0.        0.       ],comp.graphics
[0. 0. 0. ... 0. 0. 0.],rec.motorcycles
[0. 0. 0. ... 0. 0. 0.],comp.sys.mac.hardware
[0. 0. 0. ... 0. 0. 0.],rec.sport.hockey
[0. 0. 0. ... 0. 0. 0.],talk.politics.mideast
[0. 0. 0. ... 0. 0. 0.],sci.med
[0.        0.        0.        ... 0.        0.4621586 0.       ],comp.sys.ibm.pc.hardware
[0. 0. 0. ... 0. 0. 0.],rec.autos
[0. 0. 0. ... 0. 0. 0.],sci.space
[0. 0. 0. ... 0. 0. 0.],sci.med
[0. 0. 0. ... 0. 0. 0.],talk.politics.mideast
[0. 0. 0. ... 0. 0. 0.],talk.politics.guns
[0. 0. 0. ... 0. 0. 0.],rec.sport.baseball
[0. 0. 0. ... 0. 0. 0.],talk.politics.guns
[0. 0. 0. ... 0. 0. 0.],sci.electronics
[0. 0. 0. ... 0. 0. 0.],misc.forsale
[0. 0. 0. ... 0. 0. 0.],comp.os.ms-windows.misc
[0.         0.06148025 0.         ... 0.         0.         0.        ],comp.graphics
[0. 0. 0. ... 0. 0. 0.],talk.religion.misc
[0. 0. 0. ... 0. 0. 0.],misc.forsale
[0. 0. 0. ... 0. 0. 0.],comp.os.ms-windows.misc
[0. 0. 0. ... 0. 0. 0.],misc.forsale
[0. 0. 0. ... 0. 0. 0.],rec.motorcycles
[0. 0. 0. ... 0. 0. 0.],rec.sport.baseball
[0. 0. 0. ... 0. 0. 0.],rec.sport.baseball
[0. 0. 0. ... 0. 0. 0.],comp.graphics
[0. 0. 0. ... 0. 0. 0.],comp.windows.x
[0. 0. 0. ... 0. 0. 0.],comp.os.ms-windows.misc
[0. 0. 0. ... 0. 0. 0.],sci.space
[0. 0. 0. ... 0. 0. 0.],rec.motorcycles
[0. 0. 0. ... 0. 0. 0.],misc.forsale
[0. 0. 0. ... 0. 0. 0.],comp.graphics
[0. 0. 0. ... 0. 0. 0.],sci.space
[0. 0. 0. ... 0. 0. 0.],sci.med
[0. 0. 0. ... 0. 0. 0.],sci.med
[0. 0. 0. ... 0. 0. 0.],rec.sport.hockey
[0. 0. 0. ... 0. 0. 0.],soc.religion.christian
[0. 0. 0. ... 0. 0. 0.],misc.forsale
[0. 0. 0. ... 0. 0. 0.],rec.motorcycles
[0. 0. 0. ... 0. 0. 0.],sci.space
[0. 0. 0. ... 0. 0. 0.],talk.politics.guns
[0. 0. 0. ... 0. 0. 0.],soc.religion.christian
[0. 0. 0. ... 0. 0. 0.],misc.forsale
[0. 0. 0. ... 0. 0. 0.],sci.med
[0. 0. 0. ... 0. 0. 0.],sci.crypt
[0.         0.04273055 0.         ... 0.         0.         0.        ],talk.religion.misc
[0. 0. 0. ... 0. 0. 0.],comp.sys.mac.hardware
[0. 0. 0. ... 0. 0. 0.],talk.politics.guns
[0. 0. 0. ... 0. 0. 0.],comp.graphics
[0. 0. 0. ... 0. 0. 0.],sci.electronics
[0. 0. 0. ... 0. 0. 0.],sci.crypt
[0. 0. 0. ... 0. 0. 0.],talk.politics.mideast
[0. 0. 0. ... 0. 0. 0.],rec.sport.baseball
[0. 0. 0. ... 0. 0. 0.],sci.crypt
[0. 0. 0. ... 0. 0. 0.],comp.graphics
[0. 0. 0. ... 0. 0. 0.],rec.motorcycles
[0. 0. 0. ... 0. 0. 0.],comp.sys.ibm.pc.hardware
[0. 0. 0. ... 0. 0. 0.],sci.crypt
[0. 0. 0. ... 0. 0. 0.],comp.sys.ibm.pc.hardware
[0. 0. 0. ... 0. 0. 0.],rec.autos
[0. 0. 0. ... 0. 0. 0.],comp.graphics
[0. 0. 0. ... 0. 0. 0.],rec.sport.hockey
[0. 0. 0. ... 0. 0. 0.],rec.autos
[0.         0.11907804 0.         ... 0.         0.         0.        ],comp.os.ms-windows.misc
[0. 0. 0. ... 0. 0. 0.],rec.autos
[0. 0. 0. ... 0. 0. 0.],talk.politics.misc
[0. 0. 0. ... 0. 0. 0.],sci.med
[0. 0. 0. ... 0. 0. 0.],comp.sys.ibm.pc.hardware
[0. 0. 0. ... 0. 0. 0.],talk.religion.misc
[0. 0. 0. ... 0. 0. 0.],talk.politics.guns
[0. 0. 0. ... 0. 0. 0.],alt.atheism
[0. 0. 0. ... 0. 0. 0.],comp.windows.x
[0.29147629 0.         0.         ... 0.         0.         0.        ],rec.autos
[0. 0. 0. ... 0. 0. 0.],sci.med
[0. 0. 0. ... 0. 0. 0.],talk.politics.guns
[0. 0. 0. ... 0. 0. 0.],comp.sys.mac.hardware
[0. 0. 0. ... 0. 0. 0.],talk.politics.mideast
[0. 0. 0. ... 0. 0. 0.],sci.space
[0. 0. 0. ... 0. 0. 0.],sci.electronics
[0. 0. 0. ... 0. 0. 0.],comp.graphics
[0. 0. 0. ... 0. 0. 0.],comp.sys.mac.hardware
[0. 0. 0. ... 0. 0. 0.],talk.politics.misc
[0. 0. 0. ... 0. 0. 0.],alt.atheism
[0. 0. 0. ... 0. 0. 0.],sci.space
[0. 0. 0. ... 0. 0. 0.],comp.graphics
[0. 0. 0. ... 0. 0. 0.],talk.politics.guns
[0. 0. 0. ... 0. 0. 0.],talk.religion.misc
[0. 0. 0. ... 0. 0. 0.],rec.autos
[0. 0. 0. ... 0. 0. 0.],rec.sport.hockey
[0. 0. 0. ... 0. 0. 0.],rec.sport.baseball
[0. 0. 0. ... 0. 0. 0.],sci.electronics
[0. 0. 0. ... 0. 0. 0.],comp.graphics
[0. 0. 0. ... 0. 0. 0.],sci.crypt
[0. 0. 0. ... 0. 0. 0.],sci.space
[0. 0. 0. ... 0. 0. 0.],sci.med
[0. 0. 0. ... 0. 0. 0.],rec.autos
[0. 0. 0. ... 0. 0. 0.],comp.sys.ibm.pc.hardware
[0. 0. 0. ... 0. 0. 0.],sci.electronics
[0. 0. 0. ... 0. 0. 0.],comp.os.ms-windows.misc
[0. 0. 0. ... 0. 0. 0.],comp.sys.mac.hardware
[0. 0. 0. ... 0. 0. 0.],sci.crypt
[0. 0. 0. ... 0. 0. 0.],sci.space
[0. 0. 0. ... 0. 0. 0.],talk.politics.guns
[0. 0. 0. ... 0. 0. 0.],talk.politics.misc
[0. 0. 0. ... 0. 0. 0.],sci.med
[0. 0. 0. ... 0. 0. 0.],talk.politics.misc
[0. 0. 0. ... 0. 0. 0.],rec.motorcycles
[0. 0. 0. ... 0. 0. 0.],talk.politics.misc
[0. 0. 0. ... 0. 0. 0.],alt.atheism
[0. 0. 0. ... 0. 0. 0.],rec.motorcycles
[0. 0. 0. ... 0. 0. 0.],rec.sport.hockey
[0. 0. 0. ... 0. 0. 0.],soc.religion.christian
[0. 0. 0. ... 0. 0. 0.],talk.religion.misc
[0. 0. 0. ... 0. 0. 0.],sci.med
[0. 0. 0. ... 0. 0. 0.],misc.forsale
[0. 0. 0. ... 0. 0. 0.],soc.religion.christian
[0. 0. 0. ... 0. 0. 0.],rec.autos
[0. 0. 0. ... 0. 0. 0.],talk.religion.misc
[0. 0. 0. ... 0. 0. 0.],misc.forsale
[0. 0. 0. ... 0. 0. 0.],comp.windows.x
[0. 0. 0. ... 0. 0. 0.],soc.religion.christian
[0. 0. 0. ... 0. 0. 0.],sci.med
[0. 0. 0. ... 0. 0. 0.],comp.sys.ibm.pc.hardware
[0. 0. 0. ... 0. 0. 0.],talk.religion.misc
[0. 0. 0. ... 0. 0. 0.],rec.sport.baseball
[0. 0. 0. ... 0. 0. 0.],sci.space
[0. 0. 0. ... 0. 0. 0.],talk.politics.misc
[0. 0. 0. ... 0. 0. 0.],rec.sport.baseball
[0. 0. 0. ... 0. 0. 0.],comp.windows.x
[0.         0.30577066 0.         ... 0.         0.         0.        ],comp.graphics
[0. 0. 0. ... 0. 0. 0.],comp.os.ms-windows.misc
[0.         0.         0.         ... 0.05844682 0.         0.        ],alt.atheism
[0. 0. 0. ... 0. 0. 0.],talk.politics.mideast
[0. 0. 0. ... 0. 0. 0.],sci.med
[0.         0.         0.         ... 0.         0.         0.10036566],rec.sport.baseball
[0. 0. 0. ... 0. 0. 0.],rec.sport.baseball
[0. 0. 0. ... 0. 0. 0.],talk.politics.guns
[0. 0. 0. ... 0. 0. 0.],sci.med
[0. 0. 0. ... 0. 0. 0.],comp.graphics
[0. 0. 0. ... 0. 0. 0.],sci.electronics
[0. 0. 0. ... 0. 0. 0.],comp.os.ms-windows.misc
[0. 0. 0. ... 0. 0. 0.],comp.sys.ibm.pc.hardware
[0. 0. 0. ... 0. 0. 0.],comp.sys.ibm.pc.hardware
[0. 0. 0. ... 0. 0. 0.],soc.religion.christian
[0. 0. 0. ... 0. 0. 0.],comp.sys.mac.hardware
[0. 0. 0. ... 0. 0. 0.],soc.religion.christian
[0. 0. 0. ... 0. 0. 0.],comp.sys.ibm.pc.hardware
[0. 0. 0. ... 0. 0. 0.],rec.motorcycles
[0. 0. 0. ... 0. 0. 0.],soc.religion.christian
[0. 0. 0. ... 0. 0. 0.],comp.windows.x
[0. 0. 0. ... 0. 0. 0.],talk.politics.mideast
[0. 0. 0. ... 0. 0. 0.],sci.med
[0. 0. 0. ... 0. 0. 0.],talk.politics.misc
[0. 0. 0. ... 0. 0. 0.],rec.autos
[0. 0. 0. ... 0. 0. 0.],talk.politics.mideast
[0. 0. 0. ... 0. 0. 0.],sci.electronics
[0. 0. 0. ... 0. 0. 0.],rec.sport.hockey
[0. 0. 0. ... 0. 0. 0.],sci.med
[0.         0.05003208 0.         ... 0.         0.         0.        ],alt.atheism
[0. 0. 0. ... 0. 0. 0.],comp.graphics
[0. 0. 0. ... 0. 0. 0.],rec.autos
[0. 0. 0. ... 0. 0. 0.],sci.electronics
[0. 0. 0. ... 0. 0. 0.],talk.politics.guns
[0.         0.         0.         ... 0.         0.19348378 0.        ],comp.os.ms-windows.misc
[0. 0. 0. ... 0. 0. 0.],comp.sys.mac.hardware
[0. 0. 0. ... 0. 0. 0.],sci.med
[0. 0. 0. ... 0. 0. 0.],rec.motorcycles
[0. 0. 0. ... 0. 0. 0.],rec.autos
[0.         0.         0.         ... 0.16346562 0.         0.        ],rec.autos
[0. 0. 0. ... 0. 0. 0.],talk.religion.misc
[0. 0. 0. ... 0. 0. 0.],talk.religion.misc
[0. 0. 0. ... 0. 0. 0.],talk.politics.guns
[0.         0.06685361 0.         ... 0.         0.         0.        ],alt.atheism
[0. 0. 0. ... 0. 0. 0.],comp.windows.x
[0.         0.11953069 0.         ... 0.         0.         0.        ],comp.os.ms-windows.misc
[0. 0. 0. ... 0. 0. 0.],rec.autos
[0. 0. 0. ... 0. 0. 0.],sci.electronics
[0. 0. 0. ... 0. 0. 0.],talk.politics.guns
[0. 0. 0. ... 0. 0. 0.],soc.religion.christian
[0. 0. 0. ... 0. 0. 0.],misc.forsale
[0. 0. 0. ... 0. 0. 0.],talk.religion.misc
[0. 0. 0. ... 0. 0. 0.],rec.autos
[0. 0. 0. ... 0. 0. 0.],misc.forsale
[0. 0. 0. ... 0. 0. 0.],comp.windows.x
[0. 0. 0. ... 0. 0. 0.],sci.crypt
[0. 0. 0. ... 0. 0. 0.],comp.sys.mac.hardware
[0. 0. 0. ... 0. 0. 0.],comp.windows.x
[0.07147245 0.         0.         ... 0.         0.         0.        ],talk.politics.misc
[0. 0. 0. ... 0. 0. 0.],talk.politics.mideast
[0. 0. 0. ... 0. 0. 0.],talk.politics.mideast
[0. 0. 0. ... 0. 0. 0.],talk.politics.guns
[0. 0. 0. ... 0. 0. 0.],comp.sys.mac.hardware
[0.         0.04450182 0.         ... 0.         0.         0.        ],talk.politics.misc
[0. 0. 0. ... 0. 0. 0.],comp.graphics
[0. 0. 0. ... 0. 0. 0.],sci.space
[0. 0. 0. ... 0. 0. 0.],sci.crypt
[0. 0. 0. ... 0. 0. 0.],rec.sport.baseball
[0. 0. 0. ... 0. 0. 0.],rec.motorcycles
[0. 0. 0. ... 0. 0. 0.],sci.crypt
[0. 0. 0. ... 0. 0. 0.],comp.os.ms-windows.misc
[0. 0. 0. ... 0. 0. 0.],comp.sys.ibm.pc.hardware
[0. 0. 0. ... 0. 0. 0.],comp.graphics
[0. 0. 0. ... 0. 0. 0.],rec.sport.hockey
[0. 0. 0. ... 0. 0. 0.],sci.space
[0.         0.14650283 0.         ... 0.         0.         0.        ],misc.forsale
[0. 0. 0. ... 0. 0. 0.],comp.graphics
[0. 0. 0. ... 0. 0. 0.],comp.sys.mac.hardware
[0. 0. 0. ... 0. 0. 0.],talk.politics.guns
[0.         0.19431717 0.         ... 0.         0.         0.        ],comp.sys.ibm.pc.hardware
[0. 0. 0. ... 0. 0. 0.],sci.space
[0. 0. 0. ... 0. 0. 0.],talk.politics.guns
[0. 0. 0. ... 0. 0. 0.],talk.politics.guns
[0. 0. 0. ... 0. 0. 0.],comp.sys.ibm.pc.hardware
[0. 0. 0. ... 0. 0. 0.],sci.space
[0. 0. 0. ... 0. 0. 0.],comp.sys.mac.hardware
[0. 0. 0. ... 0. 0. 0.],comp.sys.ibm.pc.hardware
[0. 0. 0. ... 0. 0. 0.],talk.politics.mideast
[0. 0. 0. ... 0. 0. 0.],comp.windows.x
[0. 0. 0. ... 0. 0. 0.],rec.sport.hockey
[0. 0. 0. ... 0. 0. 0.],sci.med
[0. 0. 0. ... 0. 0. 0.],rec.autos
[0.         0.         0.         ... 0.07760876 0.         0.        ],talk.politics.guns
[0. 0. 0. ... 0. 0. 0.],comp.sys.ibm.pc.hardware
[0. 0. 0. ... 0. 0. 0.],comp.sys.mac.hardware
[0. 0. 0. ... 0. 0. 0.],alt.atheism
[0.         0.04992198 0.         ... 0.         0.         0.        ],talk.politics.mideast
[0. 0. 0. ... 0. 0. 0.],comp.os.ms-windows.misc
[0. 0. 0. ... 0. 0. 0.],misc.forsale
[0. 0. 0. ... 0. 0. 0.],talk.politics.guns
[0. 0. 0. ... 0. 0. 0.],talk.politics.guns
[0. 0. 0. ... 0. 0. 0.],comp.sys.mac.hardware
[0.         0.         0.         ... 0.         0.05287726 0.        ],comp.graphics
[0. 0. 0. ... 0. 0. 0.],comp.sys.ibm.pc.hardware
[0. 0. 0. ... 0. 0. 0.],rec.motorcycles
[0. 0. 0. ... 0. 0. 0.],rec.motorcycles
[0. 0. 0. ... 0. 0. 0.],rec.sport.baseball
[0. 0. 0. ... 0. 0. 0.],sci.med
[0. 0. 0. ... 0. 0. 0.],soc.religion.christian
[0. 0. 0. ... 0. 0. 0.],sci.electronics
[0. 0. 0. ... 0. 0. 0.],alt.atheism
[0. 0. 0. ... 0. 0. 0.],comp.sys.ibm.pc.hardware
[0. 0. 0. ... 0. 0. 0.],sci.space
[0. 0. 0. ... 0. 0. 0.],rec.motorcycles
[0. 0. 0. ... 0. 0. 0.],misc.forsale
[0. 0. 0. ... 0. 0. 0.],sci.med
[0. 0. 0. ... 0. 0. 0.],sci.med
[0. 0. 0. ... 0. 0. 0.],rec.sport.baseball
[0. 0. 0. ... 0. 0. 0.],soc.religion.christian
[0. 0. 0. ... 0. 0. 0.],talk.politics.mideast
[0. 0. 0. ... 0. 0. 0.],talk.politics.mideast
[0. 0. 0. ... 0. 0. 0.],talk.religion.misc
[0. 0. 0. ... 0. 0. 0.],talk.politics.misc
[0. 0. 0. ... 0. 0. 0.],comp.os.ms-windows.misc
[0. 0. 0. ... 0. 0. 0.],sci.crypt
[0. 0. 0. ... 0. 0. 0.],sci.crypt
[0. 0. 0. ... 0. 0. 0.],comp.windows.x
[0. 0. 0. ... 0. 0. 0.],misc.forsale
[0. 0. 0. ... 0. 0. 0.],soc.religion.christian
[0. 0. 0. ... 0. 0. 0.],soc.religion.christian
[0. 0. 0. ... 0. 0. 0.],rec.motorcycles
[0. 0. 0. ... 0. 0. 0.],talk.politics.mideast
[0. 0. 0. ... 0. 0. 0.],sci.crypt
[0. 0. 0. ... 0. 0. 0.],talk.politics.guns
[0. 0. 0. ... 0. 0. 0.],talk.politics.guns
[0. 0. 0. ... 0. 0. 0.],talk.politics.misc
[0. 0. 0. ... 0. 0. 0.],soc.religion.christian
[0. 0. 0. ... 0. 0. 0.],talk.politics.guns
[0. 0. 0. ... 0. 0. 0.],rec.autos
[0. 0. 0. ... 0. 0. 0.],talk.politics.mideast
[0. 0. 0. ... 0. 0. 0.],comp.windows.x
[0. 0. 0. ... 0. 0. 0.],talk.politics.misc
[0. 0. 0. ... 0. 0. 0.],talk.politics.misc
[0.         0.09788648 0.         ... 0.         0.         0.        ],talk.politics.mideast
[0. 0. 0. ... 0. 0. 0.],rec.sport.hockey
[0. 0. 0. ... 0. 0. 0.],alt.atheism
[0. 0. 0. ... 0. 0. 0.],comp.sys.ibm.pc.hardware
[0. 0. 0. ... 0. 0. 0.],soc.religion.christian
[0. 0. 0. ... 0. 0. 0.],talk.religion.misc
[0. 0. 0. ... 0. 0. 0.],rec.sport.hockey
[0. 0. 0. ... 0. 0. 0.],comp.graphics
[0. 0. 0. ... 0. 0. 0.],talk.politics.misc
[0. 0. 0. ... 0. 0. 0.],comp.sys.ibm.pc.hardware
[0. 0. 0. ... 0. 0. 0.],soc.religion.christian
[0.         0.         0.         ... 0.15747537 0.         0.        ],talk.politics.mideast
[0. 0. 0. ... 0. 0. 0.],talk.religion.misc
[0. 0. 0. ... 0. 0. 0.],sci.electronics
[0. 0. 0. ... 0. 0. 0.],talk.politics.guns
[0. 0. 0. ... 0. 0. 0.],sci.space
[0. 0. 0. ... 0. 0. 0.],comp.sys.mac.hardware
[0. 0. 0. ... 0. 0. 0.],talk.politics.guns
[0. 0. 0. ... 0. 0. 0.],rec.sport.baseball
[0.         0.15193018 0.         ... 0.         0.         0.        ],comp.graphics
[0. 0. 0. ... 0. 0. 0.],talk.politics.mideast
[0. 0. 0. ... 0. 0. 0.],misc.forsale
[0. 0. 0. ... 0. 0. 0.],comp.graphics
[0. 0. 0. ... 0. 0. 0.],misc.forsale
[0. 0. 0. ... 0. 0. 0.],comp.sys.mac.hardware
[0. 0. 0. ... 0. 0. 0.],comp.sys.ibm.pc.hardware
[0. 0. 0. ... 0. 0. 0.],rec.sport.hockey
[0.04869752 0.         0.         ... 0.         0.         0.        ],talk.religion.misc
[0. 0. 0. ... 0. 0. 0.],rec.autos
[0. 0. 0. ... 0. 0. 0.],misc.forsale
[0. 0. 0. ... 0. 0. 0.],talk.politics.mideast
[0. 0. 0. ... 0. 0. 0.],rec.sport.baseball
[0. 0. 0. ... 0. 0. 0.],sci.space
[0. 0. 0. ... 0. 0. 0.],misc.forsale
[0. 0. 0. ... 0. 0. 0.],comp.sys.mac.hardware
[0. 0. 0. ... 0. 0. 0.],soc.religion.christian
[0. 0. 0. ... 0. 0. 0.],rec.motorcycles
[0. 0. 0. ... 0. 0. 0.],talk.politics.guns
[0. 0. 0. ... 0. 0. 0.],sci.crypt
[0. 0. 0. ... 0. 0. 0.],soc.religion.christian
[0. 0. 0. ... 0. 0. 0.],comp.os.ms-windows.misc
[0. 0. 0. ... 0. 0. 0.],comp.os.ms-windows.misc
[0. 0. 0. ... 0. 0. 0.],comp.sys.mac.hardware
[0. 0. 0. ... 0. 0. 0.],comp.graphics
[0.         0.14623951 0.         ... 0.         0.         0.        ],rec.sport.hockey
[0. 0. 0. ... 0. 0. 0.],talk.politics.guns
[0. 0. 0. ... 0. 0. 0.],rec.autos
[0. 0. 0. ... 0. 0. 0.],soc.religion.christian
[0. 0. 0. ... 0. 0. 0.],rec.autos
[0. 0. 0. ... 0. 0. 0.],talk.politics.guns
[0. 0. 0. ... 0. 0. 0.],sci.space
[0. 0. 0. ... 0. 0. 0.],misc.forsale
[0. 0. 0. ... 0. 0. 0.],sci.med
[0. 0. 0. ... 0. 0. 0.],rec.sport.hockey
[0. 0. 0. ... 0. 0. 0.],sci.med
[0. 0. 0. ... 0. 0. 0.],comp.os.ms-windows.misc
[0. 0. 0. ... 0. 0. 0.],misc.forsale
[0. 0. 0. ... 0. 0. 0.],comp.os.ms-windows.misc
[0. 0. 0. ... 0. 0. 0.],sci.electronics
[0. 0. 0. ... 0. 0. 0.],comp.windows.x
[0. 0. 0. ... 0. 0. 0.],comp.sys.mac.hardware
[0. 0. 0. ... 0. 0. 0.],sci.electronics
[0. 0. 0. ... 0. 0. 0.],rec.autos
[0. 0. 0. ... 0. 0. 0.],talk.religion.misc
[0. 0. 0. ... 0. 0. 0.],comp.sys.ibm.pc.hardware
[0. 0. 0. ... 0. 0. 0.],rec.motorcycles
[0. 0. 0. ... 0. 0. 0.],rec.autos
[0. 0. 0. ... 0. 0. 0.],rec.sport.baseball
[0. 0. 0. ... 0. 0. 0.],talk.politics.mideast
[0. 0. 0. ... 0. 0. 0.],rec.sport.baseball
[0. 0. 0. ... 0. 0. 0.],misc.forsale
[0.         0.06627172 0.         ... 0.         0.         0.        ],sci.med
[0.05729767 0.         0.         ... 0.         0.         0.        ],talk.politics.guns
[0. 0. 0. ... 0. 0. 0.],rec.sport.baseball
[0. 0. 0. ... 0. 0. 0.],misc.forsale
[0. 0. 0. ... 0. 0. 0.],rec.sport.baseball
[0. 0. 0. ... 0. 0. 0.],sci.crypt
[0. 0. 0. ... 0. 0. 0.],comp.sys.ibm.pc.hardware
[0. 0. 0. ... 0. 0. 0.],comp.windows.x
[0. 0. 0. ... 0. 0. 0.],comp.graphics
[0. 0. 0. ... 0. 0. 0.],comp.windows.x
[0. 0. 0. ... 0. 0. 0.],sci.med
[0. 0. 0. ... 0. 0. 0.],sci.space
[0.12916194 0.         0.         ... 0.         0.         0.        ],sci.med
[0. 0. 0. ... 0. 0. 0.],rec.sport.hockey
[0. 0. 0. ... 0. 0. 0.],talk.politics.guns
[0. 0. 0. ... 0. 0. 0.],soc.religion.christian
[0. 0. 0. ... 0. 0. 0.],talk.politics.guns
[0. 0. 0. ... 0. 0. 0.],sci.electronics
[0. 0. 0. ... 0. 0. 0.],talk.religion.misc
[0. 0. 0. ... 0. 0. 0.],comp.graphics
[0. 0. 0. ... 0. 0. 0.],talk.politics.mideast
[0. 0. 0. ... 0. 0. 0.],talk.politics.misc
[0.         0.06649472 0.         ... 0.         0.         0.        ],rec.sport.hockey
[0. 0. 0. ... 0. 0. 0.],rec.sport.hockey
[0. 0. 0. ... 0. 0. 0.],sci.electronics
[0. 0. 0. ... 0. 0. 0.],sci.crypt
[0.         0.05409425 0.         ... 0.         0.         0.        ],sci.space
[0. 0. 0. ... 0. 0. 0.],comp.os.ms-windows.misc
[0. 0. 0. ... 0. 0. 0.],talk.religion.misc
[0. 0. 0. ... 0. 0. 0.],sci.electronics
[0. 0. 0. ... 0. 0. 0.],misc.forsale
[0. 0. 0. ... 0. 0. 0.],rec.autos
[0. 0. 0. ... 0. 0. 0.],misc.forsale
[0. 0. 0. ... 0. 0. 0.],rec.sport.hockey
[0. 0. 0. ... 0. 0. 0.],alt.atheism
[0. 0. 0. ... 0. 0. 0.],talk.politics.guns
[0. 0. 0. ... 0. 0. 0.],alt.atheism
[0. 0. 0. ... 0. 0. 0.],comp.graphics
[0. 0. 0. ... 0. 0. 0.],comp.sys.mac.hardware
[0. 0. 0. ... 0. 0. 0.],rec.sport.hockey
[0. 0. 0. ... 0. 0. 0.],comp.windows.x
[0. 0. 0. ... 0. 0. 0.],sci.electronics
[0. 0. 0. ... 0. 0. 0.],comp.os.ms-windows.misc
[0. 0. 0. ... 0. 0. 0.],sci.crypt
[0. 0. 0. ... 0. 0. 0.],alt.atheism
[0. 0. 0. ... 0. 0. 0.],misc.forsale
[0. 0. 0. ... 0. 0. 0.],rec.autos
[0. 0. 0. ... 0. 0. 0.],comp.graphics
[0. 0. 0. ... 0. 0. 0.],rec.autos
[0. 0. 0. ... 0. 0. 0.],rec.motorcycles
[0. 0. 0. ... 0. 0. 0.],misc.forsale
[0. 0. 0. ... 0. 0. 0.],alt.atheism
[0. 0. 0. ... 0. 0. 0.],rec.autos
[0. 0. 0. ... 0. 0. 0.],misc.forsale
[0. 0. 0. ... 0. 0. 0.],comp.os.ms-windows.misc
[0. 0. 0. ... 0. 0. 0.],sci.crypt
[0. 0. 0. ... 0. 0. 0.],comp.graphics
[0.0535559 0.        0.        ... 0.        0.        0.       ],sci.crypt
[0. 0. 0. ... 0. 0. 0.],sci.crypt
[0. 0. 0. ... 0. 0. 0.],soc.religion.christian
[0. 0. 0. ... 0. 0. 0.],talk.politics.mideast
[0.         0.08803327 0.         ... 0.         0.         0.        ],comp.sys.mac.hardware
[0.         0.17714758 0.         ... 0.         0.         0.        ],comp.windows.x
[0.         0.12310594 0.         ... 0.         0.         0.        ],comp.windows.x
[0. 0. 0. ... 0. 0. 0.],rec.motorcycles
[0. 0. 0. ... 0. 0. 0.],talk.religion.misc
[0. 0. 0. ... 0. 0. 0.],sci.space
[0. 0. 0. ... 0. 0. 0.],rec.autos
[0. 0. 0. ... 0. 0. 0.],rec.sport.hockey
[0. 0. 0. ... 0. 0. 0.],comp.graphics
[0. 0. 0. ... 0. 0. 0.],rec.autos
[0. 0. 0. ... 0. 0. 0.],soc.religion.christian
[0. 0. 0. ... 0. 0. 0.],sci.med
[0. 0. 0. ... 0. 0. 0.],sci.electronics
[0. 0. 0. ... 0. 0. 0.],sci.crypt
[0.        0.        0.        ... 0.0581775 0.        0.       ],soc.religion.christian
[0. 0. 0. ... 0. 0. 0.],rec.sport.hockey
[0. 0. 0. ... 0. 0. 0.],sci.med
[0. 0. 0. ... 0. 0. 0.],talk.politics.guns
[0.         0.07386941 0.         ... 0.         0.         0.        ],comp.os.ms-windows.misc
[0. 0. 0. ... 0. 0. 0.],rec.sport.baseball
[0. 0. 0. ... 0. 0. 0.],misc.forsale
[0. 0. 0. ... 0. 0. 0.],talk.politics.misc
[0. 0. 0. ... 0. 0. 0.],talk.politics.mideast
[0. 0. 0. ... 0. 0. 0.],comp.os.ms-windows.misc
[0. 0. 0. ... 0. 0. 0.],soc.religion.christian
[0. 0. 0. ... 0. 0. 0.],comp.graphics
[0. 0. 0. ... 0. 0. 0.],talk.politics.guns
[0. 0. 0. ... 0. 0. 0.],soc.religion.christian
[0. 0. 0. ... 0. 0. 0.],talk.politics.misc
[0.         0.05574983 0.36557051 ... 0.         0.         0.        ],talk.politics.misc
[0. 0. 0. ... 0. 0. 0.],comp.windows.x
[0. 0. 0. ... 0. 0. 0.],talk.politics.mideast
[0. 0. 0. ... 0. 0. 0.],alt.atheism
[0. 0. 0. ... 0. 0. 0.],comp.graphics
[0.         0.20925399 0.         ... 0.         0.         0.        ],comp.sys.ibm.pc.hardware
[0. 0. 0. ... 0. 0. 0.],talk.politics.misc
[0. 0. 0. ... 0. 0. 0.],comp.windows.x
[0. 0. 0. ... 0. 0. 0.],soc.religion.christian
[0. 0. 0. ... 0. 0. 0.],sci.crypt
[0.         0.03538806 0.         ... 0.         0.         0.        ],comp.windows.x
[0. 0. 0. ... 0. 0. 0.],comp.os.ms-windows.misc
[0. 0. 0. ... 0. 0. 0.],sci.med
[0. 0. 0. ... 0. 0. 0.],talk.politics.guns
[0. 0. 0. ... 0. 0. 0.],sci.electronics
[0. 0. 0. ... 0. 0. 0.],comp.graphics
[0. 0. 0. ... 0. 0. 0.],comp.sys.mac.hardware
[0. 0. 0. ... 0. 0. 0.],comp.sys.mac.hardware
[0. 0. 0. ... 0. 0. 0.],sci.med
[0.         0.         0.         ... 0.17569198 0.         0.        ],soc.religion.christian
[0. 0. 0. ... 0. 0. 0.],comp.windows.x
[0. 0. 0. ... 0. 0. 0.],comp.os.ms-windows.misc
[0. 0. 0. ... 0. 0. 0.],comp.sys.mac.hardware
[0. 0. 0. ... 0. 0. 0.],sci.med
[0. 0. 0. ... 0. 0. 0.],alt.atheism
[0. 0. 0. ... 0. 0. 0.],rec.autos
[0. 0. 0. ... 0. 0. 0.],comp.sys.ibm.pc.hardware
[0. 0. 0. ... 0. 0. 0.],soc.religion.christian
[0. 0. 0. ... 0. 0. 0.],rec.autos
[0. 0. 0. ... 0. 0. 0.],sci.crypt
[0. 0. 0. ... 0. 0. 0.],talk.politics.guns
[0. 0. 0. ... 0. 0. 0.],comp.sys.ibm.pc.hardware
[0. 0. 0. ... 0. 0. 0.],sci.med
[0. 0. 0. ... 0. 0. 0.],rec.autos
[0. 0. 0. ... 0. 0. 0.],rec.motorcycles
[0. 0. 0. ... 0. 0. 0.],alt.atheism
[0. 0. 0. ... 0. 0. 0.],alt.atheism
[0. 0. 0. ... 0. 0. 0.],sci.electronics
[0. 0. 0. ... 0. 0. 0.],rec.autos
[0. 0. 0. ... 0. 0. 0.],comp.windows.x
[0. 0. 0. ... 0. 0. 0.],rec.motorcycles
[0. 0. 0. ... 0. 0. 0.],comp.sys.ibm.pc.hardware
[0. 0. 0. ... 0. 0. 0.],sci.crypt
[0. 0. 0. ... 0. 0. 0.],rec.sport.hockey
[0.         0.08179739 0.         ... 0.         0.         0.        ],rec.sport.baseball
[0. 0. 0. ... 0. 0. 0.],soc.religion.christian
[0. 0. 0. ... 0. 0. 0.],talk.politics.guns
[0. 0. 0. ... 0. 0. 0.],alt.atheism
[0. 0. 0. ... 0. 0. 0.],rec.motorcycles
[0. 0. 0. ... 0. 0. 0.],talk.politics.mideast
[0. 0. 0. ... 0. 0. 0.],rec.motorcycles
[0. 0. 0. ... 0. 0. 0.],talk.politics.mideast
[0. 0. 0. ... 0. 0. 0.],sci.med
[0. 0. 0. ... 0. 0. 0.],comp.sys.ibm.pc.hardware
[0. 0. 0. ... 0. 0. 0.],comp.sys.ibm.pc.hardware
[0. 0. 0. ... 0. 0. 0.],rec.sport.baseball
[0. 0. 0. ... 0. 0. 0.],misc.forsale
[0. 0. 0. ... 0. 0. 0.],comp.sys.ibm.pc.hardware
[0. 0. 0. ... 0. 0. 0.],misc.forsale
[0. 0. 0. ... 0. 0. 0.],sci.med
[0. 0. 0. ... 0. 0. 0.],talk.politics.mideast
[0. 0. 0. ... 0. 0. 0.],rec.motorcycles
[0. 0. 0. ... 0. 0. 0.],comp.os.ms-windows.misc
[0. 0. 0. ... 0. 0. 0.],rec.sport.baseball
[0. 0. 0. ... 0. 0. 0.],comp.sys.mac.hardware
[0. 0. 0. ... 0. 0. 0.],talk.politics.misc
[0. 0. 0. ... 0. 0. 0.],talk.politics.mideast
[0. 0. 0. ... 0. 0. 0.],sci.med
[0. 0. 0. ... 0. 0. 0.],rec.autos
[0.         0.04617599 0.         ... 0.         0.         0.        ],sci.electronics
[0. 0. 0. ... 0. 0. 0.],soc.religion.christian
[0. 0. 0. ... 0. 0. 0.],rec.sport.hockey
[0. 0. 0. ... 0. 0. 0.],misc.forsale
[0. 0. 0. ... 0. 0. 0.],sci.med
[0. 0. 0. ... 0. 0. 0.],sci.space
[0. 0. 0. ... 0. 0. 0.],talk.politics.mideast
[0. 0. 0. ... 0. 0. 0.],comp.windows.x
[0. 0. 0. ... 0. 0. 0.],misc.forsale
[0. 0. 0. ... 0. 0. 0.],sci.med
[0. 0. 0. ... 0. 0. 0.],talk.religion.misc
[0. 0. 0. ... 0. 0. 0.],comp.windows.x
[0. 0. 0. ... 0. 0. 0.],comp.os.ms-windows.misc
[0. 0. 0. ... 0. 0. 0.],talk.politics.misc
[0. 0. 0. ... 0. 0. 0.],rec.sport.baseball
[0. 0. 0. ... 0. 0. 0.],sci.electronics
[0. 0. 0. ... 0. 0. 0.],sci.space
[0.         0.10082606 0.         ... 0.         0.         0.        ],alt.atheism
[0. 0. 0. ... 0. 0. 0.],rec.sport.baseball
[0. 0. 0. ... 0. 0. 0.],sci.med
[0. 0. 0. ... 0. 0. 0.],misc.forsale
[0. 0. 0. ... 0. 0. 0.],alt.atheism
[0.         0.20538599 0.         ... 0.         0.         0.        ],comp.graphics
[0. 0. 0. ... 0. 0. 0.],comp.sys.ibm.pc.hardware
[0. 0. 0. ... 0. 0. 0.],comp.graphics
[0. 0. 0. ... 0. 0. 0.],sci.crypt
[0.         0.         0.20550582 ... 0.         0.         0.        ],sci.med
[0. 0. 0. ... 0. 0. 0.],sci.space
[0. 0. 0. ... 0. 0. 0.],comp.sys.ibm.pc.hardware
[0. 0. 0. ... 0. 0. 0.],comp.os.ms-windows.misc
[0. 0. 0. ... 0. 0. 0.],talk.politics.mideast
[0. 0. 0. ... 0. 0. 0.],rec.sport.hockey
[0. 0. 0. ... 0. 0. 0.],misc.forsale
[0. 0. 0. ... 0. 0. 0.],comp.graphics
[0. 0. 0. ... 0. 0. 0.],misc.forsale
[0. 0. 0. ... 0. 0. 0.],rec.sport.baseball
[0. 0. 0. ... 0. 0. 0.],soc.religion.christian
[0. 0. 0. ... 0. 0. 0.],talk.religion.misc
[0. 0. 0. ... 0. 0. 0.],talk.politics.misc
[0. 0. 0. ... 0. 0. 0.],alt.atheism
[0. 0. 0. ... 0. 0. 0.],soc.religion.christian
[0. 0. 0. ... 0. 0. 0.],rec.sport.baseball
[0. 0. 0. ... 0. 0. 0.],soc.religion.christian
[0. 0. 0. ... 0. 0. 0.],talk.politics.guns
[0. 0. 0. ... 0. 0. 0.],comp.windows.x
[0. 0. 0. ... 0. 0. 0.],rec.motorcycles
[0. 0. 0. ... 0. 0. 0.],comp.sys.mac.hardware
[0. 0. 0. ... 0. 0. 0.],rec.sport.hockey
[0. 0. 0. ... 0. 0. 0.],talk.politics.misc
[0. 0. 0. ... 0. 0. 0.],rec.motorcycles
[0. 0. 0. ... 0. 0. 0.],rec.motorcycles
[0. 0. 0. ... 0. 0. 0.],sci.space
[0. 0. 0. ... 0. 0. 0.],sci.crypt
[0. 0. 0. ... 0. 0. 0.],sci.electronics
[0. 0. 0. ... 0. 0. 0.],rec.motorcycles
[0. 0. 0. ... 0. 0. 0.],talk.politics.misc
[0. 0. 0. ... 0. 0. 0.],misc.forsale
[0. 0. 0. ... 0. 0. 0.],rec.sport.hockey
[0. 0. 0. ... 0. 0. 0.],soc.religion.christian
[0. 0. 0. ... 0. 0. 0.],talk.politics.guns
[0. 0. 0. ... 0. 0. 0.],rec.motorcycles
[0. 0. 0. ... 0. 0. 0.],alt.atheism
[0. 0. 0. ... 0. 0. 0.],comp.windows.x
[0.         0.03034704 0.         ... 0.         0.         0.        ],comp.windows.x
[0. 0. 0. ... 0. 0. 0.],rec.autos
[0. 0. 0. ... 0. 0. 0.],comp.sys.ibm.pc.hardware
[0. 0. 0. ... 0. 0. 0.],talk.politics.mideast
[0. 0. 0. ... 0. 0. 0.],talk.politics.mideast
[0. 0. 0. ... 0. 0. 0.],comp.sys.ibm.pc.hardware
[0. 0. 0. ... 0. 0. 0.],soc.religion.christian
[0. 0. 0. ... 0. 0. 0.],alt.atheism
[0. 0. 0. ... 0. 0. 0.],sci.crypt
[0.         0.         0.         ... 0.09673375 0.         0.        ],sci.crypt
[0. 0. 0. ... 0. 0. 0.],rec.sport.baseball
[0. 0. 0. ... 0. 0. 0.],talk.politics.guns
[0.         0.04831651 0.         ... 0.         0.         0.        ],sci.space
[0. 0. 0. ... 0. 0. 0.],sci.electronics
[0. 0. 0. ... 0. 0. 0.],soc.religion.christian
[0. 0. 0. ... 0. 0. 0.],comp.os.ms-windows.misc
[0. 0. 0. ... 0. 0. 0.],alt.atheism
[0. 0. 0. ... 0. 0. 0.],talk.politics.guns
[0. 0. 0. ... 0. 0. 0.],comp.windows.x
[0. 0. 0. ... 0. 0. 0.],sci.electronics
[0. 0. 0. ... 0. 0. 0.],talk.politics.mideast
[0.         0.09728059 0.         ... 0.         0.         0.        ],rec.autos
[0. 0. 0. ... 0. 0. 0.],rec.motorcycles
[0. 0. 0. ... 0. 0. 0.],rec.sport.hockey
[0. 0. 0. ... 0. 0. 0.],talk.politics.mideast
[0. 0. 0. ... 0. 0. 0.],alt.atheism
[0. 0. 0. ... 0. 0. 0.],sci.electronics
[0. 0. 0. ... 0. 0. 0.],comp.sys.ibm.pc.hardware
[0. 0. 0. ... 0. 0. 0.],comp.sys.mac.hardware
[0. 0. 0. ... 0. 0. 0.],rec.motorcycles
[0. 0. 0. ... 0. 0. 0.],sci.electronics
[0.        0.0875823 0.        ... 0.        0.        0.       ],comp.os.ms-windows.misc
[0. 0. 0. ... 0. 0. 0.],talk.politics.guns
[0.         0.05470475 0.         ... 0.         0.         0.        ],sci.crypt
[0.         0.01945353 0.         ... 0.         0.         0.        ],comp.windows.x
[0. 0. 0. ... 0. 0. 0.],rec.sport.hockey
[0. 0. 0. ... 0. 0. 0.],sci.crypt
[0. 0. 0. ... 0. 0. 0.],soc.religion.christian
[0. 0. 0. ... 0. 0. 0.],sci.space
[0. 0. 0. ... 0. 0. 0.],rec.sport.hockey
[0. 0. 0. ... 0. 0. 0.],sci.med
[0. 0. 0. ... 0. 0. 0.],sci.med
[0.         0.         0.         ... 0.         0.31010095 0.        ],comp.os.ms-windows.misc
[0. 0. 0. ... 0. 0. 0.],comp.windows.x
[0. 0. 0. ... 0. 0. 0.],rec.sport.hockey
[0. 0. 0. ... 0. 0. 0.],misc.forsale
[0. 0. 0. ... 0. 0. 0.],talk.religion.misc
[0.         0.         0.         ... 0.         0.24299852 0.        ],comp.sys.ibm.pc.hardware
[0. 0. 0. ... 0. 0. 0.],rec.sport.baseball
[0. 0. 0. ... 0. 0. 0.],soc.religion.christian
[0. 0. 0. ... 0. 0. 0.],soc.religion.christian
[0. 0. 0. ... 0. 0. 0.],sci.med
[0. 0. 0. ... 0. 0. 0.],comp.graphics
[0. 0. 0. ... 0. 0. 0.],comp.sys.ibm.pc.hardware
[0. 0. 0. ... 0. 0. 0.],comp.sys.mac.hardware
[0. 0. 0. ... 0. 0. 0.],alt.atheism
[0. 0. 0. ... 0. 0. 0.],misc.forsale
[0. 0. 0. ... 0. 0. 0.],comp.sys.ibm.pc.hardware
[0. 0. 0. ... 0. 0. 0.],comp.graphics
[0. 0. 0. ... 0. 0. 0.],talk.religion.misc
[0. 0. 0. ... 0. 0. 0.],sci.space
[0. 0. 0. ... 0. 0. 0.],talk.politics.guns
[0. 0. 0. ... 0. 0. 0.],rec.sport.hockey
[0. 0. 0. ... 0. 0. 0.],comp.os.ms-windows.misc
[0. 0. 0. ... 0. 0. 0.],sci.space
[0. 0. 0. ... 0. 0. 0.],talk.religion.misc
[0. 0. 0. ... 0. 0. 0.],talk.politics.mideast
[0. 0. 0. ... 0. 0. 0.],comp.windows.x
[0. 0. 0. ... 0. 0. 0.],sci.crypt
[0. 0. 0. ... 0. 0. 0.],comp.sys.mac.hardware
[0. 0. 0. ... 0. 0. 0.],sci.space
[0. 0. 0. ... 0. 0. 0.],misc.forsale
[0. 0. 0. ... 0. 0. 0.],comp.windows.x
[0. 0. 0. ... 0. 0. 0.],sci.med
[0. 0. 0. ... 0. 0. 0.],alt.atheism
[0. 0. 0. ... 0. 0. 0.],rec.sport.hockey
[0. 0. 0. ... 0. 0. 0.],sci.med
[0. 0. 0. ... 0. 0. 0.],talk.politics.mideast
[0. 0. 0. ... 0. 0. 0.],talk.religion.misc
[0. 0. 0. ... 0. 0. 0.],rec.motorcycles
[0. 0. 0. ... 0. 0. 0.],comp.windows.x
[0. 0. 0. ... 0. 0. 0.],rec.autos
[0. 0. 0. ... 0. 0. 0.],comp.os.ms-windows.misc
[0. 0. 0. ... 0. 0. 0.],soc.religion.christian
[0. 0. 0. ... 0. 0. 0.],comp.sys.ibm.pc.hardware
[0. 0. 0. ... 0. 0. 0.],soc.religion.christian
[0. 0. 0. ... 0. 0. 0.],rec.sport.baseball
[0. 0. 0. ... 0. 0. 0.],soc.religion.christian
[0. 0. 0. ... 0. 0. 0.],rec.motorcycles
[0. 0. 0. ... 0. 0. 0.],comp.sys.ibm.pc.hardware
[0. 0. 0. ... 0. 0. 0.],talk.politics.guns
[0. 0. 0. ... 0. 0. 0.],soc.religion.christian
[0.         0.         0.22679925 ... 0.         0.         0.        ],talk.religion.misc
[0. 0. 0. ... 0. 0. 0.],rec.sport.baseball
[0. 0. 0. ... 0. 0. 0.],misc.forsale
[0. 0. 0. ... 0. 0. 0.],misc.forsale
[0.         0.06824249 0.         ... 0.         0.         0.        ],comp.sys.mac.hardware
[0. 0. 0. ... 0. 0. 0.],rec.motorcycles
[0. 0. 0. ... 0. 0. 0.],rec.sport.hockey
[0. 0. 0. ... 0. 0. 0.],rec.sport.baseball
[0. 0. 0. ... 0. 0. 0.],comp.sys.ibm.pc.hardware
[0. 0. 0. ... 0. 0. 0.],comp.windows.x
[0. 0. 0. ... 0. 0. 0.],rec.autos
[0. 0. 0. ... 0. 0. 0.],comp.os.ms-windows.misc
[0. 0. 0. ... 0. 0. 0.],comp.sys.mac.hardware
[0. 0. 0. ... 0. 0. 0.],sci.crypt
[0. 0. 0. ... 0. 0. 0.],rec.autos
[0. 0. 0. ... 0. 0. 0.],comp.os.ms-windows.misc
[0. 0. 0. ... 0. 0. 0.],comp.windows.x
[0. 0. 0. ... 0. 0. 0.],sci.crypt
[0. 0. 0. ... 0. 0. 0.],sci.med
[0.05533551 0.         0.         ... 0.         0.         0.        ],talk.politics.guns
[0. 0. 0. ... 0. 0. 0.],sci.med
[0. 0. 0. ... 0. 0. 0.],sci.electronics
[0. 0. 0. ... 0. 0. 0.],comp.windows.x
[0. 0. 0. ... 0. 0. 0.],comp.sys.mac.hardware
[0. 0. 0. ... 0. 0. 0.],talk.politics.misc
[0. 0. 0. ... 0. 0. 0.],comp.sys.ibm.pc.hardware
[0. 0. 0. ... 0. 0. 0.],comp.sys.ibm.pc.hardware
[0. 0. 0. ... 0. 0. 0.],rec.motorcycles
[0. 0. 0. ... 0. 0. 0.],rec.sport.hockey
[0. 0. 0. ... 0. 0. 0.],misc.forsale
[0. 0. 0. ... 0. 0. 0.],sci.crypt
[0. 0. 0. ... 0. 0. 0.],rec.sport.hockey
[0. 0. 0. ... 0. 0. 0.],talk.politics.guns
[0. 0. 0. ... 0. 0. 0.],comp.sys.ibm.pc.hardware
[0. 0. 0. ... 0. 0. 0.],comp.sys.mac.hardware
[0. 0. 0. ... 0. 0. 0.],talk.politics.guns
[0. 0. 0. ... 0. 0. 0.],comp.windows.x
[0. 0. 0. ... 0. 0. 0.],sci.electronics
[0. 0. 0. ... 0. 0. 0.],comp.os.ms-windows.misc
[0. 0. 0. ... 0. 0. 0.],rec.sport.hockey
[0. 0. 0. ... 0. 0. 0.],comp.sys.ibm.pc.hardware
[0. 0. 0. ... 0. 0. 0.],sci.space
[0. 0. 0. ... 0. 0. 0.],rec.motorcycles
[0. 0. 0. ... 0. 0. 0.],comp.sys.mac.hardware
[0. 0. 0. ... 0. 0. 0.],soc.religion.christian
[0. 0. 0. ... 0. 0. 0.],sci.electronics
[0. 0. 0. ... 0. 0. 0.],comp.windows.x
[0. 0. 0. ... 0. 0. 0.],talk.politics.guns
[0. 0. 0. ... 0. 0. 0.],comp.windows.x
[0.         0.06209939 0.         ... 0.         0.         0.        ],sci.med
[0. 0. 0. ... 0. 0. 0.],rec.autos
[0. 0. 0. ... 0. 0. 0.],alt.atheism
[0. 0. 0. ... 0. 0. 0.],soc.religion.christian
[0. 0. 0. ... 0. 0. 0.],soc.religion.christian
[0. 0. 0. ... 0. 0. 0.],misc.forsale
[0. 0. 0. ... 0. 0. 0.],sci.electronics
[0. 0. 0. ... 0. 0. 0.],misc.forsale
[0. 0. 0. ... 0. 0. 0.],rec.sport.baseball
[0. 0. 0. ... 0. 0. 0.],talk.politics.misc
[0. 0. 0. ... 0. 0. 0.],comp.graphics
[0. 0. 0. ... 0. 0. 0.],rec.sport.baseball
[0. 0. 0. ... 0. 0. 0.],comp.graphics
[0. 0. 0. ... 0. 0. 0.],rec.sport.hockey
[0. 0. 0. ... 0. 0. 0.],comp.os.ms-windows.misc
[0. 0. 0. ... 0. 0. 0.],comp.windows.x
[0. 0. 0. ... 0. 0. 0.],comp.os.ms-windows.misc
[0. 0. 0. ... 0. 0. 0.],sci.med
[0. 0. 0. ... 0. 0. 0.],sci.med
[0. 0. 0. ... 0. 0. 0.],comp.graphics
[0. 0. 0. ... 0. 0. 0.],rec.sport.hockey
[0. 0. 0. ... 0. 0. 0.],comp.sys.mac.hardware
[0. 0. 0. ... 0. 0. 0.],misc.forsale
[0.10193175 0.         0.         ... 0.         0.         0.        ],sci.crypt
[0. 0. 0. ... 0. 0. 0.],sci.med
[0. 0. 0. ... 0. 0. 0.],sci.crypt
[0. 0. 0. ... 0. 0. 0.],rec.sport.baseball
[0. 0. 0. ... 0. 0. 0.],misc.forsale
[0. 0. 0. ... 0. 0. 0.],sci.crypt
[0. 0. 0. ... 0. 0. 0.],comp.os.ms-windows.misc
[0. 0. 0. ... 0. 0. 0.],comp.sys.ibm.pc.hardware
[0. 0. 0. ... 0. 0. 0.],sci.crypt
[0. 0. 0. ... 0. 0. 0.],sci.med
[0. 0. 0. ... 0. 0. 0.],misc.forsale
[0. 0. 0. ... 0. 0. 0.],comp.sys.mac.hardware
[0. 0. 0. ... 0. 0. 0.],sci.crypt
[0. 0. 0. ... 0. 0. 0.],sci.space
[0. 0. 0. ... 0. 0. 0.],talk.politics.misc
[0. 0. 0. ... 0. 0. 0.],rec.sport.baseball
[0. 0. 0. ... 0. 0. 0.],alt.atheism
[0. 0. 0. ... 0. 0. 0.],comp.sys.mac.hardware
[0. 0. 0. ... 0. 0. 0.],comp.sys.mac.hardware
[0. 0. 0. ... 0. 0. 0.],comp.os.ms-windows.misc
[0. 0. 0. ... 0. 0. 0.],misc.forsale
[0. 0. 0. ... 0. 0. 0.],comp.sys.mac.hardware
[0. 0. 0. ... 0. 0. 0.],comp.os.ms-windows.misc
[0. 0. 0. ... 0. 0. 0.],sci.crypt
[0. 0. 0. ... 0. 0. 0.],talk.politics.mideast
[0. 0. 0. ... 0. 0. 0.],talk.politics.misc
[0. 0. 0. ... 0. 0. 0.],sci.med
[0. 0. 0. ... 0. 0. 0.],misc.forsale
[0. 0. 0. ... 0. 0. 0.],sci.crypt
[0. 0. 0. ... 0. 0. 0.],comp.sys.ibm.pc.hardware
[0. 0. 0. ... 0. 0. 0.],sci.crypt
[0. 0. 0. ... 0. 0. 0.],sci.med
[0. 0. 0. ... 0. 0. 0.],rec.motorcycles
[0. 0. 0. ... 0. 0. 0.],sci.electronics
[0. 0. 0. ... 0. 0. 0.],sci.space
[0.         0.10131745 0.         ... 0.         0.         0.        ],comp.graphics
[0. 0. 0. ... 0. 0. 0.],talk.politics.misc
[0. 0. 0. ... 0. 0. 0.],sci.crypt
[0. 0. 0. ... 0. 0. 0.],rec.sport.hockey
[0. 0. 0. ... 0. 0. 0.],comp.windows.x
[0. 0. 0. ... 0. 0. 0.],rec.autos
[0. 0. 0. ... 0. 0. 0.],rec.sport.baseball
[0.         0.07544309 0.         ... 0.         0.         0.        ],sci.electronics
[0. 0. 0. ... 0. 0. 0.],sci.med
[0. 0. 0. ... 0. 0. 0.],soc.religion.christian
[0. 0. 0. ... 0. 0. 0.],alt.atheism
[0. 0. 0. ... 0. 0. 0.],rec.motorcycles
[0. 0. 0. ... 0. 0. 0.],comp.graphics
[0. 0. 0. ... 0. 0. 0.],comp.sys.mac.hardware
[0. 0. 0. ... 0. 0. 0.],sci.space
[0.         0.06631896 0.         ... 0.         0.         0.10384416],talk.politics.mideast
[0. 0. 0. ... 0. 0. 0.],rec.sport.hockey
[0. 0. 0. ... 0. 0. 0.],rec.sport.hockey
[0. 0. 0. ... 0. 0. 0.],rec.sport.baseball
[0. 0. 0. ... 0. 0. 0.],sci.crypt
[0. 0. 0. ... 0. 0. 0.],sci.crypt
[0. 0. 0. ... 0. 0. 0.],rec.motorcycles
[0. 0. 0. ... 0. 0. 0.],talk.politics.mideast
[0. 0. 0. ... 0. 0. 0.],rec.motorcycles
[0. 0. 0. ... 0. 0. 0.],sci.space
[0. 0. 0. ... 0. 0. 0.],talk.politics.mideast
[0. 0. 0. ... 0. 0. 0.],comp.sys.mac.hardware
[0. 0. 0. ... 0. 0. 0.],misc.forsale
[0. 0. 0. ... 0. 0. 0.],rec.sport.hockey
[0. 0. 0. ... 0. 0. 0.],sci.space
[0. 0. 0. ... 0. 0. 0.],talk.politics.mideast
[0. 0. 0. ... 0. 0. 0.],sci.electronics
[0. 0. 0. ... 0. 0. 0.],rec.autos
[0. 0. 0. ... 0. 0. 0.],talk.politics.misc
[0. 0. 0. ... 0. 0. 0.],soc.religion.christian
[0. 0. 0. ... 0. 0. 0.],talk.politics.mideast
[0. 0. 0. ... 0. 0. 0.],sci.crypt
[0. 0. 0. ... 0. 0. 0.],sci.crypt
[0. 0. 0. ... 0. 0. 0.],comp.sys.mac.hardware
[0. 0. 0. ... 0. 0. 0.],comp.graphics
[0.16166202 0.         0.         ... 0.         0.         0.        ],rec.sport.baseball
[0. 0. 0. ... 0. 0. 0.],rec.sport.baseball
[0. 0. 0. ... 0. 0. 0.],comp.graphics
[0. 0. 0. ... 0. 0. 0.],talk.politics.misc
[0. 0. 0. ... 0. 0. 0.],soc.religion.christian
[0. 0. 0. ... 0. 0. 0.],misc.forsale
[0. 0. 0. ... 0. 0. 0.],comp.sys.mac.hardware
[0. 0. 0. ... 0. 0. 0.],comp.windows.x
[0. 0. 0. ... 0. 0. 0.],rec.sport.baseball
[0. 0. 0. ... 0. 0. 0.],talk.politics.guns
[0. 0. 0. ... 0. 0. 0.],soc.religion.christian
[0.         0.07465032 0.         ... 0.         0.         0.        ],talk.politics.misc
[0. 0. 0. ... 0. 0. 0.],comp.windows.x
[0. 0. 0. ... 0. 0. 0.],sci.space
[0. 0. 0. ... 0. 0. 0.],comp.windows.x
[0. 0. 0. ... 0. 0. 0.],talk.politics.guns
[0. 0. 0. ... 0. 0. 0.],misc.forsale
[0. 0. 0. ... 0. 0. 0.],comp.os.ms-windows.misc
[0.         0.         0.         ... 0.08079284 0.         0.        ],comp.graphics
[0. 0. 0. ... 0. 0. 0.],sci.crypt
[0. 0. 0. ... 0. 0. 0.],sci.crypt
[0. 0. 0. ... 0. 0. 0.],comp.sys.mac.hardware
[0. 0. 0. ... 0. 0. 0.],rec.motorcycles
[0. 0. 0. ... 0. 0. 0.],soc.religion.christian
[0. 0. 0. ... 0. 0. 0.],talk.politics.mideast
[0. 0. 0. ... 0. 0. 0.],rec.motorcycles
[0. 0. 0. ... 0. 0. 0.],misc.forsale
[0. 0. 0. ... 0. 0. 0.],rec.motorcycles
[0. 0. 0. ... 0. 0. 0.],comp.windows.x
[0. 0. 0. ... 0. 0. 0.],talk.religion.misc
[0. 0. 0. ... 0. 0. 0.],rec.sport.hockey
[0. 0. 0. ... 0. 0. 0.],comp.sys.ibm.pc.hardware
[0. 0. 0. ... 0. 0. 0.],soc.religion.christian
[0. 0. 0. ... 0. 0. 0.],sci.med
[0. 0. 0. ... 0. 0. 0.],sci.med
[0. 0. 0. ... 0. 0. 0.],rec.autos
[0. 0. 0. ... 0. 0. 0.],sci.med
[0. 0. 0. ... 0. 0. 0.],sci.space
[0. 0. 0. ... 0. 0. 0.],sci.space
[0. 0. 0. ... 0. 0. 0.],rec.sport.baseball
[0. 0. 0. ... 0. 0. 0.],comp.sys.mac.hardware
[0. 0. 0. ... 0. 0. 0.],comp.windows.x
[0.         0.17442998 0.         ... 0.         0.         0.        ],rec.sport.baseball
[0. 0. 0. ... 0. 0. 0.],comp.sys.mac.hardware
[0. 0. 0. ... 0. 0. 0.],misc.forsale
[0.         0.03202865 0.         ... 0.         0.         0.        ],comp.sys.ibm.pc.hardware
[0. 0. 0. ... 0. 0. 0.],comp.os.ms-windows.misc
[0.         0.27221111 0.         ... 0.         0.         0.        ],soc.religion.christian
[0. 0. 0. ... 0. 0. 0.],talk.politics.guns
[0. 0. 0. ... 0. 0. 0.],sci.crypt
[0. 0. 0. ... 0. 0. 0.],comp.sys.mac.hardware
[0. 0. 0. ... 0. 0. 0.],rec.autos
[0. 0. 0. ... 0. 0. 0.],sci.crypt
[0. 0. 0. ... 0. 0. 0.],misc.forsale
[0. 0. 0. ... 0. 0. 0.],talk.politics.guns
[0. 0. 0. ... 0. 0. 0.],rec.autos
[0. 0. 0. ... 0. 0. 0.],comp.graphics
[0.         0.30682479 0.         ... 0.         0.         0.        ],comp.os.ms-windows.misc
[0.         0.16398838 0.         ... 0.         0.         0.        ],comp.graphics
[0. 0. 0. ... 0. 0. 0.],sci.space
[0. 0. 0. ... 0. 0. 0.],rec.autos
[0. 0. 0. ... 0. 0. 0.],talk.politics.misc
[0. 0. 0. ... 0. 0. 0.],talk.politics.guns
[0. 0. 0. ... 0. 0. 0.],sci.med
[0. 0. 0. ... 0. 0. 0.],sci.electronics
[0. 0. 0. ... 0. 0. 0.],comp.graphics
[0. 0. 0. ... 0. 0. 0.],misc.forsale
[0. 0. 0. ... 0. 0. 0.],rec.motorcycles
[0. 0. 0. ... 0. 0. 0.],sci.space
[0. 0. 0. ... 0. 0. 0.],talk.religion.misc
[0. 0. 0. ... 0. 0. 0.],sci.electronics
[0. 0. 0. ... 0. 0. 0.],rec.autos
[0. 0. 0. ... 0. 0. 0.],soc.religion.christian
[0. 0. 0. ... 0. 0. 0.],talk.politics.misc
[0.         0.         0.         ... 0.         0.37022325 0.        ],comp.os.ms-windows.misc
[0. 0. 0. ... 0. 0. 0.],sci.crypt
[0. 0. 0. ... 0. 0. 0.],comp.sys.ibm.pc.hardware
[0. 0. 0. ... 0. 0. 0.],rec.motorcycles
[0. 0. 0. ... 0. 0. 0.],alt.atheism
[0. 0. 0. ... 0. 0. 0.],misc.forsale
[0. 0. 0. ... 0. 0. 0.],sci.crypt
[0. 0. 0. ... 0. 0. 0.],talk.politics.mideast
[0.         0.13907239 0.         ... 0.         0.         0.        ],comp.sys.ibm.pc.hardware
[0. 0. 0. ... 0. 0. 0.],rec.sport.baseball
[0. 0. 0. ... 0. 0. 0.],rec.motorcycles
[0. 0. 0. ... 0. 0. 0.],comp.os.ms-windows.misc
[0.        0.0862599 0.        ... 0.        0.        0.       ],sci.crypt
[0. 0. 0. ... 0. 0. 0.],alt.atheism
[0. 0. 0. ... 0. 0. 0.],sci.crypt
[0. 0. 0. ... 0. 0. 0.],rec.sport.baseball
[0. 0. 0. ... 0. 0. 0.],sci.crypt
[0. 0. 0. ... 0. 0. 0.],rec.motorcycles
[0. 0. 0. ... 0. 0. 0.],rec.sport.baseball
[0. 0. 0. ... 0. 0. 0.],sci.electronics
[0. 0. 0. ... 0. 0. 0.],soc.religion.christian
[0. 0. 0. ... 0. 0. 0.],sci.crypt
[0. 0. 0. ... 0. 0. 0.],misc.forsale
[0. 0. 0. ... 0. 0. 0.],soc.religion.christian
[0. 0. 0. ... 0. 0. 0.],talk.politics.misc
[0. 0. 0. ... 0. 0. 0.],rec.autos
[0.         0.11734745 0.         ... 0.         0.         0.        ],sci.med
[0. 0. 0. ... 0. 0. 0.],rec.autos
[0. 0. 0. ... 0. 0. 0.],rec.motorcycles
[0. 0. 0. ... 0. 0. 0.],sci.med
[0. 0. 0. ... 0. 0. 0.],comp.sys.mac.hardware
[0. 0. 0. ... 0. 0. 0.],comp.windows.x
[0. 0. 0. ... 0. 0. 0.],comp.sys.mac.hardware
[0. 0. 0. ... 0. 0. 0.],comp.sys.mac.hardware
[0. 0. 0. ... 0. 0. 0.],soc.religion.christian
[0. 0. 0. ... 0. 0. 0.],sci.space
[0. 0. 0. ... 0. 0. 0.],soc.religion.christian
[0. 0. 0. ... 0. 0. 0.],comp.sys.ibm.pc.hardware
[0. 0. 0. ... 0. 0. 0.],comp.sys.ibm.pc.hardware
[0. 0. 0. ... 0. 0. 0.],alt.atheism
[0. 0. 0. ... 0. 0. 0.],comp.os.ms-windows.misc
[0.         0.08038963 0.         ... 0.         0.         0.        ],comp.sys.ibm.pc.hardware
[0. 0. 0. ... 0. 0. 0.],rec.sport.hockey
[0. 0. 0. ... 0. 0. 0.],comp.graphics
[0. 0. 0. ... 0. 0. 0.],rec.sport.hockey
[0. 0. 0. ... 0. 0. 0.],alt.atheism
[0. 0. 0. ... 0. 0. 0.],sci.space
[0. 0. 0. ... 0. 0. 0.],rec.sport.hockey
[0. 0. 0. ... 0. 0. 0.],sci.electronics
[0. 0. 0. ... 0. 0. 0.],soc.religion.christian
[0. 0. 0. ... 0. 0. 0.],soc.religion.christian
[0. 0. 0. ... 0. 0. 0.],rec.sport.baseball
[0. 0. 0. ... 0. 0. 0.],comp.sys.mac.hardware
[0. 0. 0. ... 0. 0. 0.],comp.sys.mac.hardware
[0. 0. 0. ... 0. 0. 0.],talk.politics.misc
[0. 0. 0. ... 0. 0. 0.],talk.politics.misc
[0. 0. 0. ... 0. 0. 0.],rec.sport.hockey
[0. 0. 0. ... 0. 0. 0.],talk.religion.misc
[0. 0. 0. ... 0. 0. 0.],comp.windows.x
[0.08248228 0.         0.         ... 0.         0.         0.09867314],rec.sport.baseball
[0. 0. 0. ... 0. 0. 0.],rec.motorcycles
[0. 0. 0. ... 0. 0. 0.],comp.sys.ibm.pc.hardware
[0. 0. 0. ... 0. 0. 0.],sci.electronics
[0. 0. 0. ... 0. 0. 0.],comp.sys.ibm.pc.hardware
[0. 0. 0. ... 0. 0. 0.],talk.politics.mideast
[0. 0. 0. ... 0. 0. 0.],soc.religion.christian
[0.         0.20132322 0.         ... 0.         0.         0.        ],rec.sport.baseball
[0. 0. 0. ... 0. 0. 0.],talk.politics.guns
[0. 0. 0. ... 0. 0. 0.],rec.sport.hockey
[0. 0. 0. ... 0. 0. 0.],rec.sport.hockey
[0. 0. 0. ... 0. 0. 0.],rec.autos
[0. 0. 0. ... 0. 0. 0.],comp.graphics
[0. 0. 0. ... 0. 0. 0.],rec.motorcycles
[0. 0. 0. ... 0. 0. 0.],rec.sport.baseball
[0. 0. 0. ... 0. 0. 0.],comp.sys.mac.hardware
[0. 0. 0. ... 0. 0. 0.],sci.med
[0.3254602 0.        0.        ... 0.        0.        0.       ],soc.religion.christian
[0. 0. 0. ... 0. 0. 0.],talk.politics.mideast
[0.         0.16096691 0.         ... 0.         0.         0.        ],sci.med
[0. 0. 0. ... 0. 0. 0.],rec.motorcycles
[0. 0. 0. ... 0. 0. 0.],sci.med
[0. 0. 0. ... 0. 0. 0.],soc.religion.christian
[0.         0.         0.25302209 ... 0.         0.         0.        ],alt.atheism
[0. 0. 0. ... 0. 0. 0.],sci.electronics
[0. 0. 0. ... 0. 0. 0.],comp.sys.mac.hardware
[0. 0. 0. ... 0. 0. 0.],rec.sport.baseball
[0. 0. 0. ... 0. 0. 0.],soc.religion.christian
[0. 0. 0. ... 0. 0. 0.],sci.electronics
[0. 0. 0. ... 0. 0. 0.],rec.sport.baseball
[0. 0. 0. ... 0. 0. 0.],sci.space
[0. 0. 0. ... 0. 0. 0.],sci.electronics
[0. 0. 0. ... 0. 0. 0.],talk.politics.mideast
[0. 0. 0. ... 0. 0. 0.],talk.politics.guns
[0. 0. 0. ... 0. 0. 0.],talk.religion.misc
[0. 0. 0. ... 0. 0. 0.],comp.windows.x
[0. 0. 0. ... 0. 0. 0.],talk.politics.mideast
[0. 0. 0. ... 0. 0. 0.],comp.sys.mac.hardware
[0. 0. 0. ... 0. 0. 0.],comp.sys.mac.hardware
[0. 0. 0. ... 0. 0. 0.],sci.electronics
[0. 0. 0. ... 0. 0. 0.],misc.forsale
[0. 0. 0. ... 0. 0. 0.],comp.sys.ibm.pc.hardware
[0. 0. 0. ... 0. 0. 0.],talk.religion.misc
[0.         0.         0.         ... 0.         0.         0.16341562],talk.politics.mideast
[0. 0. 0. ... 0. 0. 0.],talk.politics.misc
[0. 0. 0. ... 0. 0. 0.],talk.politics.guns
[0. 0. 0. ... 0. 0. 0.],talk.politics.mideast
[0. 0. 0. ... 0. 0. 0.],comp.sys.mac.hardware
[0. 0. 0. ... 0. 0. 0.],rec.sport.hockey
[0. 0. 0. ... 0. 0. 0.],rec.sport.baseball
[0. 0. 0. ... 0. 0. 0.],sci.space
[0. 0. 0. ... 0. 0. 0.],talk.politics.guns
[0. 0. 0. ... 0. 0. 0.],misc.forsale
[0. 0. 0. ... 0. 0. 0.],comp.sys.mac.hardware
[0. 0. 0. ... 0. 0. 0.],talk.religion.misc
[0. 0. 0. ... 0. 0. 0.],talk.politics.misc
[0. 0. 0. ... 0. 0. 0.],rec.motorcycles
[0. 0. 0. ... 0. 0. 0.],sci.crypt
[0. 0. 0. ... 0. 0. 0.],rec.sport.hockey
[0. 0. 0. ... 0. 0. 0.],rec.sport.hockey
[0. 0. 0. ... 0. 0. 0.],sci.med
[0. 0. 0. ... 0. 0. 0.],sci.crypt
[0. 0. 0. ... 0. 0. 0.],talk.politics.misc
[0. 0. 0. ... 0. 0. 0.],sci.electronics
[0. 0. 0. ... 0. 0. 0.],talk.politics.misc
[0. 0. 0. ... 0. 0. 0.],talk.religion.misc
[0. 0. 0. ... 0. 0. 0.],rec.sport.baseball
[0.         0.14365962 0.         ... 0.07197637 0.         0.        ],sci.space
[0. 0. 0. ... 0. 0. 0.],comp.sys.ibm.pc.hardware
[0. 0. 0. ... 0. 0. 0.],misc.forsale
[0. 0. 0. ... 0. 0. 0.],comp.graphics
[0.         0.04543312 0.         ... 0.         0.         0.        ],alt.atheism
[0. 0. 0. ... 0. 0. 0.],sci.med
[0. 0. 0. ... 0. 0. 0.],comp.os.ms-windows.misc
[0. 0. 0. ... 0. 0. 0.],sci.space
[0. 0. 0. ... 0. 0. 0.],rec.motorcycles
[0. 0. 0. ... 0. 0. 0.],rec.sport.hockey
[0. 0. 0. ... 0. 0. 0.],sci.space
[0. 0. 0. ... 0. 0. 0.],comp.graphics
[0. 0. 0. ... 0. 0. 0.],comp.sys.ibm.pc.hardware
[0. 0. 0. ... 0. 0. 0.],rec.sport.baseball
[0. 0. 0. ... 0. 0. 0.],talk.politics.misc
[0. 0. 0. ... 0. 0. 0.],talk.politics.mideast
[0. 0. 0. ... 0. 0. 0.],talk.politics.mideast
[0. 0. 0. ... 0. 0. 0.],rec.motorcycles
[0. 0. 0. ... 0. 0. 0.],comp.os.ms-windows.misc
[0. 0. 0. ... 0. 0. 0.],sci.crypt
[0. 0. 0. ... 0. 0. 0.],rec.sport.baseball
[0.         0.11813455 0.         ... 0.         0.         0.        ],comp.graphics
[0. 0. 0. ... 0. 0. 0.],comp.sys.mac.hardware
[0.         0.         0.         ... 0.         0.10614556 0.        ],comp.sys.ibm.pc.hardware
[0. 0. 0. ... 0. 0. 0.],talk.religion.misc
[0. 0. 0. ... 0. 0. 0.],comp.sys.ibm.pc.hardware
[0. 0. 0. ... 0. 0. 0.],comp.os.ms-windows.misc
[0. 0. 0. ... 0. 0. 0.],comp.graphics
[0. 0. 0. ... 0. 0. 0.],sci.space
[0. 0. 0. ... 0. 0. 0.],misc.forsale
[0. 0. 0. ... 0. 0. 0.],soc.religion.christian
[0. 0. 0. ... 0. 0. 0.],sci.electronics
[0. 0. 0. ... 0. 0. 0.],comp.sys.ibm.pc.hardware
[0. 0. 0. ... 0. 0. 0.],talk.politics.mideast
[0. 0. 0. ... 0. 0. 0.],comp.sys.ibm.pc.hardware
[0. 0. 0. ... 0. 0. 0.],talk.politics.guns
[0. 0. 0. ... 0. 0. 0.],comp.sys.ibm.pc.hardware
[0. 0. 0. ... 0. 0. 0.],misc.forsale
[0. 0. 0. ... 0. 0. 0.],sci.med
[0. 0. 0. ... 0. 0. 0.],sci.med
[0. 0. 0. ... 0. 0. 0.],rec.motorcycles
[0. 0. 0. ... 0. 0. 0.],talk.religion.misc
[0.         0.04083611 0.         ... 0.06137914 0.         0.        ],comp.graphics
[0. 0. 0. ... 0. 0. 0.],rec.autos
[0. 0. 0. ... 0. 0. 0.],alt.atheism
[0. 0. 0. ... 0. 0. 0.],talk.politics.mideast
[0. 0. 0. ... 0. 0. 0.],comp.windows.x
[0. 0. 0. ... 0. 0. 0.],sci.med
[0.         0.17509647 0.         ... 0.         0.         0.        ],comp.os.ms-windows.misc
[0. 0. 0. ... 0. 0. 0.],rec.sport.baseball
[0. 0. 0. ... 0. 0. 0.],comp.os.ms-windows.misc
[0. 0. 0. ... 0. 0. 0.],soc.religion.christian
[0. 0. 0. ... 0. 0. 0.],sci.med
[0. 0. 0. ... 0. 0. 0.],rec.sport.baseball
[0. 0. 0. ... 0. 0. 0.],soc.religion.christian
[0. 0. 0. ... 0. 0. 0.],talk.politics.mideast
[0. 0. 0. ... 0. 0. 0.],rec.autos
[0. 0. 0. ... 0. 0. 0.],sci.electronics
[0. 0. 0. ... 0. 0. 0.],comp.sys.ibm.pc.hardware
[0.         0.         0.43563371 ... 0.         0.         0.        ],soc.religion.christian
[0. 0. 0. ... 0. 0. 0.],talk.politics.misc
[0. 0. 0. ... 0. 0. 0.],talk.politics.guns
[0. 0. 0. ... 0. 0. 0.],rec.autos
[0. 0. 0. ... 0. 0. 0.],soc.religion.christian
[0. 0. 0. ... 0. 0. 0.],rec.sport.hockey
[0.         0.         0.         ... 0.         0.         0.14180449],talk.politics.mideast
[0. 0. 0. ... 0. 0. 0.],comp.graphics
[0. 0. 0. ... 0. 0. 0.],soc.religion.christian
[0. 0. 0. ... 0. 0. 0.],rec.sport.hockey
[0. 0. 0. ... 0. 0. 0.],talk.politics.mideast
[0. 0. 0. ... 0. 0. 0.],comp.windows.x
[0. 0. 0. ... 0. 0. 0.],talk.politics.guns
[0. 0. 0. ... 0. 0. 0.],rec.sport.baseball
[0. 0. 0. ... 0. 0. 0.],sci.med
[0.11983847 0.         0.         ... 0.         0.         0.        ],comp.os.ms-windows.misc
[0. 0. 0. ... 0. 0. 0.],comp.sys.mac.hardware
[0. 0. 0. ... 0. 0. 0.],sci.space
[0. 0. 0. ... 0. 0. 0.],comp.sys.ibm.pc.hardware
[0. 0. 0. ... 0. 0. 0.],sci.crypt
[0. 0. 0. ... 0. 0. 0.],comp.sys.ibm.pc.hardware
[0. 0. 0. ... 0. 0. 0.],rec.sport.baseball
[0. 0. 0. ... 0. 0. 0.],rec.autos
[0. 0. 0. ... 0. 0. 0.],comp.sys.ibm.pc.hardware
[0. 0. 0. ... 0. 0. 0.],talk.politics.mideast
[0. 0. 0. ... 0. 0. 0.],sci.med
[0. 0. 0. ... 0. 0. 0.],misc.forsale
[0.        0.1358822 0.        ... 0.        0.        0.       ],sci.electronics
[0. 0. 0. ... 0. 0. 0.],sci.space
[0. 0. 0. ... 0. 0. 0.],rec.autos
[0. 0. 0. ... 0. 0. 0.],sci.med
[0. 0. 0. ... 0. 0. 0.],talk.politics.misc
[0. 0. 0. ... 0. 0. 0.],sci.crypt
[0. 0. 0. ... 0. 0. 0.],alt.atheism
[0. 0. 0. ... 0. 0. 0.],comp.windows.x
[0. 0. 0. ... 0. 0. 0.],rec.motorcycles
[0. 0. 0. ... 0. 0. 0.],rec.sport.hockey
[0. 0. 0. ... 0. 0. 0.],rec.autos
[0. 0. 0. ... 0. 0. 0.],soc.religion.christian
[0. 0. 0. ... 0. 0. 0.],rec.motorcycles
[0. 0. 0. ... 0. 0. 0.],comp.graphics
[0. 0. 0. ... 0. 0. 0.],rec.sport.baseball
[0. 0. 0. ... 0. 0. 0.],comp.sys.ibm.pc.hardware
[0. 0. 0. ... 0. 0. 0.],sci.crypt
[0. 0. 0. ... 0. 0. 0.],comp.os.ms-windows.misc
[0. 0. 0. ... 0. 0. 0.],alt.atheism
[0. 0. 0. ... 0. 0. 0.],sci.med
[0. 0. 0. ... 0. 0. 0.],talk.politics.mideast
[0. 0. 0. ... 0. 0. 0.],comp.windows.x
[0. 0. 0. ... 0. 0. 0.],comp.graphics
[0.         0.07912889 0.         ... 0.         0.         0.        ],talk.politics.guns
[0. 0. 0. ... 0. 0. 0.],talk.politics.guns
[0. 0. 0. ... 0. 0. 0.],comp.sys.mac.hardware
[0. 0. 0. ... 0. 0. 0.],talk.politics.guns
[0. 0. 0. ... 0. 0. 0.],alt.atheism
[0. 0. 0. ... 0. 0. 0.],rec.motorcycles
[0. 0. 0. ... 0. 0. 0.],rec.autos
[0. 0. 0. ... 0. 0. 0.],comp.sys.mac.hardware
[0. 0. 0. ... 0. 0. 0.],sci.med
[0. 0. 0. ... 0. 0. 0.],sci.electronics
[0. 0. 0. ... 0. 0. 0.],misc.forsale
[0. 0. 0. ... 0. 0. 0.],misc.forsale
[0. 0. 0. ... 0. 0. 0.],soc.religion.christian
[0. 0. 0. ... 0. 0. 0.],talk.politics.misc
[0. 0. 0. ... 0. 0. 0.],comp.sys.mac.hardware
[0. 0. 0. ... 0. 0. 0.],rec.sport.hockey
[0. 0. 0. ... 0. 0. 0.],rec.motorcycles
[0.         0.         0.79136306 ... 0.         0.         0.        ],talk.politics.misc
[0. 0. 0. ... 0. 0. 0.],soc.religion.christian
[0. 0. 0. ... 0. 0. 0.],talk.politics.guns
[0. 0. 0. ... 0. 0. 0.],alt.atheism
[0. 0. 0. ... 0. 0. 0.],rec.motorcycles
[0. 0. 0. ... 0. 0. 0.],rec.autos
[0. 0. 0. ... 0. 0. 0.],sci.crypt
[0. 0. 0. ... 0. 0. 0.],talk.politics.guns
[0. 0. 0. ... 0. 0. 0.],talk.politics.misc
[0. 0. 0. ... 0. 0. 0.],talk.politics.guns
[0. 0. 0. ... 0. 0. 0.],sci.crypt
[0. 0. 0. ... 0. 0. 0.],rec.autos
[0. 0. 0. ... 0. 0. 0.],comp.graphics
[0. 0. 0. ... 0. 0. 0.],sci.electronics
[0. 0. 0. ... 0. 0. 0.],sci.crypt
[0. 0. 0. ... 0. 0. 0.],sci.med
[0. 0. 0. ... 0. 0. 0.],comp.os.ms-windows.misc
[0. 0. 0. ... 0. 0. 0.],misc.forsale
[0. 0. 0. ... 0. 0. 0.],rec.sport.hockey
[0. 0. 0. ... 0. 0. 0.],sci.med
[0. 0. 0. ... 0. 0. 0.],sci.med
[0. 0. 0. ... 0. 0. 0.],rec.autos
[0. 0. 0. ... 0. 0. 0.],rec.sport.hockey
[0. 0. 0. ... 0. 0. 0.],talk.politics.mideast
[0. 0. 0. ... 0. 0. 0.],rec.motorcycles
[0. 0. 0. ... 0. 0. 0.],sci.crypt
[0. 0. 0. ... 0. 0. 0.],talk.politics.mideast
[0.         0.11953069 0.         ... 0.         0.         0.        ],comp.os.ms-windows.misc
[0. 0. 0. ... 0. 0. 0.],sci.crypt
[0. 0. 0. ... 0. 0. 0.],rec.sport.hockey
[0. 0. 0. ... 0. 0. 0.],comp.sys.mac.hardware
[0.         0.07935209 0.         ... 0.         0.         0.        ],talk.politics.guns
[0. 0. 0. ... 0. 0. 0.],sci.space
[0. 0. 0. ... 0. 0. 0.],sci.electronics
[0.         0.08859506 0.         ... 0.         0.         0.        ],comp.os.ms-windows.misc
[0. 0. 0. ... 0. 0. 0.],talk.religion.misc
[0.         0.03504198 0.         ... 0.         0.         0.        ],sci.med
[0. 0. 0. ... 0. 0. 0.],talk.politics.guns
[0. 0. 0. ... 0. 0. 0.],rec.sport.hockey
[0. 0. 0. ... 0. 0. 0.],comp.os.ms-windows.misc
[0. 0. 0. ... 0. 0. 0.],comp.os.ms-windows.misc
[0. 0. 0. ... 0. 0. 0.],sci.space
[0. 0. 0. ... 0. 0. 0.],comp.windows.x
[0. 0. 0. ... 0. 0. 0.],rec.autos
[0. 0. 0. ... 0. 0. 0.],comp.os.ms-windows.misc
[0. 0. 0. ... 0. 0. 0.],rec.motorcycles
[0. 0. 0. ... 0. 0. 0.],sci.crypt
[0. 0. 0. ... 0. 0. 0.],comp.os.ms-windows.misc
[0. 0. 0. ... 0. 0. 0.],rec.autos
[0. 0. 0. ... 0. 0. 0.],comp.windows.x
[0. 0. 0. ... 0. 0. 0.],comp.sys.mac.hardware
[0. 0. 0. ... 0. 0. 0.],rec.sport.hockey
[0. 0. 0. ... 0. 0. 0.],sci.space
[0. 0. 0. ... 0. 0. 0.],comp.sys.mac.hardware
[0.         0.07969454 0.         ... 0.         0.         0.        ],sci.crypt
[0. 0. 0. ... 0. 0. 0.],rec.motorcycles
[0. 0. 0. ... 0. 0. 0.],sci.space
[0. 0. 0. ... 0. 0. 0.],sci.electronics
[0. 0. 0. ... 0. 0. 0.],comp.sys.ibm.pc.hardware
[0. 0. 0. ... 0. 0. 0.],talk.politics.mideast
[0. 0. 0. ... 0. 0. 0.],sci.electronics
[0. 0. 0. ... 0. 0. 0.],rec.sport.baseball
[0. 0. 0. ... 0. 0. 0.],rec.sport.hockey
[0. 0. 0. ... 0. 0. 0.],soc.religion.christian
[0. 0. 0. ... 0. 0. 0.],comp.graphics
[0. 0. 0. ... 0. 0. 0.],comp.sys.ibm.pc.hardware
[0. 0. 0. ... 0. 0. 0.],talk.politics.guns
[0. 0. 0. ... 0. 0. 0.],talk.politics.misc
[0. 0. 0. ... 0. 0. 0.],rec.sport.hockey
[0. 0. 0. ... 0. 0. 0.],talk.religion.misc
[0. 0. 0. ... 0. 0. 0.],sci.electronics
[0. 0. 0. ... 0. 0. 0.],soc.religion.christian
[0. 0. 0. ... 0. 0. 0.],comp.sys.ibm.pc.hardware
[0. 0. 0. ... 0. 0. 0.],talk.politics.misc
[0. 0. 0. ... 0. 0. 0.],comp.os.ms-windows.misc
[0. 0. 0. ... 0. 0. 0.],rec.sport.hockey
[0. 0. 0. ... 0. 0. 0.],talk.politics.guns
[0. 0. 0. ... 0. 0. 0.],rec.sport.hockey
[0. 0. 0. ... 0. 0. 0.],comp.sys.mac.hardware
[0. 0. 0. ... 0. 0. 0.],alt.atheism
[0. 0. 0. ... 0. 0. 0.],misc.forsale
[0. 0. 0. ... 0. 0. 0.],talk.politics.misc
[0. 0. 0. ... 0. 0. 0.],talk.religion.misc
[0. 0. 0. ... 0. 0. 0.],rec.sport.hockey
[0. 0. 0. ... 0. 0. 0.],sci.med
[0.        0.0504122 0.        ... 0.        0.        0.       ],comp.windows.x
[0. 0. 0. ... 0. 0. 0.],sci.med
[0. 0. 0. ... 0. 0. 0.],sci.med
[0. 0. 0. ... 0. 0. 0.],rec.autos
[0. 0. 0. ... 0. 0. 0.],comp.windows.x
[0. 0. 0. ... 0. 0. 0.],talk.politics.guns
[0. 0. 0. ... 0. 0. 0.],comp.sys.mac.hardware
[0. 0. 0. ... 0. 0. 0.],sci.med
[0. 0. 0. ... 0. 0. 0.],comp.os.ms-windows.misc
[0. 0. 0. ... 0. 0. 0.],talk.politics.misc
[0. 0. 0. ... 0. 0. 0.],talk.religion.misc
[0. 0. 0. ... 0. 0. 0.],sci.electronics
[0. 0. 0. ... 0. 0. 0.],sci.med
[0. 0. 0. ... 0. 0. 0.],talk.politics.mideast
[0. 0. 0. ... 0. 0. 0.],sci.space
[0. 0. 0. ... 0. 0. 0.],sci.electronics
[0. 0. 0. ... 0. 0. 0.],rec.autos
[0. 0. 0. ... 0. 0. 0.],comp.os.ms-windows.misc
[0. 0. 0. ... 0. 0. 0.],comp.sys.mac.hardware
[0. 0. 0. ... 0. 0. 0.],rec.sport.hockey
[0. 0. 0. ... 0. 0. 0.],soc.religion.christian
[0. 0. 0. ... 0. 0. 0.],comp.windows.x
[0. 0. 0. ... 0. 0. 0.],sci.space
[0. 0. 0. ... 0. 0. 0.],sci.space
[0. 0. 0. ... 0. 0. 0.],rec.sport.hockey
[0. 0. 0. ... 0. 0. 0.],comp.graphics
[0. 0. 0. ... 0. 0. 0.],rec.sport.baseball
[0. 0. 0. ... 0. 0. 0.],rec.autos
[0.         0.06468079 0.         ... 0.         0.         0.        ],sci.electronics
[0. 0. 0. ... 0. 0. 0.],comp.graphics
[0. 0. 0. ... 0. 0. 0.],talk.religion.misc
[0. 0. 0. ... 0. 0. 0.],rec.sport.hockey
[0. 0. 0. ... 0. 0. 0.],sci.crypt
[0. 0. 0. ... 0. 0. 0.],comp.graphics
[0. 0. 0. ... 0. 0. 0.],talk.politics.misc
[0.04900178 0.         0.         ... 0.         0.05711487 0.        ],comp.os.ms-windows.misc
[0. 0. 0. ... 0. 0. 0.],comp.graphics
[0. 0. 0. ... 0. 0. 0.],comp.os.ms-windows.misc
[0. 0. 0. ... 0. 0. 0.],rec.sport.hockey
[0. 0. 0. ... 0. 0. 0.],sci.med
[0. 0. 0. ... 0. 0. 0.],comp.graphics
[0. 0. 0. ... 0. 0. 0.],sci.med
[0. 0. 0. ... 0. 0. 0.],rec.autos
[0. 0. 0. ... 0. 0. 0.],rec.sport.hockey
[0. 0. 0. ... 0. 0. 0.],sci.med
[0. 0. 0. ... 0. 0. 0.],alt.atheism
[0. 0. 0. ... 0. 0. 0.],sci.space
[0. 0. 0. ... 0. 0. 0.],sci.med
[0. 0. 0. ... 0. 0. 0.],talk.religion.misc
[0. 0. 0. ... 0. 0. 0.],talk.politics.mideast
[0. 0. 0. ... 0. 0. 0.],talk.politics.mideast
[0. 0. 0. ... 0. 0. 0.],talk.politics.guns
[0. 0. 0. ... 0. 0. 0.],sci.med
[0. 0. 0. ... 0. 0. 0.],soc.religion.christian
[0. 0. 0. ... 0. 0. 0.],rec.sport.hockey
[0. 0. 0. ... 0. 0. 0.],talk.religion.misc
[0. 0. 0. ... 0. 0. 0.],comp.sys.mac.hardware
[0. 0. 0. ... 0. 0. 0.],sci.space
[0. 0. 0. ... 0. 0. 0.],rec.sport.hockey
[0. 0. 0. ... 0. 0. 0.],comp.os.ms-windows.misc
[0. 0. 0. ... 0. 0. 0.],misc.forsale
[0. 0. 0. ... 0. 0. 0.],rec.autos
[0. 0. 0. ... 0. 0. 0.],soc.religion.christian
[0. 0. 0. ... 0. 0. 0.],talk.politics.mideast
[0. 0. 0. ... 0. 0. 0.],rec.sport.baseball
[0. 0. 0. ... 0. 0. 0.],comp.graphics
[0. 0. 0. ... 0. 0. 0.],comp.sys.ibm.pc.hardware
[0. 0. 0. ... 0. 0. 0.],comp.graphics
[0. 0. 0. ... 0. 0. 0.],sci.electronics
[0. 0. 0. ... 0. 0. 0.],rec.sport.hockey
[0. 0. 0. ... 0. 0. 0.],soc.religion.christian
[0. 0. 0. ... 0. 0. 0.],comp.windows.x
[0. 0. 0. ... 0. 0. 0.],rec.autos
[0. 0. 0. ... 0. 0. 0.],rec.sport.baseball
[0. 0. 0. ... 0. 0. 0.],rec.autos
[0. 0. 0. ... 0. 0. 0.],rec.autos
[0. 0. 0. ... 0. 0. 0.],alt.atheism
[0. 0. 0. ... 0. 0. 0.],sci.med
[0. 0. 0. ... 0. 0. 0.],rec.motorcycles
[0. 0. 0. ... 0. 0. 0.],talk.politics.guns
[0. 0. 0. ... 0. 0. 0.],talk.politics.mideast
[0. 0. 0. ... 0. 0. 0.],comp.os.ms-windows.misc
[0. 0. 0. ... 0. 0. 0.],rec.sport.hockey
[0. 0. 0. ... 0. 0. 0.],talk.religion.misc
[0. 0. 0. ... 0. 0. 0.],comp.windows.x
[0. 0. 0. ... 0. 0. 0.],comp.windows.x
[0. 0. 0. ... 0. 0. 0.],talk.politics.guns
[0. 0. 0. ... 0. 0. 0.],comp.sys.ibm.pc.hardware
[0. 0. 0. ... 0. 0. 0.],rec.motorcycles
[0. 0. 0. ... 0. 0. 0.],rec.sport.baseball
[0. 0. 0. ... 0. 0. 0.],soc.religion.christian
[0. 0. 0. ... 0. 0. 0.],rec.motorcycles
[0. 0. 0. ... 0. 0. 0.],sci.electronics
[0. 0. 0. ... 0. 0. 0.],sci.space
[0.2046763 0.0521243 0.        ... 0.        0.        0.       ],soc.religion.christian
[0. 0. 0. ... 0. 0. 0.],sci.electronics
[0. 0. 0. ... 0. 0. 0.],talk.politics.mideast
[0. 0. 0. ... 0. 0. 0.],talk.politics.guns
[0. 0. 0. ... 0. 0. 0.],rec.sport.hockey
[0. 0. 0. ... 0. 0. 0.],sci.crypt
[0. 0. 0. ... 0. 0. 0.],soc.religion.christian
[0.         0.         0.81224112 ... 0.         0.         0.        ],talk.religion.misc
[0. 0. 0. ... 0. 0. 0.],rec.sport.hockey
[0. 0. 0. ... 0. 0. 0.],comp.windows.x
[0. 0. 0. ... 0. 0. 0.],comp.sys.ibm.pc.hardware
[0. 0. 0. ... 0. 0. 0.],rec.sport.hockey
[0. 0. 0. ... 0. 0. 0.],soc.religion.christian
[0. 0. 0. ... 0. 0. 0.],comp.sys.mac.hardware
[0. 0. 0. ... 0. 0. 0.],talk.politics.misc
[0. 0. 0. ... 0. 0. 0.],soc.religion.christian
[0. 0. 0. ... 0. 0. 0.],talk.religion.misc
[0. 0. 0. ... 0. 0. 0.],misc.forsale
[0. 0. 0. ... 0. 0. 0.],rec.autos
[0. 0. 0. ... 0. 0. 0.],sci.space
[0. 0. 0. ... 0. 0. 0.],talk.politics.guns
[0. 0. 0. ... 0. 0. 0.],comp.os.ms-windows.misc
[0. 0. 0. ... 0. 0. 0.],sci.electronics
[0. 0. 0. ... 0. 0. 0.],alt.atheism
[0. 0. 0. ... 0. 0. 0.],comp.sys.mac.hardware
[0. 0. 0. ... 0. 0. 0.],talk.politics.misc
[0. 0. 0. ... 0. 0. 0.],talk.politics.mideast
[0. 0. 0. ... 0. 0. 0.],comp.windows.x
[0. 0. 0. ... 0. 0. 0.],misc.forsale
[0. 0. 0. ... 0. 0. 0.],rec.sport.baseball
[0. 0. 0. ... 0. 0. 0.],alt.atheism
[0. 0. 0. ... 0. 0. 0.],sci.electronics
[0. 0. 0. ... 0. 0. 0.],rec.sport.hockey
[0. 0. 0. ... 0. 0. 0.],rec.autos
[0. 0. 0. ... 0. 0. 0.],comp.os.ms-windows.misc
[0. 0. 0. ... 0. 0. 0.],alt.atheism
[0. 0. 0. ... 0. 0. 0.],rec.sport.hockey
[0. 0. 0. ... 0. 0. 0.],talk.politics.misc
[0. 0. 0. ... 0. 0. 0.],rec.motorcycles
[0. 0. 0. ... 0. 0. 0.],rec.motorcycles
[0. 0. 0. ... 0. 0. 0.],sci.electronics
[0. 0. 0. ... 0. 0. 0.],sci.electronics
[0. 0. 0. ... 0. 0. 0.],comp.sys.ibm.pc.hardware
[0. 0. 0. ... 0. 0. 0.],talk.politics.misc
[0. 0. 0. ... 0. 0. 0.],comp.os.ms-windows.misc
[0. 0. 0. ... 0. 0. 0.],comp.sys.ibm.pc.hardware
[0. 0. 0. ... 0. 0. 0.],rec.motorcycles
[0. 0. 0. ... 0. 0. 0.],rec.autos
[0. 0. 0. ... 0. 0. 0.],comp.graphics
[0. 0. 0. ... 0. 0. 0.],alt.atheism
[0. 0. 0. ... 0. 0. 0.],comp.os.ms-windows.misc
[0. 0. 0. ... 0. 0. 0.],talk.politics.misc
[0.         0.         0.         ... 0.         0.11274481 0.        ],comp.os.ms-windows.misc
[0. 0. 0. ... 0. 0. 0.],rec.motorcycles
[0. 0. 0. ... 0. 0. 0.],sci.crypt
[0. 0. 0. ... 0. 0. 0.],sci.med
[0.         0.         0.         ... 0.09462458 0.         0.        ],comp.windows.x
[0. 0. 0. ... 0. 0. 0.],rec.autos
[0. 0. 0. ... 0. 0. 0.],comp.os.ms-windows.misc
[0. 0. 0. ... 0. 0. 0.],sci.electronics
[0. 0. 0. ... 0. 0. 0.],sci.crypt
[0. 0. 0. ... 0. 0. 0.],rec.sport.baseball
[0. 0. 0. ... 0. 0. 0.],comp.sys.ibm.pc.hardware
[0. 0. 0. ... 0. 0. 0.],comp.windows.x
[0. 0. 0. ... 0. 0. 0.],comp.os.ms-windows.misc
[0.        0.0935107 0.        ... 0.        0.        0.       ],talk.politics.mideast
[0. 0. 0. ... 0. 0. 0.],rec.sport.baseball
[0. 0. 0. ... 0. 0. 0.],sci.crypt
[0. 0. 0. ... 0. 0. 0.],talk.politics.mideast
[0. 0. 0. ... 0. 0. 0.],rec.sport.hockey
[0. 0. 0. ... 0. 0. 0.],comp.windows.x
[0. 0. 0. ... 0. 0. 0.],comp.os.ms-windows.misc
[0. 0. 0. ... 0. 0. 0.],sci.electronics
[0. 0. 0. ... 0. 0. 0.],comp.os.ms-windows.misc
[0. 0. 0. ... 0. 0. 0.],talk.politics.mideast
[0. 0. 0. ... 0. 0. 0.],sci.space
[0. 0. 0. ... 0. 0. 0.],rec.autos
[0.         0.03313925 0.         ... 0.         0.         0.        ],sci.crypt
[0. 0. 0. ... 0. 0. 0.],talk.politics.mideast
[0. 0. 0. ... 0. 0. 0.],rec.motorcycles
[0. 0. 0. ... 0. 0. 0.],sci.crypt
[0. 0. 0. ... 0. 0. 0.],rec.motorcycles
[0. 0. 0. ... 0. 0. 0.],comp.sys.ibm.pc.hardware
[0. 0. 0. ... 0. 0. 0.],talk.religion.misc
[0.05923093 0.         0.         ... 0.         0.         0.        ],alt.atheism
[0. 0. 0. ... 0. 0. 0.],sci.electronics
[0. 0. 0. ... 0. 0. 0.],talk.politics.mideast
[0. 0. 0. ... 0. 0. 0.],talk.politics.guns
[0. 0. 0. ... 0. 0. 0.],talk.politics.misc
[0. 0. 0. ... 0. 0. 0.],sci.crypt
[0. 0. 0. ... 0. 0. 0.],comp.graphics
[0. 0. 0. ... 0. 0. 0.],sci.electronics
[0. 0. 0. ... 0. 0. 0.],rec.motorcycles
[0. 0. 0. ... 0. 0. 0.],talk.politics.guns
[0. 0. 0. ... 0. 0. 0.],rec.sport.baseball
[0. 0. 0. ... 0. 0. 0.],rec.autos
[0. 0. 0. ... 0. 0. 0.],comp.windows.x
[0. 0. 0. ... 0. 0. 0.],comp.os.ms-windows.misc
[0. 0. 0. ... 0. 0. 0.],comp.sys.ibm.pc.hardware
[0. 0. 0. ... 0. 0. 0.],talk.politics.mideast
[0. 0. 0. ... 0. 0. 0.],alt.atheism
[0. 0. 0. ... 0. 0. 0.],comp.windows.x
[0.         0.05296821 0.         ... 0.         0.         0.        ],soc.religion.christian
[0. 0. 0. ... 0. 0. 0.],soc.religion.christian
[0. 0. 0. ... 0. 0. 0.],talk.politics.mideast
[0. 0. 0. ... 0. 0. 0.],misc.forsale
[0. 0. 0. ... 0. 0. 0.],misc.forsale
[0. 0. 0. ... 0. 0. 0.],comp.windows.x
[0. 0. 0. ... 0. 0. 0.],comp.windows.x
[0. 0. 0. ... 0. 0. 0.],misc.forsale
[0. 0. 0. ... 0. 0. 0.],rec.autos
[0. 0. 0. ... 0. 0. 0.],sci.crypt
[0. 0. 0. ... 0. 0. 0.],comp.graphics
[0. 0. 0. ... 0. 0. 0.],comp.os.ms-windows.misc
[0. 0. 0. ... 0. 0. 0.],misc.forsale
[0. 0. 0. ... 0. 0. 0.],comp.os.ms-windows.misc
[0. 0. 0. ... 0. 0. 0.],comp.sys.ibm.pc.hardware
[0.         0.         0.         ... 0.         0.16418811 0.        ],comp.graphics
[0. 0. 0. ... 0. 0. 0.],comp.sys.ibm.pc.hardware
[0. 0. 0. ... 0. 0. 0.],comp.windows.x
[0.05253017 0.         0.         ... 0.         0.         0.        ],comp.windows.x
[0. 0. 0. ... 0. 0. 0.],comp.windows.x
[0.18367424 0.         0.         ... 0.         0.         0.        ],rec.motorcycles
[0. 0. 0. ... 0. 0. 0.],talk.politics.mideast
[0. 0. 0. ... 0. 0. 0.],alt.atheism
[0. 0. 0. ... 0. 0. 0.],talk.religion.misc
[0. 0. 0. ... 0. 0. 0.],rec.motorcycles
[0. 0. 0. ... 0. 0. 0.],sci.space
[0. 0. 0. ... 0. 0. 0.],comp.sys.ibm.pc.hardware
[0. 0. 0. ... 0. 0. 0.],rec.sport.baseball
[0. 0. 0. ... 0. 0. 0.],comp.sys.ibm.pc.hardware
[0. 0. 0. ... 0. 0. 0.],sci.space
[0. 0. 0. ... 0. 0. 0.],talk.religion.misc
[0. 0. 0. ... 0. 0. 0.],soc.religion.christian
[0. 0. 0. ... 0. 0. 0.],sci.electronics
[0.         0.02951299 0.         ... 0.         0.         0.        ],talk.politics.mideast
[0. 0. 0. ... 0. 0. 0.],sci.med
[0. 0. 0. ... 0. 0. 0.],rec.motorcycles
[0.         0.03468894 0.         ... 0.         0.         0.        ],sci.electronics
[0. 0. 0. ... 0. 0. 0.],sci.space
[0. 0. 0. ... 0. 0. 0.],sci.electronics
[0. 0. 0. ... 0. 0. 0.],misc.forsale
[0. 0. 0. ... 0. 0. 0.],rec.motorcycles
[0. 0. 0. ... 0. 0. 0.],misc.forsale
[0.         0.06572933 0.         ... 0.         0.         0.        ],sci.med
[0. 0. 0. ... 0. 0. 0.],sci.crypt
[0. 0. 0. ... 0. 0. 0.],sci.space
[0. 0. 0. ... 0. 0. 0.],sci.space
[0. 0. 0. ... 0. 0. 0.],comp.sys.mac.hardware
[0. 0. 0. ... 0. 0. 0.],talk.politics.mideast
[0.         0.10757191 0.         ... 0.         0.         0.        ],sci.space
[0. 0. 0. ... 0. 0. 0.],rec.sport.baseball
[0. 0. 0. ... 0. 0. 0.],talk.politics.guns
[0. 0. 0. ... 0. 0. 0.],rec.sport.baseball
[0. 0. 0. ... 0. 0. 0.],rec.sport.hockey
[0. 0. 0. ... 0. 0. 0.],sci.crypt
[0. 0. 0. ... 0. 0. 0.],talk.politics.mideast
[0. 0. 0. ... 0. 0. 0.],rec.sport.hockey
[0. 0. 0. ... 0. 0. 0.],rec.motorcycles
[0. 0. 0. ... 0. 0. 0.],misc.forsale
[0. 0. 0. ... 0. 0. 0.],sci.med
[0. 0. 0. ... 0. 0. 0.],sci.med
[0. 0. 0. ... 0. 0. 0.],talk.politics.mideast
[0. 0. 0. ... 0. 0. 0.],rec.motorcycles
[0. 0. 0. ... 0. 0. 0.],soc.religion.christian
[0. 0. 0. ... 0. 0. 0.],comp.sys.mac.hardware
[0. 0. 0. ... 0. 0. 0.],misc.forsale
[0. 0. 0. ... 0. 0. 0.],comp.graphics
[0. 0. 0. ... 0. 0. 0.],rec.sport.baseball
[0. 0. 0. ... 0. 0. 0.],comp.sys.ibm.pc.hardware
[0. 0. 0. ... 0. 0. 0.],comp.os.ms-windows.misc
[0. 0. 0. ... 0. 0. 0.],sci.electronics
[0. 0. 0. ... 0. 0. 0.],rec.motorcycles
[0. 0. 0. ... 0. 0. 0.],talk.politics.guns
[0. 0. 0. ... 0. 0. 0.],rec.motorcycles
[0. 0. 0. ... 0. 0. 0.],talk.politics.mideast
[0. 0. 0. ... 0. 0. 0.],comp.graphics
[0. 0. 0. ... 0. 0. 0.],talk.politics.guns
[0. 0. 0. ... 0. 0. 0.],comp.graphics
[0. 0. 0. ... 0. 0. 0.],comp.graphics
[0. 0. 0. ... 0. 0. 0.],talk.politics.misc
[0. 0. 0. ... 0. 0. 0.],sci.med
[0. 0. 0. ... 0. 0. 0.],rec.autos
[0. 0. 0. ... 0. 0. 0.],rec.sport.baseball
[0. 0. 0. ... 0. 0. 0.],talk.politics.misc
[0. 0. 0. ... 0. 0. 0.],comp.windows.x
[0. 0. 0. ... 0. 0. 0.],sci.crypt
[0. 0. 0. ... 0. 0. 0.],rec.sport.hockey
[0. 0. 0. ... 0. 0. 0.],comp.sys.mac.hardware
[0. 0. 0. ... 0. 0. 0.],misc.forsale
[0. 0. 0. ... 0. 0. 0.],rec.sport.baseball
[0. 0. 0. ... 0. 0. 0.],talk.politics.guns
[0. 0. 0. ... 0. 0. 0.],sci.space
[0. 0. 0. ... 0. 0. 0.],sci.electronics
[0.         0.03033377 0.         ... 0.         0.         0.        ],comp.graphics
[0.         0.06033211 0.         ... 0.         0.         0.        ],soc.religion.christian
[0. 0. 0. ... 0. 0. 0.],talk.politics.misc
[0. 0. 0. ... 0. 0. 0.],rec.autos
[0. 0. 0. ... 0. 0. 0.],comp.windows.x
[0. 0. 0. ... 0. 0. 0.],sci.med
[0. 0. 0. ... 0. 0. 0.],talk.politics.guns
[0. 0. 0. ... 0. 0. 0.],talk.religion.misc
[0.         0.19577049 0.         ... 0.         0.         0.        ],talk.politics.guns
[0. 0. 0. ... 0. 0. 0.],sci.med
[0. 0. 0. ... 0. 0. 0.],rec.sport.hockey
[0. 0. 0. ... 0. 0. 0.],soc.religion.christian
[0. 0. 0. ... 0. 0. 0.],sci.space
[0. 0. 0. ... 0. 0. 0.],sci.crypt
[0. 0. 0. ... 0. 0. 0.],talk.politics.misc
[0. 0. 0. ... 0. 0. 0.],rec.sport.baseball
[0. 0. 0. ... 0. 0. 0.],rec.autos
[0. 0. 0. ... 0. 0. 0.],sci.crypt
[0. 0. 0. ... 0. 0. 0.],comp.graphics
[0. 0. 0. ... 0. 0. 0.],talk.religion.misc
[0. 0. 0. ... 0. 0. 0.],comp.os.ms-windows.misc
[0. 0. 0. ... 0. 0. 0.],rec.sport.baseball
[0.         0.0804809  0.19790267 ... 0.         0.         0.        ],alt.atheism
[0.         0.11464009 0.         ... 0.         0.         0.        ],rec.motorcycles
[0. 0. 0. ... 0. 0. 0.],comp.windows.x
[0. 0. 0. ... 0. 0. 0.],sci.med
[0. 0. 0. ... 0. 0. 0.],sci.space
[0. 0. 0. ... 0. 0. 0.],comp.sys.ibm.pc.hardware
[0. 0. 0. ... 0. 0. 0.],comp.sys.ibm.pc.hardware
[0. 0. 0. ... 0. 0. 0.],sci.space
[0. 0. 0. ... 0. 0. 0.],rec.autos
[0. 0. 0. ... 0. 0. 0.],sci.med
[0.04964322 0.         0.         ... 0.         0.         0.        ],rec.sport.hockey
[0. 0. 0. ... 0. 0. 0.],comp.sys.mac.hardware
[0. 0. 0. ... 0. 0. 0.],talk.politics.misc
[0. 0. 0. ... 0. 0. 0.],sci.space
[0. 0. 0. ... 0. 0. 0.],comp.os.ms-windows.misc
[0. 0. 0. ... 0. 0. 0.],misc.forsale
[0. 0. 0. ... 0. 0. 0.],talk.politics.guns
[0. 0. 0. ... 0. 0. 0.],talk.politics.guns
[0. 0. 0. ... 0. 0. 0.],talk.religion.misc
[0. 0. 0. ... 0. 0. 0.],talk.religion.misc
[0. 0. 0. ... 0. 0. 0.],sci.electronics
[0. 0. 0. ... 0. 0. 0.],rec.autos
[0. 0. 0. ... 0. 0. 0.],sci.med
[0. 0. 0. ... 0. 0. 0.],rec.sport.hockey
[0. 0. 0. ... 0. 0. 0.],comp.sys.ibm.pc.hardware
[0. 0. 0. ... 0. 0. 0.],talk.politics.misc
[0. 0. 0. ... 0. 0. 0.],talk.politics.mideast
[0. 0. 0. ... 0. 0. 0.],sci.space
[0. 0. 0. ... 0. 0. 0.],talk.politics.guns
[0. 0. 0. ... 0. 0. 0.],rec.autos
[0. 0. 0. ... 0. 0. 0.],comp.os.ms-windows.misc
[0. 0. 0. ... 0. 0. 0.],talk.politics.mideast
[0.        0.2345366 0.        ... 0.        0.        0.       ],comp.graphics
[0. 0. 0. ... 0. 0. 0.],comp.sys.ibm.pc.hardware
[0. 0. 0. ... 0. 0. 0.],sci.space
[0. 0. 0. ... 0. 0. 0.],comp.sys.ibm.pc.hardware
[0. 0. 0. ... 0. 0. 0.],rec.sport.hockey
[0. 0. 0. ... 0. 0. 0.],alt.atheism
[0.         0.04541182 0.         ... 0.06825672 0.         0.14221431],rec.autos
[0. 0. 0. ... 0. 0. 0.],rec.autos
[0. 0. 0. ... 0. 0. 0.],rec.sport.baseball
[0. 0. 0. ... 0. 0. 0.],rec.sport.hockey
[0. 0. 0. ... 0. 0. 0.],comp.os.ms-windows.misc
[0. 0. 0. ... 0. 0. 0.],comp.sys.mac.hardware
[0. 0. 0. ... 0. 0. 0.],sci.space
[0.         0.08274884 0.         ... 0.         0.         0.        ],comp.sys.ibm.pc.hardware
[0. 0. 0. ... 0. 0. 0.],talk.politics.mideast
[0. 0. 0. ... 0. 0. 0.],sci.electronics
[0. 0. 0. ... 0. 0. 0.],talk.politics.misc
[0. 0. 0. ... 0. 0. 0.],comp.os.ms-windows.misc
[0. 0. 0. ... 0. 0. 0.],sci.electronics
[0. 0. 0. ... 0. 0. 0.],rec.sport.hockey
[0. 0. 0. ... 0. 0. 0.],comp.sys.mac.hardware
[0. 0. 0. ... 0. 0. 0.],rec.motorcycles
[0. 0. 0. ... 0. 0. 0.],talk.politics.mideast
[0. 0. 0. ... 0. 0. 0.],rec.sport.baseball
[0.         0.08956278 0.         ... 0.         0.         0.        ],comp.windows.x
[0.         0.         0.         ... 0.         0.16799222 0.        ],comp.sys.ibm.pc.hardware
[0. 0. 0. ... 0. 0. 0.],sci.electronics
[0. 0. 0. ... 0. 0. 0.],sci.med
[0. 0. 0. ... 0. 0. 0.],misc.forsale
[0. 0. 0. ... 0. 0. 0.],alt.atheism
[0. 0. 0. ... 0. 0. 0.],talk.religion.misc
[0.         0.         0.         ... 0.09880611 0.         0.        ],sci.electronics
[0. 0. 0. ... 0. 0. 0.],talk.politics.guns
[0.08670145 0.         0.         ... 0.         0.         0.        ],sci.crypt
[0. 0. 0. ... 0. 0. 0.],sci.electronics
[0. 0. 0. ... 0. 0. 0.],rec.sport.baseball
[0. 0. 0. ... 0. 0. 0.],talk.politics.mideast
[0. 0. 0. ... 0. 0. 0.],sci.space
[0. 0. 0. ... 0. 0. 0.],comp.sys.ibm.pc.hardware
[0. 0. 0. ... 0. 0. 0.],sci.space
[0. 0. 0. ... 0. 0. 0.],sci.space
[0.         0.04405902 0.         ... 0.         0.         0.13797781],rec.sport.hockey
[0. 0. 0. ... 0. 0. 0.],sci.electronics
[0.         0.02721165 0.         ... 0.         0.         0.        ],soc.religion.christian
[0. 0. 0. ... 0. 0. 0.],rec.motorcycles
[0. 0. 0. ... 0. 0. 0.],talk.politics.mideast
[0. 0. 0. ... 0. 0. 0.],comp.windows.x
[0. 0. 0. ... 0. 0. 0.],talk.politics.mideast
[0. 0. 0. ... 0. 0. 0.],sci.electronics
[0. 0. 0. ... 0. 0. 0.],misc.forsale
[0. 0. 0. ... 0. 0. 0.],talk.politics.misc
[0. 0. 0. ... 0. 0. 0.],rec.motorcycles
[0. 0. 0. ... 0. 0. 0.],misc.forsale
[0. 0. 0. ... 0. 0. 0.],rec.sport.baseball
[0. 0. 0. ... 0. 0. 0.],talk.politics.misc
[0. 0. 0. ... 0. 0. 0.],talk.politics.guns
[0. 0. 0. ... 0. 0. 0.],sci.space
[0. 0. 0. ... 0. 0. 0.],sci.crypt
[0. 0. 0. ... 0. 0. 0.],sci.electronics
[0.         0.14764705 0.         ... 0.         0.         0.        ],rec.sport.baseball
[0.         0.         0.         ... 0.         0.         0.08086105],sci.crypt
[0. 0. 0. ... 0. 0. 0.],comp.graphics
[0. 0. 0. ... 0. 0. 0.],misc.forsale
[0. 0. 0. ... 0. 0. 0.],rec.sport.hockey
[0. 0. 0. ... 0. 0. 0.],sci.crypt
[0. 0. 0. ... 0. 0. 0.],sci.space
[0. 0. 0. ... 0. 0. 0.],talk.politics.guns
[0. 0. 0. ... 0. 0. 0.],rec.motorcycles
[0. 0. 0. ... 0. 0. 0.],sci.electronics
[0. 0. 0. ... 0. 0. 0.],talk.politics.guns
[0. 0. 0. ... 0. 0. 0.],talk.religion.misc
[0. 0. 0. ... 0. 0. 0.],rec.sport.hockey
[0. 0. 0. ... 0. 0. 0.],talk.politics.misc
[0. 0. 0. ... 0. 0. 0.],rec.sport.baseball
[0. 0. 0. ... 0. 0. 0.],comp.windows.x
[0. 0. 0. ... 0. 0. 0.],rec.autos
[0. 0. 0. ... 0. 0. 0.],sci.crypt
[0. 0. 0. ... 0. 0. 0.],comp.graphics
[0. 0. 0. ... 0. 0. 0.],sci.med
[0. 0. 0. ... 0. 0. 0.],rec.motorcycles
[0. 0. 0. ... 0. 0. 0.],sci.electronics
[0. 0. 0. ... 0. 0. 0.],comp.graphics
[0. 0. 0. ... 0. 0. 0.],comp.sys.ibm.pc.hardware
[0. 0. 0. ... 0. 0. 0.],comp.windows.x
[0. 0. 0. ... 0. 0. 0.],rec.autos
[0. 0. 0. ... 0. 0. 0.],talk.politics.misc
[0. 0. 0. ... 0. 0. 0.],soc.religion.christian
[0. 0. 0. ... 0. 0. 0.],rec.sport.hockey
[0. 0. 0. ... 0. 0. 0.],sci.crypt
[0. 0. 0. ... 0. 0. 0.],talk.religion.misc
[0. 0. 0. ... 0. 0. 0.],soc.religion.christian
[0. 0. 0. ... 0. 0. 0.],rec.autos
[0. 0. 0. ... 0. 0. 0.],rec.sport.hockey
[0. 0. 0. ... 0. 0. 0.],sci.electronics
[0. 0. 0. ... 0. 0. 0.],talk.politics.mideast
[0. 0. 0. ... 0. 0. 0.],comp.windows.x
[0. 0. 0. ... 0. 0. 0.],talk.politics.misc
[0. 0. 0. ... 0. 0. 0.],comp.os.ms-windows.misc
[0. 0. 0. ... 0. 0. 0.],sci.crypt
[0. 0. 0. ... 0. 0. 0.],sci.med
[0. 0. 0. ... 0. 0. 0.],sci.electronics
[0. 0. 0. ... 0. 0. 0.],rec.sport.hockey
[0.         0.04525212 0.         ... 0.         0.         0.        ],talk.politics.guns
[0. 0. 0. ... 0. 0. 0.],sci.electronics
[0. 0. 0. ... 0. 0. 0.],sci.electronics
[0. 0. 0. ... 0. 0. 0.],rec.sport.hockey
[0. 0. 0. ... 0. 0. 0.],rec.motorcycles
[0. 0. 0. ... 0. 0. 0.],talk.religion.misc
[0. 0. 0. ... 0. 0. 0.],comp.os.ms-windows.misc
[0. 0. 0. ... 0. 0. 0.],comp.graphics
[0. 0. 0. ... 0. 0. 0.],comp.graphics
[0. 0. 0. ... 0. 0. 0.],rec.motorcycles
[0. 0. 0. ... 0. 0. 0.],talk.politics.mideast
[0. 0. 0. ... 0. 0. 0.],sci.med
[0. 0. 0. ... 0. 0. 0.],sci.med
[0. 0. 0. ... 0. 0. 0.],misc.forsale
[0. 0. 0. ... 0. 0. 0.],comp.os.ms-windows.misc
[0. 0. 0. ... 0. 0. 0.],sci.crypt
[0. 0. 0. ... 0. 0. 0.],comp.sys.ibm.pc.hardware
[0. 0. 0. ... 0. 0. 0.],comp.sys.mac.hardware
[0. 0. 0. ... 0. 0. 0.],rec.autos
[0.         0.         0.         ... 0.         0.20667935 0.        ],comp.os.ms-windows.misc
[0. 0. 0. ... 0. 0. 0.],talk.politics.mideast
[0. 0. 0. ... 0. 0. 0.],misc.forsale
[0. 0. 0. ... 0. 0. 0.],comp.os.ms-windows.misc
[0. 0. 0. ... 0. 0. 0.],comp.windows.x
[0. 0. 0. ... 0. 0. 0.],alt.atheism
[0. 0. 0. ... 0. 0. 0.],rec.sport.hockey
[0. 0. 0. ... 0. 0. 0.],sci.med
[0. 0. 0. ... 0. 0. 0.],comp.graphics
[0. 0. 0. ... 0. 0. 0.],talk.politics.guns
[0. 0. 0. ... 0. 0. 0.],comp.sys.ibm.pc.hardware
[0. 0. 0. ... 0. 0. 0.],alt.atheism
[0. 0. 0. ... 0. 0. 0.],rec.motorcycles
[0. 0. 0. ... 0. 0. 0.],soc.religion.christian
[0. 0. 0. ... 0. 0. 0.],rec.sport.hockey
[0. 0. 0. ... 0. 0. 0.],comp.os.ms-windows.misc
[0. 0. 0. ... 0. 0. 0.],sci.crypt
[0. 0. 0. ... 0. 0. 0.],rec.autos
[0. 0. 0. ... 0. 0. 0.],rec.sport.hockey
[0. 0. 0. ... 0. 0. 0.],alt.atheism
[0. 0. 0. ... 0. 0. 0.],talk.politics.mideast
[0. 0. 0. ... 0. 0. 0.],talk.politics.guns
[0. 0. 0. ... 0. 0. 0.],talk.politics.misc
[0. 0. 0. ... 0. 0. 0.],rec.sport.hockey
[0. 0. 0. ... 0. 0. 0.],comp.windows.x
[0.         0.11710088 0.         ... 0.         0.         0.        ],talk.politics.mideast
[0. 0. 0. ... 0. 0. 0.],rec.sport.hockey
[0.         0.         0.         ... 0.03995321 0.         0.        ],soc.religion.christian
[0. 0. 0. ... 0. 0. 0.],sci.med
[0. 0. 0. ... 0. 0. 0.],talk.politics.mideast
[0. 0. 0. ... 0. 0. 0.],comp.windows.x
[0. 0. 0. ... 0. 0. 0.],rec.sport.baseball
[0. 0. 0. ... 0. 0. 0.],comp.os.ms-windows.misc
[0. 0. 0. ... 0. 0. 0.],talk.politics.mideast
[0. 0. 0. ... 0. 0. 0.],sci.electronics
[0. 0. 0. ... 0. 0. 0.],rec.sport.baseball
[0. 0. 0. ... 0. 0. 0.],rec.motorcycles
[0. 0. 0. ... 0. 0. 0.],talk.politics.mideast
[0. 0. 0. ... 0. 0. 0.],talk.politics.mideast
[0. 0. 0. ... 0. 0. 0.],rec.motorcycles
[0. 0. 0. ... 0. 0. 0.],talk.politics.mideast
[0. 0. 0. ... 0. 0. 0.],misc.forsale
[0.         0.07879184 0.         ... 0.         0.         0.        ],talk.politics.misc
[0. 0. 0. ... 0. 0. 0.],sci.crypt
[0. 0. 0. ... 0. 0. 0.],sci.med
[0. 0. 0. ... 0. 0. 0.],comp.sys.ibm.pc.hardware
[0. 0. 0. ... 0. 0. 0.],sci.electronics
[0. 0. 0. ... 0. 0. 0.],talk.politics.mideast
[0. 0. 0. ... 0. 0. 0.],rec.sport.hockey
[0.1247715 0.        0.        ... 0.        0.        0.       ],talk.politics.guns
[0. 0. 0. ... 0. 0. 0.],comp.windows.x
[0. 0. 0. ... 0. 0. 0.],comp.sys.mac.hardware
[0. 0. 0. ... 0. 0. 0.],comp.graphics
[0.         0.08094225 0.         ... 0.         0.         0.        ],comp.sys.mac.hardware
[0. 0. 0. ... 0. 0. 0.],rec.sport.baseball
[0. 0. 0. ... 0. 0. 0.],talk.politics.mideast
[0. 0. 0. ... 0. 0. 0.],sci.crypt
[0. 0. 0. ... 0. 0. 0.],sci.crypt
[0. 0. 0. ... 0. 0. 0.],rec.sport.hockey
[0. 0. 0. ... 0. 0. 0.],misc.forsale
[0. 0. 0. ... 0. 0. 0.],rec.motorcycles
[0.08239406 0.         0.         ... 0.         0.         0.        ],comp.sys.mac.hardware
[0. 0. 0. ... 0. 0. 0.],talk.politics.mideast
[0. 0. 0. ... 0. 0. 0.],comp.os.ms-windows.misc
[0. 0. 0. ... 0. 0. 0.],misc.forsale
[0. 0. 0. ... 0. 0. 0.],sci.crypt
[0. 0. 0. ... 0. 0. 0.],talk.religion.misc
[0. 0. 0. ... 0. 0. 0.],talk.politics.misc
[0. 0. 0. ... 0. 0. 0.],talk.politics.misc
[0. 0. 0. ... 0. 0. 0.],comp.os.ms-windows.misc
[0. 0. 0. ... 0. 0. 0.],comp.os.ms-windows.misc
[0. 0. 0. ... 0. 0. 0.],comp.sys.ibm.pc.hardware
[0. 0. 0. ... 0. 0. 0.],comp.sys.mac.hardware
[0. 0. 0. ... 0. 0. 0.],comp.graphics
[0.         0.21306395 0.         ... 0.         0.         0.        ],comp.graphics
[0. 0. 0. ... 0. 0. 0.],rec.sport.baseball
[0. 0. 0. ... 0. 0. 0.],rec.motorcycles
[0. 0. 0. ... 0. 0. 0.],comp.sys.mac.hardware
[0. 0. 0. ... 0. 0. 0.],rec.sport.baseball
[0. 0. 0. ... 0. 0. 0.],talk.politics.mideast
[0.         0.         0.         ... 0.20417417 0.         0.        ],sci.space
[0. 0. 0. ... 0. 0. 0.],comp.graphics
[0. 0. 0. ... 0. 0. 0.],sci.crypt
[0. 0. 0. ... 0. 0. 0.],rec.sport.hockey
[0. 0. 0. ... 0. 0. 0.],sci.med
[0. 0. 0. ... 0. 0. 0.],misc.forsale
[0. 0. 0. ... 0. 0. 0.],sci.crypt
[0. 0. 0. ... 0. 0. 0.],sci.med
[0. 0. 0. ... 0. 0. 0.],sci.space
[0. 0. 0. ... 0. 0. 0.],comp.windows.x
[0. 0. 0. ... 0. 0. 0.],talk.religion.misc
[0. 0. 0. ... 0. 0. 0.],sci.crypt
[0. 0. 0. ... 0. 0. 0.],rec.autos
[0. 0. 0. ... 0. 0. 0.],talk.politics.misc
[0.         0.         0.         ... 0.         0.31019449 0.        ],comp.os.ms-windows.misc
[0. 0. 0. ... 0. 0. 0.],talk.politics.misc
[0. 0. 0. ... 0. 0. 0.],sci.med
[0. 0. 0. ... 0. 0. 0.],alt.atheism
[0. 0. 0. ... 0. 0. 0.],sci.med
[0. 0. 0. ... 0. 0. 0.],comp.os.ms-windows.misc
[0. 0. 0. ... 0. 0. 0.],sci.med
[0. 0. 0. ... 0. 0. 0.],alt.atheism
[0. 0. 0. ... 0. 0. 0.],rec.motorcycles
[0. 0. 0. ... 0. 0. 0.],soc.religion.christian
[0. 0. 0. ... 0. 0. 0.],sci.electronics
[0. 0. 0. ... 0. 0. 0.],soc.religion.christian
[0. 0. 0. ... 0. 0. 0.],talk.politics.guns
[0.        0.1062784 0.        ... 0.        0.        0.       ],comp.os.ms-windows.misc
[0. 0. 0. ... 0. 0. 0.],sci.crypt
[0.         0.06061534 0.         ... 0.         0.         0.        ],sci.med
[0.         0.02293845 0.         ... 0.         0.         0.        ],talk.politics.guns
[0. 0. 0. ... 0. 0. 0.],rec.sport.baseball
[0.04722587 0.         0.         ... 0.         0.         0.        ],rec.sport.baseball
[0. 0. 0. ... 0. 0. 0.],comp.sys.mac.hardware
[0.05325572 0.         0.         ... 0.         0.         0.        ],sci.crypt
[0. 0. 0. ... 0. 0. 0.],talk.politics.mideast
[0. 0. 0. ... 0. 0. 0.],comp.graphics
[0. 0. 0. ... 0. 0. 0.],sci.space
[0. 0. 0. ... 0. 0. 0.],rec.sport.hockey
[0. 0. 0. ... 0. 0. 0.],sci.electronics
[0. 0. 0. ... 0. 0. 0.],sci.med
[0. 0. 0. ... 0. 0. 0.],comp.graphics
[0. 0. 0. ... 0. 0. 0.],sci.electronics
[0. 0. 0. ... 0. 0. 0.],talk.politics.misc
[0. 0. 0. ... 0. 0. 0.],talk.politics.guns
[0. 0. 0. ... 0. 0. 0.],rec.autos
[0. 0. 0. ... 0. 0. 0.],comp.windows.x
[0. 0. 0. ... 0. 0. 0.],alt.atheism
[0. 0. 0. ... 0. 0. 0.],comp.sys.mac.hardware
[0. 0. 0. ... 0. 0. 0.],soc.religion.christian
[0. 0. 0. ... 0. 0. 0.],rec.motorcycles
[0. 0. 0. ... 0. 0. 0.],talk.politics.misc
[0. 0. 0. ... 0. 0. 0.],sci.crypt
[0. 0. 0. ... 0. 0. 0.],talk.politics.guns
[0. 0. 0. ... 0. 0. 0.],comp.os.ms-windows.misc
[0. 0. 0. ... 0. 0. 0.],comp.sys.ibm.pc.hardware
[0. 0. 0. ... 0. 0. 0.],comp.sys.ibm.pc.hardware
[0. 0. 0. ... 0. 0. 0.],comp.os.ms-windows.misc
[0.11802629 0.         0.         ... 0.         0.         0.        ],sci.med
[0. 0. 0. ... 0. 0. 0.],comp.sys.mac.hardware
[0. 0. 0. ... 0. 0. 0.],talk.politics.guns
[0.05980396 0.09138056 0.         ... 0.         0.         0.        ],sci.crypt
[0. 0. 0. ... 0. 0. 0.],comp.os.ms-windows.misc
[0. 0. 0. ... 0. 0. 0.],sci.crypt
[0. 0. 0. ... 0. 0. 0.],talk.politics.mideast
[0. 0. 0. ... 0. 0. 0.],rec.autos
[0. 0. 0. ... 0. 0. 0.],comp.sys.mac.hardware
[0. 0. 0. ... 0. 0. 0.],comp.windows.x
[0. 0. 0. ... 0. 0. 0.],misc.forsale
[0. 0. 0. ... 0. 0. 0.],rec.autos
[0. 0. 0. ... 0. 0. 0.],rec.autos
[0. 0. 0. ... 0. 0. 0.],misc.forsale
[0. 0. 0. ... 0. 0. 0.],sci.electronics
[0. 0. 0. ... 0. 0. 0.],comp.os.ms-windows.misc
[0. 0. 0. ... 0. 0. 0.],sci.crypt
[0. 0. 0. ... 0. 0. 0.],sci.crypt
[0. 0. 0. ... 0. 0. 0.],rec.sport.baseball
[0. 0. 0. ... 0. 0. 0.],sci.space
[0.         0.         0.         ... 0.         0.         0.15710012],sci.crypt
[0. 0. 0. ... 0. 0. 0.],alt.atheism
[0. 0. 0. ... 0. 0. 0.],sci.space
[0. 0. 0. ... 0. 0. 0.],comp.windows.x
[0. 0. 0. ... 0. 0. 0.],comp.windows.x
[0. 0. 0. ... 0. 0. 0.],talk.politics.misc
[0. 0. 0. ... 0. 0. 0.],sci.electronics
[0. 0. 0. ... 0. 0. 0.],rec.sport.baseball
[0.         0.         0.         ... 0.         0.         0.08006817],talk.politics.mideast
[0. 0. 0. ... 0. 0. 0.],comp.sys.mac.hardware
[0.25390604 0.12932297 0.         ... 0.         0.         0.        ],rec.sport.hockey
[0.        0.        0.        ... 0.        0.        0.0757086],talk.politics.mideast
[0. 0. 0. ... 0. 0. 0.],sci.crypt
[0. 0. 0. ... 0. 0. 0.],misc.forsale
[0. 0. 0. ... 0. 0. 0.],sci.med
[0. 0. 0. ... 0. 0. 0.],misc.forsale
[0. 0. 0. ... 0. 0. 0.],sci.med
[0. 0. 0. ... 0. 0. 0.],talk.politics.mideast
[0. 0. 0. ... 0. 0. 0.],rec.sport.baseball
[0. 0. 0. ... 0. 0. 0.],alt.atheism
[0. 0. 0. ... 0. 0. 0.],rec.motorcycles
[0. 0. 0. ... 0. 0. 0.],sci.electronics
[0. 0. 0. ... 0. 0. 0.],sci.space
[0.         0.08839452 0.         ... 0.         0.         0.        ],sci.electronics
[0. 0. 0. ... 0. 0. 0.],talk.politics.mideast
[0. 0. 0. ... 0. 0. 0.],comp.windows.x
[0. 0. 0. ... 0. 0. 0.],misc.forsale
[0. 0. 0. ... 0. 0. 0.],comp.windows.x
[0. 0. 0. ... 0. 0. 0.],comp.sys.mac.hardware
[0. 0. 0. ... 0. 0. 0.],rec.sport.hockey
[0. 0. 0. ... 0. 0. 0.],misc.forsale
[0. 0. 0. ... 0. 0. 0.],comp.sys.ibm.pc.hardware
[0.15720514 0.         0.         ... 0.         0.         0.        ],misc.forsale
[0. 0. 0. ... 0. 0. 0.],rec.motorcycles
[0. 0. 0. ... 0. 0. 0.],soc.religion.christian
[0. 0. 0. ... 0. 0. 0.],misc.forsale
[0.         0.14967642 0.         ... 0.         0.         0.        ],comp.sys.mac.hardware
[0. 0. 0. ... 0. 0. 0.],comp.os.ms-windows.misc
[0. 0. 0. ... 0. 0. 0.],talk.politics.misc
[0. 0. 0. ... 0. 0. 0.],talk.politics.guns
[0. 0. 0. ... 0. 0. 0.],rec.sport.baseball
[0. 0. 0. ... 0. 0. 0.],rec.sport.hockey
[0. 0. 0. ... 0. 0. 0.],rec.sport.baseball
[0. 0. 0. ... 0. 0. 0.],rec.sport.baseball
[0. 0. 0. ... 0. 0. 0.],rec.autos
[0. 0. 0. ... 0. 0. 0.],talk.politics.guns
[0. 0. 0. ... 0. 0. 0.],sci.electronics
[0. 0. 0. ... 0. 0. 0.],sci.med
[0. 0. 0. ... 0. 0. 0.],sci.crypt
[0. 0. 0. ... 0. 0. 0.],sci.space
[0. 0. 0. ... 0. 0. 0.],comp.os.ms-windows.misc
[0. 0. 0. ... 0. 0. 0.],rec.sport.baseball
[0. 0. 0. ... 0. 0. 0.],rec.autos
[0.         0.         0.         ... 0.         0.31939274 0.        ],comp.os.ms-windows.misc
[0. 0. 0. ... 0. 0. 0.],misc.forsale
[0. 0. 0. ... 0. 0. 0.],misc.forsale
[0. 0. 0. ... 0. 0. 0.],sci.crypt
[0. 0. 0. ... 0. 0. 0.],rec.sport.baseball
[0. 0. 0. ... 0. 0. 0.],misc.forsale
[0. 0. 0. ... 0. 0. 0.],comp.graphics
[0. 0. 0. ... 0. 0. 0.],talk.politics.misc
[0. 0. 0. ... 0. 0. 0.],sci.med
[0.         0.10704182 0.         ... 0.         0.         0.        ],soc.religion.christian
[0. 0. 0. ... 0. 0. 0.],comp.sys.mac.hardware
[0.15455303 0.         0.         ... 0.         0.         0.        ],rec.autos
[0. 0. 0. ... 0. 0. 0.],comp.windows.x
[0. 0. 0. ... 0. 0. 0.],talk.religion.misc
[0. 0. 0. ... 0. 0. 0.],talk.politics.misc
[0. 0. 0. ... 0. 0. 0.],comp.os.ms-windows.misc
[0. 0. 0. ... 0. 0. 0.],sci.crypt
[0. 0. 0. ... 0. 0. 0.],sci.space
[0. 0. 0. ... 0. 0. 0.],sci.space
[0. 0. 0. ... 0. 0. 0.],rec.sport.hockey
[0. 0. 0. ... 0. 0. 0.],comp.sys.ibm.pc.hardware
[0. 0. 0. ... 0. 0. 0.],talk.politics.guns
[0.         0.08197442 0.         ... 0.         0.         0.        ],comp.sys.ibm.pc.hardware
[0. 0. 0. ... 0. 0. 0.],misc.forsale
[0. 0. 0. ... 0. 0. 0.],comp.os.ms-windows.misc
[0. 0. 0. ... 0. 0. 0.],talk.politics.mideast
[0. 0. 0. ... 0. 0. 0.],rec.sport.baseball
[0. 0. 0. ... 0. 0. 0.],rec.motorcycles
[0. 0. 0. ... 0. 0. 0.],rec.autos
[0. 0. 0. ... 0. 0. 0.],rec.sport.hockey
[0. 0. 0. ... 0. 0. 0.],comp.windows.x
[0. 0. 0. ... 0. 0. 0.],misc.forsale
[0. 0. 0. ... 0. 0. 0.],comp.sys.ibm.pc.hardware
[0. 0. 0. ... 0. 0. 0.],sci.space
[0. 0. 0. ... 0. 0. 0.],soc.religion.christian
[0. 0. 0. ... 0. 0. 0.],rec.motorcycles
[0. 0. 0. ... 0. 0. 0.],sci.crypt
[0. 0. 0. ... 0. 0. 0.],sci.crypt
[0. 0. 0. ... 0. 0. 0.],talk.religion.misc
[0. 0. 0. ... 0. 0. 0.],rec.motorcycles
[0. 0. 0. ... 0. 0. 0.],talk.politics.guns
[0. 0. 0. ... 0. 0. 0.],comp.graphics
[0. 0. 0. ... 0. 0. 0.],sci.med
[0. 0. 0. ... 0. 0. 0.],rec.autos
[0.19218218 0.         0.         ... 0.         0.         0.        ],sci.crypt
[0. 0. 0. ... 0. 0. 0.],talk.politics.misc
[0. 0. 0. ... 0. 0. 0.],comp.os.ms-windows.misc
[0. 0. 0. ... 0. 0. 0.],comp.windows.x
[0. 0. 0. ... 0. 0. 0.],rec.autos
[0. 0. 0. ... 0. 0. 0.],talk.politics.guns
[0. 0. 0. ... 0. 0. 0.],talk.politics.guns
[0. 0. 0. ... 0. 0. 0.],talk.politics.mideast
[0. 0. 0. ... 0. 0. 0.],rec.motorcycles
[0. 0. 0. ... 0. 0. 0.],comp.os.ms-windows.misc
[0. 0. 0. ... 0. 0. 0.],rec.sport.baseball
[0. 0. 0. ... 0. 0. 0.],rec.sport.baseball
[0. 0. 0. ... 0. 0. 0.],sci.med
[0. 0. 0. ... 0. 0. 0.],comp.sys.mac.hardware
[0. 0. 0. ... 0. 0. 0.],talk.politics.mideast
[0. 0. 0. ... 0. 0. 0.],comp.os.ms-windows.misc
[0. 0. 0. ... 0. 0. 0.],alt.atheism
[0. 0. 0. ... 0. 0. 0.],talk.politics.misc
[0.11059817 0.         0.         ... 0.         0.         0.        ],alt.atheism
[0. 0. 0. ... 0. 0. 0.],comp.windows.x
[0. 0. 0. ... 0. 0. 0.],alt.atheism
[0.         0.11220508 0.         ... 0.         0.         0.        ],sci.med
[0. 0. 0. ... 0. 0. 0.],sci.med
[0. 0. 0. ... 0. 0. 0.],rec.autos
[0. 0. 0. ... 0. 0. 0.],sci.space
[0. 0. 0. ... 0. 0. 0.],talk.politics.mideast
[0.         0.07024506 0.         ... 0.         0.         0.        ],talk.politics.guns
[0. 0. 0. ... 0. 0. 0.],rec.autos
[0. 0. 0. ... 0. 0. 0.],talk.politics.guns
[0. 0. 0. ... 0. 0. 0.],comp.windows.x
[0. 0. 0. ... 0. 0. 0.],sci.med
[0. 0. 0. ... 0. 0. 0.],talk.politics.mideast
[0. 0. 0. ... 0. 0. 0.],talk.politics.guns
[0. 0. 0. ... 0. 0. 0.],soc.religion.christian
[0. 0. 0. ... 0. 0. 0.],talk.politics.guns
[0. 0. 0. ... 0. 0. 0.],rec.autos
[0. 0. 0. ... 0. 0. 0.],sci.crypt
[0. 0. 0. ... 0. 0. 0.],sci.space
[0. 0. 0. ... 0. 0. 0.],misc.forsale
[0. 0. 0. ... 0. 0. 0.],alt.atheism
[0. 0. 0. ... 0. 0. 0.],comp.sys.mac.hardware
[0. 0. 0. ... 0. 0. 0.],comp.sys.mac.hardware
[0. 0. 0. ... 0. 0. 0.],sci.electronics
[0. 0. 0. ... 0. 0. 0.],talk.politics.mideast
[0. 0. 0. ... 0. 0. 0.],sci.crypt
[0. 0. 0. ... 0. 0. 0.],sci.space
[0. 0. 0. ... 0. 0. 0.],comp.windows.x
[0. 0. 0. ... 0. 0. 0.],soc.religion.christian
[0. 0. 0. ... 0. 0. 0.],talk.politics.misc
[0. 0. 0. ... 0. 0. 0.],soc.religion.christian
[0. 0. 0. ... 0. 0. 0.],alt.atheism
[0. 0. 0. ... 0. 0. 0.],talk.politics.guns
[0. 0. 0. ... 0. 0. 0.],rec.autos
[0. 0. 0. ... 0. 0. 0.],talk.politics.mideast
[0.         0.10193378 0.         ... 0.         0.         0.        ],comp.windows.x
[0. 0. 0. ... 0. 0. 0.],rec.sport.baseball
[0. 0. 0. ... 0. 0. 0.],rec.sport.baseball
[0. 0. 0. ... 0. 0. 0.],rec.sport.hockey
[0. 0. 0. ... 0. 0. 0.],talk.politics.misc
[0. 0. 0. ... 0. 0. 0.],soc.religion.christian
[0. 0. 0. ... 0. 0. 0.],rec.motorcycles
[0. 0. 0. ... 0. 0. 0.],sci.crypt
[0. 0. 0. ... 0. 0. 0.],talk.politics.guns
[0. 0. 0. ... 0. 0. 0.],talk.politics.guns
[0. 0. 0. ... 0. 0. 0.],rec.sport.baseball
[0. 0. 0. ... 0. 0. 0.],sci.med
[0. 0. 0. ... 0. 0. 0.],sci.crypt
[0. 0. 0. ... 0. 0. 0.],talk.politics.mideast
[0.         0.05520245 0.         ... 0.         0.         0.        ],comp.windows.x
[0. 0. 0. ... 0. 0. 0.],comp.sys.mac.hardware
[0. 0. 0. ... 0. 0. 0.],rec.autos
[0. 0. 0. ... 0. 0. 0.],talk.politics.misc
[0. 0. 0. ... 0. 0. 0.],rec.sport.baseball
[0. 0. 0. ... 0. 0. 0.],sci.crypt
[0. 0. 0. ... 0. 0. 0.],talk.politics.mideast
[0. 0. 0. ... 0. 0. 0.],talk.religion.misc
[0. 0. 0. ... 0. 0. 0.],rec.autos
[0. 0. 0. ... 0. 0. 0.],rec.sport.hockey
[0. 0. 0. ... 0. 0. 0.],rec.autos
[0.         0.07679035 0.         ... 0.         0.         0.        ],talk.politics.mideast
[0. 0. 0. ... 0. 0. 0.],rec.sport.baseball
[0. 0. 0. ... 0. 0. 0.],comp.sys.ibm.pc.hardware
[0. 0. 0. ... 0. 0. 0.],sci.crypt
[0. 0. 0. ... 0. 0. 0.],rec.sport.hockey
[0. 0. 0. ... 0. 0. 0.],sci.space
[0. 0. 0. ... 0. 0. 0.],talk.politics.misc
[0. 0. 0. ... 0. 0. 0.],rec.motorcycles
[0. 0. 0. ... 0. 0. 0.],rec.autos
[0. 0. 0. ... 0. 0. 0.],rec.sport.baseball
[0. 0. 0. ... 0. 0. 0.],comp.os.ms-windows.misc
[0. 0. 0. ... 0. 0. 0.],misc.forsale
[0. 0. 0. ... 0. 0. 0.],rec.sport.baseball
[0. 0. 0. ... 0. 0. 0.],comp.windows.x
[0. 0. 0. ... 0. 0. 0.],misc.forsale
[0. 0. 0. ... 0. 0. 0.],rec.motorcycles
[0. 0. 0. ... 0. 0. 0.],misc.forsale
[0. 0. 0. ... 0. 0. 0.],soc.religion.christian
[0. 0. 0. ... 0. 0. 0.],talk.politics.guns
[0. 0. 0. ... 0. 0. 0.],sci.electronics
[0. 0. 0. ... 0. 0. 0.],misc.forsale
[0. 0. 0. ... 0. 0. 0.],misc.forsale
[0. 0. 0. ... 0. 0. 0.],soc.religion.christian
[0. 0. 0. ... 0. 0. 0.],rec.sport.baseball
[0.         0.12606852 0.         ... 0.         0.         0.        ],sci.crypt
[0. 0. 0. ... 0. 0. 0.],rec.sport.baseball
[0.         0.24437823 0.         ... 0.         0.         0.        ],comp.graphics
[0. 0. 0. ... 0. 0. 0.],sci.crypt
[0. 0. 0. ... 0. 0. 0.],sci.space
[0.         0.04782594 0.         ... 0.         0.         0.        ],talk.politics.mideast
[0. 0. 0. ... 0. 0. 0.],talk.religion.misc
[0. 0. 0. ... 0. 0. 0.],sci.electronics
[0. 0. 0. ... 0. 0. 0.],soc.religion.christian
[0. 0. 0. ... 0. 0. 0.],sci.crypt
[0. 0. 0. ... 0. 0. 0.],comp.sys.mac.hardware
[0. 0. 0. ... 0. 0. 0.],talk.politics.guns
[0. 0. 0. ... 0. 0. 0.],comp.os.ms-windows.misc
[0. 0. 0. ... 0. 0. 0.],sci.crypt
[0. 0. 0. ... 0. 0. 0.],talk.politics.misc
[0. 0. 0. ... 0. 0. 0.],rec.sport.baseball
[0. 0. 0. ... 0. 0. 0.],comp.os.ms-windows.misc
[0. 0. 0. ... 0. 0. 0.],alt.atheism
[0. 0. 0. ... 0. 0. 0.],comp.sys.ibm.pc.hardware
[0. 0. 0. ... 0. 0. 0.],misc.forsale
[0. 0. 0. ... 0. 0. 0.],comp.windows.x
[0. 0. 0. ... 0. 0. 0.],sci.electronics
[0. 0. 0. ... 0. 0. 0.],sci.crypt
[0. 0. 0. ... 0. 0. 0.],comp.sys.ibm.pc.hardware
[0. 0. 0. ... 0. 0. 0.],talk.politics.mideast
[0.         0.04137054 0.         ... 0.         0.         0.        ],alt.atheism
[0. 0. 0. ... 0. 0. 0.],sci.crypt
[0. 0. 0. ... 0. 0. 0.],sci.electronics
[0. 0. 0. ... 0. 0. 0.],rec.motorcycles
[0. 0. 0. ... 0. 0. 0.],comp.windows.x
[0. 0. 0. ... 0. 0. 0.],talk.politics.mideast
[0. 0. 0. ... 0. 0. 0.],sci.crypt
[0. 0. 0. ... 0. 0. 0.],comp.sys.ibm.pc.hardware
[0. 0. 0. ... 0. 0. 0.],comp.windows.x
[0. 0. 0. ... 0. 0. 0.],rec.sport.baseball
[0. 0. 0. ... 0. 0. 0.],comp.sys.ibm.pc.hardware
[0. 0. 0. ... 0. 0. 0.],sci.space
[0. 0. 0. ... 0. 0. 0.],talk.religion.misc
[0. 0. 0. ... 0. 0. 0.],rec.autos
[0. 0. 0. ... 0. 0. 0.],comp.sys.mac.hardware
[0. 0. 0. ... 0. 0. 0.],comp.sys.ibm.pc.hardware
[0. 0. 0. ... 0. 0. 0.],talk.religion.misc
[0. 0. 0. ... 0. 0. 0.],comp.sys.mac.hardware
[0. 0. 0. ... 0. 0. 0.],soc.religion.christian
[0. 0. 0. ... 0. 0. 0.],talk.politics.mideast
[0. 0. 0. ... 0. 0. 0.],comp.graphics
[0. 0. 0. ... 0. 0. 0.],misc.forsale
[0. 0. 0. ... 0. 0. 0.],rec.sport.baseball
[0. 0. 0. ... 0. 0. 0.],sci.space
[0. 0. 0. ... 0. 0. 0.],comp.sys.mac.hardware
[0. 0. 0. ... 0. 0. 0.],sci.electronics
[0. 0. 0. ... 0. 0. 0.],comp.os.ms-windows.misc
[0. 0. 0. ... 0. 0. 0.],comp.graphics
[0. 0. 0. ... 0. 0. 0.],rec.autos
[0. 0. 0. ... 0. 0. 0.],comp.sys.ibm.pc.hardware
[0.         0.30103754 0.         ... 0.         0.         0.        ],rec.sport.hockey
[0. 0. 0. ... 0. 0. 0.],alt.atheism
[0. 0. 0. ... 0. 0. 0.],soc.religion.christian
[0. 0. 0. ... 0. 0. 0.],sci.med
[0. 0. 0. ... 0. 0. 0.],alt.atheism
[0.         0.04966793 0.         ... 0.         0.         0.        ],sci.crypt
[0. 0. 0. ... 0. 0. 0.],misc.forsale
[0. 0. 0. ... 0. 0. 0.],comp.sys.ibm.pc.hardware
[0.18537509 0.14162675 0.         ... 0.         0.         0.        ],soc.religion.christian
[0.         0.         0.11437663 ... 0.         0.         0.        ],talk.politics.guns
[0. 0. 0. ... 0. 0. 0.],comp.os.ms-windows.misc
[0. 0. 0. ... 0. 0. 0.],rec.sport.hockey
[0. 0. 0. ... 0. 0. 0.],sci.space
[0. 0. 0. ... 0. 0. 0.],rec.sport.hockey
[0. 0. 0. ... 0. 0. 0.],comp.sys.ibm.pc.hardware
[0. 0. 0. ... 0. 0. 0.],talk.politics.guns
[0. 0. 0. ... 0. 0. 0.],rec.sport.baseball
[0. 0. 0. ... 0. 0. 0.],rec.autos
[0. 0. 0. ... 0. 0. 0.],talk.politics.mideast
[0. 0. 0. ... 0. 0. 0.],talk.politics.guns
[0. 0. 0. ... 0. 0. 0.],talk.politics.guns
[0. 0. 0. ... 0. 0. 0.],sci.electronics
[0. 0. 0. ... 0. 0. 0.],sci.space
[0. 0. 0. ... 0. 0. 0.],sci.med
[0. 0. 0. ... 0. 0. 0.],misc.forsale
[0. 0. 0. ... 0. 0. 0.],talk.politics.guns
[0. 0. 0. ... 0. 0. 0.],comp.windows.x
[0. 0. 0. ... 0. 0. 0.],talk.religion.misc
[0. 0. 0. ... 0. 0. 0.],comp.sys.ibm.pc.hardware
[0. 0. 0. ... 0. 0. 0.],sci.crypt
[0. 0. 0. ... 0. 0. 0.],rec.sport.baseball
[0. 0. 0. ... 0. 0. 0.],comp.graphics
[0. 0. 0. ... 0. 0. 0.],rec.autos
[0. 0. 0. ... 0. 0. 0.],sci.med
[0.         0.06725523 0.         ... 0.         0.         0.        ],talk.politics.mideast
[0. 0. 0. ... 0. 0. 0.],sci.space
[0. 0. 0. ... 0. 0. 0.],comp.windows.x
[0. 0. 0. ... 0. 0. 0.],rec.sport.hockey
[0. 0. 0. ... 0. 0. 0.],comp.sys.mac.hardware
[0.         0.09619826 0.         ... 0.         0.         0.        ],rec.autos
[0. 0. 0. ... 0. 0. 0.],sci.med
[0. 0. 0. ... 0. 0. 0.],comp.sys.mac.hardware
[0. 0. 0. ... 0. 0. 0.],comp.os.ms-windows.misc
[0. 0. 0. ... 0. 0. 0.],sci.space
[0. 0. 0. ... 0. 0. 0.],rec.motorcycles
[0. 0. 0. ... 0. 0. 0.],comp.sys.mac.hardware
[0. 0. 0. ... 0. 0. 0.],sci.crypt
[0. 0. 0. ... 0. 0. 0.],rec.motorcycles
[0.         0.14927557 0.         ... 0.         0.         0.        ],comp.os.ms-windows.misc
[0. 0. 0. ... 0. 0. 0.],comp.graphics
[0. 0. 0. ... 0. 0. 0.],rec.sport.baseball
[0. 0. 0. ... 0. 0. 0.],rec.sport.baseball
[0. 0. 0. ... 0. 0. 0.],talk.politics.mideast
[0. 0. 0. ... 0. 0. 0.],rec.sport.hockey
[0. 0. 0. ... 0. 0. 0.],talk.politics.mideast
[0. 0. 0. ... 0. 0. 0.],comp.windows.x
[0. 0. 0. ... 0. 0. 0.],comp.sys.ibm.pc.hardware
[0. 0. 0. ... 0. 0. 0.],alt.atheism
[0. 0. 0. ... 0. 0. 0.],comp.sys.ibm.pc.hardware
[0.        0.0946183 0.        ... 0.        0.        0.       ],sci.med
[0. 0. 0. ... 0. 0. 0.],talk.politics.guns
[0. 0. 0. ... 0. 0. 0.],misc.forsale
[0.         0.15183296 0.         ... 0.         0.         0.        ],sci.space
[0.11691494 0.         0.         ... 0.         0.         0.        ],comp.windows.x
[0.         0.15279835 0.         ... 0.         0.         0.        ],misc.forsale
[0. 0. 0. ... 0. 0. 0.],comp.windows.x
[0. 0. 0. ... 0. 0. 0.],misc.forsale
[0. 0. 0. ... 0. 0. 0.],comp.sys.ibm.pc.hardware
[0. 0. 0. ... 0. 0. 0.],alt.atheism
[0. 0. 0. ... 0. 0. 0.],sci.space
[0. 0. 0. ... 0. 0. 0.],rec.motorcycles
[0.         0.23281318 0.         ... 0.         0.         0.        ],comp.sys.ibm.pc.hardware
[0. 0. 0. ... 0. 0. 0.],rec.sport.baseball
[0. 0. 0. ... 0. 0. 0.],rec.motorcycles
[0. 0. 0. ... 0. 0. 0.],sci.electronics
[0. 0. 0. ... 0. 0. 0.],comp.sys.ibm.pc.hardware
[0. 0. 0. ... 0. 0. 0.],comp.sys.ibm.pc.hardware
[0. 0. 0. ... 0. 0. 0.],sci.crypt
[0. 0. 0. ... 0. 0. 0.],comp.sys.ibm.pc.hardware
[0. 0. 0. ... 0. 0. 0.],misc.forsale
[0.         0.06575933 0.         ... 0.         0.         0.        ],comp.os.ms-windows.misc
[0. 0. 0. ... 0. 0. 0.],rec.sport.hockey
[0. 0. 0. ... 0. 0. 0.],sci.med
[0. 0. 0. ... 0. 0. 0.],comp.windows.x
[0. 0. 0. ... 0. 0. 0.],comp.os.ms-windows.misc
[0. 0. 0. ... 0. 0. 0.],sci.electronics
[0. 0. 0. ... 0. 0. 0.],comp.windows.x
[0. 0. 0. ... 0. 0. 0.],sci.space
[0. 0. 0. ... 0. 0. 0.],alt.atheism
[0. 0. 0. ... 0. 0. 0.],talk.politics.guns
[0. 0. 0. ... 0. 0. 0.],rec.autos
[0. 0. 0. ... 0. 0. 0.],alt.atheism
[0. 0. 0. ... 0. 0. 0.],sci.med
[0. 0. 0. ... 0. 0. 0.],alt.atheism
[0. 0. 0. ... 0. 0. 0.],sci.med
[0. 0. 0. ... 0. 0. 0.],sci.space
[0. 0. 0. ... 0. 0. 0.],talk.religion.misc
[0. 0. 0. ... 0. 0. 0.],rec.autos
[0. 0. 0. ... 0. 0. 0.],talk.politics.mideast
[0. 0. 0. ... 0. 0. 0.],comp.os.ms-windows.misc
[0. 0. 0. ... 0. 0. 0.],comp.sys.ibm.pc.hardware
[0. 0. 0. ... 0. 0. 0.],comp.graphics
[0. 0. 0. ... 0. 0. 0.],comp.sys.ibm.pc.hardware
[0. 0. 0. ... 0. 0. 0.],comp.sys.mac.hardware
[0. 0. 0. ... 0. 0. 0.],sci.space
[0. 0. 0. ... 0. 0. 0.],sci.crypt
[0. 0. 0. ... 0. 0. 0.],rec.sport.hockey
[0. 0. 0. ... 0. 0. 0.],misc.forsale
[0. 0. 0. ... 0. 0. 0.],sci.med
[0. 0. 0. ... 0. 0. 0.],sci.space
[0. 0. 0. ... 0. 0. 0.],rec.sport.baseball
[0. 0. 0. ... 0. 0. 0.],talk.politics.misc
[0. 0. 0. ... 0. 0. 0.],alt.atheism
[0. 0. 0. ... 0. 0. 0.],comp.sys.mac.hardware
[0. 0. 0. ... 0. 0. 0.],rec.sport.hockey
[0. 0. 0. ... 0. 0. 0.],sci.crypt
[0. 0. 0. ... 0. 0. 0.],sci.crypt
[0. 0. 0. ... 0. 0. 0.],rec.autos
[0. 0. 0. ... 0. 0. 0.],sci.med
[0. 0. 0. ... 0. 0. 0.],comp.windows.x
[0. 0. 0. ... 0. 0. 0.],alt.atheism
[0. 0. 0. ... 0. 0. 0.],misc.forsale
[0. 0. 0. ... 0. 0. 0.],sci.electronics
[0. 0. 0. ... 0. 0. 0.],rec.motorcycles
[0. 0. 0. ... 0. 0. 0.],sci.space
[0. 0. 0. ... 0. 0. 0.],soc.religion.christian
[0. 0. 0. ... 0. 0. 0.],misc.forsale
[0. 0. 0. ... 0. 0. 0.],talk.politics.mideast
[0. 0. 0. ... 0. 0. 0.],alt.atheism
[0. 0. 0. ... 0. 0. 0.],soc.religion.christian
[0. 0. 0. ... 0. 0. 0.],alt.atheism
[0. 0. 0. ... 0. 0. 0.],comp.os.ms-windows.misc
[0. 0. 0. ... 0. 0. 0.],talk.politics.mideast
[0. 0. 0. ... 0. 0. 0.],comp.os.ms-windows.misc
[0. 0. 0. ... 0. 0. 0.],talk.politics.misc
[0. 0. 0. ... 0. 0. 0.],rec.autos
[0.         0.24674632 0.         ... 0.         0.         0.        ],talk.politics.misc
[0.         0.         0.         ... 0.17075848 0.         0.        ],comp.windows.x
[0. 0. 0. ... 0. 0. 0.],rec.sport.baseball
[0. 0. 0. ... 0. 0. 0.],sci.space
[0. 0. 0. ... 0. 0. 0.],talk.politics.guns
[0. 0. 0. ... 0. 0. 0.],sci.electronics
[0. 0. 0. ... 0. 0. 0.],rec.autos
[0.         0.06920946 0.         ... 0.         0.         0.        ],comp.windows.x
[0. 0. 0. ... 0. 0. 0.],sci.med
[0. 0. 0. ... 0. 0. 0.],rec.motorcycles
[0. 0. 0. ... 0. 0. 0.],comp.windows.x
[0. 0. 0. ... 0. 0. 0.],sci.med
[0. 0. 0. ... 0. 0. 0.],talk.politics.misc
[0. 0. 0. ... 0. 0. 0.],comp.graphics
[0. 0. 0. ... 0. 0. 0.],sci.med
[0. 0. 0. ... 0. 0. 0.],rec.motorcycles
[0. 0. 0. ... 0. 0. 0.],talk.politics.mideast
[0. 0. 0. ... 0. 0. 0.],comp.sys.mac.hardware
[0. 0. 0. ... 0. 0. 0.],rec.sport.hockey
[0. 0. 0. ... 0. 0. 0.],rec.sport.hockey
[0. 0. 0. ... 0. 0. 0.],comp.os.ms-windows.misc
[0. 0. 0. ... 0. 0. 0.],soc.religion.christian
[0. 0. 0. ... 0. 0. 0.],misc.forsale
[0. 0. 0. ... 0. 0. 0.],comp.windows.x
[0.         0.08494575 0.         ... 0.         0.         0.        ],talk.religion.misc
[0. 0. 0. ... 0. 0. 0.],comp.graphics
[0. 0. 0. ... 0. 0. 0.],misc.forsale
[0. 0. 0. ... 0. 0. 0.],soc.religion.christian
[0. 0. 0. ... 0. 0. 0.],talk.politics.misc
[0. 0. 0. ... 0. 0. 0.],sci.electronics
[0. 0. 0. ... 0. 0. 0.],talk.politics.mideast
[0.         0.         0.         ... 0.         0.12979703 0.        ],rec.motorcycles
[0. 0. 0. ... 0. 0. 0.],comp.sys.mac.hardware
[0. 0. 0. ... 0. 0. 0.],sci.crypt
[0. 0. 0. ... 0. 0. 0.],soc.religion.christian
[0. 0. 0. ... 0. 0. 0.],sci.space
[0. 0. 0. ... 0. 0. 0.],comp.sys.mac.hardware
[0. 0. 0. ... 0. 0. 0.],rec.sport.baseball
[0. 0. 0. ... 0. 0. 0.],comp.os.ms-windows.misc
[0. 0. 0. ... 0. 0. 0.],sci.electronics
[0. 0. 0. ... 0. 0. 0.],comp.windows.x
[0. 0. 0. ... 0. 0. 0.],rec.autos
[0.         0.         0.         ... 0.06084474 0.         0.        ],sci.space
[0. 0. 0. ... 0. 0. 0.],sci.med
[0. 0. 0. ... 0. 0. 0.],comp.windows.x
[0. 0. 0. ... 0. 0. 0.],alt.atheism
[0. 0. 0. ... 0. 0. 0.],sci.space
[0. 0. 0. ... 0. 0. 0.],rec.sport.baseball
[0. 0. 0. ... 0. 0. 0.],comp.sys.ibm.pc.hardware
[0. 0. 0. ... 0. 0. 0.],comp.os.ms-windows.misc
[0. 0. 0. ... 0. 0. 0.],sci.med
[0. 0. 0. ... 0. 0. 0.],comp.graphics
[0. 0. 0. ... 0. 0. 0.],talk.politics.misc
[0. 0. 0. ... 0. 0. 0.],comp.windows.x
[0. 0. 0. ... 0. 0. 0.],rec.motorcycles
[0. 0. 0. ... 0. 0. 0.],alt.atheism
[0. 0. 0. ... 0. 0. 0.],misc.forsale
[0. 0. 0. ... 0. 0. 0.],rec.autos
[0. 0. 0. ... 0. 0. 0.],rec.autos
[0. 0. 0. ... 0. 0. 0.],rec.sport.hockey
[0. 0. 0. ... 0. 0. 0.],soc.religion.christian
[0. 0. 0. ... 0. 0. 0.],comp.sys.ibm.pc.hardware
[0. 0. 0. ... 0. 0. 0.],rec.sport.baseball
[0. 0. 0. ... 0. 0. 0.],comp.windows.x
[0. 0. 0. ... 0. 0. 0.],sci.electronics
[0. 0. 0. ... 0. 0. 0.],sci.med
[0. 0. 0. ... 0. 0. 0.],sci.crypt
[0. 0. 0. ... 0. 0. 0.],comp.graphics
[0. 0. 0. ... 0. 0. 0.],sci.med
[0. 0. 0. ... 0. 0. 0.],misc.forsale
[0. 0. 0. ... 0. 0. 0.],comp.windows.x
[0. 0. 0. ... 0. 0. 0.],talk.politics.misc
[0. 0. 0. ... 0. 0. 0.],talk.politics.mideast
[0. 0. 0. ... 0. 0. 0.],comp.windows.x
[0. 0. 0. ... 0. 0. 0.],talk.politics.misc
[0. 0. 0. ... 0. 0. 0.],comp.sys.mac.hardware
[0. 0. 0. ... 0. 0. 0.],talk.politics.mideast
[0. 0. 0. ... 0. 0. 0.],comp.windows.x
[0. 0. 0. ... 0. 0. 0.],rec.motorcycles
[0. 0. 0. ... 0. 0. 0.],rec.sport.baseball
[0. 0. 0. ... 0. 0. 0.],talk.politics.misc
[0. 0. 0. ... 0. 0. 0.],misc.forsale
[0. 0. 0. ... 0. 0. 0.],comp.sys.mac.hardware
[0. 0. 0. ... 0. 0. 0.],rec.motorcycles
[0. 0. 0. ... 0. 0. 0.],talk.religion.misc
[0. 0. 0. ... 0. 0. 0.],sci.crypt
[0. 0. 0. ... 0. 0. 0.],sci.space
[0. 0. 0. ... 0. 0. 0.],soc.religion.christian
[0. 0. 0. ... 0. 0. 0.],rec.sport.hockey
[0. 0. 0. ... 0. 0. 0.],sci.med
[0. 0. 0. ... 0. 0. 0.],sci.space
[0. 0. 0. ... 0. 0. 0.],rec.motorcycles
[0.         0.17275408 0.         ... 0.         0.         0.        ],rec.sport.hockey
[0. 0. 0. ... 0. 0. 0.],alt.atheism
[0. 0. 0. ... 0. 0. 0.],rec.sport.baseball
[0. 0. 0. ... 0. 0. 0.],alt.atheism
[0. 0. 0. ... 0. 0. 0.],talk.politics.guns
[0.         0.         0.         ... 0.         0.         0.05294868],rec.sport.hockey
[0. 0. 0. ... 0. 0. 0.],rec.sport.hockey
[0. 0. 0. ... 0. 0. 0.],sci.med
[0. 0. 0. ... 0. 0. 0.],rec.autos
[0. 0. 0. ... 0. 0. 0.],comp.os.ms-windows.misc
[0. 0. 0. ... 0. 0. 0.],sci.space
[0.         0.08182097 0.         ... 0.         0.         0.        ],comp.windows.x
[0. 0. 0. ... 0. 0. 0.],sci.med
[0. 0. 0. ... 0. 0. 0.],comp.graphics
[0. 0. 0. ... 0. 0. 0.],comp.sys.mac.hardware
[0. 0. 0. ... 0. 0. 0.],comp.graphics
[0. 0. 0. ... 0. 0. 0.],alt.atheism
[0. 0. 0. ... 0. 0. 0.],talk.politics.guns
[0. 0. 0. ... 0. 0. 0.],alt.atheism
[0. 0. 0. ... 0. 0. 0.],comp.sys.ibm.pc.hardware
[0. 0. 0. ... 0. 0. 0.],comp.graphics
[0. 0. 0. ... 0. 0. 0.],rec.sport.hockey
[0. 0. 0. ... 0. 0. 0.],comp.os.ms-windows.misc
[0. 0. 0. ... 0. 0. 0.],sci.crypt
[0. 0. 0. ... 0. 0. 0.],alt.atheism
[0. 0. 0. ... 0. 0. 0.],comp.graphics
[0. 0. 0. ... 0. 0. 0.],misc.forsale
[0. 0. 0. ... 0. 0. 0.],rec.autos
[0. 0. 0. ... 0. 0. 0.],sci.electronics
[0. 0. 0. ... 0. 0. 0.],talk.politics.misc
[0. 0. 0. ... 0. 0. 0.],talk.politics.misc
[0. 0. 0. ... 0. 0. 0.],soc.religion.christian
[0. 0. 0. ... 0. 0. 0.],talk.politics.misc
[0. 0. 0. ... 0. 0. 0.],sci.electronics
[0. 0. 0. ... 0. 0. 0.],sci.electronics
[0. 0. 0. ... 0. 0. 0.],misc.forsale
[0. 0. 0. ... 0. 0. 0.],talk.religion.misc
[0. 0. 0. ... 0. 0. 0.],misc.forsale
[0. 0. 0. ... 0. 0. 0.],comp.graphics
[0. 0. 0. ... 0. 0. 0.],rec.motorcycles
[0. 0. 0. ... 0. 0. 0.],alt.atheism
[0. 0. 0. ... 0. 0. 0.],sci.crypt
[0. 0. 0. ... 0. 0. 0.],talk.politics.mideast
[0. 0. 0. ... 0. 0. 0.],comp.graphics
[0. 0. 0. ... 0. 0. 0.],rec.motorcycles
[0. 0. 0. ... 0. 0. 0.],rec.sport.baseball
[0. 0. 0. ... 0. 0. 0.],misc.forsale
[0. 0. 0. ... 0. 0. 0.],comp.sys.ibm.pc.hardware
[0. 0. 0. ... 0. 0. 0.],soc.religion.christian
[0.        0.        0.        ... 0.        0.3153484 0.       ],rec.autos
[0. 0. 0. ... 0. 0. 0.],talk.religion.misc
[0.         0.05599736 0.         ... 0.         0.         0.        ],soc.religion.christian
[0. 0. 0. ... 0. 0. 0.],talk.politics.guns
[0. 0. 0. ... 0. 0. 0.],comp.sys.mac.hardware
[0.         0.         0.         ... 0.07071421 0.         0.        ],sci.electronics
[0. 0. 0. ... 0. 0. 0.],rec.motorcycles
[0. 0. 0. ... 0. 0. 0.],sci.space
[0. 0. 0. ... 0. 0. 0.],rec.motorcycles
[0. 0. 0. ... 0. 0. 0.],misc.forsale
[0. 0. 0. ... 0. 0. 0.],sci.space
[0. 0. 0. ... 0. 0. 0.],misc.forsale
[0. 0. 0. ... 0. 0. 0.],comp.os.ms-windows.misc
[0. 0. 0. ... 0. 0. 0.],talk.politics.misc
[0. 0. 0. ... 0. 0. 0.],sci.crypt
[0. 0. 0. ... 0. 0. 0.],talk.politics.guns
[0. 0. 0. ... 0. 0. 0.],comp.sys.ibm.pc.hardware
[0. 0. 0. ... 0. 0. 0.],comp.sys.mac.hardware
[0. 0. 0. ... 0. 0. 0.],comp.sys.mac.hardware
[0. 0. 0. ... 0. 0. 0.],comp.os.ms-windows.misc
[0. 0. 0. ... 0. 0. 0.],comp.graphics
[0. 0. 0. ... 0. 0. 0.],talk.politics.misc
[0. 0. 0. ... 0. 0. 0.],sci.med
[0. 0. 0. ... 0. 0. 0.],talk.politics.guns
[0. 0. 0. ... 0. 0. 0.],comp.os.ms-windows.misc
[0. 0. 0. ... 0. 0. 0.],rec.motorcycles
[0. 0. 0. ... 0. 0. 0.],comp.graphics
[0. 0. 0. ... 0. 0. 0.],rec.autos
[0.         0.15529844 0.         ... 0.         0.         0.        ],sci.med
[0. 0. 0. ... 0. 0. 0.],talk.politics.guns
[0. 0. 0. ... 0. 0. 0.],rec.sport.hockey
[0. 0. 0. ... 0. 0. 0.],comp.graphics
[0. 0. 0. ... 0. 0. 0.],talk.politics.guns
[0. 0. 0. ... 0. 0. 0.],talk.religion.misc
[0. 0. 0. ... 0. 0. 0.],rec.autos
[0. 0. 0. ... 0. 0. 0.],soc.religion.christian
[0. 0. 0. ... 0. 0. 0.],comp.windows.x
[0. 0. 0. ... 0. 0. 0.],soc.religion.christian
[0. 0. 0. ... 0. 0. 0.],sci.electronics
[0.         0.13924827 0.         ... 0.         0.         0.        ],sci.space
[0. 0. 0. ... 0. 0. 0.],sci.electronics
[0. 0. 0. ... 0. 0. 0.],misc.forsale
[0. 0. 0. ... 0. 0. 0.],rec.autos
[0. 0. 0. ... 0. 0. 0.],alt.atheism
[0. 0. 0. ... 0. 0. 0.],rec.autos
[0. 0. 0. ... 0. 0. 0.],comp.sys.mac.hardware
[0. 0. 0. ... 0. 0. 0.],talk.politics.mideast
[0. 0. 0. ... 0. 0. 0.],comp.sys.ibm.pc.hardware
[0. 0. 0. ... 0. 0. 0.],sci.med
[0. 0. 0. ... 0. 0. 0.],sci.crypt
[0. 0. 0. ... 0. 0. 0.],sci.space
[0. 0. 0. ... 0. 0. 0.],rec.sport.baseball
[0. 0. 0. ... 0. 0. 0.],talk.politics.mideast
[0. 0. 0. ... 0. 0. 0.],comp.sys.ibm.pc.hardware
[0. 0. 0. ... 0. 0. 0.],misc.forsale
[0. 0. 0. ... 0. 0. 0.],misc.forsale
[0.         0.12054568 0.         ... 0.         0.         0.        ],rec.sport.baseball
[0. 0. 0. ... 0. 0. 0.],misc.forsale
[0. 0. 0. ... 0. 0. 0.],soc.religion.christian
[0. 0. 0. ... 0. 0. 0.],talk.politics.guns
[0. 0. 0. ... 0. 0. 0.],rec.autos
[0. 0. 0. ... 0. 0. 0.],soc.religion.christian
[0. 0. 0. ... 0. 0. 0.],sci.space
[0. 0. 0. ... 0. 0. 0.],rec.sport.hockey
[0. 0. 0. ... 0. 0. 0.],sci.med
[0. 0. 0. ... 0. 0. 0.],talk.politics.misc
[0. 0. 0. ... 0. 0. 0.],comp.sys.mac.hardware
[0. 0. 0. ... 0. 0. 0.],comp.graphics
[0. 0. 0. ... 0. 0. 0.],talk.religion.misc
[0. 0. 0. ... 0. 0. 0.],soc.religion.christian
[0. 0. 0. ... 0. 0. 0.],soc.religion.christian
[0. 0. 0. ... 0. 0. 0.],comp.windows.x
[0. 0. 0. ... 0. 0. 0.],rec.sport.hockey
[0.         0.05868542 0.         ... 0.         0.         0.        ],comp.sys.mac.hardware
[0. 0. 0. ... 0. 0. 0.],talk.politics.guns
[0. 0. 0. ... 0. 0. 0.],comp.sys.mac.hardware
[0. 0. 0. ... 0. 0. 0.],comp.sys.mac.hardware
[0. 0. 0. ... 0. 0. 0.],rec.sport.baseball
[0. 0. 0. ... 0. 0. 0.],sci.crypt
[0. 0. 0. ... 0. 0. 0.],sci.electronics
[0. 0. 0. ... 0. 0. 0.],rec.sport.baseball
[0. 0. 0. ... 0. 0. 0.],alt.atheism
[0. 0. 0. ... 0. 0. 0.],rec.sport.hockey
[0. 0. 0. ... 0. 0. 0.],rec.motorcycles
[0. 0. 0. ... 0. 0. 0.],rec.motorcycles
[0. 0. 0. ... 0. 0. 0.],rec.sport.baseball
[0. 0. 0. ... 0. 0. 0.],rec.motorcycles
[0. 0. 0. ... 0. 0. 0.],comp.windows.x
[0. 0. 0. ... 0. 0. 0.],comp.sys.mac.hardware
[0.         0.         0.         ... 0.         0.19348378 0.        ],comp.sys.ibm.pc.hardware
[0. 0. 0. ... 0. 0. 0.],rec.sport.baseball
[0.         0.08748443 0.         ... 0.         0.         0.        ],rec.sport.baseball
[0. 0. 0. ... 0. 0. 0.],comp.windows.x
[0. 0. 0. ... 0. 0. 0.],comp.windows.x
[0. 0. 0. ... 0. 0. 0.],comp.sys.mac.hardware
[0.         0.         0.         ... 0.         0.         0.05551444],sci.med
[0. 0. 0. ... 0. 0. 0.],sci.electronics
[0. 0. 0. ... 0. 0. 0.],misc.forsale
[0. 0. 0. ... 0. 0. 0.],misc.forsale
[0. 0. 0. ... 0. 0. 0.],talk.politics.misc
[0. 0. 0. ... 0. 0. 0.],rec.motorcycles
[0. 0. 0. ... 0. 0. 0.],comp.windows.x
[0. 0. 0. ... 0. 0. 0.],rec.autos
[0. 0. 0. ... 0. 0. 0.],sci.crypt
[0. 0. 0. ... 0. 0. 0.],rec.autos
[0. 0. 0. ... 0. 0. 0.],comp.sys.mac.hardware
[0. 0. 0. ... 0. 0. 0.],sci.med
[0. 0. 0. ... 0. 0. 0.],talk.politics.mideast
[0.         0.         0.06971231 ... 0.         0.         0.        ],rec.autos
[0. 0. 0. ... 0. 0. 0.],soc.religion.christian
[0.06094997 0.04656584 0.         ... 0.         0.         0.        ],sci.crypt
[0. 0. 0. ... 0. 0. 0.],soc.religion.christian
[0. 0. 0. ... 0. 0. 0.],comp.sys.ibm.pc.hardware
[0. 0. 0. ... 0. 0. 0.],sci.crypt
[0.         0.06569583 0.         ... 0.         0.         0.        ],sci.electronics
[0. 0. 0. ... 0. 0. 0.],rec.autos
[0. 0. 0. ... 0. 0. 0.],rec.autos
[0. 0. 0. ... 0. 0. 0.],sci.med
[0. 0. 0. ... 0. 0. 0.],comp.os.ms-windows.misc
[0. 0. 0. ... 0. 0. 0.],rec.sport.baseball
[0. 0. 0. ... 0. 0. 0.],comp.windows.x
[0. 0. 0. ... 0. 0. 0.],alt.atheism
[0. 0. 0. ... 0. 0. 0.],rec.sport.baseball
[0. 0. 0. ... 0. 0. 0.],comp.graphics
[0.         0.08628297 0.         ... 0.         0.         0.        ],soc.religion.christian
[0.         0.         0.         ... 0.         0.05283053 0.        ],comp.graphics
[0. 0. 0. ... 0. 0. 0.],talk.politics.mideast
[0. 0. 0. ... 0. 0. 0.],rec.motorcycles
[0. 0. 0. ... 0. 0. 0.],sci.space
[0. 0. 0. ... 0. 0. 0.],talk.politics.misc
[0. 0. 0. ... 0. 0. 0.],soc.religion.christian
[0.         0.         0.         ... 0.09063582 0.         0.        ],misc.forsale
[0. 0. 0. ... 0. 0. 0.],sci.med
[0. 0. 0. ... 0. 0. 0.],rec.motorcycles
[0.16058071 0.         0.         ... 0.         0.         0.        ],sci.space
[0. 0. 0. ... 0. 0. 0.],alt.atheism
[0. 0. 0. ... 0. 0. 0.],comp.os.ms-windows.misc
[0. 0. 0. ... 0. 0. 0.],rec.autos
[0. 0. 0. ... 0. 0. 0.],comp.graphics
[0. 0. 0. ... 0. 0. 0.],comp.windows.x
[0. 0. 0. ... 0. 0. 0.],rec.sport.baseball
[0. 0. 0. ... 0. 0. 0.],misc.forsale
[0. 0. 0. ... 0. 0. 0.],rec.sport.baseball
[0. 0. 0. ... 0. 0. 0.],talk.politics.misc
[0. 0. 0. ... 0. 0. 0.],comp.sys.mac.hardware
[0. 0. 0. ... 0. 0. 0.],misc.forsale
[0.         0.         0.         ... 0.21594649 0.         0.        ],sci.space
[0. 0. 0. ... 0. 0. 0.],comp.os.ms-windows.misc
[0. 0. 0. ... 0. 0. 0.],alt.atheism
[0. 0. 0. ... 0. 0. 0.],talk.politics.mideast
[0. 0. 0. ... 0. 0. 0.],rec.sport.baseball
[0. 0. 0. ... 0. 0. 0.],talk.religion.misc
[0. 0. 0. ... 0. 0. 0.],sci.space
[0. 0. 0. ... 0. 0. 0.],comp.windows.x
[0. 0. 0. ... 0. 0. 0.],alt.atheism
[0. 0. 0. ... 0. 0. 0.],comp.sys.ibm.pc.hardware
[0. 0. 0. ... 0. 0. 0.],comp.graphics
[0. 0. 0. ... 0. 0. 0.],sci.electronics
[0. 0. 0. ... 0. 0. 0.],talk.politics.guns
[0. 0. 0. ... 0. 0. 0.],alt.atheism
[0. 0. 0. ... 0. 0. 0.],comp.graphics
[0. 0. 0. ... 0. 0. 0.],soc.religion.christian
[0. 0. 0. ... 0. 0. 0.],sci.electronics
[0. 0. 0. ... 0. 0. 0.],comp.sys.mac.hardware
[0. 0. 0. ... 0. 0. 0.],misc.forsale
[0. 0. 0. ... 0. 0. 0.],sci.med
[0. 0. 0. ... 0. 0. 0.],rec.sport.baseball
[0. 0. 0. ... 0. 0. 0.],sci.electronics
[0. 0. 0. ... 0. 0. 0.],comp.graphics
[0. 0. 0. ... 0. 0. 0.],comp.windows.x
[0. 0. 0. ... 0. 0. 0.],rec.sport.hockey
[0. 0. 0. ... 0. 0. 0.],rec.sport.hockey
[0. 0. 0. ... 0. 0. 0.],rec.motorcycles
[0. 0. 0. ... 0. 0. 0.],talk.politics.misc
[0. 0. 0. ... 0. 0. 0.],soc.religion.christian
[0. 0. 0. ... 0. 0. 0.],sci.electronics
[0. 0. 0. ... 0. 0. 0.],talk.politics.mideast
[0. 0. 0. ... 0. 0. 0.],misc.forsale
[0. 0. 0. ... 0. 0. 0.],comp.os.ms-windows.misc
[0. 0. 0. ... 0. 0. 0.],talk.politics.mideast
[0. 0. 0. ... 0. 0. 0.],soc.religion.christian
[0. 0. 0. ... 0. 0. 0.],talk.politics.guns
[0. 0. 0. ... 0. 0. 0.],comp.windows.x
[0. 0. 0. ... 0. 0. 0.],rec.autos
[0. 0. 0. ... 0. 0. 0.],comp.sys.mac.hardware
[0. 0. 0. ... 0. 0. 0.],sci.space
[0. 0. 0. ... 0. 0. 0.],rec.sport.baseball
[0. 0. 0. ... 0. 0. 0.],comp.sys.mac.hardware
[0. 0. 0. ... 0. 0. 0.],talk.religion.misc
[0. 0. 0. ... 0. 0. 0.],sci.electronics
[0. 0. 0. ... 0. 0. 0.],comp.windows.x
[0. 0. 0. ... 0. 0. 0.],talk.politics.mideast
[0. 0. 0. ... 0. 0. 0.],talk.religion.misc
[0. 0. 0. ... 0. 0. 0.],sci.crypt
[0. 0. 0. ... 0. 0. 0.],comp.graphics
[0. 0. 0. ... 0. 0. 0.],talk.religion.misc
[0. 0. 0. ... 0. 0. 0.],alt.atheism
[0. 0. 0. ... 0. 0. 0.],soc.religion.christian
[0. 0. 0. ... 0. 0. 0.],misc.forsale
[0. 0. 0. ... 0. 0. 0.],talk.politics.mideast
[0. 0. 0. ... 0. 0. 0.],talk.religion.misc
[0. 0. 0. ... 0. 0. 0.],rec.sport.hockey
[0. 0. 0. ... 0. 0. 0.],rec.motorcycles
[0. 0. 0. ... 0. 0. 0.],misc.forsale
[0. 0. 0. ... 0. 0. 0.],misc.forsale
[0.         0.         0.16167599 ... 0.         0.         0.        ],talk.politics.misc
[0. 0. 0. ... 0. 0. 0.],sci.crypt
[0. 0. 0. ... 0. 0. 0.],alt.atheism
[0. 0. 0. ... 0. 0. 0.],comp.sys.mac.hardware
[0. 0. 0. ... 0. 0. 0.],misc.forsale
[0. 0. 0. ... 0. 0. 0.],soc.religion.christian
[0. 0. 0. ... 0. 0. 0.],misc.forsale
[0. 0. 0. ... 0. 0. 0.],soc.religion.christian
[0. 0. 0. ... 0. 0. 0.],talk.politics.guns
[0. 0. 0. ... 0. 0. 0.],talk.politics.mideast
[0. 0. 0. ... 0. 0. 0.],misc.forsale
[0. 0. 0. ... 0. 0. 0.],alt.atheism
[0. 0. 0. ... 0. 0. 0.],talk.religion.misc
[0.         0.07925417 0.         ... 0.         0.         0.        ],rec.sport.baseball
[0. 0. 0. ... 0. 0. 0.],comp.graphics
[0. 0. 0. ... 0. 0. 0.],sci.crypt
[0. 0. 0. ... 0. 0. 0.],rec.motorcycles
[0. 0. 0. ... 0. 0. 0.],comp.sys.ibm.pc.hardware
[0.         0.         0.         ... 0.10427883 0.         0.        ],sci.space
[0. 0. 0. ... 0. 0. 0.],comp.sys.ibm.pc.hardware
[0. 0. 0. ... 0. 0. 0.],sci.electronics
[0.         0.04736614 0.         ... 0.         0.         0.        ],sci.med
[0. 0. 0. ... 0. 0. 0.],rec.sport.baseball
[0. 0. 0. ... 0. 0. 0.],sci.med
[0. 0. 0. ... 0. 0. 0.],sci.crypt
[0. 0. 0. ... 0. 0. 0.],comp.sys.ibm.pc.hardware
[0. 0. 0. ... 0. 0. 0.],comp.os.ms-windows.misc
[0. 0. 0. ... 0. 0. 0.],alt.atheism
[0. 0. 0. ... 0. 0. 0.],talk.politics.guns
[0. 0. 0. ... 0. 0. 0.],sci.crypt
[0. 0. 0. ... 0. 0. 0.],sci.med
[0. 0. 0. ... 0. 0. 0.],comp.graphics
[0. 0. 0. ... 0. 0. 0.],sci.crypt
[0. 0. 0. ... 0. 0. 0.],rec.sport.hockey
[0. 0. 0. ... 0. 0. 0.],sci.electronics
[0. 0. 0. ... 0. 0. 0.],alt.atheism
[0. 0. 0. ... 0. 0. 0.],comp.sys.mac.hardware
[0. 0. 0. ... 0. 0. 0.],soc.religion.christian
[0. 0. 0. ... 0. 0. 0.],comp.sys.mac.hardware
[0. 0. 0. ... 0. 0. 0.],soc.religion.christian
[0. 0. 0. ... 0. 0. 0.],soc.religion.christian
[0. 0. 0. ... 0. 0. 0.],comp.windows.x
[0. 0. 0. ... 0. 0. 0.],talk.politics.guns
[0. 0. 0. ... 0. 0. 0.],sci.crypt
[0. 0. 0. ... 0. 0. 0.],alt.atheism
[0. 0. 0. ... 0. 0. 0.],rec.sport.hockey
[0. 0. 0. ... 0. 0. 0.],talk.politics.guns
[0. 0. 0. ... 0. 0. 0.],rec.motorcycles
[0. 0. 0. ... 0. 0. 0.],comp.sys.mac.hardware
[0. 0. 0. ... 0. 0. 0.],comp.os.ms-windows.misc
[0. 0. 0. ... 0. 0. 0.],talk.politics.guns
[0. 0. 0. ... 0. 0. 0.],sci.crypt
[0. 0. 0. ... 0. 0. 0.],talk.politics.guns
[0. 0. 0. ... 0. 0. 0.],sci.med
[0. 0. 0. ... 0. 0. 0.],comp.graphics
[0. 0. 0. ... 0. 0. 0.],misc.forsale
[0. 0. 0. ... 0. 0. 0.],talk.politics.guns
[0. 0. 0. ... 0. 0. 0.],comp.sys.ibm.pc.hardware
[0.         0.06275504 0.         ... 0.         0.         0.        ],sci.crypt
[0. 0. 0. ... 0. 0. 0.],talk.politics.guns
[0. 0. 0. ... 0. 0. 0.],sci.crypt
[0. 0. 0. ... 0. 0. 0.],rec.motorcycles
[0. 0. 0. ... 0. 0. 0.],comp.os.ms-windows.misc
[0. 0. 0. ... 0. 0. 0.],talk.religion.misc
[0. 0. 0. ... 0. 0. 0.],talk.politics.mideast
[0. 0. 0. ... 0. 0. 0.],rec.sport.baseball
[0. 0. 0. ... 0. 0. 0.],rec.motorcycles
[0. 0. 0. ... 0. 0. 0.],soc.religion.christian
[0. 0. 0. ... 0. 0. 0.],sci.electronics
[0. 0. 0. ... 0. 0. 0.],talk.politics.misc
[0. 0. 0. ... 0. 0. 0.],comp.sys.mac.hardware
[0. 0. 0. ... 0. 0. 0.],talk.politics.misc
[0. 0. 0. ... 0. 0. 0.],rec.motorcycles
[0. 0. 0. ... 0. 0. 0.],rec.autos
[0. 0. 0. ... 0. 0. 0.],misc.forsale
[0. 0. 0. ... 0. 0. 0.],talk.politics.guns
[0. 0. 0. ... 0. 0. 0.],comp.graphics
[0. 0. 0. ... 0. 0. 0.],comp.sys.mac.hardware
[0. 0. 0. ... 0. 0. 0.],talk.politics.misc
[0. 0. 0. ... 0. 0. 0.],rec.motorcycles
[0. 0. 0. ... 0. 0. 0.],misc.forsale
[0. 0. 0. ... 0. 0. 0.],misc.forsale
[0. 0. 0. ... 0. 0. 0.],talk.religion.misc
[0. 0. 0. ... 0. 0. 0.],talk.politics.guns
[0. 0. 0. ... 0. 0. 0.],misc.forsale
[0. 0. 0. ... 0. 0. 0.],rec.sport.baseball
[0. 0. 0. ... 0. 0. 0.],sci.electronics
[0.09115605 0.         0.         ... 0.         0.         0.        ],sci.space
[0. 0. 0. ... 0. 0. 0.],sci.med
[0. 0. 0. ... 0. 0. 0.],sci.electronics
[0. 0. 0. ... 0. 0. 0.],sci.crypt
[0. 0. 0. ... 0. 0. 0.],rec.sport.baseball
[0.         0.13220417 0.         ... 0.         0.         0.        ],sci.crypt
[0. 0. 0. ... 0. 0. 0.],comp.sys.mac.hardware
[0. 0. 0. ... 0. 0. 0.],rec.motorcycles
[0. 0. 0. ... 0. 0. 0.],rec.autos
[0. 0. 0. ... 0. 0. 0.],rec.autos
[0. 0. 0. ... 0. 0. 0.],talk.politics.misc
[0. 0. 0. ... 0. 0. 0.],sci.space
[0. 0. 0. ... 0. 0. 0.],comp.os.ms-windows.misc
[0. 0. 0. ... 0. 0. 0.],comp.sys.ibm.pc.hardware
[0. 0. 0. ... 0. 0. 0.],rec.autos
[0. 0. 0. ... 0. 0. 0.],sci.crypt
[0. 0. 0. ... 0. 0. 0.],sci.electronics
[0. 0. 0. ... 0. 0. 0.],sci.electronics
[0. 0. 0. ... 0. 0. 0.],talk.politics.mideast
[0. 0. 0. ... 0. 0. 0.],talk.politics.mideast
[0. 0. 0. ... 0. 0. 0.],comp.sys.mac.hardware
[0. 0. 0. ... 0. 0. 0.],comp.sys.mac.hardware
[0. 0. 0. ... 0. 0. 0.],rec.sport.baseball
[0. 0. 0. ... 0. 0. 0.],comp.windows.x
[0. 0. 0. ... 0. 0. 0.],sci.med
[0. 0. 0. ... 0. 0. 0.],comp.sys.mac.hardware
[0. 0. 0. ... 0. 0. 0.],talk.politics.misc
[0. 0. 0. ... 0. 0. 0.],comp.sys.ibm.pc.hardware
[0. 0. 0. ... 0. 0. 0.],comp.graphics
[0. 0. 0. ... 0. 0. 0.],comp.os.ms-windows.misc
[0. 0. 0. ... 0. 0. 0.],soc.religion.christian
[0. 0. 0. ... 0. 0. 0.],rec.autos
[0. 0. 0. ... 0. 0. 0.],talk.politics.misc
[0. 0. 0. ... 0. 0. 0.],misc.forsale
[0. 0. 0. ... 0. 0. 0.],sci.crypt
[0. 0. 0. ... 0. 0. 0.],talk.politics.guns
[0. 0. 0. ... 0. 0. 0.],sci.med
[0. 0. 0. ... 0. 0. 0.],comp.graphics
[0. 0. 0. ... 0. 0. 0.],talk.politics.misc
[0. 0. 0. ... 0. 0. 0.],rec.autos
[0. 0. 0. ... 0. 0. 0.],talk.politics.mideast
[0. 0. 0. ... 0. 0. 0.],sci.crypt
[0. 0. 0. ... 0. 0. 0.],sci.med
[0. 0. 0. ... 0. 0. 0.],rec.motorcycles
[0. 0. 0. ... 0. 0. 0.],comp.os.ms-windows.misc
[0. 0. 0. ... 0. 0. 0.],talk.religion.misc
[0. 0. 0. ... 0. 0. 0.],rec.motorcycles
[0. 0. 0. ... 0. 0. 0.],rec.autos
[0. 0. 0. ... 0. 0. 0.],rec.autos
[0. 0. 0. ... 0. 0. 0.],comp.windows.x
[0. 0. 0. ... 0. 0. 0.],sci.med
[0. 0. 0. ... 0. 0. 0.],alt.atheism
[0. 0. 0. ... 0. 0. 0.],misc.forsale
[0. 0. 0. ... 0. 0. 0.],comp.os.ms-windows.misc
[0. 0. 0. ... 0. 0. 0.],comp.sys.ibm.pc.hardware
[0. 0. 0. ... 0. 0. 0.],comp.os.ms-windows.misc
[0. 0. 0. ... 0. 0. 0.],rec.sport.baseball
[0. 0. 0. ... 0. 0. 0.],alt.atheism
[0. 0. 0. ... 0. 0. 0.],talk.politics.guns
[0. 0. 0. ... 0. 0. 0.],alt.atheism
[0. 0. 0. ... 0. 0. 0.],misc.forsale
[0. 0. 0. ... 0. 0. 0.],soc.religion.christian
[0. 0. 0. ... 0. 0. 0.],sci.electronics
[0. 0. 0. ... 0. 0. 0.],comp.sys.ibm.pc.hardware
[0. 0. 0. ... 0. 0. 0.],alt.atheism
[0. 0. 0. ... 0. 0. 0.],rec.sport.baseball
[0. 0. 0. ... 0. 0. 0.],sci.crypt
[0.        0.0317476 0.        ... 0.        0.        0.       ],comp.sys.ibm.pc.hardware
[0. 0. 0. ... 0. 0. 0.],talk.religion.misc
[0. 0. 0. ... 0. 0. 0.],alt.atheism
[0. 0. 0. ... 0. 0. 0.],comp.sys.mac.hardware
[0. 0. 0. ... 0. 0. 0.],comp.graphics
[0.11238896 0.         0.         ... 0.         0.         0.        ],soc.religion.christian
[0. 0. 0. ... 0. 0. 0.],comp.sys.ibm.pc.hardware
[0. 0. 0. ... 0. 0. 0.],comp.windows.x
[0. 0. 0. ... 0. 0. 0.],rec.sport.baseball
[0. 0. 0. ... 0. 0. 0.],rec.sport.baseball
[0. 0. 0. ... 0. 0. 0.],comp.graphics
[0. 0. 0. ... 0. 0. 0.],rec.motorcycles
[0. 0. 0. ... 0. 0. 0.],rec.sport.baseball
[0. 0. 0. ... 0. 0. 0.],sci.crypt
[0. 0. 0. ... 0. 0. 0.],rec.sport.baseball
[0. 0. 0. ... 0. 0. 0.],comp.os.ms-windows.misc
[0. 0. 0. ... 0. 0. 0.],misc.forsale
[0. 0. 0. ... 0. 0. 0.],alt.atheism
[0. 0. 0. ... 0. 0. 0.],comp.graphics
[0. 0. 0. ... 0. 0. 0.],talk.politics.mideast
[0. 0. 0. ... 0. 0. 0.],comp.sys.ibm.pc.hardware
[0. 0. 0. ... 0. 0. 0.],sci.space
[0. 0. 0. ... 0. 0. 0.],comp.graphics
[0. 0. 0. ... 0. 0. 0.],rec.autos
[0. 0. 0. ... 0. 0. 0.],sci.space
[0. 0. 0. ... 0. 0. 0.],sci.crypt
[0.         0.09796897 0.         ... 0.         0.         0.        ],misc.forsale
[0. 0. 0. ... 0. 0. 0.],sci.space
[0. 0. 0. ... 0. 0. 0.],sci.med
[0. 0. 0. ... 0. 0. 0.],sci.electronics
[0. 0. 0. ... 0. 0. 0.],rec.motorcycles
[0. 0. 0. ... 0. 0. 0.],sci.electronics
[0. 0. 0. ... 0. 0. 0.],comp.sys.mac.hardware
[0. 0. 0. ... 0. 0. 0.],rec.sport.hockey
[0. 0. 0. ... 0. 0. 0.],sci.crypt
[0. 0. 0. ... 0. 0. 0.],talk.politics.mideast
[0. 0. 0. ... 0. 0. 0.],rec.sport.baseball
[0. 0. 0. ... 0. 0. 0.],rec.autos
[0. 0. 0. ... 0. 0. 0.],talk.politics.mideast
[0. 0. 0. ... 0. 0. 0.],sci.space
[0. 0. 0. ... 0. 0. 0.],comp.windows.x
[0.         0.06081973 0.         ... 0.         0.         0.        ],rec.sport.hockey
[0. 0. 0. ... 0. 0. 0.],comp.graphics
[0. 0. 0. ... 0. 0. 0.],sci.med
[0.04593965 0.         0.         ... 0.         0.         0.        ],soc.religion.christian
[0. 0. 0. ... 0. 0. 0.],comp.os.ms-windows.misc
[0. 0. 0. ... 0. 0. 0.],misc.forsale
[0. 0. 0. ... 0. 0. 0.],soc.religion.christian
[0.         0.03847735 0.         ... 0.         0.         0.        ],comp.windows.x
[0.         0.04442963 0.         ... 0.         0.         0.        ],talk.politics.mideast
[0. 0. 0. ... 0. 0. 0.],rec.sport.baseball
[0. 0. 0. ... 0. 0. 0.],comp.os.ms-windows.misc
[0. 0. 0. ... 0. 0. 0.],talk.politics.guns
[0. 0. 0. ... 0. 0. 0.],comp.sys.mac.hardware
[0. 0. 0. ... 0. 0. 0.],sci.electronics
[0. 0. 0. ... 0. 0. 0.],talk.religion.misc
[0. 0. 0. ... 0. 0. 0.],alt.atheism
[0. 0. 0. ... 0. 0. 0.],comp.sys.mac.hardware
[0. 0. 0. ... 0. 0. 0.],talk.politics.guns
[0. 0. 0. ... 0. 0. 0.],rec.sport.baseball
[0. 0. 0. ... 0. 0. 0.],rec.sport.hockey
[0. 0. 0. ... 0. 0. 0.],sci.space
[0. 0. 0. ... 0. 0. 0.],talk.politics.guns
[0. 0. 0. ... 0. 0. 0.],comp.sys.ibm.pc.hardware
[0. 0. 0. ... 0. 0. 0.],soc.religion.christian
[0. 0. 0. ... 0. 0. 0.],sci.crypt
[0. 0. 0. ... 0. 0. 0.],talk.politics.mideast
[0. 0. 0. ... 0. 0. 0.],comp.windows.x
[0. 0. 0. ... 0. 0. 0.],sci.space
[0. 0. 0. ... 0. 0. 0.],comp.os.ms-windows.misc
[0. 0. 0. ... 0. 0. 0.],comp.sys.mac.hardware
[0. 0. 0. ... 0. 0. 0.],sci.med
[0.         0.09362988 0.         ... 0.         0.         0.        ],sci.electronics
[0. 0. 0. ... 0. 0. 0.],alt.atheism
[0. 0. 0. ... 0. 0. 0.],talk.religion.misc
[0. 0. 0. ... 0. 0. 0.],sci.space
[0. 0. 0. ... 0. 0. 0.],sci.crypt
[0. 0. 0. ... 0. 0. 0.],talk.politics.guns
[0. 0. 0. ... 0. 0. 0.],rec.motorcycles
[0. 0. 0. ... 0. 0. 0.],soc.religion.christian
[0. 0. 0. ... 0. 0. 0.],rec.sport.hockey
[0. 0. 0. ... 0. 0. 0.],alt.atheism
[0. 0. 0. ... 0. 0. 0.],talk.politics.misc
[0.         0.         0.         ... 0.15154105 0.         0.        ],rec.motorcycles
[0. 0. 0. ... 0. 0. 0.],soc.religion.christian
[0. 0. 0. ... 0. 0. 0.],sci.electronics
[0. 0. 0. ... 0. 0. 0.],sci.space
[0. 0. 0. ... 0. 0. 0.],comp.os.ms-windows.misc
[0. 0. 0. ... 0. 0. 0.],rec.motorcycles
[0. 0. 0. ... 0. 0. 0.],rec.motorcycles
[0. 0. 0. ... 0. 0. 0.],rec.sport.hockey
[0. 0. 0. ... 0. 0. 0.],talk.politics.misc
[0. 0. 0. ... 0. 0. 0.],comp.sys.ibm.pc.hardware
[0. 0. 0. ... 0. 0. 0.],talk.politics.mideast
[0. 0. 0. ... 0. 0. 0.],talk.religion.misc
[0. 0. 0. ... 0. 0. 0.],soc.religion.christian
[0. 0. 0. ... 0. 0. 0.],sci.med
[0. 0. 0. ... 0. 0. 0.],sci.med
[0. 0. 0. ... 0. 0. 0.],comp.graphics
[0. 0. 0. ... 0. 0. 0.],comp.graphics
[0. 0. 0. ... 0. 0. 0.],comp.sys.mac.hardware
[0. 0. 0. ... 0. 0. 0.],comp.os.ms-windows.misc
[0. 0. 0. ... 0. 0. 0.],talk.politics.misc
[0. 0. 0. ... 0. 0. 0.],rec.autos
[0. 0. 0. ... 0. 0. 0.],sci.med
[0. 0. 0. ... 0. 0. 0.],alt.atheism
[0. 0. 0. ... 0. 0. 0.],sci.electronics
[0. 0. 0. ... 0. 0. 0.],talk.politics.misc
[0. 0. 0. ... 0. 0. 0.],comp.sys.ibm.pc.hardware
[0. 0. 0. ... 0. 0. 0.],rec.motorcycles
[0. 0. 0. ... 0. 0. 0.],soc.religion.christian
[0. 0. 0. ... 0. 0. 0.],sci.electronics
[0. 0. 0. ... 0. 0. 0.],soc.religion.christian
[0. 0. 0. ... 0. 0. 0.],comp.sys.ibm.pc.hardware
[0. 0. 0. ... 0. 0. 0.],comp.os.ms-windows.misc
[0. 0. 0. ... 0. 0. 0.],comp.graphics
[0. 0. 0. ... 0. 0. 0.],rec.sport.hockey
[0. 0. 0. ... 0. 0. 0.],talk.politics.guns
[0.         0.14537517 0.         ... 0.         0.         0.        ],comp.os.ms-windows.misc
[0. 0. 0. ... 0. 0. 0.],comp.sys.ibm.pc.hardware
[0. 0. 0. ... 0. 0. 0.],misc.forsale
[0. 0. 0. ... 0. 0. 0.],misc.forsale
[0. 0. 0. ... 0. 0. 0.],talk.politics.mideast
[0. 0. 0. ... 0. 0. 0.],sci.space
[0. 0. 0. ... 0. 0. 0.],soc.religion.christian
[0. 0. 0. ... 0. 0. 0.],sci.med
[0. 0. 0. ... 0. 0. 0.],comp.sys.ibm.pc.hardware
[0. 0. 0. ... 0. 0. 0.],rec.autos
[0.         0.         0.31625152 ... 0.         0.         0.        ],talk.politics.misc
[0. 0. 0. ... 0. 0. 0.],comp.sys.mac.hardware
[0. 0. 0. ... 0. 0. 0.],sci.med
[0. 0. 0. ... 0. 0. 0.],misc.forsale
[0. 0. 0. ... 0. 0. 0.],soc.religion.christian
[0. 0. 0. ... 0. 0. 0.],rec.autos
[0. 0. 0. ... 0. 0. 0.],sci.electronics
[0. 0. 0. ... 0. 0. 0.],sci.electronics
[0. 0. 0. ... 0. 0. 0.],alt.atheism
[0. 0. 0. ... 0. 0. 0.],sci.electronics
[0. 0. 0. ... 0. 0. 0.],comp.os.ms-windows.misc
[0. 0. 0. ... 0. 0. 0.],comp.sys.ibm.pc.hardware
[0. 0. 0. ... 0. 0. 0.],sci.space
[0. 0. 0. ... 0. 0. 0.],sci.space
[0.09145247 0.         0.         ... 0.         0.         0.        ],sci.med
[0. 0. 0. ... 0. 0. 0.],comp.sys.mac.hardware
[0. 0. 0. ... 0. 0. 0.],talk.politics.mideast
[0.         0.27584982 0.         ... 0.         0.         0.        ],sci.space
[0. 0. 0. ... 0. 0. 0.],sci.med
[0.         0.15376918 0.         ... 0.         0.         0.        ],comp.sys.ibm.pc.hardware
[0. 0. 0. ... 0. 0. 0.],rec.sport.hockey
[0. 0. 0. ... 0. 0. 0.],alt.atheism
[0.         0.02986309 0.         ... 0.         0.         0.        ],talk.politics.guns
[0.         0.14279012 0.         ... 0.         0.         0.        ],sci.crypt
[0. 0. 0. ... 0. 0. 0.],comp.sys.ibm.pc.hardware
[0. 0. 0. ... 0. 0. 0.],talk.religion.misc
[0. 0. 0. ... 0. 0. 0.],comp.os.ms-windows.misc
[0. 0. 0. ... 0. 0. 0.],sci.crypt
[0. 0. 0. ... 0. 0. 0.],comp.os.ms-windows.misc
[0. 0. 0. ... 0. 0. 0.],sci.electronics
[0. 0. 0. ... 0. 0. 0.],sci.space
[0. 0. 0. ... 0. 0. 0.],sci.electronics
[0. 0. 0. ... 0. 0. 0.],comp.graphics
[0. 0. 0. ... 0. 0. 0.],rec.sport.baseball
[0. 0. 0. ... 0. 0. 0.],sci.electronics
[0. 0. 0. ... 0. 0. 0.],sci.space
[0. 0. 0. ... 0. 0. 0.],talk.politics.mideast
[0. 0. 0. ... 0. 0. 0.],talk.politics.mideast
[0. 0. 0. ... 0. 0. 0.],sci.electronics
[0. 0. 0. ... 0. 0. 0.],talk.politics.mideast
[0. 0. 0. ... 0. 0. 0.],talk.politics.misc
[0. 0. 0. ... 0. 0. 0.],alt.atheism
[0. 0. 0. ... 0. 0. 0.],talk.religion.misc
[0. 0. 0. ... 0. 0. 0.],talk.politics.misc
[0. 0. 0. ... 0. 0. 0.],talk.religion.misc
[0. 0. 0. ... 0. 0. 0.],talk.politics.misc
[0. 0. 0. ... 0. 0. 0.],alt.atheism
[0.05023505 0.         0.         ... 0.         0.         0.        ],comp.sys.ibm.pc.hardware
[0. 0. 0. ... 0. 0. 0.],misc.forsale
[0. 0. 0. ... 0. 0. 0.],rec.sport.baseball
[0. 0. 0. ... 0. 0. 0.],talk.politics.mideast
[0. 0. 0. ... 0. 0. 0.],soc.religion.christian
[0. 0. 0. ... 0. 0. 0.],rec.autos
[0. 0. 0. ... 0. 0. 0.],talk.politics.guns
[0. 0. 0. ... 0. 0. 0.],comp.os.ms-windows.misc
[0. 0. 0. ... 0. 0. 0.],rec.sport.hockey
[0. 0. 0. ... 0. 0. 0.],rec.autos
[0. 0. 0. ... 0. 0. 0.],rec.motorcycles
[0. 0. 0. ... 0. 0. 0.],talk.politics.misc
[0. 0. 0. ... 0. 0. 0.],comp.os.ms-windows.misc
[0. 0. 0. ... 0. 0. 0.],rec.autos
[0. 0. 0. ... 0. 0. 0.],sci.med
[0. 0. 0. ... 0. 0. 0.],talk.politics.guns
[0. 0. 0. ... 0. 0. 0.],comp.sys.mac.hardware
[0. 0. 0. ... 0. 0. 0.],misc.forsale
[0. 0. 0. ... 0. 0. 0.],rec.sport.hockey
[0. 0. 0. ... 0. 0. 0.],talk.politics.mideast
[0. 0. 0. ... 0. 0. 0.],comp.os.ms-windows.misc
[0. 0. 0. ... 0. 0. 0.],misc.forsale
[0. 0. 0. ... 0. 0. 0.],soc.religion.christian
[0. 0. 0. ... 0. 0. 0.],alt.atheism
[0. 0. 0. ... 0. 0. 0.],comp.graphics
[0. 0. 0. ... 0. 0. 0.],soc.religion.christian
[0. 0. 0. ... 0. 0. 0.],misc.forsale
[0. 0. 0. ... 0. 0. 0.],comp.os.ms-windows.misc
[0. 0. 0. ... 0. 0. 0.],comp.graphics
[0. 0. 0. ... 0. 0. 0.],rec.sport.baseball
[0. 0. 0. ... 0. 0. 0.],talk.politics.mideast
[0. 0. 0. ... 0. 0. 0.],talk.politics.guns
[0. 0. 0. ... 0. 0. 0.],comp.windows.x
[0. 0. 0. ... 0. 0. 0.],talk.politics.mideast
[0. 0. 0. ... 0. 0. 0.],talk.politics.misc
[0. 0. 0. ... 0. 0. 0.],talk.politics.mideast
[0. 0. 0. ... 0. 0. 0.],sci.electronics
[0. 0. 0. ... 0. 0. 0.],comp.sys.ibm.pc.hardware
[0. 0. 0. ... 0. 0. 0.],talk.religion.misc
[0. 0. 0. ... 0. 0. 0.],sci.space
[0. 0. 0. ... 0. 0. 0.],soc.religion.christian
[0. 0. 0. ... 0. 0. 0.],comp.graphics
[0. 0. 0. ... 0. 0. 0.],comp.sys.mac.hardware
[0. 0. 0. ... 0. 0. 0.],sci.space
[0. 0. 0. ... 0. 0. 0.],rec.motorcycles
[0. 0. 0. ... 0. 0. 0.],comp.windows.x
[0. 0. 0. ... 0. 0. 0.],rec.sport.baseball
[0. 0. 0. ... 0. 0. 0.],rec.motorcycles
[0. 0. 0. ... 0. 0. 0.],talk.politics.misc
[0. 0. 0. ... 0. 0. 0.],comp.sys.ibm.pc.hardware
[0. 0. 0. ... 0. 0. 0.],comp.graphics
[0. 0. 0. ... 0. 0. 0.],talk.politics.mideast
[0. 0. 0. ... 0. 0. 0.],talk.religion.misc
[0. 0. 0. ... 0. 0. 0.],rec.sport.hockey
[0. 0. 0. ... 0. 0. 0.],sci.space
[0. 0. 0. ... 0. 0. 0.],rec.sport.baseball
[0. 0. 0. ... 0. 0. 0.],talk.politics.mideast
[0. 0. 0. ... 0. 0. 0.],talk.politics.mideast
[0. 0. 0. ... 0. 0. 0.],sci.med
[0. 0. 0. ... 0. 0. 0.],talk.politics.misc
[0. 0. 0. ... 0. 0. 0.],sci.space
[0. 0. 0. ... 0. 0. 0.],rec.autos
[0. 0. 0. ... 0. 0. 0.],talk.politics.guns
[0. 0. 0. ... 0. 0. 0.],talk.politics.mideast
[0. 0. 0. ... 0. 0. 0.],sci.crypt
[0.         0.13600646 0.         ... 0.         0.         0.        ],comp.sys.ibm.pc.hardware
[0. 0. 0. ... 0. 0. 0.],sci.electronics
[0. 0. 0. ... 0. 0. 0.],comp.os.ms-windows.misc
[0. 0. 0. ... 0. 0. 0.],comp.windows.x
[0. 0. 0. ... 0. 0. 0.],sci.med
[0. 0. 0. ... 0. 0. 0.],comp.windows.x
[0. 0. 0. ... 0. 0. 0.],rec.sport.baseball
[0. 0. 0. ... 0. 0. 0.],comp.sys.mac.hardware
[0. 0. 0. ... 0. 0. 0.],comp.sys.mac.hardware
[0. 0. 0. ... 0. 0. 0.],comp.sys.ibm.pc.hardware
[0. 0. 0. ... 0. 0. 0.],talk.religion.misc
[0. 0. 0. ... 0. 0. 0.],soc.religion.christian
[0. 0. 0. ... 0. 0. 0.],sci.crypt
[0. 0. 0. ... 0. 0. 0.],sci.med
[0. 0. 0. ... 0. 0. 0.],sci.crypt
[0. 0. 0. ... 0. 0. 0.],rec.sport.baseball
[0. 0. 0. ... 0. 0. 0.],comp.os.ms-windows.misc
[0. 0. 0. ... 0. 0. 0.],comp.sys.mac.hardware
[0. 0. 0. ... 0. 0. 0.],comp.windows.x
[0. 0. 0. ... 0. 0. 0.],comp.sys.ibm.pc.hardware
[0. 0. 0. ... 0. 0. 0.],sci.crypt
[0. 0. 0. ... 0. 0. 0.],sci.electronics
[0. 0. 0. ... 0. 0. 0.],rec.sport.hockey
[0. 0. 0. ... 0. 0. 0.],talk.politics.misc
[0. 0. 0. ... 0. 0. 0.],talk.politics.misc
[0. 0. 0. ... 0. 0. 0.],sci.electronics
[0. 0. 0. ... 0. 0. 0.],talk.politics.guns
[0. 0. 0. ... 0. 0. 0.],rec.motorcycles
[0. 0. 0. ... 0. 0. 0.],comp.windows.x
[0. 0. 0. ... 0. 0. 0.],comp.os.ms-windows.misc
[0. 0. 0. ... 0. 0. 0.],comp.windows.x
[0. 0. 0. ... 0. 0. 0.],sci.space
[0. 0. 0. ... 0. 0. 0.],comp.os.ms-windows.misc
[0. 0. 0. ... 0. 0. 0.],talk.politics.misc
[0. 0. 0. ... 0. 0. 0.],soc.religion.christian
[0. 0. 0. ... 0. 0. 0.],sci.med
[0. 0. 0. ... 0. 0. 0.],comp.os.ms-windows.misc
[0. 0. 0. ... 0. 0. 0.],rec.sport.hockey
[0. 0. 0. ... 0. 0. 0.],alt.atheism
[0.         0.17342795 0.         ... 0.         0.         0.        ],rec.sport.hockey
[0. 0. 0. ... 0. 0. 0.],sci.electronics
[0. 0. 0. ... 0. 0. 0.],misc.forsale
[0. 0. 0. ... 0. 0. 0.],talk.politics.guns
[0. 0. 0. ... 0. 0. 0.],comp.graphics
[0. 0. 0. ... 0. 0. 0.],comp.windows.x
[0. 0. 0. ... 0. 0. 0.],sci.med
[0. 0. 0. ... 0. 0. 0.],talk.politics.misc
[0. 0. 0. ... 0. 0. 0.],sci.electronics
[0. 0. 0. ... 0. 0. 0.],sci.med
[0. 0. 0. ... 0. 0. 0.],soc.religion.christian
[0. 0. 0. ... 0. 0. 0.],talk.politics.guns
[0. 0. 0. ... 0. 0. 0.],soc.religion.christian
[0. 0. 0. ... 0. 0. 0.],comp.sys.mac.hardware
[0.         0.25714824 0.         ... 0.         0.         0.        ],misc.forsale
[0. 0. 0. ... 0. 0. 0.],rec.sport.hockey
[0. 0. 0. ... 0. 0. 0.],comp.sys.mac.hardware
[0. 0. 0. ... 0. 0. 0.],soc.religion.christian
[0. 0. 0. ... 0. 0. 0.],comp.windows.x
[0. 0. 0. ... 0. 0. 0.],alt.atheism
[0. 0. 0. ... 0. 0. 0.],alt.atheism
[0. 0. 0. ... 0. 0. 0.],rec.motorcycles
[0. 0. 0. ... 0. 0. 0.],talk.politics.misc
[0. 0. 0. ... 0. 0. 0.],sci.crypt
[0. 0. 0. ... 0. 0. 0.],misc.forsale
[0. 0. 0. ... 0. 0. 0.],sci.med
[0. 0. 0. ... 0. 0. 0.],talk.politics.guns
[0. 0. 0. ... 0. 0. 0.],comp.sys.ibm.pc.hardware
[0. 0. 0. ... 0. 0. 0.],sci.space
[0. 0. 0. ... 0. 0. 0.],soc.religion.christian
[0. 0. 0. ... 0. 0. 0.],alt.atheism
[0. 0. 0. ... 0. 0. 0.],rec.autos
[0. 0. 0. ... 0. 0. 0.],talk.politics.guns
[0. 0. 0. ... 0. 0. 0.],alt.atheism
[0.         0.15579724 0.         ... 0.         0.         0.        ],sci.med
[0. 0. 0. ... 0. 0. 0.],rec.motorcycles
[0. 0. 0. ... 0. 0. 0.],comp.windows.x
[0. 0. 0. ... 0. 0. 0.],talk.religion.misc
[0. 0. 0. ... 0. 0. 0.],comp.sys.mac.hardware
[0. 0. 0. ... 0. 0. 0.],sci.space
[0. 0. 0. ... 0. 0. 0.],comp.windows.x
[0. 0. 0. ... 0. 0. 0.],sci.electronics
[0. 0. 0. ... 0. 0. 0.],rec.motorcycles
[0. 0. 0. ... 0. 0. 0.],talk.politics.misc
[0. 0. 0. ... 0. 0. 0.],rec.motorcycles
[0. 0. 0. ... 0. 0. 0.],comp.graphics
[0.2294784 0.        0.        ... 0.        0.        0.       ],talk.politics.mideast
[0. 0. 0. ... 0. 0. 0.],rec.sport.baseball
[0.         0.07257081 0.         ... 0.         0.         0.        ],rec.autos
[0. 0. 0. ... 0. 0. 0.],sci.crypt
[0. 0. 0. ... 0. 0. 0.],comp.sys.ibm.pc.hardware
[0. 0. 0. ... 0. 0. 0.],rec.autos
[0. 0. 0. ... 0. 0. 0.],comp.sys.mac.hardware
[0. 0. 0. ... 0. 0. 0.],sci.space
[0. 0. 0. ... 0. 0. 0.],rec.autos
[0. 0. 0. ... 0. 0. 0.],comp.sys.mac.hardware
[0. 0. 0. ... 0. 0. 0.],alt.atheism
[0. 0. 0. ... 0. 0. 0.],rec.sport.baseball
[0. 0. 0. ... 0. 0. 0.],rec.autos
[0. 0. 0. ... 0. 0. 0.],misc.forsale
[0. 0. 0. ... 0. 0. 0.],misc.forsale
[0. 0. 0. ... 0. 0. 0.],talk.politics.misc
[0. 0. 0. ... 0. 0. 0.],sci.electronics
[0. 0. 0. ... 0. 0. 0.],talk.politics.mideast
[0. 0. 0. ... 0. 0. 0.],talk.politics.mideast
[0. 0. 0. ... 0. 0. 0.],rec.autos
[0. 0. 0. ... 0. 0. 0.],sci.space
[0. 0. 0. ... 0. 0. 0.],comp.graphics
[0. 0. 0. ... 0. 0. 0.],sci.crypt
[0. 0. 0. ... 0. 0. 0.],misc.forsale
[0. 0. 0. ... 0. 0. 0.],talk.politics.mideast
[0. 0. 0. ... 0. 0. 0.],sci.crypt
[0. 0. 0. ... 0. 0. 0.],talk.religion.misc
[0. 0. 0. ... 0. 0. 0.],comp.sys.ibm.pc.hardware
[0. 0. 0. ... 0. 0. 0.],misc.forsale
[0. 0. 0. ... 0. 0. 0.],soc.religion.christian
[0. 0. 0. ... 0. 0. 0.],comp.os.ms-windows.misc
[0. 0. 0. ... 0. 0. 0.],sci.med
[0. 0. 0. ... 0. 0. 0.],rec.motorcycles
[0. 0. 0. ... 0. 0. 0.],rec.sport.hockey
[0. 0. 0. ... 0. 0. 0.],sci.electronics
[0. 0. 0. ... 0. 0. 0.],rec.sport.baseball
[0. 0. 0. ... 0. 0. 0.],comp.sys.ibm.pc.hardware
[0. 0. 0. ... 0. 0. 0.],sci.electronics
[0. 0. 0. ... 0. 0. 0.],sci.crypt
[0. 0. 0. ... 0. 0. 0.],soc.religion.christian
[0. 0. 0. ... 0. 0. 0.],soc.religion.christian
[0. 0. 0. ... 0. 0. 0.],rec.autos
[0. 0. 0. ... 0. 0. 0.],comp.os.ms-windows.misc
[0. 0. 0. ... 0. 0. 0.],misc.forsale
[0.         0.         0.         ... 0.         0.33333927 0.        ],comp.sys.ibm.pc.hardware
[0. 0. 0. ... 0. 0. 0.],comp.sys.ibm.pc.hardware
[0. 0. 0. ... 0. 0. 0.],talk.politics.mideast
[0. 0. 0. ... 0. 0. 0.],misc.forsale
[0. 0. 0. ... 0. 0. 0.],misc.forsale
[0. 0. 0. ... 0. 0. 0.],talk.politics.misc
[0. 0. 0. ... 0. 0. 0.],sci.space
[0. 0. 0. ... 0. 0. 0.],misc.forsale
[0. 0. 0. ... 0. 0. 0.],talk.politics.misc
[0. 0. 0. ... 0. 0. 0.],talk.politics.misc
[0. 0. 0. ... 0. 0. 0.],sci.space
[0. 0. 0. ... 0. 0. 0.],misc.forsale
[0. 0. 0. ... 0. 0. 0.],comp.graphics
[0. 0. 0. ... 0. 0. 0.],comp.graphics
[0. 0. 0. ... 0. 0. 0.],talk.religion.misc
[0. 0. 0. ... 0. 0. 0.],rec.motorcycles
[0. 0. 0. ... 0. 0. 0.],comp.windows.x
[0. 0. 0. ... 0. 0. 0.],comp.os.ms-windows.misc
[0. 0. 0. ... 0. 0. 0.],talk.politics.mideast
[0. 0. 0. ... 0. 0. 0.],soc.religion.christian
[0. 0. 0. ... 0. 0. 0.],talk.politics.misc
[0. 0. 0. ... 0. 0. 0.],misc.forsale
[0. 0. 0. ... 0. 0. 0.],sci.electronics
[0. 0. 0. ... 0. 0. 0.],rec.sport.hockey
[0. 0. 0. ... 0. 0. 0.],sci.space
[0. 0. 0. ... 0. 0. 0.],comp.sys.mac.hardware
[0. 0. 0. ... 0. 0. 0.],comp.sys.mac.hardware
[0. 0. 0. ... 0. 0. 0.],sci.crypt
[0. 0. 0. ... 0. 0. 0.],comp.os.ms-windows.misc
[0. 0. 0. ... 0. 0. 0.],talk.religion.misc
[0.         0.02492475 0.         ... 0.         0.         0.        ],comp.sys.ibm.pc.hardware
[0. 0. 0. ... 0. 0. 0.],rec.sport.hockey
[0. 0. 0. ... 0. 0. 0.],rec.sport.hockey
[0. 0. 0. ... 0. 0. 0.],sci.electronics
[0. 0. 0. ... 0. 0. 0.],talk.politics.mideast
[0. 0. 0. ... 0. 0. 0.],comp.graphics
[0. 0. 0. ... 0. 0. 0.],rec.sport.hockey
[0. 0. 0. ... 0. 0. 0.],sci.electronics
[0. 0. 0. ... 0. 0. 0.],sci.crypt
[0. 0. 0. ... 0. 0. 0.],rec.sport.hockey
[0. 0. 0. ... 0. 0. 0.],sci.med
[0.         0.10118656 0.         ... 0.         0.         0.        ],talk.politics.guns
[0. 0. 0. ... 0. 0. 0.],sci.crypt
[0. 0. 0. ... 0. 0. 0.],rec.motorcycles
[0. 0. 0. ... 0. 0. 0.],sci.crypt
[0. 0. 0. ... 0. 0. 0.],alt.atheism
[0. 0. 0. ... 0. 0. 0.],sci.space
[0. 0. 0. ... 0. 0. 0.],sci.space
[0. 0. 0. ... 0. 0. 0.],comp.windows.x
[0.         0.         0.         ... 0.         0.         0.66111732],comp.sys.mac.hardware
[0. 0. 0. ... 0. 0. 0.],sci.space
[0. 0. 0. ... 0. 0. 0.],rec.autos
[0. 0. 0. ... 0. 0. 0.],comp.sys.ibm.pc.hardware
[0. 0. 0. ... 0. 0. 0.],talk.politics.guns
[0. 0. 0. ... 0. 0. 0.],talk.politics.mideast
[0. 0. 0. ... 0. 0. 0.],talk.politics.guns
[0. 0. 0. ... 0. 0. 0.],comp.windows.x
[0. 0. 0. ... 0. 0. 0.],talk.politics.guns
[0. 0. 0. ... 0. 0. 0.],soc.religion.christian
[0. 0. 0. ... 0. 0. 0.],misc.forsale
[0. 0. 0. ... 0. 0. 0.],rec.sport.hockey
[0. 0. 0. ... 0. 0. 0.],sci.space
[0.         0.24451927 0.         ... 0.         0.         0.        ],misc.forsale
[0. 0. 0. ... 0. 0. 0.],talk.politics.mideast
[0. 0. 0. ... 0. 0. 0.],comp.graphics
[0. 0. 0. ... 0. 0. 0.],sci.crypt
[0. 0. 0. ... 0. 0. 0.],comp.windows.x
[0. 0. 0. ... 0. 0. 0.],talk.religion.misc
[0. 0. 0. ... 0. 0. 0.],rec.autos
[0. 0. 0. ... 0. 0. 0.],rec.autos
[0. 0. 0. ... 0. 0. 0.],comp.sys.ibm.pc.hardware
[0. 0. 0. ... 0. 0. 0.],rec.sport.baseball
[0. 0. 0. ... 0. 0. 0.],comp.windows.x
[0. 0. 0. ... 0. 0. 0.],comp.graphics
[0. 0. 0. ... 0. 0. 0.],comp.windows.x
[0. 0. 0. ... 0. 0. 0.],comp.graphics
[0. 0. 0. ... 0. 0. 0.],soc.religion.christian
[0. 0. 0. ... 0. 0. 0.],talk.politics.mideast
[0. 0. 0. ... 0. 0. 0.],rec.sport.baseball
[0. 0. 0. ... 0. 0. 0.],talk.politics.guns
[0. 0. 0. ... 0. 0. 0.],soc.religion.christian
[0. 0. 0. ... 0. 0. 0.],rec.sport.baseball
[0. 0. 0. ... 0. 0. 0.],sci.electronics
[0. 0. 0. ... 0. 0. 0.],comp.os.ms-windows.misc
[0. 0. 0. ... 0. 0. 0.],soc.religion.christian
[0. 0. 0. ... 0. 0. 0.],comp.sys.mac.hardware
[0. 0. 0. ... 0. 0. 0.],alt.atheism
[0. 0. 0. ... 0. 0. 0.],rec.sport.baseball
[0.         0.         0.         ... 0.16562577 0.         0.        ],sci.electronics
[0. 0. 0. ... 0. 0. 0.],talk.politics.mideast
[0. 0. 0. ... 0. 0. 0.],talk.politics.misc
[0. 0. 0. ... 0. 0. 0.],comp.sys.ibm.pc.hardware
[0. 0. 0. ... 0. 0. 0.],rec.autos
[0. 0. 0. ... 0. 0. 0.],soc.religion.christian
[0. 0. 0. ... 0. 0. 0.],rec.motorcycles
[0. 0. 0. ... 0. 0. 0.],misc.forsale
[0. 0. 0. ... 0. 0. 0.],rec.sport.baseball
[0. 0. 0. ... 0. 0. 0.],sci.space
[0. 0. 0. ... 0. 0. 0.],alt.atheism
[0. 0. 0. ... 0. 0. 0.],talk.politics.misc
[0. 0. 0. ... 0. 0. 0.],soc.religion.christian
[0. 0. 0. ... 0. 0. 0.],sci.med
[0. 0. 0. ... 0. 0. 0.],talk.politics.mideast
[0. 0. 0. ... 0. 0. 0.],rec.sport.hockey
[0. 0. 0. ... 0. 0. 0.],talk.politics.guns
[0. 0. 0. ... 0. 0. 0.],comp.windows.x
[0. 0. 0. ... 0. 0. 0.],alt.atheism
[0. 0. 0. ... 0. 0. 0.],talk.politics.misc
[0. 0. 0. ... 0. 0. 0.],talk.religion.misc
[0. 0. 0. ... 0. 0. 0.],misc.forsale
[0. 0. 0. ... 0. 0. 0.],rec.motorcycles
[0. 0. 0. ... 0. 0. 0.],rec.motorcycles
[0. 0. 0. ... 0. 0. 0.],comp.sys.ibm.pc.hardware
[0. 0. 0. ... 0. 0. 0.],misc.forsale
[0. 0. 0. ... 0. 0. 0.],comp.graphics
[0. 0. 0. ... 0. 0. 0.],rec.autos
[0.         0.         0.         ... 0.08999535 0.         0.        ],talk.politics.mideast
[0. 0. 0. ... 0. 0. 0.],talk.religion.misc
[0. 0. 0. ... 0. 0. 0.],comp.windows.x
[0.         0.13170322 0.         ... 0.         0.         0.        ],rec.sport.baseball
[0. 0. 0. ... 0. 0. 0.],alt.atheism
[0. 0. 0. ... 0. 0. 0.],rec.sport.baseball
[0. 0. 0. ... 0. 0. 0.],comp.graphics
[0. 0. 0. ... 0. 0. 0.],comp.sys.ibm.pc.hardware
[0. 0. 0. ... 0. 0. 0.],comp.windows.x
[0.         0.07368016 0.         ... 0.         0.         0.        ],sci.crypt
[0. 0. 0. ... 0. 0. 0.],comp.sys.mac.hardware
[0. 0. 0. ... 0. 0. 0.],talk.politics.guns
[0. 0. 0. ... 0. 0. 0.],misc.forsale
[0. 0. 0. ... 0. 0. 0.],soc.religion.christian
[0. 0. 0. ... 0. 0. 0.],sci.crypt
[0. 0. 0. ... 0. 0. 0.],rec.motorcycles
[0. 0. 0. ... 0. 0. 0.],talk.politics.misc
[0. 0. 0. ... 0. 0. 0.],sci.electronics
[0. 0. 0. ... 0. 0. 0.],comp.sys.mac.hardware
[0. 0. 0. ... 0. 0. 0.],rec.sport.baseball
[0. 0. 0. ... 0. 0. 0.],alt.atheism
[0. 0. 0. ... 0. 0. 0.],rec.autos
[0. 0. 0. ... 0. 0. 0.],rec.motorcycles
[0. 0. 0. ... 0. 0. 0.],comp.windows.x
[0. 0. 0. ... 0. 0. 0.],talk.politics.mideast
[0. 0. 0. ... 0. 0. 0.],sci.space
[0. 0. 0. ... 0. 0. 0.],sci.crypt
[0. 0. 0. ... 0. 0. 0.],comp.sys.ibm.pc.hardware
[0. 0. 0. ... 0. 0. 0.],comp.sys.ibm.pc.hardware
[0. 0. 0. ... 0. 0. 0.],rec.autos
[0. 0. 0. ... 0. 0. 0.],talk.religion.misc
[0.         0.10017427 0.         ... 0.         0.         0.        ],talk.politics.mideast
[0. 0. 0. ... 0. 0. 0.],misc.forsale
[0. 0. 0. ... 0. 0. 0.],soc.religion.christian
[0. 0. 0. ... 0. 0. 0.],misc.forsale
[0. 0. 0. ... 0. 0. 0.],sci.crypt
[0. 0. 0. ... 0. 0. 0.],rec.sport.hockey
[0. 0. 0. ... 0. 0. 0.],soc.religion.christian
[0. 0. 0. ... 0. 0. 0.],sci.electronics
[0. 0. 0. ... 0. 0. 0.],talk.politics.mideast
[0. 0. 0. ... 0. 0. 0.],comp.sys.ibm.pc.hardware
[0.07614504 0.         0.         ... 0.         0.         0.        ],talk.politics.guns
[0.         0.11143201 0.         ... 0.         0.         0.        ],sci.med
[0.         0.08653752 0.         ... 0.         0.         0.        ],sci.electronics
[0. 0. 0. ... 0. 0. 0.],sci.crypt
[0. 0. 0. ... 0. 0. 0.],rec.sport.baseball
[0. 0. 0. ... 0. 0. 0.],rec.sport.baseball
[0. 0. 0. ... 0. 0. 0.],comp.os.ms-windows.misc
[0.         0.         0.         ... 0.04873444 0.         0.        ],comp.sys.ibm.pc.hardware
[0. 0. 0. ... 0. 0. 0.],rec.autos
[0.         0.17071172 0.         ... 0.         0.         0.        ],comp.sys.ibm.pc.hardware
[0. 0. 0. ... 0. 0. 0.],talk.religion.misc
[0. 0. 0. ... 0. 0. 0.],talk.religion.misc
[0. 0. 0. ... 0. 0. 0.],comp.sys.mac.hardware
[0. 0. 0. ... 0. 0. 0.],talk.politics.guns
[0. 0. 0. ... 0. 0. 0.],comp.graphics
[0. 0. 0. ... 0. 0. 0.],sci.electronics
[0. 0. 0. ... 0. 0. 0.],sci.crypt
[0. 0. 0. ... 0. 0. 0.],soc.religion.christian
[0.         0.16183324 0.         ... 0.         0.         0.        ],talk.politics.guns
[0. 0. 0. ... 0. 0. 0.],sci.crypt
[0. 0. 0. ... 0. 0. 0.],talk.politics.mideast
[0.         0.02023898 0.         ... 0.         0.         0.        ],soc.religion.christian
[0. 0. 0. ... 0. 0. 0.],comp.sys.ibm.pc.hardware
[0. 0. 0. ... 0. 0. 0.],talk.politics.mideast
[0. 0. 0. ... 0. 0. 0.],comp.graphics
[0. 0. 0. ... 0. 0. 0.],comp.windows.x
[0. 0. 0. ... 0. 0. 0.],sci.electronics
[0. 0. 0. ... 0. 0. 0.],alt.atheism
[0. 0. 0. ... 0. 0. 0.],sci.electronics
[0. 0. 0. ... 0. 0. 0.],sci.electronics
[0. 0. 0. ... 0. 0. 0.],comp.graphics
[0. 0. 0. ... 0. 0. 0.],alt.atheism
[0. 0. 0. ... 0. 0. 0.],soc.religion.christian
[0. 0. 0. ... 0. 0. 0.],comp.windows.x
[0. 0. 0. ... 0. 0. 0.],talk.politics.guns
[0. 0. 0. ... 0. 0. 0.],sci.space
[0.1456813 0.        0.        ... 0.        0.        0.       ],rec.autos
[0. 0. 0. ... 0. 0. 0.],talk.politics.mideast
[0. 0. 0. ... 0. 0. 0.],misc.forsale
[0. 0. 0. ... 0. 0. 0.],comp.graphics
[0. 0. 0. ... 0. 0. 0.],talk.religion.misc
[0. 0. 0. ... 0. 0. 0.],talk.politics.mideast
[0. 0. 0. ... 0. 0. 0.],rec.motorcycles
[0. 0. 0. ... 0. 0. 0.],sci.crypt
[0. 0. 0. ... 0. 0. 0.],comp.graphics
[0. 0. 0. ... 0. 0. 0.],misc.forsale
[0.04823455 0.         0.         ... 0.         0.         0.        ],rec.sport.baseball
[0. 0. 0. ... 0. 0. 0.],rec.sport.hockey
[0. 0. 0. ... 0. 0. 0.],rec.motorcycles
[0.         0.07345971 0.         ... 0.         0.         0.        ],comp.graphics
[0. 0. 0. ... 0. 0. 0.],rec.sport.baseball
[0.08323679 0.         0.         ... 0.         0.         0.        ],rec.sport.baseball
[0. 0. 0. ... 0. 0. 0.],comp.windows.x
[0.0904498 0.        0.        ... 0.        0.        0.       ],rec.autos
[0. 0. 0. ... 0. 0. 0.],comp.graphics
[0. 0. 0. ... 0. 0. 0.],rec.sport.hockey
[0. 0. 0. ... 0. 0. 0.],sci.electronics
[0. 0. 0. ... 0. 0. 0.],misc.forsale
[0. 0. 0. ... 0. 0. 0.],comp.windows.x
[0. 0. 0. ... 0. 0. 0.],misc.forsale
[0. 0. 0. ... 0. 0. 0.],talk.religion.misc
[0. 0. 0. ... 0. 0. 0.],rec.autos
[0. 0. 0. ... 0. 0. 0.],comp.sys.ibm.pc.hardware
[0. 0. 0. ... 0. 0. 0.],comp.sys.mac.hardware
[0. 0. 0. ... 0. 0. 0.],talk.politics.mideast
[0. 0. 0. ... 0. 0. 0.],sci.space
[0. 0. 0. ... 0. 0. 0.],rec.sport.baseball
[0. 0. 0. ... 0. 0. 0.],sci.crypt
[0. 0. 0. ... 0. 0. 0.],rec.sport.baseball
[0. 0. 0. ... 0. 0. 0.],sci.med
[0. 0. 0. ... 0. 0. 0.],sci.crypt
[0. 0. 0. ... 0. 0. 0.],soc.religion.christian
[0. 0. 0. ... 0. 0. 0.],comp.graphics
[0. 0. 0. ... 0. 0. 0.],comp.sys.ibm.pc.hardware
[0. 0. 0. ... 0. 0. 0.],misc.forsale
[0. 0. 0. ... 0. 0. 0.],sci.space
[0. 0. 0. ... 0. 0. 0.],sci.space
[0. 0. 0. ... 0. 0. 0.],talk.religion.misc
[0. 0. 0. ... 0. 0. 0.],talk.politics.mideast
[0. 0. 0. ... 0. 0. 0.],rec.sport.baseball
[0.         0.         0.         ... 0.03981554 0.         0.        ],comp.os.ms-windows.misc
[0. 0. 0. ... 0. 0. 0.],rec.sport.baseball
[0. 0. 0. ... 0. 0. 0.],misc.forsale
[0. 0. 0. ... 0. 0. 0.],misc.forsale
[0. 0. 0. ... 0. 0. 0.],misc.forsale
[0. 0. 0. ... 0. 0. 0.],sci.electronics
[0. 0. 0. ... 0. 0. 0.],misc.forsale
[0. 0. 0. ... 0. 0. 0.],comp.windows.x
[0. 0. 0. ... 0. 0. 0.],sci.space
[0. 0. 0. ... 0. 0. 0.],rec.motorcycles
[0. 0. 0. ... 0. 0. 0.],sci.electronics
[0. 0. 0. ... 0. 0. 0.],rec.autos
[0. 0. 0. ... 0. 0. 0.],soc.religion.christian
[0.       0.       0.       ... 0.115535 0.       0.      ],talk.religion.misc
[0. 0. 0. ... 0. 0. 0.],misc.forsale
[0. 0. 0. ... 0. 0. 0.],comp.windows.x
[0. 0. 0. ... 0. 0. 0.],comp.os.ms-windows.misc
[0. 0. 0. ... 0. 0. 0.],comp.sys.mac.hardware
[0. 0. 0. ... 0. 0. 0.],talk.politics.misc
[0. 0. 0. ... 0. 0. 0.],comp.sys.mac.hardware
[0. 0. 0. ... 0. 0. 0.],talk.politics.mideast
[0. 0. 0. ... 0. 0. 0.],rec.sport.baseball
[0. 0. 0. ... 0. 0. 0.],soc.religion.christian
[0. 0. 0. ... 0. 0. 0.],soc.religion.christian
[0. 0. 0. ... 0. 0. 0.],comp.graphics
[0. 0. 0. ... 0. 0. 0.],rec.sport.baseball
[0. 0. 0. ... 0. 0. 0.],sci.med
[0. 0. 0. ... 0. 0. 0.],comp.windows.x
[0. 0. 0. ... 0. 0. 0.],comp.sys.ibm.pc.hardware
[0. 0. 0. ... 0. 0. 0.],sci.space
[0. 0. 0. ... 0. 0. 0.],soc.religion.christian
[0. 0. 0. ... 0. 0. 0.],soc.religion.christian
[0. 0. 0. ... 0. 0. 0.],misc.forsale
[0. 0. 0. ... 0. 0. 0.],talk.politics.mideast
[0. 0. 0. ... 0. 0. 0.],sci.med
[0. 0. 0. ... 0. 0. 0.],rec.sport.hockey
[0. 0. 0. ... 0. 0. 0.],sci.med
[0. 0. 0. ... 0. 0. 0.],talk.religion.misc
[0. 0. 0. ... 0. 0. 0.],alt.atheism
[0. 0. 0. ... 0. 0. 0.],rec.motorcycles
[0. 0. 0. ... 0. 0. 0.],talk.politics.mideast
[0.         0.04027342 0.         ... 0.         0.         0.        ],talk.politics.mideast
[0. 0. 0. ... 0. 0. 0.],sci.med
[0. 0. 0. ... 0. 0. 0.],comp.sys.mac.hardware
[0. 0. 0. ... 0. 0. 0.],alt.atheism
[0. 0. 0. ... 0. 0. 0.],comp.sys.mac.hardware
[0. 0. 0. ... 0. 0. 0.],sci.med
[0. 0. 0. ... 0. 0. 0.],sci.crypt
[0. 0. 0. ... 0. 0. 0.],rec.motorcycles
[0. 0. 0. ... 0. 0. 0.],sci.electronics
[0. 0. 0. ... 0. 0. 0.],sci.med
[0. 0. 0. ... 0. 0. 0.],talk.religion.misc
[0. 0. 0. ... 0. 0. 0.],sci.crypt
[0. 0. 0. ... 0. 0. 0.],sci.electronics
[0. 0. 0. ... 0. 0. 0.],comp.graphics
[0. 0. 0. ... 0. 0. 0.],alt.atheism
[0. 0. 0. ... 0. 0. 0.],sci.space
[0. 0. 0. ... 0. 0. 0.],alt.atheism
[0. 0. 0. ... 0. 0. 0.],alt.atheism
[0. 0. 0. ... 0. 0. 0.],sci.med
[0. 0. 0. ... 0. 0. 0.],comp.os.ms-windows.misc
[0. 0. 0. ... 0. 0. 0.],comp.sys.ibm.pc.hardware
[0. 0. 0. ... 0. 0. 0.],soc.religion.christian
[0. 0. 0. ... 0. 0. 0.],rec.sport.baseball
[0. 0. 0. ... 0. 0. 0.],sci.med
[0. 0. 0. ... 0. 0. 0.],sci.electronics
[0. 0. 0. ... 0. 0. 0.],rec.sport.hockey
[0. 0. 0. ... 0. 0. 0.],rec.autos
[0. 0. 0. ... 0. 0. 0.],sci.med
[0. 0. 0. ... 0. 0. 0.],talk.politics.guns
[0. 0. 0. ... 0. 0. 0.],sci.crypt
[0.         0.06855188 0.         ... 0.         0.         0.        ],talk.politics.guns
[0. 0. 0. ... 0. 0. 0.],comp.graphics
[0. 0. 0. ... 0. 0. 0.],misc.forsale
[0. 0. 0. ... 0. 0. 0.],talk.politics.mideast
[0. 0. 0. ... 0. 0. 0.],sci.crypt
[0. 0. 0. ... 0. 0. 0.],comp.windows.x
[0. 0. 0. ... 0. 0. 0.],sci.space
[0. 0. 0. ... 0. 0. 0.],comp.windows.x
[0. 0. 0. ... 0. 0. 0.],sci.space
[0. 0. 0. ... 0. 0. 0.],talk.religion.misc
[0.         0.         0.         ... 0.         0.04295291 0.        ],comp.os.ms-windows.misc
[0. 0. 0. ... 0. 0. 0.],sci.med
[0. 0. 0. ... 0. 0. 0.],comp.sys.mac.hardware
[0. 0. 0. ... 0. 0. 0.],sci.crypt
[0. 0. 0. ... 0. 0. 0.],sci.med
[0. 0. 0. ... 0. 0. 0.],misc.forsale
[0. 0. 0. ... 0. 0. 0.],talk.politics.guns
[0. 0. 0. ... 0. 0. 0.],rec.autos
[0. 0. 0. ... 0. 0. 0.],alt.atheism
[0. 0. 0. ... 0. 0. 0.],comp.sys.ibm.pc.hardware
[0. 0. 0. ... 0. 0. 0.],sci.electronics
[0. 0. 0. ... 0. 0. 0.],sci.crypt
[0. 0. 0. ... 0. 0. 0.],rec.autos
[0.         0.09375587 0.         ... 0.         0.         0.        ],rec.sport.baseball
[0. 0. 0. ... 0. 0. 0.],comp.sys.ibm.pc.hardware
[0. 0. 0. ... 0. 0. 0.],rec.motorcycles
[0. 0. 0. ... 0. 0. 0.],comp.sys.ibm.pc.hardware
[0.         0.09261679 0.         ... 0.         0.         0.        ],comp.sys.ibm.pc.hardware
[0. 0. 0. ... 0. 0. 0.],rec.sport.hockey
[0.         0.18424218 0.         ... 0.         0.         0.        ],comp.sys.ibm.pc.hardware
[0. 0. 0. ... 0. 0. 0.],talk.politics.guns
[0. 0. 0. ... 0. 0. 0.],rec.motorcycles
[0. 0. 0. ... 0. 0. 0.],sci.electronics
[0. 0. 0. ... 0. 0. 0.],comp.graphics
[0. 0. 0. ... 0. 0. 0.],talk.politics.mideast
[0. 0. 0. ... 0. 0. 0.],talk.religion.misc
[0. 0. 0. ... 0. 0. 0.],talk.politics.mideast
[0. 0. 0. ... 0. 0. 0.],rec.autos
[0. 0. 0. ... 0. 0. 0.],comp.graphics
[0. 0. 0. ... 0. 0. 0.],comp.graphics
[0. 0. 0. ... 0. 0. 0.],alt.atheism
[0. 0. 0. ... 0. 0. 0.],talk.religion.misc
[0. 0. 0. ... 0. 0. 0.],sci.crypt
[0.06958701 0.         0.         ... 0.         0.         0.        ],sci.crypt
[0.04368323 0.         0.         ... 0.         0.         0.        ],comp.graphics
[0. 0. 0. ... 0. 0. 0.],rec.motorcycles
[0. 0. 0. ... 0. 0. 0.],comp.sys.ibm.pc.hardware
[0. 0. 0. ... 0. 0. 0.],comp.graphics
[0. 0. 0. ... 0. 0. 0.],comp.windows.x
[0. 0. 0. ... 0. 0. 0.],talk.politics.guns
[0. 0. 0. ... 0. 0. 0.],comp.graphics
[0. 0. 0. ... 0. 0. 0.],comp.os.ms-windows.misc
[0. 0. 0. ... 0. 0. 0.],misc.forsale
[0.         0.09785636 0.         ... 0.         0.         0.        ],sci.med
[0. 0. 0. ... 0. 0. 0.],rec.sport.baseball
[0. 0. 0. ... 0. 0. 0.],comp.sys.mac.hardware
[0. 0. 0. ... 0. 0. 0.],rec.sport.hockey
[0. 0. 0. ... 0. 0. 0.],comp.sys.mac.hardware
[0. 0. 0. ... 0. 0. 0.],rec.motorcycles
[0. 0. 0. ... 0. 0. 0.],comp.windows.x
[0. 0. 0. ... 0. 0. 0.],soc.religion.christian
[0. 0. 0. ... 0. 0. 0.],talk.politics.mideast
[0. 0. 0. ... 0. 0. 0.],sci.med
[0.         0.04212329 0.         ... 0.         0.         0.        ],comp.sys.ibm.pc.hardware
[0. 0. 0. ... 0. 0. 0.],comp.sys.ibm.pc.hardware
[0. 0. 0. ... 0. 0. 0.],rec.sport.hockey
[0. 0. 0. ... 0. 0. 0.],comp.windows.x
[0. 0. 0. ... 0. 0. 0.],comp.os.ms-windows.misc
[0. 0. 0. ... 0. 0. 0.],talk.politics.mideast
[0. 0. 0. ... 0. 0. 0.],sci.space
[0. 0. 0. ... 0. 0. 0.],sci.med
[0. 0. 0. ... 0. 0. 0.],comp.windows.x
[0. 0. 0. ... 0. 0. 0.],talk.politics.guns
[0. 0. 0. ... 0. 0. 0.],soc.religion.christian
[0. 0. 0. ... 0. 0. 0.],rec.motorcycles
[0. 0. 0. ... 0. 0. 0.],comp.os.ms-windows.misc
[0. 0. 0. ... 0. 0. 0.],talk.politics.guns
[0. 0. 0. ... 0. 0. 0.],comp.os.ms-windows.misc
[0. 0. 0. ... 0. 0. 0.],talk.politics.guns
[0. 0. 0. ... 0. 0. 0.],comp.windows.x
[0. 0. 0. ... 0. 0. 0.],misc.forsale
[0. 0. 0. ... 0. 0. 0.],sci.electronics
[0. 0. 0. ... 0. 0. 0.],misc.forsale
[0. 0. 0. ... 0. 0. 0.],comp.windows.x
[0. 0. 0. ... 0. 0. 0.],rec.autos
[0. 0. 0. ... 0. 0. 0.],rec.sport.hockey
[0. 0. 0. ... 0. 0. 0.],talk.religion.misc
[0. 0. 0. ... 0. 0. 0.],talk.religion.misc
[0. 0. 0. ... 0. 0. 0.],alt.atheism
[0. 0. 0. ... 0. 0. 0.],rec.motorcycles
[0. 0. 0. ... 0. 0. 0.],soc.religion.christian
[0. 0. 0. ... 0. 0. 0.],talk.politics.misc
[0. 0. 0. ... 0. 0. 0.],alt.atheism
[0. 0. 0. ... 0. 0. 0.],talk.religion.misc
[0. 0. 0. ... 0. 0. 0.],comp.sys.ibm.pc.hardware
[0. 0. 0. ... 0. 0. 0.],comp.graphics
[0. 0. 0. ... 0. 0. 0.],soc.religion.christian
[0. 0. 0. ... 0. 0. 0.],soc.religion.christian
[0. 0. 0. ... 0. 0. 0.],comp.os.ms-windows.misc
[0. 0. 0. ... 0. 0. 0.],comp.windows.x
[0. 0. 0. ... 0. 0. 0.],alt.atheism
[0. 0. 0. ... 0. 0. 0.],talk.politics.mideast
[0. 0. 0. ... 0. 0. 0.],rec.motorcycles
[0. 0. 0. ... 0. 0. 0.],rec.sport.hockey
[0. 0. 0. ... 0. 0. 0.],rec.sport.baseball
[0. 0. 0. ... 0. 0. 0.],sci.electronics
[0.         0.         0.         ... 0.07403842 0.         0.        ],sci.space
[0. 0. 0. ... 0. 0. 0.],talk.religion.misc
[0. 0. 0. ... 0. 0. 0.],sci.crypt
[0.05003105 0.         0.         ... 0.         0.         0.        ],comp.graphics
[0. 0. 0. ... 0. 0. 0.],rec.motorcycles
[0. 0. 0. ... 0. 0. 0.],comp.sys.ibm.pc.hardware
[0. 0. 0. ... 0. 0. 0.],misc.forsale
[0. 0. 0. ... 0. 0. 0.],comp.sys.ibm.pc.hardware
[0. 0. 0. ... 0. 0. 0.],soc.religion.christian
[0.15830784 0.         0.         ... 0.         0.         0.        ],rec.sport.hockey
[0. 0. 0. ... 0. 0. 0.],talk.politics.mideast
[0. 0. 0. ... 0. 0. 0.],soc.religion.christian
[0. 0. 0. ... 0. 0. 0.],comp.windows.x
[0. 0. 0. ... 0. 0. 0.],sci.space
[0. 0. 0. ... 0. 0. 0.],sci.med
[0. 0. 0. ... 0. 0. 0.],talk.religion.misc
[0. 0. 0. ... 0. 0. 0.],talk.politics.mideast
[0. 0. 0. ... 0. 0. 0.],comp.windows.x
[0. 0. 0. ... 0. 0. 0.],soc.religion.christian
[0. 0. 0. ... 0. 0. 0.],comp.os.ms-windows.misc
[0. 0. 0. ... 0. 0. 0.],rec.sport.baseball
[0. 0. 0. ... 0. 0. 0.],sci.electronics
[0. 0. 0. ... 0. 0. 0.],talk.religion.misc
[0. 0. 0. ... 0. 0. 0.],comp.os.ms-windows.misc
[0. 0. 0. ... 0. 0. 0.],talk.politics.misc
[0. 0. 0. ... 0. 0. 0.],comp.graphics
[0. 0. 0. ... 0. 0. 0.],comp.graphics
[0. 0. 0. ... 0. 0. 0.],rec.sport.hockey
[0. 0. 0. ... 0. 0. 0.],rec.sport.baseball
[0. 0. 0. ... 0. 0. 0.],talk.politics.guns
[0. 0. 0. ... 0. 0. 0.],rec.sport.baseball
[0. 0. 0. ... 0. 0. 0.],sci.med
[0. 0. 0. ... 0. 0. 0.],rec.motorcycles
[0.         0.         0.         ... 0.         0.         0.07320295],talk.politics.mideast
[0. 0. 0. ... 0. 0. 0.],sci.space
[0. 0. 0. ... 0. 0. 0.],rec.autos
[0. 0. 0. ... 0. 0. 0.],sci.space
[0. 0. 0. ... 0. 0. 0.],sci.space
[0. 0. 0. ... 0. 0. 0.],talk.politics.guns
[0. 0. 0. ... 0. 0. 0.],rec.sport.baseball
[0. 0. 0. ... 0. 0. 0.],sci.space
[0. 0. 0. ... 0. 0. 0.],comp.os.ms-windows.misc
[0. 0. 0. ... 0. 0. 0.],talk.politics.mideast
[0. 0. 0. ... 0. 0. 0.],rec.motorcycles
[0. 0. 0. ... 0. 0. 0.],rec.sport.hockey
[0. 0. 0. ... 0. 0. 0.],comp.windows.x
[0. 0. 0. ... 0. 0. 0.],soc.religion.christian
[0. 0. 0. ... 0. 0. 0.],talk.politics.guns
[0. 0. 0. ... 0. 0. 0.],comp.sys.mac.hardware
[0. 0. 0. ... 0. 0. 0.],comp.sys.mac.hardware
[0. 0. 0. ... 0. 0. 0.],sci.electronics
[0. 0. 0. ... 0. 0. 0.],soc.religion.christian
[0. 0. 0. ... 0. 0. 0.],sci.med
[0. 0. 0. ... 0. 0. 0.],rec.sport.hockey
[0. 0. 0. ... 0. 0. 0.],alt.atheism
[0. 0. 0. ... 0. 0. 0.],talk.politics.guns
[0. 0. 0. ... 0. 0. 0.],comp.windows.x
[0. 0. 0. ... 0. 0. 0.],misc.forsale
[0. 0. 0. ... 0. 0. 0.],sci.med
[0.         0.17810082 0.         ... 0.         0.         0.        ],rec.autos
[0. 0. 0. ... 0. 0. 0.],comp.sys.mac.hardware
[0. 0. 0. ... 0. 0. 0.],sci.space
[0. 0. 0. ... 0. 0. 0.],talk.politics.mideast
[0. 0. 0. ... 0. 0. 0.],talk.religion.misc
[0. 0. 0. ... 0. 0. 0.],comp.windows.x
[0.         0.         0.         ... 0.15038692 0.         0.        ],sci.space
[0. 0. 0. ... 0. 0. 0.],misc.forsale
[0. 0. 0. ... 0. 0. 0.],comp.sys.ibm.pc.hardware
[0. 0. 0. ... 0. 0. 0.],comp.sys.mac.hardware
[0. 0. 0. ... 0. 0. 0.],comp.os.ms-windows.misc
[0.        0.0483844 0.        ... 0.        0.        0.       ],comp.os.ms-windows.misc
[0.         0.28234671 0.         ... 0.         0.         0.        ],comp.graphics
[0. 0. 0. ... 0. 0. 0.],comp.graphics
[0. 0. 0. ... 0. 0. 0.],rec.autos
[0. 0. 0. ... 0. 0. 0.],soc.religion.christian
[0. 0. 0. ... 0. 0. 0.],alt.atheism
[0. 0. 0. ... 0. 0. 0.],comp.graphics
[0. 0. 0. ... 0. 0. 0.],talk.politics.mideast
[0. 0. 0. ... 0. 0. 0.],comp.os.ms-windows.misc
[0. 0. 0. ... 0. 0. 0.],rec.sport.hockey
[0. 0. 0. ... 0. 0. 0.],comp.os.ms-windows.misc
[0. 0. 0. ... 0. 0. 0.],comp.windows.x
[0. 0. 0. ... 0. 0. 0.],rec.sport.baseball
[0. 0. 0. ... 0. 0. 0.],sci.crypt
[0. 0. 0. ... 0. 0. 0.],talk.politics.mideast
[0. 0. 0. ... 0. 0. 0.],comp.sys.ibm.pc.hardware
[0. 0. 0. ... 0. 0. 0.],misc.forsale
[0. 0. 0. ... 0. 0. 0.],rec.sport.baseball
[0.         0.         0.         ... 0.06951981 0.         0.        ],sci.electronics
[0. 0. 0. ... 0. 0. 0.],rec.sport.hockey
[0. 0. 0. ... 0. 0. 0.],comp.sys.mac.hardware
[0. 0. 0. ... 0. 0. 0.],comp.sys.mac.hardware
[0. 0. 0. ... 0. 0. 0.],sci.crypt
[0. 0. 0. ... 0. 0. 0.],rec.motorcycles
[0. 0. 0. ... 0. 0. 0.],comp.graphics
[0. 0. 0. ... 0. 0. 0.],soc.religion.christian
[0. 0. 0. ... 0. 0. 0.],talk.politics.guns
[0. 0. 0. ... 0. 0. 0.],rec.sport.baseball
[0. 0. 0. ... 0. 0. 0.],sci.electronics
[0. 0. 0. ... 0. 0. 0.],comp.windows.x
[0.         0.09663759 0.         ... 0.         0.         0.        ],sci.med
[0. 0. 0. ... 0. 0. 0.],talk.politics.guns
[0. 0. 0. ... 0. 0. 0.],soc.religion.christian
[0. 0. 0. ... 0. 0. 0.],comp.windows.x
[0. 0. 0. ... 0. 0. 0.],rec.sport.baseball
[0. 0. 0. ... 0. 0. 0.],sci.electronics
[0.         0.03359409 0.         ... 0.         0.         0.        ],comp.windows.x
[0. 0. 0. ... 0. 0. 0.],talk.politics.guns
[0. 0. 0. ... 0. 0. 0.],alt.atheism
[0.         0.03764393 0.         ... 0.         0.         0.11788794],talk.politics.mideast
[0. 0. 0. ... 0. 0. 0.],talk.politics.guns
[0. 0. 0. ... 0. 0. 0.],comp.sys.ibm.pc.hardware
[0. 0. 0. ... 0. 0. 0.],sci.electronics
[0. 0. 0. ... 0. 0. 0.],talk.politics.mideast
[0.         0.03936745 0.         ... 0.         0.         0.        ],sci.med
[0. 0. 0. ... 0. 0. 0.],comp.os.ms-windows.misc
[0. 0. 0. ... 0. 0. 0.],sci.electronics
[0. 0. 0. ... 0. 0. 0.],sci.electronics
[0. 0. 0. ... 0. 0. 0.],sci.space
[0. 0. 0. ... 0. 0. 0.],rec.motorcycles
[0. 0. 0. ... 0. 0. 0.],comp.windows.x
[0. 0. 0. ... 0. 0. 0.],sci.med
[0.         0.         0.         ... 0.         0.17449619 0.        ],comp.os.ms-windows.misc
[0. 0. 0. ... 0. 0. 0.],comp.windows.x
[0. 0. 0. ... 0. 0. 0.],misc.forsale
[0. 0. 0. ... 0. 0. 0.],sci.crypt
[0. 0. 0. ... 0. 0. 0.],sci.space
[0. 0. 0. ... 0. 0. 0.],sci.med
[0. 0. 0. ... 0. 0. 0.],soc.religion.christian
[0. 0. 0. ... 0. 0. 0.],talk.politics.guns
[0. 0. 0. ... 0. 0. 0.],rec.sport.baseball
[0. 0. 0. ... 0. 0. 0.],comp.sys.mac.hardware
[0. 0. 0. ... 0. 0. 0.],comp.os.ms-windows.misc
[0. 0. 0. ... 0. 0. 0.],rec.sport.hockey
[0. 0. 0. ... 0. 0. 0.],alt.atheism
[0.         0.06923393 0.         ... 0.         0.         0.        ],rec.sport.hockey
[0. 0. 0. ... 0. 0. 0.],talk.politics.mideast
[0. 0. 0. ... 0. 0. 0.],misc.forsale
[0. 0. 0. ... 0. 0. 0.],sci.space
[0. 0. 0. ... 0. 0. 0.],rec.sport.hockey
[0. 0. 0. ... 0. 0. 0.],soc.religion.christian
[0. 0. 0. ... 0. 0. 0.],sci.crypt
[0. 0. 0. ... 0. 0. 0.],talk.politics.mideast
[0. 0. 0. ... 0. 0. 0.],talk.politics.guns
[0. 0. 0. ... 0. 0. 0.],soc.religion.christian
[0. 0. 0. ... 0. 0. 0.],comp.os.ms-windows.misc
[0. 0. 0. ... 0. 0. 0.],sci.med
[0. 0. 0. ... 0. 0. 0.],talk.politics.guns
[0. 0. 0. ... 0. 0. 0.],comp.windows.x
[0. 0. 0. ... 0. 0. 0.],sci.crypt
[0. 0. 0. ... 0. 0. 0.],alt.atheism
[0. 0. 0. ... 0. 0. 0.],alt.atheism
[0. 0. 0. ... 0. 0. 0.],talk.politics.guns
[0. 0. 0. ... 0. 0. 0.],sci.electronics
[0. 0. 0. ... 0. 0. 0.],talk.religion.misc
[0.         0.         0.         ... 0.         0.64698686 0.        ],comp.os.ms-windows.misc
[0. 0. 0. ... 0. 0. 0.],sci.med
[0. 0. 0. ... 0. 0. 0.],comp.sys.ibm.pc.hardware
[0. 0. 0. ... 0. 0. 0.],rec.sport.hockey
[0. 0. 0. ... 0. 0. 0.],talk.politics.guns
[0. 0. 0. ... 0. 0. 0.],comp.os.ms-windows.misc
[0. 0. 0. ... 0. 0. 0.],rec.sport.baseball
[0. 0. 0. ... 0. 0. 0.],rec.sport.baseball
[0. 0. 0. ... 0. 0. 0.],rec.autos
[0. 0. 0. ... 0. 0. 0.],rec.motorcycles
[0. 0. 0. ... 0. 0. 0.],comp.sys.mac.hardware
[0. 0. 0. ... 0. 0. 0.],comp.windows.x
[0. 0. 0. ... 0. 0. 0.],rec.sport.hockey
[0. 0. 0. ... 0. 0. 0.],sci.med
[0. 0. 0. ... 0. 0. 0.],sci.crypt
[0. 0. 0. ... 0. 0. 0.],talk.politics.mideast
[0. 0. 0. ... 0. 0. 0.],talk.politics.mideast
[0. 0. 0. ... 0. 0. 0.],rec.autos
[0. 0. 0. ... 0. 0. 0.],comp.windows.x
[0. 0. 0. ... 0. 0. 0.],talk.religion.misc
[0. 0. 0. ... 0. 0. 0.],rec.sport.baseball
[0. 0. 0. ... 0. 0. 0.],talk.politics.guns
[0. 0. 0. ... 0. 0. 0.],comp.graphics
[0. 0. 0. ... 0. 0. 0.],comp.sys.ibm.pc.hardware
[0. 0. 0. ... 0. 0. 0.],misc.forsale
[0. 0. 0. ... 0. 0. 0.],talk.politics.misc
[0. 0. 0. ... 0. 0. 0.],talk.politics.mideast
[0. 0. 0. ... 0. 0. 0.],talk.politics.guns
[0. 0. 0. ... 0. 0. 0.],sci.space
[0. 0. 0. ... 0. 0. 0.],comp.sys.mac.hardware
[0. 0. 0. ... 0. 0. 0.],rec.motorcycles
[0. 0. 0. ... 0. 0. 0.],misc.forsale
[0. 0. 0. ... 0. 0. 0.],comp.windows.x
[0. 0. 0. ... 0. 0. 0.],alt.atheism
[0. 0. 0. ... 0. 0. 0.],talk.politics.misc
[0. 0. 0. ... 0. 0. 0.],comp.sys.mac.hardware
[0. 0. 0. ... 0. 0. 0.],sci.crypt
[0. 0. 0. ... 0. 0. 0.],comp.sys.ibm.pc.hardware
[0. 0. 0. ... 0. 0. 0.],talk.religion.misc
[0. 0. 0. ... 0. 0. 0.],comp.sys.ibm.pc.hardware
[0. 0. 0. ... 0. 0. 0.],rec.motorcycles
[0.         0.09114182 0.         ... 0.         0.         0.        ],rec.motorcycles
[0. 0. 0. ... 0. 0. 0.],sci.med
[0. 0. 0. ... 0. 0. 0.],comp.windows.x
[0.         0.19953347 0.         ... 0.         0.         0.        ],sci.electronics
[0.         0.10539919 0.         ... 0.         0.         0.        ],sci.space
[0. 0. 0. ... 0. 0. 0.],misc.forsale
[0. 0. 0. ... 0. 0. 0.],alt.atheism
[0. 0. 0. ... 0. 0. 0.],talk.politics.mideast
[0. 0. 0. ... 0. 0. 0.],comp.sys.mac.hardware
[0. 0. 0. ... 0. 0. 0.],rec.motorcycles
[0.         0.         0.         ... 0.         0.03672845 0.        ],talk.politics.guns
[0. 0. 0. ... 0. 0. 0.],sci.med
[0. 0. 0. ... 0. 0. 0.],talk.politics.guns
[0.         0.09107235 0.         ... 0.         0.         0.        ],talk.religion.misc
[0. 0. 0. ... 0. 0. 0.],comp.windows.x
[0.        0.1428822 0.        ... 0.        0.        0.       ],comp.sys.mac.hardware
[0. 0. 0. ... 0. 0. 0.],sci.electronics
[0. 0. 0. ... 0. 0. 0.],comp.sys.mac.hardware
[0. 0. 0. ... 0. 0. 0.],rec.sport.baseball
[0. 0. 0. ... 0. 0. 0.],rec.sport.hockey
[0. 0. 0. ... 0. 0. 0.],comp.sys.mac.hardware
[0. 0. 0. ... 0. 0. 0.],comp.sys.ibm.pc.hardware
[0. 0. 0. ... 0. 0. 0.],soc.religion.christian
[0. 0. 0. ... 0. 0. 0.],talk.politics.mideast
[0. 0. 0. ... 0. 0. 0.],talk.politics.guns
[0. 0. 0. ... 0. 0. 0.],comp.os.ms-windows.misc
[0. 0. 0. ... 0. 0. 0.],comp.sys.ibm.pc.hardware
[0. 0. 0. ... 0. 0. 0.],rec.sport.baseball
[0. 0. 0. ... 0. 0. 0.],rec.sport.hockey
[0. 0. 0. ... 0. 0. 0.],talk.politics.guns
[0. 0. 0. ... 0. 0. 0.],rec.motorcycles
[0. 0. 0. ... 0. 0. 0.],soc.religion.christian
[0. 0. 0. ... 0. 0. 0.],alt.atheism
[0.         0.08387912 0.         ... 0.         0.         0.        ],misc.forsale
[0. 0. 0. ... 0. 0. 0.],comp.os.ms-windows.misc
[0.         0.         0.15704664 ... 0.         0.         0.        ],talk.religion.misc
[0. 0. 0. ... 0. 0. 0.],talk.politics.guns
[0. 0. 0. ... 0. 0. 0.],misc.forsale
[0. 0. 0. ... 0. 0. 0.],comp.sys.ibm.pc.hardware
[0. 0. 0. ... 0. 0. 0.],rec.autos
[0. 0. 0. ... 0. 0. 0.],talk.politics.guns
[0.23316123 0.0890677  0.         ... 0.         0.         0.        ],sci.crypt
[0. 0. 0. ... 0. 0. 0.],rec.sport.hockey
[0. 0. 0. ... 0. 0. 0.],talk.politics.mideast
[0. 0. 0. ... 0. 0. 0.],talk.politics.misc
[0. 0. 0. ... 0. 0. 0.],sci.space
[0. 0. 0. ... 0. 0. 0.],rec.motorcycles
[0. 0. 0. ... 0. 0. 0.],rec.autos
[0. 0. 0. ... 0. 0. 0.],sci.med
[0. 0. 0. ... 0. 0. 0.],sci.med
[0. 0. 0. ... 0. 0. 0.],rec.sport.baseball
[0. 0. 0. ... 0. 0. 0.],sci.electronics
[0.         0.15346001 0.         ... 0.         0.         0.        ],talk.politics.guns
[0. 0. 0. ... 0. 0. 0.],sci.space
[0. 0. 0. ... 0. 0. 0.],comp.sys.ibm.pc.hardware
[0. 0. 0. ... 0. 0. 0.],rec.autos
[0. 0. 0. ... 0. 0. 0.],comp.graphics
[0. 0. 0. ... 0. 0. 0.],comp.sys.mac.hardware
[0. 0. 0. ... 0. 0. 0.],alt.atheism
[0. 0. 0. ... 0. 0. 0.],comp.windows.x
[0. 0. 0. ... 0. 0. 0.],alt.atheism
[0. 0. 0. ... 0. 0. 0.],soc.religion.christian
[0. 0. 0. ... 0. 0. 0.],talk.politics.guns
[0. 0. 0. ... 0. 0. 0.],rec.sport.hockey
[0. 0. 0. ... 0. 0. 0.],sci.space
[0. 0. 0. ... 0. 0. 0.],rec.sport.hockey
[0. 0. 0. ... 0. 0. 0.],rec.motorcycles
[0. 0. 0. ... 0. 0. 0.],sci.space
[0. 0. 0. ... 0. 0. 0.],comp.sys.mac.hardware
[0. 0. 0. ... 0. 0. 0.],comp.sys.ibm.pc.hardware
[0. 0. 0. ... 0. 0. 0.],talk.religion.misc
[0. 0. 0. ... 0. 0. 0.],comp.sys.mac.hardware
[0. 0. 0. ... 0. 0. 0.],soc.religion.christian
[0. 0. 0. ... 0. 0. 0.],comp.sys.mac.hardware
[0. 0. 0. ... 0. 0. 0.],alt.atheism
[0. 0. 0. ... 0. 0. 0.],sci.crypt
[0. 0. 0. ... 0. 0. 0.],sci.crypt
[0. 0. 0. ... 0. 0. 0.],comp.graphics
[0. 0. 0. ... 0. 0. 0.],rec.autos
[0. 0. 0. ... 0. 0. 0.],rec.motorcycles
[0. 0. 0. ... 0. 0. 0.],rec.motorcycles
[0. 0. 0. ... 0. 0. 0.],comp.graphics
[0. 0. 0. ... 0. 0. 0.],comp.os.ms-windows.misc
[0. 0. 0. ... 0. 0. 0.],sci.med
[0. 0. 0. ... 0. 0. 0.],misc.forsale
[0. 0. 0. ... 0. 0. 0.],rec.motorcycles
[0. 0. 0. ... 0. 0. 0.],sci.crypt
[0. 0. 0. ... 0. 0. 0.],talk.politics.guns
[0. 0. 0. ... 0. 0. 0.],comp.windows.x
[0. 0. 0. ... 0. 0. 0.],rec.sport.hockey
[0. 0. 0. ... 0. 0. 0.],rec.sport.hockey
[0. 0. 0. ... 0. 0. 0.],rec.sport.hockey
[0. 0. 0. ... 0. 0. 0.],sci.electronics
[0. 0. 0. ... 0. 0. 0.],comp.os.ms-windows.misc
[0. 0. 0. ... 0. 0. 0.],sci.med
[0. 0. 0. ... 0. 0. 0.],sci.crypt
[0. 0. 0. ... 0. 0. 0.],talk.politics.misc
[0. 0. 0. ... 0. 0. 0.],sci.med
[0. 0. 0. ... 0. 0. 0.],talk.politics.guns
[0. 0. 0. ... 0. 0. 0.],comp.os.ms-windows.misc
[0. 0. 0. ... 0. 0. 0.],rec.sport.baseball
[0. 0. 0. ... 0. 0. 0.],comp.windows.x
[0. 0. 0. ... 0. 0. 0.],alt.atheism
[0. 0. 0. ... 0. 0. 0.],rec.sport.hockey
[0. 0. 0. ... 0. 0. 0.],misc.forsale
[0. 0. 0. ... 0. 0. 0.],talk.politics.guns
[0. 0. 0. ... 0. 0. 0.],comp.graphics
[0. 0. 0. ... 0. 0. 0.],rec.sport.hockey
[0. 0. 0. ... 0. 0. 0.],sci.electronics
[0. 0. 0. ... 0. 0. 0.],comp.os.ms-windows.misc
[0. 0. 0. ... 0. 0. 0.],soc.religion.christian
[0. 0. 0. ... 0. 0. 0.],sci.crypt
[0. 0. 0. ... 0. 0. 0.],comp.windows.x
[0. 0. 0. ... 0. 0. 0.],misc.forsale
[0. 0. 0. ... 0. 0. 0.],talk.politics.mideast
[0. 0. 0. ... 0. 0. 0.],rec.sport.hockey
[0. 0. 0. ... 0. 0. 0.],rec.sport.baseball
[0. 0. 0. ... 0. 0. 0.],sci.med
[0. 0. 0. ... 0. 0. 0.],talk.politics.guns
[0. 0. 0. ... 0. 0. 0.],comp.windows.x
[0. 0. 0. ... 0. 0. 0.],soc.religion.christian
[0. 0. 0. ... 0. 0. 0.],comp.sys.ibm.pc.hardware
[0. 0. 0. ... 0. 0. 0.],talk.politics.mideast
[0. 0. 0. ... 0. 0. 0.],talk.politics.mideast
[0.         0.10805767 0.         ... 0.         0.         0.        ],rec.sport.hockey
[0. 0. 0. ... 0. 0. 0.],sci.electronics
[0. 0. 0. ... 0. 0. 0.],talk.politics.misc
[0. 0. 0. ... 0. 0. 0.],alt.atheism
[0. 0. 0. ... 0. 0. 0.],rec.sport.baseball
[0. 0. 0. ... 0. 0. 0.],rec.autos
[0. 0. 0. ... 0. 0. 0.],comp.sys.ibm.pc.hardware
[0. 0. 0. ... 0. 0. 0.],rec.autos
[0. 0. 0. ... 0. 0. 0.],sci.space
[0. 0. 0. ... 0. 0. 0.],rec.sport.hockey
[0. 0. 0. ... 0. 0. 0.],sci.med
[0. 0. 0. ... 0. 0. 0.],comp.sys.mac.hardware
[0. 0. 0. ... 0. 0. 0.],rec.motorcycles
[0. 0. 0. ... 0. 0. 0.],talk.politics.mideast
[0. 0. 0. ... 0. 0. 0.],comp.windows.x
[0. 0. 0. ... 0. 0. 0.],sci.crypt
[0. 0. 0. ... 0. 0. 0.],misc.forsale
[0. 0. 0. ... 0. 0. 0.],comp.graphics
[0. 0. 0. ... 0. 0. 0.],comp.graphics
[0. 0. 0. ... 0. 0. 0.],rec.sport.baseball
[0.27064306 0.         0.         ... 0.         0.         0.        ],talk.politics.mideast
[0. 0. 0. ... 0. 0. 0.],comp.windows.x
[0. 0. 0. ... 0. 0. 0.],comp.os.ms-windows.misc
[0. 0. 0. ... 0. 0. 0.],soc.religion.christian
[0. 0. 0. ... 0. 0. 0.],sci.space
[0. 0. 0. ... 0. 0. 0.],comp.windows.x
[0. 0. 0. ... 0. 0. 0.],rec.motorcycles
[0. 0. 0. ... 0. 0. 0.],talk.politics.guns
[0. 0. 0. ... 0. 0. 0.],rec.sport.baseball
[0. 0. 0. ... 0. 0. 0.],sci.crypt
[0. 0. 0. ... 0. 0. 0.],rec.motorcycles
[0. 0. 0. ... 0. 0. 0.],sci.space
[0. 0. 0. ... 0. 0. 0.],soc.religion.christian
[0. 0. 0. ... 0. 0. 0.],sci.med
[0. 0. 0. ... 0. 0. 0.],comp.sys.ibm.pc.hardware
[0. 0. 0. ... 0. 0. 0.],comp.sys.ibm.pc.hardware
[0. 0. 0. ... 0. 0. 0.],sci.electronics
[0. 0. 0. ... 0. 0. 0.],talk.politics.mideast
[0. 0. 0. ... 0. 0. 0.],rec.motorcycles
[0. 0. 0. ... 0. 0. 0.],talk.politics.mideast
[0. 0. 0. ... 0. 0. 0.],rec.sport.baseball
[0. 0. 0. ... 0. 0. 0.],soc.religion.christian
[0. 0. 0. ... 0. 0. 0.],rec.sport.baseball
[0. 0. 0. ... 0. 0. 0.],rec.sport.hockey
[0. 0. 0. ... 0. 0. 0.],sci.crypt
[0. 0. 0. ... 0. 0. 0.],alt.atheism
[0. 0. 0. ... 0. 0. 0.],talk.politics.mideast
[0. 0. 0. ... 0. 0. 0.],comp.os.ms-windows.misc
[0. 0. 0. ... 0. 0. 0.],comp.sys.mac.hardware
[0. 0. 0. ... 0. 0. 0.],comp.sys.ibm.pc.hardware
[0. 0. 0. ... 0. 0. 0.],comp.os.ms-windows.misc
[0.         0.04258409 0.         ... 0.         0.         0.        ],talk.politics.mideast
[0. 0. 0. ... 0. 0. 0.],talk.politics.misc
[0. 0. 0. ... 0. 0. 0.],comp.windows.x
[0. 0. 0. ... 0. 0. 0.],talk.politics.guns
[0. 0. 0. ... 0. 0. 0.],rec.sport.hockey
[0. 0. 0. ... 0. 0. 0.],alt.atheism
[0. 0. 0. ... 0. 0. 0.],talk.politics.misc
[0. 0. 0. ... 0. 0. 0.],sci.space
[0. 0. 0. ... 0. 0. 0.],rec.sport.baseball
[0. 0. 0. ... 0. 0. 0.],soc.religion.christian
[0. 0. 0. ... 0. 0. 0.],talk.politics.mideast
[0. 0. 0. ... 0. 0. 0.],sci.crypt
[0. 0. 0. ... 0. 0. 0.],soc.religion.christian
[0. 0. 0. ... 0. 0. 0.],talk.politics.mideast
[0. 0. 0. ... 0. 0. 0.],alt.atheism
[0. 0. 0. ... 0. 0. 0.],rec.sport.hockey
[0. 0. 0. ... 0. 0. 0.],sci.space
[0. 0. 0. ... 0. 0. 0.],rec.sport.hockey
[0. 0. 0. ... 0. 0. 0.],comp.sys.mac.hardware
[0. 0. 0. ... 0. 0. 0.],sci.med
[0. 0. 0. ... 0. 0. 0.],rec.sport.hockey
[0. 0. 0. ... 0. 0. 0.],talk.politics.misc
[0. 0. 0. ... 0. 0. 0.],talk.religion.misc
[0. 0. 0. ... 0. 0. 0.],comp.os.ms-windows.misc
[0. 0. 0. ... 0. 0. 0.],talk.politics.misc
[0. 0. 0. ... 0. 0. 0.],alt.atheism
[0. 0. 0. ... 0. 0. 0.],alt.atheism
[0. 0. 0. ... 0. 0. 0.],sci.med
[0.        0.        0.        ... 0.        0.5527943 0.       ],comp.os.ms-windows.misc
[0. 0. 0. ... 0. 0. 0.],sci.space
[0. 0. 0. ... 0. 0. 0.],talk.religion.misc
[0. 0. 0. ... 0. 0. 0.],comp.os.ms-windows.misc
[0. 0. 0. ... 0. 0. 0.],sci.crypt
[0. 0. 0. ... 0. 0. 0.],soc.religion.christian
[0. 0. 0. ... 0. 0. 0.],comp.windows.x
[0. 0. 0. ... 0. 0. 0.],soc.religion.christian
[0. 0. 0. ... 0. 0. 0.],alt.atheism
[0. 0. 0. ... 0. 0. 0.],misc.forsale
[0. 0. 0. ... 0. 0. 0.],comp.sys.mac.hardware
[0. 0. 0. ... 0. 0. 0.],sci.space
[0. 0. 0. ... 0. 0. 0.],rec.motorcycles
[0. 0. 0. ... 0. 0. 0.],rec.motorcycles
[0. 0. 0. ... 0. 0. 0.],rec.sport.hockey
[0.22002009 0.         0.         ... 0.         0.         0.        ],comp.os.ms-windows.misc
[0. 0. 0. ... 0. 0. 0.],talk.politics.guns
[0. 0. 0. ... 0. 0. 0.],soc.religion.christian
[0.         0.         0.         ... 0.         0.52728849 0.        ],comp.os.ms-windows.misc
[0. 0. 0. ... 0. 0. 0.],soc.religion.christian
[0. 0. 0. ... 0. 0. 0.],talk.religion.misc
[0. 0. 0. ... 0. 0. 0.],sci.electronics
[0. 0. 0. ... 0. 0. 0.],comp.sys.ibm.pc.hardware
[0. 0. 0. ... 0. 0. 0.],comp.windows.x
[0. 0. 0. ... 0. 0. 0.],sci.crypt
[0. 0. 0. ... 0. 0. 0.],comp.os.ms-windows.misc
[0. 0. 0. ... 0. 0. 0.],sci.crypt
[0. 0. 0. ... 0. 0. 0.],soc.religion.christian
[0. 0. 0. ... 0. 0. 0.],alt.atheism
[0. 0. 0. ... 0. 0. 0.],sci.electronics
[0. 0. 0. ... 0. 0. 0.],sci.space
[0. 0. 0. ... 0. 0. 0.],talk.politics.misc
[0. 0. 0. ... 0. 0. 0.],sci.crypt
[0. 0. 0. ... 0. 0. 0.],talk.politics.guns
[0. 0. 0. ... 0. 0. 0.],sci.med
[0.         0.04405835 0.         ... 0.         0.         0.        ],rec.sport.hockey
[0. 0. 0. ... 0. 0. 0.],rec.sport.baseball
[0. 0. 0. ... 0. 0. 0.],talk.politics.mideast
[0.         0.15789291 0.         ... 0.         0.         0.        ],comp.sys.ibm.pc.hardware
[0. 0. 0. ... 0. 0. 0.],talk.politics.misc
[0. 0. 0. ... 0. 0. 0.],talk.politics.mideast
[0. 0. 0. ... 0. 0. 0.],sci.electronics
[0. 0. 0. ... 0. 0. 0.],comp.os.ms-windows.misc
[0. 0. 0. ... 0. 0. 0.],talk.politics.mideast
[0. 0. 0. ... 0. 0. 0.],comp.os.ms-windows.misc
[0. 0. 0. ... 0. 0. 0.],talk.politics.mideast
[0. 0. 0. ... 0. 0. 0.],talk.religion.misc
[0. 0. 0. ... 0. 0. 0.],talk.religion.misc
[0. 0. 0. ... 0. 0. 0.],comp.windows.x
[0. 0. 0. ... 0. 0. 0.],rec.sport.baseball
[0. 0. 0. ... 0. 0. 0.],talk.politics.mideast
[0. 0. 0. ... 0. 0. 0.],talk.politics.mideast
[0. 0. 0. ... 0. 0. 0.],rec.autos
[0. 0. 0. ... 0. 0. 0.],soc.religion.christian
[0. 0. 0. ... 0. 0. 0.],comp.graphics
[0. 0. 0. ... 0. 0. 0.],alt.atheism
[0. 0. 0. ... 0. 0. 0.],talk.politics.mideast
[0. 0. 0. ... 0. 0. 0.],comp.os.ms-windows.misc
[0. 0. 0. ... 0. 0. 0.],sci.med
[0. 0. 0. ... 0. 0. 0.],soc.religion.christian
[0. 0. 0. ... 0. 0. 0.],rec.sport.baseball
[0. 0. 0. ... 0. 0. 0.],comp.windows.x
[0. 0. 0. ... 0. 0. 0.],comp.os.ms-windows.misc
[0. 0. 0. ... 0. 0. 0.],comp.os.ms-windows.misc
[0. 0. 0. ... 0. 0. 0.],comp.windows.x
[0. 0. 0. ... 0. 0. 0.],soc.religion.christian
[0. 0. 0. ... 0. 0. 0.],alt.atheism
[0. 0. 0. ... 0. 0. 0.],sci.med
[0.         0.06112488 0.         ... 0.         0.         0.        ],sci.crypt
[0. 0. 0. ... 0. 0. 0.],rec.sport.baseball
[0. 0. 0. ... 0. 0. 0.],sci.space
[0. 0. 0. ... 0. 0. 0.],sci.med
[0. 0. 0. ... 0. 0. 0.],talk.politics.misc
[0. 0. 0. ... 0. 0. 0.],misc.forsale
[0. 0. 0. ... 0. 0. 0.],soc.religion.christian
[0. 0. 0. ... 0. 0. 0.],rec.motorcycles
[0. 0. 0. ... 0. 0. 0.],soc.religion.christian
[0. 0. 0. ... 0. 0. 0.],comp.windows.x
[0. 0. 0. ... 0. 0. 0.],rec.sport.hockey
[0. 0. 0. ... 0. 0. 0.],rec.sport.baseball
[0. 0. 0. ... 0. 0. 0.],sci.med
[0. 0. 0. ... 0. 0. 0.],alt.atheism
[0. 0. 0. ... 0. 0. 0.],talk.religion.misc
[0. 0. 0. ... 0. 0. 0.],talk.politics.guns
[0. 0. 0. ... 0. 0. 0.],soc.religion.christian
[0. 0. 0. ... 0. 0. 0.],comp.sys.mac.hardware
[0. 0. 0. ... 0. 0. 0.],misc.forsale
[0. 0. 0. ... 0. 0. 0.],comp.os.ms-windows.misc
[0. 0. 0. ... 0. 0. 0.],sci.crypt
[0. 0. 0. ... 0. 0. 0.],sci.crypt
[0. 0. 0. ... 0. 0. 0.],sci.med
[0. 0. 0. ... 0. 0. 0.],rec.sport.hockey
[0. 0. 0. ... 0. 0. 0.],comp.sys.mac.hardware
[0.        0.0680944 0.        ... 0.        0.        0.       ],comp.sys.ibm.pc.hardware
[0. 0. 0. ... 0. 0. 0.],comp.windows.x
[0. 0. 0. ... 0. 0. 0.],talk.politics.misc
[0. 0. 0. ... 0. 0. 0.],comp.graphics
[0. 0. 0. ... 0. 0. 0.],rec.motorcycles
[0. 0. 0. ... 0. 0. 0.],talk.politics.guns
[0. 0. 0. ... 0. 0. 0.],sci.med
[0. 0. 0. ... 0. 0. 0.],rec.autos
[0. 0. 0. ... 0. 0. 0.],rec.sport.baseball
[0. 0. 0. ... 0. 0. 0.],comp.windows.x
[0. 0. 0. ... 0. 0. 0.],sci.med
[0. 0. 0. ... 0. 0. 0.],comp.os.ms-windows.misc
[0. 0. 0. ... 0. 0. 0.],rec.sport.hockey
[0. 0. 0. ... 0. 0. 0.],misc.forsale
[0. 0. 0. ... 0. 0. 0.],comp.sys.mac.hardware
[0. 0. 0. ... 0. 0. 0.],talk.politics.misc
[0. 0. 0. ... 0. 0. 0.],rec.sport.baseball
[0. 0. 0. ... 0. 0. 0.],sci.med
[0. 0. 0. ... 0. 0. 0.],sci.electronics
[0.05385405 0.         0.         ... 0.         0.         0.        ],sci.med
[0. 0. 0. ... 0. 0. 0.],talk.religion.misc
[0.         0.         0.19629073 ... 0.         0.         0.        ],sci.space
[0. 0. 0. ... 0. 0. 0.],sci.electronics
[0. 0. 0. ... 0. 0. 0.],comp.graphics
[0. 0. 0. ... 0. 0. 0.],rec.sport.hockey
[0. 0. 0. ... 0. 0. 0.],alt.atheism
[0. 0. 0. ... 0. 0. 0.],talk.politics.guns
[0. 0. 0. ... 0. 0. 0.],comp.sys.ibm.pc.hardware
[0. 0. 0. ... 0. 0. 0.],rec.motorcycles
[0. 0. 0. ... 0. 0. 0.],rec.sport.hockey
[0. 0. 0. ... 0. 0. 0.],rec.motorcycles
[0.         0.34952161 0.         ... 0.         0.         0.        ],comp.sys.ibm.pc.hardware
[0.         0.07516681 0.         ... 0.         0.         0.        ],rec.autos
[0. 0. 0. ... 0. 0. 0.],sci.electronics
[0.         0.15244131 0.         ... 0.         0.         0.        ],talk.politics.guns
[0. 0. 0. ... 0. 0. 0.],rec.sport.hockey
[0. 0. 0. ... 0. 0. 0.],sci.electronics
[0. 0. 0. ... 0. 0. 0.],sci.space
[0. 0. 0. ... 0. 0. 0.],talk.politics.misc
[0. 0. 0. ... 0. 0. 0.],sci.space
[0. 0. 0. ... 0. 0. 0.],comp.windows.x
[0. 0. 0. ... 0. 0. 0.],sci.space
[0. 0. 0. ... 0. 0. 0.],rec.sport.baseball
[0. 0. 0. ... 0. 0. 0.],soc.religion.christian
[0. 0. 0. ... 0. 0. 0.],rec.sport.baseball
[0. 0. 0. ... 0. 0. 0.],sci.electronics
[0. 0. 0. ... 0. 0. 0.],sci.crypt
[0. 0. 0. ... 0. 0. 0.],sci.med
[0. 0. 0. ... 0. 0. 0.],comp.windows.x
[0. 0. 0. ... 0. 0. 0.],sci.electronics
[0. 0. 0. ... 0. 0. 0.],sci.crypt
[0. 0. 0. ... 0. 0. 0.],comp.sys.ibm.pc.hardware
[0. 0. 0. ... 0. 0. 0.],talk.politics.misc
[0. 0. 0. ... 0. 0. 0.],talk.politics.mideast
[0. 0. 0. ... 0. 0. 0.],talk.politics.misc
[0. 0. 0. ... 0. 0. 0.],soc.religion.christian
[0. 0. 0. ... 0. 0. 0.],rec.sport.baseball
[0. 0. 0. ... 0. 0. 0.],misc.forsale
[0. 0. 0. ... 0. 0. 0.],soc.religion.christian
[0. 0. 0. ... 0. 0. 0.],rec.autos
[0. 0. 0. ... 0. 0. 0.],comp.sys.mac.hardware
[0. 0. 0. ... 0. 0. 0.],sci.electronics
[0. 0. 0. ... 0. 0. 0.],talk.religion.misc
[0. 0. 0. ... 0. 0. 0.],rec.sport.baseball
[0. 0. 0. ... 0. 0. 0.],rec.sport.hockey
[0. 0. 0. ... 0. 0. 0.],soc.religion.christian
[0. 0. 0. ... 0. 0. 0.],misc.forsale
[0. 0. 0. ... 0. 0. 0.],rec.motorcycles
[0. 0. 0. ... 0. 0. 0.],sci.med
[0. 0. 0. ... 0. 0. 0.],sci.electronics
[0.         0.         0.         ... 0.         0.18008773 0.        ],comp.os.ms-windows.misc
[0.         0.23242478 0.         ... 0.         0.         0.        ],sci.crypt
[0. 0. 0. ... 0. 0. 0.],comp.windows.x
[0. 0. 0. ... 0. 0. 0.],rec.motorcycles
[0.05873904 0.         0.         ... 0.         0.         0.        ],sci.crypt
[0. 0. 0. ... 0. 0. 0.],comp.sys.ibm.pc.hardware
[0. 0. 0. ... 0. 0. 0.],sci.space
[0. 0. 0. ... 0. 0. 0.],rec.sport.baseball
[0. 0. 0. ... 0. 0. 0.],rec.autos
[0. 0. 0. ... 0. 0. 0.],rec.autos
[0. 0. 0. ... 0. 0. 0.],comp.graphics
[0. 0. 0. ... 0. 0. 0.],comp.windows.x
[0. 0. 0. ... 0. 0. 0.],rec.motorcycles
[0. 0. 0. ... 0. 0. 0.],comp.sys.mac.hardware
[0. 0. 0. ... 0. 0. 0.],talk.politics.misc
[0. 0. 0. ... 0. 0. 0.],soc.religion.christian
[0. 0. 0. ... 0. 0. 0.],comp.graphics
[0. 0. 0. ... 0. 0. 0.],comp.windows.x
[0. 0. 0. ... 0. 0. 0.],misc.forsale
[0. 0. 0. ... 0. 0. 0.],rec.autos
[0. 0. 0. ... 0. 0. 0.],comp.os.ms-windows.misc
[0.       0.       0.       ... 0.       0.       0.369984],rec.sport.hockey
[0. 0. 0. ... 0. 0. 0.],soc.religion.christian
[0. 0. 0. ... 0. 0. 0.],sci.crypt
[0. 0. 0. ... 0. 0. 0.],comp.graphics
[0. 0. 0. ... 0. 0. 0.],comp.sys.mac.hardware
[0. 0. 0. ... 0. 0. 0.],sci.crypt
[0. 0. 0. ... 0. 0. 0.],rec.motorcycles
[0. 0. 0. ... 0. 0. 0.],comp.os.ms-windows.misc
[0. 0. 0. ... 0. 0. 0.],comp.windows.x
[0. 0. 0. ... 0. 0. 0.],sci.crypt
[0. 0. 0. ... 0. 0. 0.],rec.sport.hockey
[0. 0. 0. ... 0. 0. 0.],comp.os.ms-windows.misc
[0. 0. 0. ... 0. 0. 0.],comp.sys.mac.hardware
[0. 0. 0. ... 0. 0. 0.],soc.religion.christian
[0. 0. 0. ... 0. 0. 0.],sci.crypt
[0. 0. 0. ... 0. 0. 0.],sci.med
[0. 0. 0. ... 0. 0. 0.],misc.forsale
[0. 0. 0. ... 0. 0. 0.],rec.sport.hockey
[0. 0. 0. ... 0. 0. 0.],sci.space
[0. 0. 0. ... 0. 0. 0.],talk.religion.misc
[0. 0. 0. ... 0. 0. 0.],comp.sys.ibm.pc.hardware
[0. 0. 0. ... 0. 0. 0.],comp.os.ms-windows.misc
[0. 0. 0. ... 0. 0. 0.],soc.religion.christian
[0. 0. 0. ... 0. 0. 0.],comp.windows.x
[0. 0. 0. ... 0. 0. 0.],sci.space
[0. 0. 0. ... 0. 0. 0.],sci.space
[0. 0. 0. ... 0. 0. 0.],comp.graphics
[0. 0. 0. ... 0. 0. 0.],soc.religion.christian
[0. 0. 0. ... 0. 0. 0.],soc.religion.christian
[0. 0. 0. ... 0. 0. 0.],rec.motorcycles
[0. 0. 0. ... 0. 0. 0.],alt.atheism
[0. 0. 0. ... 0. 0. 0.],rec.autos
[0. 0. 0. ... 0. 0. 0.],talk.politics.misc
[0. 0. 0. ... 0. 0. 0.],comp.graphics
[0. 0. 0. ... 0. 0. 0.],comp.os.ms-windows.misc
[0. 0. 0. ... 0. 0. 0.],talk.politics.mideast
[0. 0. 0. ... 0. 0. 0.],comp.graphics
[0. 0. 0. ... 0. 0. 0.],soc.religion.christian
[0. 0. 0. ... 0. 0. 0.],rec.autos
[0. 0. 0. ... 0. 0. 0.],rec.motorcycles
[0.         0.11080526 0.         ... 0.         0.         0.        ],sci.space
[0. 0. 0. ... 0. 0. 0.],misc.forsale
[0. 0. 0. ... 0. 0. 0.],comp.sys.mac.hardware
[0. 0. 0. ... 0. 0. 0.],comp.windows.x
[0. 0. 0. ... 0. 0. 0.],talk.religion.misc
[0. 0. 0. ... 0. 0. 0.],rec.autos
[0. 0. 0. ... 0. 0. 0.],comp.sys.ibm.pc.hardware
[0. 0. 0. ... 0. 0. 0.],comp.os.ms-windows.misc
[0. 0. 0. ... 0. 0. 0.],alt.atheism
[0.         0.09506089 0.         ... 0.         0.         0.        ],comp.sys.ibm.pc.hardware
[0. 0. 0. ... 0. 0. 0.],rec.motorcycles
[0. 0. 0. ... 0. 0. 0.],comp.windows.x
[0. 0. 0. ... 0. 0. 0.],rec.sport.hockey
[0. 0. 0. ... 0. 0. 0.],talk.politics.guns
[0. 0. 0. ... 0. 0. 0.],comp.sys.ibm.pc.hardware
[0. 0. 0. ... 0. 0. 0.],rec.autos
[0.         0.         0.         ... 0.11592454 0.         0.        ],sci.crypt
[0. 0. 0. ... 0. 0. 0.],sci.med
[0. 0. 0. ... 0. 0. 0.],sci.med
[0.16283244 0.12440415 0.         ... 0.         0.         0.        ],talk.politics.guns
[0. 0. 0. ... 0. 0. 0.],comp.graphics
[0. 0. 0. ... 0. 0. 0.],comp.sys.mac.hardware
[0. 0. 0. ... 0. 0. 0.],talk.politics.guns
[0. 0. 0. ... 0. 0. 0.],comp.graphics
[0. 0. 0. ... 0. 0. 0.],sci.electronics
[0. 0. 0. ... 0. 0. 0.],alt.atheism
[0. 0. 0. ... 0. 0. 0.],talk.politics.guns
[0. 0. 0. ... 0. 0. 0.],rec.sport.baseball
[0. 0. 0. ... 0. 0. 0.],rec.sport.hockey
[0. 0. 0. ... 0. 0. 0.],rec.autos
[0. 0. 0. ... 0. 0. 0.],rec.motorcycles
[0. 0. 0. ... 0. 0. 0.],talk.religion.misc
[0. 0. 0. ... 0. 0. 0.],sci.electronics
[0. 0. 0. ... 0. 0. 0.],talk.politics.misc
[0. 0. 0. ... 0. 0. 0.],sci.electronics
[0. 0. 0. ... 0. 0. 0.],sci.electronics
[0. 0. 0. ... 0. 0. 0.],misc.forsale
[0. 0. 0. ... 0. 0. 0.],talk.politics.misc
[0. 0. 0. ... 0. 0. 0.],sci.med
[0. 0. 0. ... 0. 0. 0.],rec.sport.baseball
[0. 0. 0. ... 0. 0. 0.],rec.motorcycles
[0. 0. 0. ... 0. 0. 0.],alt.atheism
[0. 0. 0. ... 0. 0. 0.],rec.motorcycles
[0. 0. 0. ... 0. 0. 0.],sci.crypt
[0. 0. 0. ... 0. 0. 0.],misc.forsale
[0. 0. 0. ... 0. 0. 0.],rec.sport.baseball
[0. 0. 0. ... 0. 0. 0.],rec.sport.hockey
[0. 0. 0. ... 0. 0. 0.],sci.med
[0. 0. 0. ... 0. 0. 0.],soc.religion.christian
[0. 0. 0. ... 0. 0. 0.],rec.motorcycles
[0. 0. 0. ... 0. 0. 0.],soc.religion.christian
[0. 0. 0. ... 0. 0. 0.],comp.graphics
[0. 0. 0. ... 0. 0. 0.],comp.sys.ibm.pc.hardware
[0. 0. 0. ... 0. 0. 0.],rec.autos
[0. 0. 0. ... 0. 0. 0.],alt.atheism
[0. 0. 0. ... 0. 0. 0.],misc.forsale
[0. 0. 0. ... 0. 0. 0.],sci.electronics
[0. 0. 0. ... 0. 0. 0.],sci.electronics
[0. 0. 0. ... 0. 0. 0.],sci.space
[0. 0. 0. ... 0. 0. 0.],comp.os.ms-windows.misc
[0. 0. 0. ... 0. 0. 0.],sci.electronics
[0. 0. 0. ... 0. 0. 0.],talk.politics.guns
[0. 0. 0. ... 0. 0. 0.],comp.windows.x
[0. 0. 0. ... 0. 0. 0.],talk.religion.misc
[0. 0. 0. ... 0. 0. 0.],rec.motorcycles
[0. 0. 0. ... 0. 0. 0.],comp.sys.ibm.pc.hardware
[0. 0. 0. ... 0. 0. 0.],rec.sport.hockey
[0.         0.07196272 0.         ... 0.         0.         0.        ],sci.space
[0. 0. 0. ... 0. 0. 0.],comp.sys.mac.hardware
[0.         0.         0.         ... 0.         0.17276816 0.        ],talk.politics.guns
[0. 0. 0. ... 0. 0. 0.],comp.os.ms-windows.misc
[0. 0. 0. ... 0. 0. 0.],rec.sport.hockey
[0. 0. 0. ... 0. 0. 0.],rec.motorcycles
[0. 0. 0. ... 0. 0. 0.],sci.crypt
[0. 0. 0. ... 0. 0. 0.],sci.med
[0. 0. 0. ... 0. 0. 0.],rec.motorcycles
[0. 0. 0. ... 0. 0. 0.],talk.religion.misc
[0. 0. 0. ... 0. 0. 0.],comp.sys.ibm.pc.hardware
[0. 0. 0. ... 0. 0. 0.],rec.sport.baseball
[0. 0. 0. ... 0. 0. 0.],talk.religion.misc
[0. 0. 0. ... 0. 0. 0.],alt.atheism
[0. 0. 0. ... 0. 0. 0.],talk.politics.misc
[0. 0. 0. ... 0. 0. 0.],soc.religion.christian
[0. 0. 0. ... 0. 0. 0.],comp.os.ms-windows.misc
[0. 0. 0. ... 0. 0. 0.],rec.autos
[0. 0. 0. ... 0. 0. 0.],rec.sport.hockey
[0. 0. 0. ... 0. 0. 0.],comp.sys.mac.hardware
[0.         0.         0.06901476 ... 0.         0.         0.        ],sci.space
[0. 0. 0. ... 0. 0. 0.],talk.religion.misc
[0. 0. 0. ... 0. 0. 0.],sci.space
[0. 0. 0. ... 0. 0. 0.],rec.sport.baseball
[0. 0. 0. ... 0. 0. 0.],sci.med
[0. 0. 0. ... 0. 0. 0.],comp.windows.x
[0. 0. 0. ... 0. 0. 0.],alt.atheism
[0.10542239 0.         0.         ... 0.         0.         0.        ],sci.med
[0. 0. 0. ... 0. 0. 0.],rec.motorcycles
[0. 0. 0. ... 0. 0. 0.],comp.os.ms-windows.misc
[0. 0. 0. ... 0. 0. 0.],misc.forsale
[0. 0. 0. ... 0. 0. 0.],sci.electronics
[0. 0. 0. ... 0. 0. 0.],alt.atheism
[0. 0. 0. ... 0. 0. 0.],sci.med
[0. 0. 0. ... 0. 0. 0.],talk.politics.misc
[0. 0. 0. ... 0. 0. 0.],alt.atheism
[0. 0. 0. ... 0. 0. 0.],sci.med
[0. 0. 0. ... 0. 0. 0.],sci.med
[0. 0. 0. ... 0. 0. 0.],comp.graphics
[0. 0. 0. ... 0. 0. 0.],talk.politics.misc
[0.         0.08480333 0.         ... 0.         0.         0.        ],comp.windows.x
[0. 0. 0. ... 0. 0. 0.],comp.sys.mac.hardware
[0. 0. 0. ... 0. 0. 0.],sci.electronics
[0. 0. 0. ... 0. 0. 0.],rec.autos
[0. 0. 0. ... 0. 0. 0.],talk.religion.misc
[0.       0.033952 0.       ... 0.       0.       0.      ],comp.graphics
[0. 0. 0. ... 0. 0. 0.],rec.sport.baseball
[0. 0. 0. ... 0. 0. 0.],sci.electronics
[0. 0. 0. ... 0. 0. 0.],comp.graphics
[0. 0. 0. ... 0. 0. 0.],sci.space
[0. 0. 0. ... 0. 0. 0.],comp.graphics
[0. 0. 0. ... 0. 0. 0.],rec.sport.baseball
[0. 0. 0. ... 0. 0. 0.],talk.politics.mideast
[0. 0. 0. ... 0. 0. 0.],comp.graphics
[0. 0. 0. ... 0. 0. 0.],soc.religion.christian
[0. 0. 0. ... 0. 0. 0.],talk.politics.misc
[0. 0. 0. ... 0. 0. 0.],rec.motorcycles
[0. 0. 0. ... 0. 0. 0.],comp.windows.x
[0. 0. 0. ... 0. 0. 0.],talk.politics.guns
[0. 0. 0. ... 0. 0. 0.],sci.space
[0. 0. 0. ... 0. 0. 0.],misc.forsale
[0. 0. 0. ... 0. 0. 0.],comp.graphics
[0. 0. 0. ... 0. 0. 0.],alt.atheism
[0. 0. 0. ... 0. 0. 0.],talk.politics.mideast
[0.         0.10689833 0.         ... 0.         0.         0.        ],comp.sys.ibm.pc.hardware
[0. 0. 0. ... 0. 0. 0.],rec.autos
[0. 0. 0. ... 0. 0. 0.],comp.sys.mac.hardware
[0. 0. 0. ... 0. 0. 0.],rec.sport.hockey
[0. 0. 0. ... 0. 0. 0.],rec.sport.hockey
[0. 0. 0. ... 0. 0. 0.],comp.sys.ibm.pc.hardware
[0. 0. 0. ... 0. 0. 0.],rec.motorcycles
[0. 0. 0. ... 0. 0. 0.],comp.sys.mac.hardware
[0. 0. 0. ... 0. 0. 0.],comp.sys.ibm.pc.hardware
[0. 0. 0. ... 0. 0. 0.],alt.atheism
[0. 0. 0. ... 0. 0. 0.],comp.sys.mac.hardware
[0. 0. 0. ... 0. 0. 0.],comp.windows.x
[0. 0. 0. ... 0. 0. 0.],comp.graphics
[0. 0. 0. ... 0. 0. 0.],comp.graphics
[0. 0. 0. ... 0. 0. 0.],talk.politics.guns
[0. 0. 0. ... 0. 0. 0.],talk.politics.guns
[0. 0. 0. ... 0. 0. 0.],rec.motorcycles
[0. 0. 0. ... 0. 0. 0.],sci.crypt
[0. 0. 0. ... 0. 0. 0.],comp.os.ms-windows.misc
[0. 0. 0. ... 0. 0. 0.],comp.sys.mac.hardware
[0. 0. 0. ... 0. 0. 0.],rec.sport.baseball
[0. 0. 0. ... 0. 0. 0.],comp.os.ms-windows.misc
[0. 0. 0. ... 0. 0. 0.],comp.graphics
[0. 0. 0. ... 0. 0. 0.],comp.os.ms-windows.misc
[0. 0. 0. ... 0. 0. 0.],comp.graphics
[0. 0. 0. ... 0. 0. 0.],rec.motorcycles
[0.         0.         0.         ... 0.         0.07894894 0.        ],talk.politics.guns
[0. 0. 0. ... 0. 0. 0.],rec.sport.baseball
[0. 0. 0. ... 0. 0. 0.],comp.sys.mac.hardware
[0. 0. 0. ... 0. 0. 0.],comp.sys.mac.hardware
[0. 0. 0. ... 0. 0. 0.],misc.forsale
[0. 0. 0. ... 0. 0. 0.],rec.sport.hockey
[0. 0. 0. ... 0. 0. 0.],rec.motorcycles
[0. 0. 0. ... 0. 0. 0.],rec.motorcycles
[0. 0. 0. ... 0. 0. 0.],talk.religion.misc
[0.         0.         0.13700901 ... 0.         0.         0.        ],talk.politics.misc
[0. 0. 0. ... 0. 0. 0.],sci.space
[0. 0. 0. ... 0. 0. 0.],sci.space
[0. 0. 0. ... 0. 0. 0.],comp.sys.ibm.pc.hardware
[0.         0.04217294 0.         ... 0.         0.         0.        ],comp.windows.x
[0. 0. 0. ... 0. 0. 0.],sci.electronics
[0. 0. 0. ... 0. 0. 0.],comp.os.ms-windows.misc
[0. 0. 0. ... 0. 0. 0.],rec.sport.baseball
[0. 0. 0. ... 0. 0. 0.],comp.windows.x
[0. 0. 0. ... 0. 0. 0.],sci.space
[0.         0.14095995 0.         ... 0.         0.         0.        ],sci.electronics
[0. 0. 0. ... 0. 0. 0.],sci.crypt
[0. 0. 0. ... 0. 0. 0.],comp.sys.ibm.pc.hardware
[0. 0. 0. ... 0. 0. 0.],comp.sys.mac.hardware
[0. 0. 0. ... 0. 0. 0.],sci.med
[0. 0. 0. ... 0. 0. 0.],talk.religion.misc
[0. 0. 0. ... 0. 0. 0.],sci.crypt
[0. 0. 0. ... 0. 0. 0.],talk.politics.misc
[0. 0. 0. ... 0. 0. 0.],soc.religion.christian
[0. 0. 0. ... 0. 0. 0.],comp.sys.mac.hardware
[0. 0. 0. ... 0. 0. 0.],sci.crypt
[0. 0. 0. ... 0. 0. 0.],sci.space
[0. 0. 0. ... 0. 0. 0.],talk.politics.mideast
[0.         0.         0.19583346 ... 0.         0.         0.        ],soc.religion.christian
[0. 0. 0. ... 0. 0. 0.],comp.os.ms-windows.misc
[0. 0. 0. ... 0. 0. 0.],talk.religion.misc
[0. 0. 0. ... 0. 0. 0.],misc.forsale
[0. 0. 0. ... 0. 0. 0.],rec.sport.baseball
[0. 0. 0. ... 0. 0. 0.],sci.med
[0. 0. 0. ... 0. 0. 0.],talk.politics.guns
[0. 0. 0. ... 0. 0. 0.],sci.electronics
[0. 0. 0. ... 0. 0. 0.],comp.sys.mac.hardware
[0. 0. 0. ... 0. 0. 0.],talk.politics.misc
[0. 0. 0. ... 0. 0. 0.],rec.sport.baseball
[0. 0. 0. ... 0. 0. 0.],talk.politics.guns
[0. 0. 0. ... 0. 0. 0.],comp.os.ms-windows.misc
[0. 0. 0. ... 0. 0. 0.],comp.sys.mac.hardware
[0.09171094 0.         0.         ... 0.         0.         0.        ],alt.atheism
[0. 0. 0. ... 0. 0. 0.],rec.autos
[0.         0.02988244 0.         ... 0.         0.         0.        ],talk.politics.misc
[0. 0. 0. ... 0. 0. 0.],talk.politics.guns
[0. 0. 0. ... 0. 0. 0.],talk.politics.guns
[0. 0. 0. ... 0. 0. 0.],rec.autos
[0. 0. 0. ... 0. 0. 0.],rec.sport.hockey
[0. 0. 0. ... 0. 0. 0.],comp.os.ms-windows.misc
[0. 0. 0. ... 0. 0. 0.],talk.religion.misc
[0. 0. 0. ... 0. 0. 0.],rec.sport.hockey
[0. 0. 0. ... 0. 0. 0.],misc.forsale
[0. 0. 0. ... 0. 0. 0.],sci.space
[0. 0. 0. ... 0. 0. 0.],misc.forsale
[0. 0. 0. ... 0. 0. 0.],talk.politics.misc
[0. 0. 0. ... 0. 0. 0.],misc.forsale
[0. 0. 0. ... 0. 0. 0.],sci.crypt
[0. 0. 0. ... 0. 0. 0.],sci.space
[0. 0. 0. ... 0. 0. 0.],talk.religion.misc
[0.         0.05073528 0.         ... 0.         0.         0.        ],rec.sport.hockey
[0. 0. 0. ... 0. 0. 0.],comp.os.ms-windows.misc
[0.         0.07535586 0.         ... 0.         0.         0.        ],comp.os.ms-windows.misc
[0. 0. 0. ... 0. 0. 0.],rec.autos
[0. 0. 0. ... 0. 0. 0.],sci.med
[0. 0. 0. ... 0. 0. 0.],comp.graphics
[0. 0. 0. ... 0. 0. 0.],comp.graphics
[0. 0. 0. ... 0. 0. 0.],talk.religion.misc
[0. 0. 0. ... 0. 0. 0.],talk.politics.mideast
[0. 0. 0. ... 0. 0. 0.],soc.religion.christian
[0. 0. 0. ... 0. 0. 0.],talk.religion.misc
[0. 0. 0. ... 0. 0. 0.],comp.os.ms-windows.misc
[0. 0. 0. ... 0. 0. 0.],comp.os.ms-windows.misc
[0. 0. 0. ... 0. 0. 0.],rec.motorcycles
[0. 0. 0. ... 0. 0. 0.],talk.politics.misc
[0. 0. 0. ... 0. 0. 0.],sci.electronics
[0. 0. 0. ... 0. 0. 0.],comp.os.ms-windows.misc
[0. 0. 0. ... 0. 0. 0.],alt.atheism
[0. 0. 0. ... 0. 0. 0.],comp.os.ms-windows.misc
[0. 0. 0. ... 0. 0. 0.],comp.sys.mac.hardware
[0. 0. 0. ... 0. 0. 0.],comp.sys.ibm.pc.hardware
[0. 0. 0. ... 0. 0. 0.],comp.sys.ibm.pc.hardware
[0. 0. 0. ... 0. 0. 0.],sci.crypt
[0.         0.13178358 0.         ... 0.         0.20105029 0.        ],comp.os.ms-windows.misc
[0. 0. 0. ... 0. 0. 0.],sci.crypt
[0. 0. 0. ... 0. 0. 0.],rec.motorcycles
[0. 0. 0. ... 0. 0. 0.],talk.politics.misc
[0. 0. 0. ... 0. 0. 0.],comp.sys.mac.hardware
[0. 0. 0. ... 0. 0. 0.],rec.autos
[0. 0. 0. ... 0. 0. 0.],comp.sys.mac.hardware
[0. 0. 0. ... 0. 0. 0.],comp.sys.ibm.pc.hardware
[0. 0. 0. ... 0. 0. 0.],sci.electronics
[0. 0. 0. ... 0. 0. 0.],alt.atheism
[0. 0. 0. ... 0. 0. 0.],rec.sport.hockey
[0. 0. 0. ... 0. 0. 0.],rec.sport.hockey
[0. 0. 0. ... 0. 0. 0.],comp.graphics
[0. 0. 0. ... 0. 0. 0.],rec.sport.hockey
[0. 0. 0. ... 0. 0. 0.],talk.politics.guns
[0. 0. 0. ... 0. 0. 0.],sci.space
[0. 0. 0. ... 0. 0. 0.],comp.graphics
[0. 0. 0. ... 0. 0. 0.],talk.politics.misc
[0. 0. 0. ... 0. 0. 0.],talk.politics.misc
[0. 0. 0. ... 0. 0. 0.],rec.motorcycles
[0.         0.         0.         ... 0.06191781 0.         0.        ],rec.motorcycles
[0. 0. 0. ... 0. 0. 0.],alt.atheism
[0. 0. 0. ... 0. 0. 0.],rec.autos
[0. 0. 0. ... 0. 0. 0.],comp.windows.x
[0. 0. 0. ... 0. 0. 0.],misc.forsale
[0. 0. 0. ... 0. 0. 0.],talk.politics.mideast
[0. 0. 0. ... 0. 0. 0.],comp.sys.ibm.pc.hardware
[0. 0. 0. ... 0. 0. 0.],comp.windows.x
[0. 0. 0. ... 0. 0. 0.],soc.religion.christian
[0. 0. 0. ... 0. 0. 0.],sci.electronics
[0. 0. 0. ... 0. 0. 0.],comp.graphics
[0. 0. 0. ... 0. 0. 0.],rec.sport.hockey
[0.         0.         0.         ... 0.         0.         0.06990288],talk.religion.misc
[0. 0. 0. ... 0. 0. 0.],misc.forsale
[0. 0. 0. ... 0. 0. 0.],rec.autos
[0. 0. 0. ... 0. 0. 0.],soc.religion.christian
[0. 0. 0. ... 0. 0. 0.],rec.sport.baseball
[0. 0. 0. ... 0. 0. 0.],comp.windows.x
[0. 0. 0. ... 0. 0. 0.],comp.os.ms-windows.misc
[0. 0. 0. ... 0. 0. 0.],talk.politics.misc
[0. 0. 0. ... 0. 0. 0.],sci.electronics
[0. 0. 0. ... 0. 0. 0.],comp.graphics
[0. 0. 0. ... 0. 0. 0.],sci.space
[0. 0. 0. ... 0. 0. 0.],sci.crypt
[0. 0. 0. ... 0. 0. 0.],sci.space
[0. 0. 0. ... 0. 0. 0.],talk.politics.guns
[0. 0. 0. ... 0. 0. 0.],sci.electronics
[0. 0. 0. ... 0. 0. 0.],rec.motorcycles
[0. 0. 0. ... 0. 0. 0.],soc.religion.christian
[0. 0. 0. ... 0. 0. 0.],rec.sport.baseball
[0. 0. 0. ... 0. 0. 0.],talk.religion.misc
[0. 0. 0. ... 0. 0. 0.],comp.sys.mac.hardware
[0. 0. 0. ... 0. 0. 0.],alt.atheism
[0. 0. 0. ... 0. 0. 0.],comp.sys.mac.hardware
[0. 0. 0. ... 0. 0. 0.],comp.sys.ibm.pc.hardware
[0.        0.2273719 0.        ... 0.        0.        0.       ],comp.os.ms-windows.misc
[0. 0. 0. ... 0. 0. 0.],comp.sys.mac.hardware
[0. 0. 0. ... 0. 0. 0.],comp.sys.ibm.pc.hardware
[0.         0.11860277 0.         ... 0.         0.         0.        ],comp.sys.ibm.pc.hardware
[0. 0. 0. ... 0. 0. 0.],comp.sys.mac.hardware
[0. 0. 0. ... 0. 0. 0.],rec.sport.hockey
[0. 0. 0. ... 0. 0. 0.],talk.politics.guns
[0. 0. 0. ... 0. 0. 0.],talk.politics.mideast
[0. 0. 0. ... 0. 0. 0.],sci.crypt
[0. 0. 0. ... 0. 0. 0.],talk.politics.guns
[0. 0. 0. ... 0. 0. 0.],rec.autos
[0. 0. 0. ... 0. 0. 0.],rec.motorcycles
[0. 0. 0. ... 0. 0. 0.],sci.electronics
[0. 0. 0. ... 0. 0. 0.],comp.graphics
[0. 0. 0. ... 0. 0. 0.],comp.windows.x
[0. 0. 0. ... 0. 0. 0.],comp.sys.mac.hardware
[0. 0. 0. ... 0. 0. 0.],rec.sport.hockey
[0. 0. 0. ... 0. 0. 0.],sci.space
[0. 0. 0. ... 0. 0. 0.],comp.windows.x
[0.         0.09455097 0.         ... 0.         0.         0.        ],rec.sport.hockey
[0. 0. 0. ... 0. 0. 0.],rec.motorcycles
[0. 0. 0. ... 0. 0. 0.],sci.space
[0. 0. 0. ... 0. 0. 0.],soc.religion.christian
[0. 0. 0. ... 0. 0. 0.],soc.religion.christian
[0. 0. 0. ... 0. 0. 0.],rec.sport.hockey
[0. 0. 0. ... 0. 0. 0.],rec.sport.hockey
[0. 0. 0. ... 0. 0. 0.],comp.sys.mac.hardware
[0. 0. 0. ... 0. 0. 0.],comp.sys.mac.hardware
[0. 0. 0. ... 0. 0. 0.],sci.space
[0. 0. 0. ... 0. 0. 0.],comp.os.ms-windows.misc
[0. 0. 0. ... 0. 0. 0.],comp.graphics
[0. 0. 0. ... 0. 0. 0.],misc.forsale
[0. 0. 0. ... 0. 0. 0.],alt.atheism
[0. 0. 0. ... 0. 0. 0.],rec.sport.baseball
[0. 0. 0. ... 0. 0. 0.],comp.sys.ibm.pc.hardware
[0. 0. 0. ... 0. 0. 0.],comp.sys.ibm.pc.hardware
[0. 0. 0. ... 0. 0. 0.],misc.forsale
[0. 0. 0. ... 0. 0. 0.],comp.sys.ibm.pc.hardware
[0. 0. 0. ... 0. 0. 0.],comp.sys.mac.hardware
[0. 0. 0. ... 0. 0. 0.],comp.sys.mac.hardware
[0.         0.         0.         ... 0.14775518 0.         0.        ],rec.motorcycles
[0. 0. 0. ... 0. 0. 0.],rec.sport.baseball
[0. 0. 0. ... 0. 0. 0.],comp.sys.ibm.pc.hardware
[0. 0. 0. ... 0. 0. 0.],talk.politics.mideast
[0. 0. 0. ... 0. 0. 0.],comp.sys.mac.hardware
[0. 0. 0. ... 0. 0. 0.],sci.med
[0. 0. 0. ... 0. 0. 0.],comp.sys.ibm.pc.hardware
[0. 0. 0. ... 0. 0. 0.],comp.windows.x
[0.        0.1580972 0.        ... 0.        0.        0.       ],sci.electronics
[0. 0. 0. ... 0. 0. 0.],comp.sys.mac.hardware
[0. 0. 0. ... 0. 0. 0.],rec.sport.baseball
[0. 0. 0. ... 0. 0. 0.],soc.religion.christian
[0.        0.1014949 0.        ... 0.        0.        0.       ],comp.sys.ibm.pc.hardware
[0. 0. 0. ... 0. 0. 0.],talk.politics.guns
[0. 0. 0. ... 0. 0. 0.],talk.politics.misc
[0. 0. 0. ... 0. 0. 0.],comp.sys.ibm.pc.hardware
[0. 0. 0. ... 0. 0. 0.],comp.sys.mac.hardware
[0. 0. 0. ... 0. 0. 0.],rec.motorcycles
[0. 0. 0. ... 0. 0. 0.],talk.politics.guns
[0. 0. 0. ... 0. 0. 0.],talk.politics.misc
[0. 0. 0. ... 0. 0. 0.],soc.religion.christian
[0. 0. 0. ... 0. 0. 0.],comp.sys.mac.hardware
[0. 0. 0. ... 0. 0. 0.],talk.religion.misc
[0. 0. 0. ... 0. 0. 0.],comp.graphics
[0. 0. 0. ... 0. 0. 0.],rec.sport.hockey
[0. 0. 0. ... 0. 0. 0.],talk.politics.guns
[0. 0. 0. ... 0. 0. 0.],comp.sys.mac.hardware
[0. 0. 0. ... 0. 0. 0.],misc.forsale
[0. 0. 0. ... 0. 0. 0.],talk.politics.guns
[0. 0. 0. ... 0. 0. 0.],rec.sport.baseball
[0. 0. 0. ... 0. 0. 0.],comp.graphics
[0. 0. 0. ... 0. 0. 0.],comp.os.ms-windows.misc
[0. 0. 0. ... 0. 0. 0.],comp.os.ms-windows.misc
[0. 0. 0. ... 0. 0. 0.],comp.sys.mac.hardware
[0. 0. 0. ... 0. 0. 0.],comp.sys.mac.hardware
[0. 0. 0. ... 0. 0. 0.],talk.politics.misc
[0.22860425 0.         0.         ... 0.         0.         0.        ],rec.sport.baseball
[0. 0. 0. ... 0. 0. 0.],rec.motorcycles
[0. 0. 0. ... 0. 0. 0.],comp.graphics
[0. 0. 0. ... 0. 0. 0.],talk.politics.mideast
[0. 0. 0. ... 0. 0. 0.],alt.atheism
[0. 0. 0. ... 0. 0. 0.],comp.sys.mac.hardware
[0. 0. 0. ... 0. 0. 0.],misc.forsale
[0. 0. 0. ... 0. 0. 0.],rec.motorcycles
[0. 0. 0. ... 0. 0. 0.],rec.sport.hockey
[0. 0. 0. ... 0. 0. 0.],sci.space
[0.       0.169748 0.       ... 0.       0.       0.      ],sci.space
[0. 0. 0. ... 0. 0. 0.],rec.sport.hockey
[0.         0.         0.         ... 0.         0.26052863 0.        ],misc.forsale
[0. 0. 0. ... 0. 0. 0.],comp.windows.x
[0.         0.05851572 0.         ... 0.17590533 0.         0.        ],misc.forsale
[0. 0. 0. ... 0. 0. 0.],rec.sport.baseball
[0. 0. 0. ... 0. 0. 0.],talk.politics.mideast
[0. 0. 0. ... 0. 0. 0.],talk.politics.mideast
[0. 0. 0. ... 0. 0. 0.],comp.graphics
[0. 0. 0. ... 0. 0. 0.],rec.autos
[0. 0. 0. ... 0. 0. 0.],sci.med
[0. 0. 0. ... 0. 0. 0.],rec.autos
[0. 0. 0. ... 0. 0. 0.],talk.politics.misc
[0. 0. 0. ... 0. 0. 0.],sci.electronics
[0.         0.20451764 0.         ... 0.         0.         0.        ],sci.electronics
[0. 0. 0. ... 0. 0. 0.],misc.forsale
[0. 0. 0. ... 0. 0. 0.],sci.crypt
[0.         0.07789896 0.         ... 0.         0.         0.        ],comp.windows.x
[0. 0. 0. ... 0. 0. 0.],comp.sys.ibm.pc.hardware
[0. 0. 0. ... 0. 0. 0.],sci.med
[0. 0. 0. ... 0. 0. 0.],rec.motorcycles
[0. 0. 0. ... 0. 0. 0.],talk.politics.mideast
[0. 0. 0. ... 0. 0. 0.],rec.sport.baseball
[0. 0. 0. ... 0. 0. 0.],rec.autos
[0. 0. 0. ... 0. 0. 0.],comp.windows.x
[0.15156815 0.         0.         ... 0.         0.         0.        ],rec.sport.baseball
[0. 0. 0. ... 0. 0. 0.],comp.sys.ibm.pc.hardware
[0. 0. 0. ... 0. 0. 0.],comp.sys.ibm.pc.hardware
[0. 0. 0. ... 0. 0. 0.],comp.graphics
[0. 0. 0. ... 0. 0. 0.],comp.windows.x
[0. 0. 0. ... 0. 0. 0.],comp.os.ms-windows.misc
[0. 0. 0. ... 0. 0. 0.],sci.electronics
[0. 0. 0. ... 0. 0. 0.],comp.windows.x
[0. 0. 0. ... 0. 0. 0.],sci.med
[0. 0. 0. ... 0. 0. 0.],comp.windows.x
[0.         0.15526892 0.         ... 0.         0.         0.        ],comp.sys.ibm.pc.hardware
[0. 0. 0. ... 0. 0. 0.],rec.motorcycles
[0. 0. 0. ... 0. 0. 0.],comp.os.ms-windows.misc
[0. 0. 0. ... 0. 0. 0.],misc.forsale
[0. 0. 0. ... 0. 0. 0.],sci.med
[0. 0. 0. ... 0. 0. 0.],talk.politics.guns
[0. 0. 0. ... 0. 0. 0.],comp.sys.mac.hardware
[0. 0. 0. ... 0. 0. 0.],comp.os.ms-windows.misc
[0. 0. 0. ... 0. 0. 0.],rec.sport.baseball
[0. 0. 0. ... 0. 0. 0.],talk.religion.misc
[0. 0. 0. ... 0. 0. 0.],talk.politics.misc
[0. 0. 0. ... 0. 0. 0.],comp.sys.ibm.pc.hardware
[0. 0. 0. ... 0. 0. 0.],rec.sport.hockey
[0. 0. 0. ... 0. 0. 0.],soc.religion.christian
[0. 0. 0. ... 0. 0. 0.],comp.windows.x
[0. 0. 0. ... 0. 0. 0.],rec.motorcycles
[0.04530859 0.         0.         ... 0.         0.         0.        ],sci.space
[0. 0. 0. ... 0. 0. 0.],sci.med
[0. 0. 0. ... 0. 0. 0.],sci.med
[0. 0. 0. ... 0. 0. 0.],comp.graphics
[0. 0. 0. ... 0. 0. 0.],rec.sport.hockey
[0. 0. 0. ... 0. 0. 0.],comp.sys.mac.hardware
[0. 0. 0. ... 0. 0. 0.],alt.atheism
[0. 0. 0. ... 0. 0. 0.],sci.space
[0. 0. 0. ... 0. 0. 0.],alt.atheism
[0. 0. 0. ... 0. 0. 0.],comp.graphics
[0. 0. 0. ... 0. 0. 0.],rec.motorcycles
[0.         0.         0.         ... 0.         0.         0.08510401],comp.sys.ibm.pc.hardware
[0. 0. 0. ... 0. 0. 0.],comp.graphics
[0. 0. 0. ... 0. 0. 0.],comp.graphics
[0. 0. 0. ... 0. 0. 0.],rec.motorcycles
[0. 0. 0. ... 0. 0. 0.],rec.autos
[0. 0. 0. ... 0. 0. 0.],sci.crypt
[0.         0.0469546  0.         ... 0.         0.         0.14704576],talk.politics.mideast
[0. 0. 0. ... 0. 0. 0.],talk.politics.misc
[0. 0. 0. ... 0. 0. 0.],sci.electronics
[0. 0. 0. ... 0. 0. 0.],sci.med
[0. 0. 0. ... 0. 0. 0.],misc.forsale
[0. 0. 0. ... 0. 0. 0.],comp.sys.mac.hardware
[0. 0. 0. ... 0. 0. 0.],sci.electronics
[0. 0. 0. ... 0. 0. 0.],rec.sport.hockey
[0. 0. 0. ... 0. 0. 0.],rec.autos
[0. 0. 0. ... 0. 0. 0.],rec.motorcycles
[0. 0. 0. ... 0. 0. 0.],sci.space
[0. 0. 0. ... 0. 0. 0.],talk.politics.mideast
[0. 0. 0. ... 0. 0. 0.],rec.sport.hockey
[0. 0. 0. ... 0. 0. 0.],talk.religion.misc
[0. 0. 0. ... 0. 0. 0.],misc.forsale
[0. 0. 0. ... 0. 0. 0.],rec.sport.baseball
[0. 0. 0. ... 0. 0. 0.],soc.religion.christian
[0. 0. 0. ... 0. 0. 0.],sci.electronics
[0. 0. 0. ... 0. 0. 0.],alt.atheism
[0. 0. 0. ... 0. 0. 0.],comp.os.ms-windows.misc
[0. 0. 0. ... 0. 0. 0.],comp.os.ms-windows.misc
[0. 0. 0. ... 0. 0. 0.],talk.politics.misc
[0. 0. 0. ... 0. 0. 0.],comp.graphics
[0. 0. 0. ... 0. 0. 0.],sci.crypt
[0. 0. 0. ... 0. 0. 0.],alt.atheism
[0. 0. 0. ... 0. 0. 0.],talk.politics.guns
[0. 0. 0. ... 0. 0. 0.],sci.med
[0. 0. 0. ... 0. 0. 0.],sci.crypt
[0. 0. 0. ... 0. 0. 0.],rec.motorcycles
[0. 0. 0. ... 0. 0. 0.],alt.atheism
[0. 0. 0. ... 0. 0. 0.],talk.religion.misc
[0. 0. 0. ... 0. 0. 0.],rec.autos
[0. 0. 0. ... 0. 0. 0.],talk.politics.guns
[0. 0. 0. ... 0. 0. 0.],comp.os.ms-windows.misc
[0.         0.04037138 0.         ... 0.         0.         0.        ],soc.religion.christian
[0. 0. 0. ... 0. 0. 0.],soc.religion.christian
[0. 0. 0. ... 0. 0. 0.],sci.crypt
[0. 0. 0. ... 0. 0. 0.],rec.sport.baseball
[0. 0. 0. ... 0. 0. 0.],rec.autos
[0. 0. 0. ... 0. 0. 0.],comp.sys.ibm.pc.hardware
[0. 0. 0. ... 0. 0. 0.],comp.os.ms-windows.misc
[0. 0. 0. ... 0. 0. 0.],sci.electronics
[0. 0. 0. ... 0. 0. 0.],alt.atheism
[0. 0. 0. ... 0. 0. 0.],talk.religion.misc
[0. 0. 0. ... 0. 0. 0.],comp.graphics
[0. 0. 0. ... 0. 0. 0.],alt.atheism
[0. 0. 0. ... 0. 0. 0.],rec.motorcycles
[0. 0. 0. ... 0. 0. 0.],sci.crypt
[0. 0. 0. ... 0. 0. 0.],talk.politics.guns
[0. 0. 0. ... 0. 0. 0.],comp.sys.mac.hardware
[0. 0. 0. ... 0. 0. 0.],sci.electronics
[0.         0.13318969 0.         ... 0.         0.         0.        ],comp.os.ms-windows.misc
[0. 0. 0. ... 0. 0. 0.],rec.motorcycles
[0. 0. 0. ... 0. 0. 0.],rec.autos
[0.         0.05251808 0.         ... 0.         0.         0.        ],comp.sys.mac.hardware
[0. 0. 0. ... 0. 0. 0.],comp.graphics
[0. 0. 0. ... 0. 0. 0.],sci.electronics
[0. 0. 0. ... 0. 0. 0.],rec.sport.baseball
[0. 0. 0. ... 0. 0. 0.],talk.politics.mideast
[0. 0. 0. ... 0. 0. 0.],comp.windows.x
[0. 0. 0. ... 0. 0. 0.],soc.religion.christian
[0. 0. 0. ... 0. 0. 0.],sci.electronics
[0. 0. 0. ... 0. 0. 0.],talk.politics.mideast
[0. 0. 0. ... 0. 0. 0.],comp.windows.x
[0. 0. 0. ... 0. 0. 0.],sci.crypt
[0. 0. 0. ... 0. 0. 0.],comp.sys.ibm.pc.hardware
[0. 0. 0. ... 0. 0. 0.],soc.religion.christian
[0. 0. 0. ... 0. 0. 0.],misc.forsale
[0. 0. 0. ... 0. 0. 0.],sci.electronics
[0. 0. 0. ... 0. 0. 0.],sci.space
[0. 0. 0. ... 0. 0. 0.],comp.sys.mac.hardware
[0.         0.         0.19347982 ... 0.         0.         0.        ],soc.religion.christian
[0. 0. 0. ... 0. 0. 0.],sci.crypt
[0. 0. 0. ... 0. 0. 0.],comp.graphics
[0. 0. 0. ... 0. 0. 0.],misc.forsale
[0. 0. 0. ... 0. 0. 0.],rec.autos
[0. 0. 0. ... 0. 0. 0.],sci.electronics
[0. 0. 0. ... 0. 0. 0.],soc.religion.christian
[0. 0. 0. ... 0. 0. 0.],sci.electronics
[0. 0. 0. ... 0. 0. 0.],rec.sport.baseball
[0. 0. 0. ... 0. 0. 0.],misc.forsale
[0.         0.         0.         ... 0.         0.         0.43003091],rec.sport.baseball
[0. 0. 0. ... 0. 0. 0.],comp.graphics
[0. 0. 0. ... 0. 0. 0.],rec.motorcycles
[0. 0. 0. ... 0. 0. 0.],rec.sport.baseball
[0. 0. 0. ... 0. 0. 0.],comp.graphics
[0. 0. 0. ... 0. 0. 0.],talk.politics.guns
[0. 0. 0. ... 0. 0. 0.],sci.med
[0. 0. 0. ... 0. 0. 0.],sci.electronics
[0. 0. 0. ... 0. 0. 0.],rec.autos
[0. 0. 0. ... 0. 0. 0.],rec.autos
[0. 0. 0. ... 0. 0. 0.],rec.motorcycles
[0. 0. 0. ... 0. 0. 0.],rec.autos
[0.04395773 0.         0.         ... 0.         0.         0.        ],sci.crypt
[0.         0.         0.         ... 0.13459555 0.         0.        ],comp.os.ms-windows.misc
[0. 0. 0. ... 0. 0. 0.],rec.motorcycles
[0. 0. 0. ... 0. 0. 0.],sci.med
[0. 0. 0. ... 0. 0. 0.],sci.med
[0. 0. 0. ... 0. 0. 0.],talk.politics.misc
[0. 0. 0. ... 0. 0. 0.],rec.sport.baseball
[0. 0. 0. ... 0. 0. 0.],rec.sport.baseball
[0. 0. 0. ... 0. 0. 0.],soc.religion.christian
[0. 0. 0. ... 0. 0. 0.],talk.politics.mideast
[0. 0. 0. ... 0. 0. 0.],rec.sport.baseball
[0. 0. 0. ... 0. 0. 0.],alt.atheism
[0. 0. 0. ... 0. 0. 0.],rec.autos
[0. 0. 0. ... 0. 0. 0.],comp.windows.x
[0. 0. 0. ... 0. 0. 0.],sci.crypt
[0. 0. 0. ... 0. 0. 0.],comp.sys.mac.hardware
[0. 0. 0. ... 0. 0. 0.],comp.sys.mac.hardware
[0. 0. 0. ... 0. 0. 0.],comp.graphics
[0. 0. 0. ... 0. 0. 0.],comp.sys.mac.hardware
[0. 0. 0. ... 0. 0. 0.],rec.sport.hockey
[0. 0. 0. ... 0. 0. 0.],rec.sport.hockey
[0. 0. 0. ... 0. 0. 0.],comp.graphics
[0. 0. 0. ... 0. 0. 0.],rec.motorcycles
[0. 0. 0. ... 0. 0. 0.],comp.sys.ibm.pc.hardware
[0. 0. 0. ... 0. 0. 0.],talk.politics.guns
[0. 0. 0. ... 0. 0. 0.],talk.politics.mideast
[0. 0. 0. ... 0. 0. 0.],comp.windows.x
[0. 0. 0. ... 0. 0. 0.],rec.sport.baseball
[0. 0. 0. ... 0. 0. 0.],talk.religion.misc
[0. 0. 0. ... 0. 0. 0.],rec.sport.baseball
[0. 0. 0. ... 0. 0. 0.],talk.politics.guns
[0. 0. 0. ... 0. 0. 0.],rec.autos
[0.0685063  0.05233888 0.         ... 0.         0.         0.        ],soc.religion.christian
[0. 0. 0. ... 0. 0. 0.],alt.atheism
[0. 0. 0. ... 0. 0. 0.],comp.graphics
[0. 0. 0. ... 0. 0. 0.],alt.atheism
[0. 0. 0. ... 0. 0. 0.],comp.windows.x
[0. 0. 0. ... 0. 0. 0.],misc.forsale
[0. 0. 0. ... 0. 0. 0.],sci.med
[0. 0. 0. ... 0. 0. 0.],comp.sys.mac.hardware
[0. 0. 0. ... 0. 0. 0.],rec.autos
[0. 0. 0. ... 0. 0. 0.],rec.sport.baseball
[0. 0. 0. ... 0. 0. 0.],talk.politics.guns
[0. 0. 0. ... 0. 0. 0.],sci.med
[0. 0. 0. ... 0. 0. 0.],comp.windows.x
[0. 0. 0. ... 0. 0. 0.],sci.crypt
[0. 0. 0. ... 0. 0. 0.],misc.forsale
[0. 0. 0. ... 0. 0. 0.],comp.os.ms-windows.misc
[0. 0. 0. ... 0. 0. 0.],misc.forsale
[0.         0.16400493 0.         ... 0.         0.         0.        ],comp.sys.mac.hardware
[0. 0. 0. ... 0. 0. 0.],soc.religion.christian
[0. 0. 0. ... 0. 0. 0.],rec.autos
[0. 0. 0. ... 0. 0. 0.],comp.graphics
[0. 0. 0. ... 0. 0. 0.],rec.sport.baseball
[0.         0.04339541 0.         ... 0.         0.         0.        ],talk.politics.misc
[0. 0. 0. ... 0. 0. 0.],comp.os.ms-windows.misc
[0.         0.07914468 0.         ... 0.         0.         0.        ],comp.graphics
[0. 0. 0. ... 0. 0. 0.],sci.space
[0. 0. 0. ... 0. 0. 0.],sci.med
[0. 0. 0. ... 0. 0. 0.],talk.politics.guns
[0. 0. 0. ... 0. 0. 0.],talk.politics.misc
[0. 0. 0. ... 0. 0. 0.],comp.windows.x
[0. 0. 0. ... 0. 0. 0.],sci.med
[0. 0. 0. ... 0. 0. 0.],rec.autos
[0. 0. 0. ... 0. 0. 0.],rec.sport.hockey
[0. 0. 0. ... 0. 0. 0.],rec.sport.baseball
[0. 0. 0. ... 0. 0. 0.],rec.autos
[0. 0. 0. ... 0. 0. 0.],misc.forsale
[0. 0. 0. ... 0. 0. 0.],talk.politics.mideast
[0. 0. 0. ... 0. 0. 0.],alt.atheism
[0. 0. 0. ... 0. 0. 0.],soc.religion.christian
[0. 0. 0. ... 0. 0. 0.],sci.electronics
[0. 0. 0. ... 0. 0. 0.],sci.crypt
[0. 0. 0. ... 0. 0. 0.],comp.os.ms-windows.misc
[0. 0. 0. ... 0. 0. 0.],comp.sys.ibm.pc.hardware
[0. 0. 0. ... 0. 0. 0.],sci.electronics
[0. 0. 0. ... 0. 0. 0.],misc.forsale
[0. 0. 0. ... 0. 0. 0.],talk.politics.mideast
[0. 0. 0. ... 0. 0. 0.],talk.politics.misc
[0. 0. 0. ... 0. 0. 0.],talk.politics.misc
[0. 0. 0. ... 0. 0. 0.],soc.religion.christian
[0. 0. 0. ... 0. 0. 0.],rec.sport.hockey
[0. 0. 0. ... 0. 0. 0.],rec.motorcycles
[0. 0. 0. ... 0. 0. 0.],rec.sport.hockey
[0. 0. 0. ... 0. 0. 0.],talk.religion.misc
[0.         0.11408102 0.         ... 0.         0.         0.        ],sci.crypt
[0. 0. 0. ... 0. 0. 0.],comp.graphics
[0. 0. 0. ... 0. 0. 0.],soc.religion.christian
[0. 0. 0. ... 0. 0. 0.],talk.politics.mideast
[0. 0. 0. ... 0. 0. 0.],comp.windows.x
[0. 0. 0. ... 0. 0. 0.],comp.graphics
[0. 0. 0. ... 0. 0. 0.],rec.autos
[0. 0. 0. ... 0. 0. 0.],comp.sys.ibm.pc.hardware
[0. 0. 0. ... 0. 0. 0.],talk.politics.misc
[0. 0. 0. ... 0. 0. 0.],rec.sport.baseball
[0. 0. 0. ... 0. 0. 0.],rec.sport.baseball
[0. 0. 0. ... 0. 0. 0.],comp.windows.x
[0. 0. 0. ... 0. 0. 0.],talk.politics.guns
[0. 0. 0. ... 0. 0. 0.],sci.electronics
[0. 0. 0. ... 0. 0. 0.],soc.religion.christian
[0. 0. 0. ... 0. 0. 0.],comp.sys.ibm.pc.hardware
[0. 0. 0. ... 0. 0. 0.],sci.electronics
[0.         0.05976311 0.         ... 0.         0.         0.        ],comp.windows.x
[0.         0.08201725 0.         ... 0.         0.         0.        ],comp.graphics
[0. 0. 0. ... 0. 0. 0.],rec.sport.hockey
[0. 0. 0. ... 0. 0. 0.],sci.space
[0. 0. 0. ... 0. 0. 0.],comp.graphics
[0. 0. 0. ... 0. 0. 0.],comp.windows.x
[0. 0. 0. ... 0. 0. 0.],soc.religion.christian
[0. 0. 0. ... 0. 0. 0.],soc.religion.christian
[0. 0. 0. ... 0. 0. 0.],alt.atheism
[0. 0. 0. ... 0. 0. 0.],sci.electronics
[0. 0. 0. ... 0. 0. 0.],rec.motorcycles
[0. 0. 0. ... 0. 0. 0.],misc.forsale
[0. 0. 0. ... 0. 0. 0.],rec.sport.hockey
[0. 0. 0. ... 0. 0. 0.],misc.forsale
[0. 0. 0. ... 0. 0. 0.],sci.med
[0.         0.         0.         ... 0.         0.         0.09192443],comp.sys.mac.hardware
[0. 0. 0. ... 0. 0. 0.],talk.politics.misc
[0. 0. 0. ... 0. 0. 0.],rec.autos
[0. 0. 0. ... 0. 0. 0.],sci.crypt
[0. 0. 0. ... 0. 0. 0.],soc.religion.christian
[0. 0. 0. ... 0. 0. 0.],sci.crypt
[0. 0. 0. ... 0. 0. 0.],talk.politics.mideast
[0. 0. 0. ... 0. 0. 0.],misc.forsale
[0. 0. 0. ... 0. 0. 0.],comp.os.ms-windows.misc
[0.         0.07666198 0.         ... 0.         0.         0.        ],talk.politics.misc
[0. 0. 0. ... 0. 0. 0.],misc.forsale
[0. 0. 0. ... 0. 0. 0.],talk.politics.mideast
[0. 0. 0. ... 0. 0. 0.],comp.windows.x
[0. 0. 0. ... 0. 0. 0.],comp.sys.mac.hardware
[0. 0. 0. ... 0. 0. 0.],comp.sys.mac.hardware
[0. 0. 0. ... 0. 0. 0.],soc.religion.christian
[0. 0. 0. ... 0. 0. 0.],soc.religion.christian
[0. 0. 0. ... 0. 0. 0.],sci.space
[0. 0. 0. ... 0. 0. 0.],comp.windows.x
[0. 0. 0. ... 0. 0. 0.],rec.autos
[0. 0. 0. ... 0. 0. 0.],rec.autos
[0. 0. 0. ... 0. 0. 0.],misc.forsale
[0. 0. 0. ... 0. 0. 0.],rec.sport.baseball
[0. 0. 0. ... 0. 0. 0.],misc.forsale
[0.        0.2684567 0.        ... 0.        0.        0.       ],sci.space
[0. 0. 0. ... 0. 0. 0.],rec.sport.hockey
[0. 0. 0. ... 0. 0. 0.],talk.politics.guns
[0. 0. 0. ... 0. 0. 0.],sci.med
[0. 0. 0. ... 0. 0. 0.],comp.sys.mac.hardware
[0. 0. 0. ... 0. 0. 0.],alt.atheism
[0. 0. 0. ... 0. 0. 0.],misc.forsale
[0. 0. 0. ... 0. 0. 0.],misc.forsale
[0.         0.         0.         ... 0.         0.         0.11915764],rec.sport.baseball
[0. 0. 0. ... 0. 0. 0.],comp.windows.x
[0. 0. 0. ... 0. 0. 0.],talk.politics.mideast
[0. 0. 0. ... 0. 0. 0.],talk.religion.misc
[0. 0. 0. ... 0. 0. 0.],comp.os.ms-windows.misc
[0. 0. 0. ... 0. 0. 0.],sci.crypt
[0. 0. 0. ... 0. 0. 0.],misc.forsale
[0. 0. 0. ... 0. 0. 0.],comp.os.ms-windows.misc
[0. 0. 0. ... 0. 0. 0.],comp.os.ms-windows.misc
[0. 0. 0. ... 0. 0. 0.],sci.crypt
[0. 0. 0. ... 0. 0. 0.],rec.sport.hockey
[0. 0. 0. ... 0. 0. 0.],comp.os.ms-windows.misc
[0. 0. 0. ... 0. 0. 0.],rec.autos
[0.         0.12397926 0.         ... 0.         0.         0.        ],talk.politics.mideast
[0. 0. 0. ... 0. 0. 0.],soc.religion.christian
[0. 0. 0. ... 0. 0. 0.],comp.windows.x
[0. 0. 0. ... 0. 0. 0.],rec.motorcycles
[0. 0. 0. ... 0. 0. 0.],rec.autos
[0. 0. 0. ... 0. 0. 0.],talk.politics.guns
[0. 0. 0. ... 0. 0. 0.],comp.sys.ibm.pc.hardware
[0. 0. 0. ... 0. 0. 0.],sci.space
[0. 0. 0. ... 0. 0. 0.],talk.politics.guns
[0. 0. 0. ... 0. 0. 0.],alt.atheism
[0. 0. 0. ... 0. 0. 0.],comp.graphics
[0. 0. 0. ... 0. 0. 0.],alt.atheism
[0.         0.07453315 0.         ... 0.         0.         0.        ],comp.os.ms-windows.misc
[0. 0. 0. ... 0. 0. 0.],talk.politics.mideast
[0. 0. 0. ... 0. 0. 0.],comp.sys.ibm.pc.hardware
[0. 0. 0. ... 0. 0. 0.],talk.politics.guns
[0. 0. 0. ... 0. 0. 0.],comp.os.ms-windows.misc
[0. 0. 0. ... 0. 0. 0.],sci.med
[0. 0. 0. ... 0. 0. 0.],rec.autos
[0. 0. 0. ... 0. 0. 0.],talk.politics.guns
[0. 0. 0. ... 0. 0. 0.],comp.os.ms-windows.misc
[0. 0. 0. ... 0. 0. 0.],comp.graphics
[0. 0. 0. ... 0. 0. 0.],rec.motorcycles
[0. 0. 0. ... 0. 0. 0.],rec.motorcycles
[0. 0. 0. ... 0. 0. 0.],comp.windows.x
[0. 0. 0. ... 0. 0. 0.],comp.os.ms-windows.misc
[0. 0. 0. ... 0. 0. 0.],alt.atheism
[0. 0. 0. ... 0. 0. 0.],alt.atheism
[0.         0.17098676 0.         ... 0.         0.         0.        ],comp.os.ms-windows.misc
[0. 0. 0. ... 0. 0. 0.],rec.autos
[0. 0. 0. ... 0. 0. 0.],comp.windows.x
[0. 0. 0. ... 0. 0. 0.],sci.crypt
[0. 0. 0. ... 0. 0. 0.],comp.windows.x
[0. 0. 0. ... 0. 0. 0.],sci.crypt
[0. 0. 0. ... 0. 0. 0.],sci.crypt
[0. 0. 0. ... 0. 0. 0.],rec.motorcycles
[0. 0. 0. ... 0. 0. 0.],misc.forsale
[0. 0. 0. ... 0. 0. 0.],soc.religion.christian
[0. 0. 0. ... 0. 0. 0.],misc.forsale
[0. 0. 0. ... 0. 0. 0.],comp.graphics
[0. 0. 0. ... 0. 0. 0.],soc.religion.christian
[0. 0. 0. ... 0. 0. 0.],rec.motorcycles
[0.         0.15029078 0.         ... 0.         0.         0.        ],sci.electronics
[0. 0. 0. ... 0. 0. 0.],sci.space
[0. 0. 0. ... 0. 0. 0.],alt.atheism
[0. 0. 0. ... 0. 0. 0.],comp.graphics
[0. 0. 0. ... 0. 0. 0.],misc.forsale
[0. 0. 0. ... 0. 0. 0.],rec.motorcycles
[0. 0. 0. ... 0. 0. 0.],comp.os.ms-windows.misc
[0. 0. 0. ... 0. 0. 0.],misc.forsale
[0. 0. 0. ... 0. 0. 0.],comp.os.ms-windows.misc
[0. 0. 0. ... 0. 0. 0.],rec.autos
[0. 0. 0. ... 0. 0. 0.],comp.graphics
[0. 0. 0. ... 0. 0. 0.],soc.religion.christian
[0. 0. 0. ... 0. 0. 0.],rec.autos
[0. 0. 0. ... 0. 0. 0.],sci.space
[0. 0. 0. ... 0. 0. 0.],comp.sys.mac.hardware
[0. 0. 0. ... 0. 0. 0.],comp.graphics
[0. 0. 0. ... 0. 0. 0.],sci.space
[0. 0. 0. ... 0. 0. 0.],talk.politics.misc
[0. 0. 0. ... 0. 0. 0.],soc.religion.christian
[0. 0. 0. ... 0. 0. 0.],comp.os.ms-windows.misc
[0. 0. 0. ... 0. 0. 0.],sci.space
[0.         0.11514569 0.         ... 0.         0.         0.        ],sci.electronics
[0. 0. 0. ... 0. 0. 0.],talk.politics.guns
[0. 0. 0. ... 0. 0. 0.],rec.motorcycles
[0. 0. 0. ... 0. 0. 0.],sci.med
[0. 0. 0. ... 0. 0. 0.],rec.motorcycles
[0. 0. 0. ... 0. 0. 0.],rec.autos
[0. 0. 0. ... 0. 0. 0.],talk.politics.misc
[0. 0. 0. ... 0. 0. 0.],rec.autos
[0. 0. 0. ... 0. 0. 0.],rec.motorcycles
[0. 0. 0. ... 0. 0. 0.],comp.windows.x
[0. 0. 0. ... 0. 0. 0.],comp.sys.ibm.pc.hardware
[0. 0. 0. ... 0. 0. 0.],comp.windows.x
[0. 0. 0. ... 0. 0. 0.],sci.electronics
[0. 0. 0. ... 0. 0. 0.],rec.motorcycles
[0. 0. 0. ... 0. 0. 0.],talk.politics.guns
[0. 0. 0. ... 0. 0. 0.],comp.sys.mac.hardware
[0. 0. 0. ... 0. 0. 0.],comp.graphics
[0. 0. 0. ... 0. 0. 0.],comp.sys.mac.hardware
[0. 0. 0. ... 0. 0. 0.],misc.forsale
[0. 0. 0. ... 0. 0. 0.],comp.os.ms-windows.misc
[0. 0. 0. ... 0. 0. 0.],comp.sys.mac.hardware
[0. 0. 0. ... 0. 0. 0.],soc.religion.christian
[0. 0. 0. ... 0. 0. 0.],sci.space
[0. 0. 0. ... 0. 0. 0.],soc.religion.christian
[0. 0. 0. ... 0. 0. 0.],comp.graphics
[0. 0. 0. ... 0. 0. 0.],alt.atheism
[0. 0. 0. ... 0. 0. 0.],talk.religion.misc
[0. 0. 0. ... 0. 0. 0.],sci.space
[0. 0. 0. ... 0. 0. 0.],comp.sys.ibm.pc.hardware
[0. 0. 0. ... 0. 0. 0.],comp.windows.x
[0. 0. 0. ... 0. 0. 0.],comp.sys.ibm.pc.hardware
[0. 0. 0. ... 0. 0. 0.],comp.graphics
[0. 0. 0. ... 0. 0. 0.],talk.politics.mideast
[0. 0. 0. ... 0. 0. 0.],sci.electronics
[0. 0. 0. ... 0. 0. 0.],comp.graphics
[0. 0. 0. ... 0. 0. 0.],rec.autos
[0. 0. 0. ... 0. 0. 0.],comp.windows.x
[0. 0. 0. ... 0. 0. 0.],talk.politics.misc
[0. 0. 0. ... 0. 0. 0.],sci.crypt
[0. 0. 0. ... 0. 0. 0.],comp.windows.x
[0. 0. 0. ... 0. 0. 0.],sci.med
[0. 0. 0. ... 0. 0. 0.],alt.atheism
[0. 0. 0. ... 0. 0. 0.],talk.politics.misc
[0. 0. 0. ... 0. 0. 0.],misc.forsale
[0. 0. 0. ... 0. 0. 0.],talk.religion.misc
[0. 0. 0. ... 0. 0. 0.],soc.religion.christian
[0. 0. 0. ... 0. 0. 0.],misc.forsale
[0. 0. 0. ... 0. 0. 0.],sci.med
[0. 0. 0. ... 0. 0. 0.],talk.politics.misc
[0. 0. 0. ... 0. 0. 0.],rec.sport.hockey
[0. 0. 0. ... 0. 0. 0.],sci.electronics
[0.         0.08529419 0.         ... 0.         0.         0.        ],talk.politics.guns
[0. 0. 0. ... 0. 0. 0.],sci.electronics
[0. 0. 0. ... 0. 0. 0.],comp.windows.x
[0. 0. 0. ... 0. 0. 0.],comp.windows.x
[0. 0. 0. ... 0. 0. 0.],sci.med
[0. 0. 0. ... 0. 0. 0.],talk.politics.misc
[0. 0. 0. ... 0. 0. 0.],comp.os.ms-windows.misc
[0. 0. 0. ... 0. 0. 0.],talk.politics.misc
[0. 0. 0. ... 0. 0. 0.],sci.crypt
[0. 0. 0. ... 0. 0. 0.],rec.motorcycles
[0.         0.08309735 0.         ... 0.         0.         0.        ],talk.politics.misc
[0. 0. 0. ... 0. 0. 0.],sci.med
[0. 0. 0. ... 0. 0. 0.],comp.os.ms-windows.misc
[0. 0. 0. ... 0. 0. 0.],talk.religion.misc
[0. 0. 0. ... 0. 0. 0.],rec.autos
[0. 0. 0. ... 0. 0. 0.],comp.sys.ibm.pc.hardware
[0. 0. 0. ... 0. 0. 0.],misc.forsale
[0. 0. 0. ... 0. 0. 0.],comp.sys.mac.hardware
[0. 0. 0. ... 0. 0. 0.],comp.windows.x
[0.21635052 0.         0.         ... 0.         0.         0.        ],misc.forsale
[0. 0. 0. ... 0. 0. 0.],comp.sys.ibm.pc.hardware
[0. 0. 0. ... 0. 0. 0.],sci.crypt
[0. 0. 0. ... 0. 0. 0.],talk.politics.misc
[0. 0. 0. ... 0. 0. 0.],talk.religion.misc
[0. 0. 0. ... 0. 0. 0.],talk.religion.misc
[0. 0. 0. ... 0. 0. 0.],talk.politics.misc
[0.        0.0719171 0.        ... 0.        0.        0.       ],alt.atheism
[0. 0. 0. ... 0. 0. 0.],rec.sport.hockey
[0.         0.16902695 0.         ... 0.         0.         0.        ],sci.electronics
[0. 0. 0. ... 0. 0. 0.],sci.med
[0. 0. 0. ... 0. 0. 0.],talk.religion.misc
[0. 0. 0. ... 0. 0. 0.],talk.politics.guns
[0. 0. 0. ... 0. 0. 0.],soc.religion.christian
[0. 0. 0. ... 0. 0. 0.],comp.sys.ibm.pc.hardware
[0. 0. 0. ... 0. 0. 0.],rec.motorcycles
[0. 0. 0. ... 0. 0. 0.],rec.sport.baseball
[0. 0. 0. ... 0. 0. 0.],comp.graphics
[0. 0. 0. ... 0. 0. 0.],rec.motorcycles
[0. 0. 0. ... 0. 0. 0.],soc.religion.christian
[0. 0. 0. ... 0. 0. 0.],comp.sys.mac.hardware
[0. 0. 0. ... 0. 0. 0.],talk.religion.misc
[0. 0. 0. ... 0. 0. 0.],comp.windows.x
[0. 0. 0. ... 0. 0. 0.],rec.sport.hockey
[0. 0. 0. ... 0. 0. 0.],sci.space
[0. 0. 0. ... 0. 0. 0.],soc.religion.christian
[0. 0. 0. ... 0. 0. 0.],rec.sport.baseball
[0. 0. 0. ... 0. 0. 0.],alt.atheism
[0. 0. 0. ... 0. 0. 0.],sci.space
[0. 0. 0. ... 0. 0. 0.],sci.space
[0. 0. 0. ... 0. 0. 0.],alt.atheism
[0. 0. 0. ... 0. 0. 0.],comp.sys.ibm.pc.hardware
[0. 0. 0. ... 0. 0. 0.],alt.atheism
[0. 0. 0. ... 0. 0. 0.],talk.religion.misc
[0. 0. 0. ... 0. 0. 0.],sci.med
[0. 0. 0. ... 0. 0. 0.],talk.politics.mideast
[0.05556336 0.         0.         ... 0.         0.         0.        ],talk.politics.mideast
[0.         0.07279903 0.         ... 0.         0.         0.        ],sci.electronics
[0. 0. 0. ... 0. 0. 0.],sci.crypt
[0. 0. 0. ... 0. 0. 0.],misc.forsale
[0. 0. 0. ... 0. 0. 0.],soc.religion.christian
[0. 0. 0. ... 0. 0. 0.],alt.atheism
[0. 0. 0. ... 0. 0. 0.],comp.graphics
[0. 0. 0. ... 0. 0. 0.],comp.os.ms-windows.misc
[0. 0. 0. ... 0. 0. 0.],rec.autos
[0. 0. 0. ... 0. 0. 0.],comp.windows.x
[0. 0. 0. ... 0. 0. 0.],alt.atheism
[0. 0. 0. ... 0. 0. 0.],comp.os.ms-windows.misc
[0. 0. 0. ... 0. 0. 0.],rec.sport.hockey
[0. 0. 0. ... 0. 0. 0.],comp.os.ms-windows.misc
[0.         0.13909906 0.         ... 0.         0.         0.        ],comp.windows.x
[0. 0. 0. ... 0. 0. 0.],talk.politics.misc
[0. 0. 0. ... 0. 0. 0.],rec.motorcycles
[0. 0. 0. ... 0. 0. 0.],sci.electronics
[0. 0. 0. ... 0. 0. 0.],misc.forsale
[0.         0.09836858 0.         ... 0.         0.         0.        ],sci.crypt
[0.         0.08136878 0.         ... 0.         0.         0.        ],comp.os.ms-windows.misc
[0.19892042 0.         0.         ... 0.         0.         0.        ],comp.windows.x
[0. 0. 0. ... 0. 0. 0.],sci.space
[0. 0. 0. ... 0. 0. 0.],talk.politics.misc
[0. 0. 0. ... 0. 0. 0.],sci.space
[0. 0. 0. ... 0. 0. 0.],sci.electronics
[0. 0. 0. ... 0. 0. 0.],comp.os.ms-windows.misc
[0. 0. 0. ... 0. 0. 0.],sci.space
[0. 0. 0. ... 0. 0. 0.],soc.religion.christian
[0. 0. 0. ... 0. 0. 0.],sci.space
[0. 0. 0. ... 0. 0. 0.],talk.politics.misc
[0. 0. 0. ... 0. 0. 0.],soc.religion.christian
[0. 0. 0. ... 0. 0. 0.],comp.sys.ibm.pc.hardware
[0. 0. 0. ... 0. 0. 0.],sci.crypt
[0. 0. 0. ... 0. 0. 0.],rec.autos
[0. 0. 0. ... 0. 0. 0.],sci.space
[0. 0. 0. ... 0. 0. 0.],talk.politics.misc
[0. 0. 0. ... 0. 0. 0.],talk.politics.guns
[0. 0. 0. ... 0. 0. 0.],sci.electronics
[0. 0. 0. ... 0. 0. 0.],rec.sport.hockey
[0. 0. 0. ... 0. 0. 0.],sci.electronics
[0. 0. 0. ... 0. 0. 0.],soc.religion.christian
[0. 0. 0. ... 0. 0. 0.],comp.sys.mac.hardware
[0. 0. 0. ... 0. 0. 0.],misc.forsale
[0. 0. 0. ... 0. 0. 0.],rec.motorcycles
[0. 0. 0. ... 0. 0. 0.],talk.religion.misc
[0. 0. 0. ... 0. 0. 0.],comp.windows.x
[0. 0. 0. ... 0. 0. 0.],rec.sport.hockey
[0. 0. 0. ... 0. 0. 0.],comp.sys.ibm.pc.hardware
[0. 0. 0. ... 0. 0. 0.],comp.graphics
[0. 0. 0. ... 0. 0. 0.],sci.crypt
[0. 0. 0. ... 0. 0. 0.],rec.sport.hockey
[0. 0. 0. ... 0. 0. 0.],sci.electronics
[0.         0.20921939 0.         ... 0.         0.         0.        ],comp.graphics
[0.         0.         0.         ... 0.         0.         0.10358961],talk.politics.mideast
[0. 0. 0. ... 0. 0. 0.],soc.religion.christian
[0. 0. 0. ... 0. 0. 0.],comp.graphics
[0. 0. 0. ... 0. 0. 0.],talk.religion.misc
[0. 0. 0. ... 0. 0. 0.],comp.graphics
[0. 0. 0. ... 0. 0. 0.],talk.politics.misc
[0. 0. 0. ... 0. 0. 0.],sci.crypt
[0.         0.         0.         ... 0.         0.43535719 0.        ],comp.os.ms-windows.misc
[0. 0. 0. ... 0. 0. 0.],talk.religion.misc
[0. 0. 0. ... 0. 0. 0.],comp.graphics
[0. 0. 0. ... 0. 0. 0.],comp.graphics
[0. 0. 0. ... 0. 0. 0.],sci.med
[0. 0. 0. ... 0. 0. 0.],comp.os.ms-windows.misc
[0. 0. 0. ... 0. 0. 0.],rec.sport.hockey
[0. 0. 0. ... 0. 0. 0.],talk.politics.mideast
[0. 0. 0. ... 0. 0. 0.],rec.sport.baseball
[0. 0. 0. ... 0. 0. 0.],comp.sys.ibm.pc.hardware
[0. 0. 0. ... 0. 0. 0.],sci.electronics
[0. 0. 0. ... 0. 0. 0.],comp.sys.mac.hardware
[0. 0. 0. ... 0. 0. 0.],sci.electronics
[0. 0. 0. ... 0. 0. 0.],talk.politics.misc
[0. 0. 0. ... 0. 0. 0.],comp.sys.ibm.pc.hardware
[0. 0. 0. ... 0. 0. 0.],comp.sys.mac.hardware
[0. 0. 0. ... 0. 0. 0.],talk.politics.mideast
[0. 0. 0. ... 0. 0. 0.],comp.graphics
[0. 0. 0. ... 0. 0. 0.],rec.motorcycles
[0. 0. 0. ... 0. 0. 0.],sci.med
[0. 0. 0. ... 0. 0. 0.],comp.windows.x
[0.30409563 0.         0.         ... 0.         0.         0.        ],rec.sport.baseball
[0. 0. 0. ... 0. 0. 0.],comp.windows.x
[0. 0. 0. ... 0. 0. 0.],rec.motorcycles
[0. 0. 0. ... 0. 0. 0.],sci.electronics
[0. 0. 0. ... 0. 0. 0.],misc.forsale
[0. 0. 0. ... 0. 0. 0.],sci.crypt
[0. 0. 0. ... 0. 0. 0.],soc.religion.christian
[0. 0. 0. ... 0. 0. 0.],comp.sys.mac.hardware
[0. 0. 0. ... 0. 0. 0.],alt.atheism
[0. 0. 0. ... 0. 0. 0.],rec.autos
[0. 0. 0. ... 0. 0. 0.],sci.space
[0. 0. 0. ... 0. 0. 0.],talk.religion.misc
[0. 0. 0. ... 0. 0. 0.],comp.windows.x
[0. 0. 0. ... 0. 0. 0.],sci.space
[0. 0. 0. ... 0. 0. 0.],rec.autos
[0. 0. 0. ... 0. 0. 0.],alt.atheism
[0. 0. 0. ... 0. 0. 0.],rec.sport.hockey
[0. 0. 0. ... 0. 0. 0.],talk.religion.misc
[0. 0. 0. ... 0. 0. 0.],comp.sys.ibm.pc.hardware
[0. 0. 0. ... 0. 0. 0.],comp.os.ms-windows.misc
[0. 0. 0. ... 0. 0. 0.],comp.windows.x
[0. 0. 0. ... 0. 0. 0.],sci.med
[0. 0. 0. ... 0. 0. 0.],talk.religion.misc
[0. 0. 0. ... 0. 0. 0.],sci.crypt
[0. 0. 0. ... 0. 0. 0.],talk.religion.misc
[0. 0. 0. ... 0. 0. 0.],comp.sys.ibm.pc.hardware
[0. 0. 0. ... 0. 0. 0.],rec.sport.baseball
[0.         0.03407088 0.         ... 0.         0.         0.        ],soc.religion.christian
[0.         0.05738938 0.         ... 0.         0.         0.        ],talk.politics.mideast
[0. 0. 0. ... 0. 0. 0.],sci.med
[0. 0. 0. ... 0. 0. 0.],talk.politics.misc
[0. 0. 0. ... 0. 0. 0.],sci.space
[0. 0. 0. ... 0. 0. 0.],sci.electronics
[0. 0. 0. ... 0. 0. 0.],rec.sport.baseball
[0. 0. 0. ... 0. 0. 0.],comp.sys.ibm.pc.hardware
[0. 0. 0. ... 0. 0. 0.],misc.forsale
[0. 0. 0. ... 0. 0. 0.],sci.med
[0. 0. 0. ... 0. 0. 0.],comp.graphics
[0. 0. 0. ... 0. 0. 0.],sci.space
[0. 0. 0. ... 0. 0. 0.],talk.politics.guns
[0.         0.         0.         ... 0.         0.         0.09379591],rec.sport.baseball
[0.         0.         0.         ... 0.         0.40075636 0.        ],comp.os.ms-windows.misc
[0.12196527 0.         0.         ... 0.         0.         0.        ],talk.politics.guns
[0. 0. 0. ... 0. 0. 0.],sci.electronics
[0. 0. 0. ... 0. 0. 0.],misc.forsale
[0.         0.08770162 0.         ... 0.         0.         0.        ],sci.med
[0.         0.15514229 0.         ... 0.         0.         0.        ],misc.forsale
[0. 0. 0. ... 0. 0. 0.],comp.windows.x
[0. 0. 0. ... 0. 0. 0.],comp.windows.x
[0. 0. 0. ... 0. 0. 0.],alt.atheism
[0. 0. 0. ... 0. 0. 0.],sci.med
[0. 0. 0. ... 0. 0. 0.],comp.sys.mac.hardware
[0. 0. 0. ... 0. 0. 0.],talk.politics.mideast
[0. 0. 0. ... 0. 0. 0.],comp.os.ms-windows.misc
[0. 0. 0. ... 0. 0. 0.],rec.motorcycles
[0. 0. 0. ... 0. 0. 0.],comp.sys.ibm.pc.hardware
[0. 0. 0. ... 0. 0. 0.],sci.med
[0. 0. 0. ... 0. 0. 0.],soc.religion.christian
[0. 0. 0. ... 0. 0. 0.],misc.forsale
[0. 0. 0. ... 0. 0. 0.],soc.religion.christian
[0. 0. 0. ... 0. 0. 0.],rec.motorcycles
[0. 0. 0. ... 0. 0. 0.],talk.politics.guns
[0. 0. 0. ... 0. 0. 0.],talk.politics.misc
[0. 0. 0. ... 0. 0. 0.],comp.windows.x
[0. 0. 0. ... 0. 0. 0.],sci.crypt
[0. 0. 0. ... 0. 0. 0.],rec.sport.baseball
[0. 0. 0. ... 0. 0. 0.],comp.os.ms-windows.misc
[0. 0. 0. ... 0. 0. 0.],comp.sys.mac.hardware
[0. 0. 0. ... 0. 0. 0.],sci.crypt
[0. 0. 0. ... 0. 0. 0.],comp.sys.ibm.pc.hardware
[0. 0. 0. ... 0. 0. 0.],comp.graphics
[0. 0. 0. ... 0. 0. 0.],comp.windows.x
[0. 0. 0. ... 0. 0. 0.],rec.sport.hockey
[0.         0.03924051 0.         ... 0.         0.         0.        ],soc.religion.christian
[0. 0. 0. ... 0. 0. 0.],rec.autos
[0. 0. 0. ... 0. 0. 0.],sci.electronics
[0. 0. 0. ... 0. 0. 0.],rec.sport.baseball
[0. 0. 0. ... 0. 0. 0.],alt.atheism
[0. 0. 0. ... 0. 0. 0.],rec.sport.baseball
[0. 0. 0. ... 0. 0. 0.],comp.graphics
[0. 0. 0. ... 0. 0. 0.],sci.space
[0. 0. 0. ... 0. 0. 0.],sci.med
[0.         0.13194845 0.         ... 0.         0.         0.        ],comp.graphics
[0. 0. 0. ... 0. 0. 0.],talk.religion.misc
[0. 0. 0. ... 0. 0. 0.],talk.politics.mideast
[0. 0. 0. ... 0. 0. 0.],sci.electronics
[0. 0. 0. ... 0. 0. 0.],talk.politics.misc
[0. 0. 0. ... 0. 0. 0.],sci.med
[0. 0. 0. ... 0. 0. 0.],talk.politics.misc
[0. 0. 0. ... 0. 0. 0.],talk.politics.guns
[0. 0. 0. ... 0. 0. 0.],sci.space
[0. 0. 0. ... 0. 0. 0.],comp.sys.mac.hardware
[0. 0. 0. ... 0. 0. 0.],comp.graphics
[0. 0. 0. ... 0. 0. 0.],sci.space
[0. 0. 0. ... 0. 0. 0.],alt.atheism
[0. 0. 0. ... 0. 0. 0.],sci.electronics
[0. 0. 0. ... 0. 0. 0.],soc.religion.christian
[0. 0. 0. ... 0. 0. 0.],talk.politics.guns
[0.05443415 0.         0.         ... 0.         0.         0.        ],sci.space
[0. 0. 0. ... 0. 0. 0.],rec.sport.baseball
[0. 0. 0. ... 0. 0. 0.],soc.religion.christian
[0. 0. 0. ... 0. 0. 0.],talk.politics.mideast
[0. 0. 0. ... 0. 0. 0.],rec.sport.hockey
[0. 0. 0. ... 0. 0. 0.],comp.sys.ibm.pc.hardware
[0. 0. 0. ... 0. 0. 0.],talk.politics.guns
[0. 0. 0. ... 0. 0. 0.],sci.crypt
[0. 0. 0. ... 0. 0. 0.],rec.motorcycles
[0. 0. 0. ... 0. 0. 0.],rec.sport.hockey
[0.         0.         0.         ... 0.         0.         0.52380212],sci.space
[0. 0. 0. ... 0. 0. 0.],talk.politics.guns
[0. 0. 0. ... 0. 0. 0.],misc.forsale
[0. 0. 0. ... 0. 0. 0.],sci.med
[0. 0. 0. ... 0. 0. 0.],talk.politics.guns
[0. 0. 0. ... 0. 0. 0.],sci.space
[0.         0.         0.         ... 0.         0.         0.56126964],rec.sport.hockey
[0. 0. 0. ... 0. 0. 0.],comp.os.ms-windows.misc
[0. 0. 0. ... 0. 0. 0.],sci.med
[0. 0. 0. ... 0. 0. 0.],alt.atheism
[0. 0. 0. ... 0. 0. 0.],sci.med
[0. 0. 0. ... 0. 0. 0.],alt.atheism
[0. 0. 0. ... 0. 0. 0.],comp.graphics
[0. 0. 0. ... 0. 0. 0.],sci.electronics
[0. 0. 0. ... 0. 0. 0.],comp.sys.ibm.pc.hardware
[0. 0. 0. ... 0. 0. 0.],sci.med
[0. 0. 0. ... 0. 0. 0.],comp.graphics
[0. 0. 0. ... 0. 0. 0.],sci.med
[0. 0. 0. ... 0. 0. 0.],misc.forsale
[0.         0.08674132 0.         ... 0.         0.         0.        ],talk.politics.misc
[0. 0. 0. ... 0. 0. 0.],talk.politics.guns
[0. 0. 0. ... 0. 0. 0.],rec.sport.baseball
[0.         0.         0.         ... 0.07025958 0.         0.        ],soc.religion.christian
[0.         0.         0.         ... 0.         0.         0.06000176],talk.politics.mideast
[0. 0. 0. ... 0. 0. 0.],sci.space
[0. 0. 0. ... 0. 0. 0.],talk.politics.guns
[0. 0. 0. ... 0. 0. 0.],misc.forsale
[0. 0. 0. ... 0. 0. 0.],comp.windows.x
[0. 0. 0. ... 0. 0. 0.],talk.politics.guns
[0. 0. 0. ... 0. 0. 0.],comp.windows.x
[0. 0. 0. ... 0. 0. 0.],sci.space
[0. 0. 0. ... 0. 0. 0.],comp.graphics
[0. 0. 0. ... 0. 0. 0.],rec.motorcycles
[0. 0. 0. ... 0. 0. 0.],talk.politics.misc
[0. 0. 0. ... 0. 0. 0.],comp.graphics
[0. 0. 0. ... 0. 0. 0.],misc.forsale
[0. 0. 0. ... 0. 0. 0.],talk.politics.guns
[0. 0. 0. ... 0. 0. 0.],sci.crypt
[0. 0. 0. ... 0. 0. 0.],talk.politics.mideast
[0. 0. 0. ... 0. 0. 0.],talk.politics.mideast
[0. 0. 0. ... 0. 0. 0.],comp.sys.ibm.pc.hardware
[0. 0. 0. ... 0. 0. 0.],misc.forsale
[0. 0. 0. ... 0. 0. 0.],comp.os.ms-windows.misc
[0.         0.04067273 0.         ... 0.         0.         0.        ],rec.autos
[0. 0. 0. ... 0. 0. 0.],sci.space
[0. 0. 0. ... 0. 0. 0.],soc.religion.christian
[0. 0. 0. ... 0. 0. 0.],talk.politics.misc
[0. 0. 0. ... 0. 0. 0.],rec.autos
[0. 0. 0. ... 0. 0. 0.],soc.religion.christian
[0. 0. 0. ... 0. 0. 0.],sci.med
[0. 0. 0. ... 0. 0. 0.],comp.windows.x
[0. 0. 0. ... 0. 0. 0.],misc.forsale
[0.        0.0931442 0.        ... 0.        0.        0.       ],sci.electronics
[0. 0. 0. ... 0. 0. 0.],sci.space
[0. 0. 0. ... 0. 0. 0.],comp.sys.mac.hardware
[0. 0. 0. ... 0. 0. 0.],rec.sport.hockey
[0. 0. 0. ... 0. 0. 0.],misc.forsale
[0. 0. 0. ... 0. 0. 0.],comp.windows.x
[0. 0. 0. ... 0. 0. 0.],sci.electronics
[0. 0. 0. ... 0. 0. 0.],rec.sport.hockey
[0. 0. 0. ... 0. 0. 0.],sci.med
[0. 0. 0. ... 0. 0. 0.],sci.crypt
[0. 0. 0. ... 0. 0. 0.],comp.windows.x
[0. 0. 0. ... 0. 0. 0.],talk.politics.guns
[0. 0. 0. ... 0. 0. 0.],soc.religion.christian
[0. 0. 0. ... 0. 0. 0.],talk.politics.misc
[0. 0. 0. ... 0. 0. 0.],talk.politics.misc
[0. 0. 0. ... 0. 0. 0.],talk.politics.mideast
[0. 0. 0. ... 0. 0. 0.],alt.atheism
[0. 0. 0. ... 0. 0. 0.],sci.med
[0. 0. 0. ... 0. 0. 0.],comp.sys.ibm.pc.hardware
[0. 0. 0. ... 0. 0. 0.],talk.politics.misc
[0. 0. 0. ... 0. 0. 0.],comp.sys.mac.hardware
[0.         0.         0.         ... 0.         0.43299632 0.        ],comp.sys.ibm.pc.hardware
[0. 0. 0. ... 0. 0. 0.],soc.religion.christian
[0. 0. 0. ... 0. 0. 0.],comp.sys.ibm.pc.hardware
[0. 0. 0. ... 0. 0. 0.],comp.sys.ibm.pc.hardware
[0. 0. 0. ... 0. 0. 0.],talk.politics.misc
[0.03237796 0.0247368  0.         ... 0.         0.         0.        ],rec.sport.baseball
[0.         0.09473008 0.         ... 0.         0.         0.        ],rec.motorcycles
[0. 0. 0. ... 0. 0. 0.],comp.graphics
[0. 0. 0. ... 0. 0. 0.],sci.space
[0.         0.10220591 0.         ... 0.         0.         0.        ],talk.politics.misc
[0. 0. 0. ... 0. 0. 0.],comp.sys.mac.hardware
[0. 0. 0. ... 0. 0. 0.],comp.os.ms-windows.misc
[0. 0. 0. ... 0. 0. 0.],talk.politics.mideast
[0. 0. 0. ... 0. 0. 0.],rec.motorcycles
[0. 0. 0. ... 0. 0. 0.],soc.religion.christian
[0.         0.10295912 0.         ... 0.         0.         0.        ],sci.crypt
[0. 0. 0. ... 0. 0. 0.],comp.windows.x
[0. 0. 0. ... 0. 0. 0.],rec.autos
[0. 0. 0. ... 0. 0. 0.],rec.motorcycles
[0. 0. 0. ... 0. 0. 0.],talk.religion.misc
[0. 0. 0. ... 0. 0. 0.],comp.sys.mac.hardware
[0. 0. 0. ... 0. 0. 0.],misc.forsale
[0. 0. 0. ... 0. 0. 0.],soc.religion.christian
[0. 0. 0. ... 0. 0. 0.],rec.motorcycles
[0. 0. 0. ... 0. 0. 0.],talk.religion.misc
[0. 0. 0. ... 0. 0. 0.],rec.motorcycles
[0. 0. 0. ... 0. 0. 0.],rec.sport.hockey
[0. 0. 0. ... 0. 0. 0.],sci.space
[0. 0. 0. ... 0. 0. 0.],comp.sys.ibm.pc.hardware
[0. 0. 0. ... 0. 0. 0.],sci.crypt
[0. 0. 0. ... 0. 0. 0.],sci.electronics
[0. 0. 0. ... 0. 0. 0.],comp.graphics
[0. 0. 0. ... 0. 0. 0.],rec.autos
[0. 0. 0. ... 0. 0. 0.],sci.electronics
[0. 0. 0. ... 0. 0. 0.],sci.med
[0. 0. 0. ... 0. 0. 0.],soc.religion.christian
[0. 0. 0. ... 0. 0. 0.],misc.forsale
[0. 0. 0. ... 0. 0. 0.],comp.windows.x
[0. 0. 0. ... 0. 0. 0.],talk.politics.guns
[0. 0. 0. ... 0. 0. 0.],comp.graphics
[0. 0. 0. ... 0. 0. 0.],talk.politics.guns
[0. 0. 0. ... 0. 0. 0.],rec.motorcycles
[0. 0. 0. ... 0. 0. 0.],sci.electronics
[0. 0. 0. ... 0. 0. 0.],misc.forsale
[0. 0. 0. ... 0. 0. 0.],soc.religion.christian
[0. 0. 0. ... 0. 0. 0.],comp.os.ms-windows.misc
[0. 0. 0. ... 0. 0. 0.],rec.sport.hockey
[0. 0. 0. ... 0. 0. 0.],talk.politics.misc
[0. 0. 0. ... 0. 0. 0.],soc.religion.christian
[0. 0. 0. ... 0. 0. 0.],soc.religion.christian
[0. 0. 0. ... 0. 0. 0.],comp.sys.ibm.pc.hardware
[0. 0. 0. ... 0. 0. 0.],comp.graphics
[0. 0. 0. ... 0. 0. 0.],alt.atheism
[0. 0. 0. ... 0. 0. 0.],sci.space
[0. 0. 0. ... 0. 0. 0.],comp.sys.ibm.pc.hardware
[0. 0. 0. ... 0. 0. 0.],sci.space
[0. 0. 0. ... 0. 0. 0.],rec.sport.baseball
[0. 0. 0. ... 0. 0. 0.],sci.space
[0. 0. 0. ... 0. 0. 0.],rec.motorcycles
[0. 0. 0. ... 0. 0. 0.],soc.religion.christian
[0. 0. 0. ... 0. 0. 0.],talk.politics.misc
[0. 0. 0. ... 0. 0. 0.],sci.med
[0. 0. 0. ... 0. 0. 0.],comp.sys.mac.hardware
[0.         0.         0.         ... 0.         0.24931634 0.        ],comp.os.ms-windows.misc
[0. 0. 0. ... 0. 0. 0.],comp.sys.mac.hardware
[0. 0. 0. ... 0. 0. 0.],sci.electronics
[0. 0. 0. ... 0. 0. 0.],sci.electronics
[0. 0. 0. ... 0. 0. 0.],sci.electronics
[0. 0. 0. ... 0. 0. 0.],rec.motorcycles
[0. 0. 0. ... 0. 0. 0.],sci.med
[0. 0. 0. ... 0. 0. 0.],rec.motorcycles
[0. 0. 0. ... 0. 0. 0.],talk.politics.mideast
[0. 0. 0. ... 0. 0. 0.],misc.forsale
[0. 0. 0. ... 0. 0. 0.],rec.sport.hockey
[0. 0. 0. ... 0. 0. 0.],talk.politics.guns
[0. 0. 0. ... 0. 0. 0.],rec.sport.baseball
[0. 0. 0. ... 0. 0. 0.],comp.sys.mac.hardware
[0. 0. 0. ... 0. 0. 0.],alt.atheism
[0. 0. 0. ... 0. 0. 0.],alt.atheism
[0. 0. 0. ... 0. 0. 0.],talk.politics.mideast
[0. 0. 0. ... 0. 0. 0.],rec.autos
[0. 0. 0. ... 0. 0. 0.],comp.sys.ibm.pc.hardware
[0. 0. 0. ... 0. 0. 0.],sci.med
[0. 0. 0. ... 0. 0. 0.],comp.sys.mac.hardware
[0. 0. 0. ... 0. 0. 0.],comp.windows.x
[0. 0. 0. ... 0. 0. 0.],rec.sport.hockey
[0. 0. 0. ... 0. 0. 0.],talk.politics.misc
[0. 0. 0. ... 0. 0. 0.],comp.graphics
[0. 0. 0. ... 0. 0. 0.],rec.motorcycles
[0. 0. 0. ... 0. 0. 0.],rec.sport.baseball
[0. 0. 0. ... 0. 0. 0.],sci.med
[0. 0. 0. ... 0. 0. 0.],comp.sys.ibm.pc.hardware
[0. 0. 0. ... 0. 0. 0.],comp.windows.x
[0. 0. 0. ... 0. 0. 0.],comp.sys.ibm.pc.hardware
[0. 0. 0. ... 0. 0. 0.],comp.sys.mac.hardware
[0. 0. 0. ... 0. 0. 0.],sci.med
[0. 0. 0. ... 0. 0. 0.],talk.politics.misc
[0. 0. 0. ... 0. 0. 0.],talk.politics.misc
[0. 0. 0. ... 0. 0. 0.],rec.sport.baseball
[0. 0. 0. ... 0. 0. 0.],talk.politics.misc
[0. 0. 0. ... 0. 0. 0.],comp.graphics
[0. 0. 0. ... 0. 0. 0.],sci.crypt
[0. 0. 0. ... 0. 0. 0.],comp.windows.x
[0. 0. 0. ... 0. 0. 0.],soc.religion.christian
[0. 0. 0. ... 0. 0. 0.],rec.sport.hockey
[0. 0. 0. ... 0. 0. 0.],comp.os.ms-windows.misc
[0. 0. 0. ... 0. 0. 0.],rec.sport.baseball
[0.         0.         0.         ... 0.         0.38692324 0.        ],comp.os.ms-windows.misc
[0. 0. 0. ... 0. 0. 0.],sci.electronics
[0. 0. 0. ... 0. 0. 0.],talk.politics.misc
[0. 0. 0. ... 0. 0. 0.],sci.med
[0. 0. 0. ... 0. 0. 0.],rec.autos
[0.         0.15993708 0.         ... 0.         0.         0.        ],comp.sys.mac.hardware
[0.         0.08638095 0.         ... 0.         0.         0.        ],rec.autos
[0. 0. 0. ... 0. 0. 0.],alt.atheism
[0. 0. 0. ... 0. 0. 0.],rec.autos
[0. 0. 0. ... 0. 0. 0.],soc.religion.christian
[0. 0. 0. ... 0. 0. 0.],comp.os.ms-windows.misc
[0. 0. 0. ... 0. 0. 0.],sci.space
[0. 0. 0. ... 0. 0. 0.],rec.sport.hockey
[0. 0. 0. ... 0. 0. 0.],rec.motorcycles
[0. 0. 0. ... 0. 0. 0.],misc.forsale
[0.18993076 0.         0.         ... 0.         0.         0.        ],alt.atheism
[0. 0. 0. ... 0. 0. 0.],talk.politics.mideast
[0. 0. 0. ... 0. 0. 0.],talk.politics.guns
[0. 0. 0. ... 0. 0. 0.],sci.crypt
[0. 0. 0. ... 0. 0. 0.],comp.os.ms-windows.misc
[0. 0. 0. ... 0. 0. 0.],rec.motorcycles
[0. 0. 0. ... 0. 0. 0.],talk.politics.misc
[0. 0. 0. ... 0. 0. 0.],talk.religion.misc
[0. 0. 0. ... 0. 0. 0.],sci.electronics
[0. 0. 0. ... 0. 0. 0.],rec.motorcycles
[0. 0. 0. ... 0. 0. 0.],sci.electronics
[0. 0. 0. ... 0. 0. 0.],misc.forsale
[0. 0. 0. ... 0. 0. 0.],sci.crypt
[0. 0. 0. ... 0. 0. 0.],comp.sys.ibm.pc.hardware
[0. 0. 0. ... 0. 0. 0.],rec.autos
[0. 0. 0. ... 0. 0. 0.],talk.politics.misc
[0. 0. 0. ... 0. 0. 0.],alt.atheism
[0. 0. 0. ... 0. 0. 0.],comp.os.ms-windows.misc
[0. 0. 0. ... 0. 0. 0.],sci.med
[0. 0. 0. ... 0. 0. 0.],soc.religion.christian
[0. 0. 0. ... 0. 0. 0.],rec.sport.baseball
[0. 0. 0. ... 0. 0. 0.],comp.sys.mac.hardware
[0. 0. 0. ... 0. 0. 0.],soc.religion.christian
[0. 0. 0. ... 0. 0. 0.],rec.autos
[0. 0. 0. ... 0. 0. 0.],sci.crypt
[0. 0. 0. ... 0. 0. 0.],rec.sport.hockey
[0. 0. 0. ... 0. 0. 0.],comp.os.ms-windows.misc
[0. 0. 0. ... 0. 0. 0.],sci.med
[0. 0. 0. ... 0. 0. 0.],talk.politics.mideast
[0. 0. 0. ... 0. 0. 0.],sci.crypt
[0. 0. 0. ... 0. 0. 0.],comp.os.ms-windows.misc
[0. 0. 0. ... 0. 0. 0.],comp.windows.x
[0. 0. 0. ... 0. 0. 0.],rec.autos
[0. 0. 0. ... 0. 0. 0.],comp.graphics
[0. 0. 0. ... 0. 0. 0.],comp.windows.x
[0. 0. 0. ... 0. 0. 0.],sci.crypt
[0.         0.         0.         ... 0.         0.23855042 0.        ],comp.os.ms-windows.misc
[0. 0. 0. ... 0. 0. 0.],talk.politics.misc
[0. 0. 0. ... 0. 0. 0.],sci.crypt
[0. 0. 0. ... 0. 0. 0.],alt.atheism
[0. 0. 0. ... 0. 0. 0.],talk.politics.mideast
[0. 0. 0. ... 0. 0. 0.],talk.religion.misc
[0. 0. 0. ... 0. 0. 0.],comp.sys.mac.hardware
[0. 0. 0. ... 0. 0. 0.],alt.atheism
[0. 0. 0. ... 0. 0. 0.],sci.med
[0. 0. 0. ... 0. 0. 0.],comp.graphics
[0. 0. 0. ... 0. 0. 0.],talk.politics.guns
[0. 0. 0. ... 0. 0. 0.],rec.sport.baseball
[0. 0. 0. ... 0. 0. 0.],soc.religion.christian
[0. 0. 0. ... 0. 0. 0.],talk.religion.misc
[0. 0. 0. ... 0. 0. 0.],talk.religion.misc
[0. 0. 0. ... 0. 0. 0.],sci.electronics
[0. 0. 0. ... 0. 0. 0.],rec.autos
[0. 0. 0. ... 0. 0. 0.],alt.atheism
[0. 0. 0. ... 0. 0. 0.],rec.autos
[0. 0. 0. ... 0. 0. 0.],sci.med
[0. 0. 0. ... 0. 0. 0.],sci.electronics
[0. 0. 0. ... 0. 0. 0.],misc.forsale
[0. 0. 0. ... 0. 0. 0.],comp.sys.mac.hardware
[0. 0. 0. ... 0. 0. 0.],comp.graphics
[0. 0. 0. ... 0. 0. 0.],sci.crypt
[0. 0. 0. ... 0. 0. 0.],talk.religion.misc
[0. 0. 0. ... 0. 0. 0.],rec.sport.baseball
[0.         0.06334744 0.         ... 0.         0.         0.        ],sci.crypt
[0. 0. 0. ... 0. 0. 0.],comp.sys.mac.hardware
[0. 0. 0. ... 0. 0. 0.],comp.sys.mac.hardware
[0. 0. 0. ... 0. 0. 0.],soc.religion.christian
[0. 0. 0. ... 0. 0. 0.],alt.atheism
[0. 0. 0. ... 0. 0. 0.],comp.sys.mac.hardware
[0. 0. 0. ... 0. 0. 0.],talk.religion.misc
[0. 0. 0. ... 0. 0. 0.],sci.space
[0. 0. 0. ... 0. 0. 0.],talk.politics.mideast
[0. 0. 0. ... 0. 0. 0.],comp.sys.mac.hardware
[0. 0. 0. ... 0. 0. 0.],soc.religion.christian
[0. 0. 0. ... 0. 0. 0.],rec.motorcycles
[0. 0. 0. ... 0. 0. 0.],comp.sys.mac.hardware
[0. 0. 0. ... 0. 0. 0.],sci.med
[0. 0. 0. ... 0. 0. 0.],comp.graphics
[0. 0. 0. ... 0. 0. 0.],comp.sys.mac.hardware
[0. 0. 0. ... 0. 0. 0.],sci.space
[0. 0. 0. ... 0. 0. 0.],rec.motorcycles
[0. 0. 0. ... 0. 0. 0.],rec.sport.hockey
[0. 0. 0. ... 0. 0. 0.],comp.sys.ibm.pc.hardware
[0. 0. 0. ... 0. 0. 0.],rec.motorcycles
[0. 0. 0. ... 0. 0. 0.],rec.autos
[0. 0. 0. ... 0. 0. 0.],rec.sport.hockey
[0. 0. 0. ... 0. 0. 0.],soc.religion.christian
[0. 0. 0. ... 0. 0. 0.],soc.religion.christian
[0. 0. 0. ... 0. 0. 0.],rec.autos
[0. 0. 0. ... 0. 0. 0.],soc.religion.christian
[0. 0. 0. ... 0. 0. 0.],comp.windows.x
[0. 0. 0. ... 0. 0. 0.],talk.politics.guns
[0. 0. 0. ... 0. 0. 0.],talk.religion.misc
[0. 0. 0. ... 0. 0. 0.],rec.sport.hockey
[0. 0. 0. ... 0. 0. 0.],comp.sys.ibm.pc.hardware
[0. 0. 0. ... 0. 0. 0.],talk.politics.misc
[0. 0. 0. ... 0. 0. 0.],comp.graphics
[0. 0. 0. ... 0. 0. 0.],talk.religion.misc
[0. 0. 0. ... 0. 0. 0.],rec.sport.hockey
[0. 0. 0. ... 0. 0. 0.],comp.sys.mac.hardware
[0. 0. 0. ... 0. 0. 0.],comp.sys.mac.hardware
[0. 0. 0. ... 0. 0. 0.],talk.politics.guns
[0. 0. 0. ... 0. 0. 0.],talk.religion.misc
[0. 0. 0. ... 0. 0. 0.],sci.crypt
[0. 0. 0. ... 0. 0. 0.],talk.politics.misc
[0. 0. 0. ... 0. 0. 0.],rec.sport.hockey
[0. 0. 0. ... 0. 0. 0.],sci.space
[0. 0. 0. ... 0. 0. 0.],sci.electronics
[0. 0. 0. ... 0. 0. 0.],comp.os.ms-windows.misc
[0. 0. 0. ... 0. 0. 0.],rec.sport.baseball
[0. 0. 0. ... 0. 0. 0.],comp.os.ms-windows.misc
[0.         0.12320356 0.         ... 0.         0.         0.        ],comp.graphics
[0. 0. 0. ... 0. 0. 0.],talk.politics.guns
[0. 0. 0. ... 0. 0. 0.],comp.sys.ibm.pc.hardware
[0. 0. 0. ... 0. 0. 0.],comp.sys.ibm.pc.hardware
[0. 0. 0. ... 0. 0. 0.],rec.autos
[0. 0. 0. ... 0. 0. 0.],comp.os.ms-windows.misc
[0. 0. 0. ... 0. 0. 0.],talk.politics.misc
[0. 0. 0. ... 0. 0. 0.],comp.graphics
[0. 0. 0. ... 0. 0. 0.],comp.sys.mac.hardware
[0. 0. 0. ... 0. 0. 0.],comp.graphics
[0. 0. 0. ... 0. 0. 0.],sci.electronics
[0. 0. 0. ... 0. 0. 0.],rec.autos
[0. 0. 0. ... 0. 0. 0.],sci.med
[0. 0. 0. ... 0. 0. 0.],talk.politics.guns
[0. 0. 0. ... 0. 0. 0.],sci.crypt
[0. 0. 0. ... 0. 0. 0.],comp.windows.x
[0.         0.08325428 0.         ... 0.         0.         0.        ],talk.religion.misc
[0. 0. 0. ... 0. 0. 0.],alt.atheism
[0. 0. 0. ... 0. 0. 0.],soc.religion.christian
[0. 0. 0. ... 0. 0. 0.],talk.politics.misc
[0. 0. 0. ... 0. 0. 0.],rec.motorcycles
[0. 0. 0. ... 0. 0. 0.],rec.sport.baseball
[0. 0. 0. ... 0. 0. 0.],comp.graphics
[0. 0. 0. ... 0. 0. 0.],comp.graphics
[0. 0. 0. ... 0. 0. 0.],comp.os.ms-windows.misc
[0. 0. 0. ... 0. 0. 0.],comp.os.ms-windows.misc
[0. 0. 0. ... 0. 0. 0.],comp.os.ms-windows.misc
[0. 0. 0. ... 0. 0. 0.],rec.autos
[0.         0.         0.27622148 ... 0.         0.         0.        ],talk.religion.misc
[0. 0. 0. ... 0. 0. 0.],talk.politics.misc
[0. 0. 0. ... 0. 0. 0.],talk.politics.guns
[0. 0. 0. ... 0. 0. 0.],rec.autos
[0.         0.         0.         ... 0.         0.25295769 0.        ],comp.sys.ibm.pc.hardware
[0. 0. 0. ... 0. 0. 0.],sci.electronics
[0. 0. 0. ... 0. 0. 0.],sci.electronics
[0. 0. 0. ... 0. 0. 0.],comp.os.ms-windows.misc
[0. 0. 0. ... 0. 0. 0.],rec.sport.baseball
[0. 0. 0. ... 0. 0. 0.],comp.sys.ibm.pc.hardware
[0. 0. 0. ... 0. 0. 0.],sci.crypt
[0. 0. 0. ... 0. 0. 0.],rec.motorcycles
[0. 0. 0. ... 0. 0. 0.],talk.politics.mideast
[0. 0. 0. ... 0. 0. 0.],rec.sport.baseball
[0. 0. 0. ... 0. 0. 0.],alt.atheism
[0. 0. 0. ... 0. 0. 0.],rec.motorcycles
[0. 0. 0. ... 0. 0. 0.],comp.os.ms-windows.misc
[0. 0. 0. ... 0. 0. 0.],misc.forsale
[0. 0. 0. ... 0. 0. 0.],sci.crypt
[0.         0.14166583 0.         ... 0.         0.         0.        ],soc.religion.christian
[0. 0. 0. ... 0. 0. 0.],rec.sport.hockey
[0. 0. 0. ... 0. 0. 0.],talk.religion.misc
[0. 0. 0. ... 0. 0. 0.],rec.autos
[0. 0. 0. ... 0. 0. 0.],rec.motorcycles
[0. 0. 0. ... 0. 0. 0.],soc.religion.christian
[0. 0. 0. ... 0. 0. 0.],talk.politics.mideast
[0. 0. 0. ... 0. 0. 0.],comp.os.ms-windows.misc
[0. 0. 0. ... 0. 0. 0.],misc.forsale
[0. 0. 0. ... 0. 0. 0.],comp.sys.mac.hardware
[0. 0. 0. ... 0. 0. 0.],talk.politics.misc
[0. 0. 0. ... 0. 0. 0.],comp.windows.x
[0. 0. 0. ... 0. 0. 0.],comp.graphics
[0.04844536 0.         0.         ... 0.         0.         0.        ],rec.sport.baseball
[0. 0. 0. ... 0. 0. 0.],comp.windows.x
[0. 0. 0. ... 0. 0. 0.],soc.religion.christian
[0. 0. 0. ... 0. 0. 0.],comp.graphics
[0. 0. 0. ... 0. 0. 0.],comp.graphics
[0. 0. 0. ... 0. 0. 0.],rec.sport.hockey
[0. 0. 0. ... 0. 0. 0.],comp.os.ms-windows.misc
[0. 0. 0. ... 0. 0. 0.],soc.religion.christian
[0. 0. 0. ... 0. 0. 0.],comp.sys.ibm.pc.hardware
[0. 0. 0. ... 0. 0. 0.],sci.space
[0. 0. 0. ... 0. 0. 0.],soc.religion.christian
[0. 0. 0. ... 0. 0. 0.],soc.religion.christian
[0. 0. 0. ... 0. 0. 0.],comp.windows.x
[0. 0. 0. ... 0. 0. 0.],comp.sys.ibm.pc.hardware
[0. 0. 0. ... 0. 0. 0.],sci.crypt
[0. 0. 0. ... 0. 0. 0.],rec.motorcycles
[0. 0. 0. ... 0. 0. 0.],comp.graphics
[0. 0. 0. ... 0. 0. 0.],comp.os.ms-windows.misc
[0. 0. 0. ... 0. 0. 0.],comp.sys.ibm.pc.hardware
[0. 0. 0. ... 0. 0. 0.],misc.forsale
[0. 0. 0. ... 0. 0. 0.],rec.motorcycles
[0. 0. 0. ... 0. 0. 0.],talk.politics.guns
[0.         0.14129772 0.         ... 0.         0.         0.        ],sci.med
[0. 0. 0. ... 0. 0. 0.],rec.sport.baseball
[0. 0. 0. ... 0. 0. 0.],sci.space
[0. 0. 0. ... 0. 0. 0.],soc.religion.christian
[0.         0.03228896 0.         ... 0.         0.         0.        ],sci.crypt
[0. 0. 0. ... 0. 0. 0.],rec.sport.baseball
[0. 0. 0. ... 0. 0. 0.],alt.atheism
[0.         0.         0.         ... 0.         0.44063453 0.        ],comp.graphics
[0.         0.         0.         ... 0.09797992 0.         0.        ],rec.autos
[0. 0. 0. ... 0. 0. 0.],comp.os.ms-windows.misc
[0. 0. 0. ... 0. 0. 0.],sci.crypt
[0. 0. 0. ... 0. 0. 0.],rec.motorcycles
[0. 0. 0. ... 0. 0. 0.],rec.sport.hockey
[0. 0. 0. ... 0. 0. 0.],misc.forsale
[0. 0. 0. ... 0. 0. 0.],comp.graphics
[0. 0. 0. ... 0. 0. 0.],rec.sport.hockey
[0. 0. 0. ... 0. 0. 0.],talk.politics.misc
[0. 0. 0. ... 0. 0. 0.],rec.sport.baseball
[0. 0. 0. ... 0. 0. 0.],talk.politics.misc
[0. 0. 0. ... 0. 0. 0.],rec.autos
[0. 0. 0. ... 0. 0. 0.],talk.politics.guns
[0. 0. 0. ... 0. 0. 0.],comp.windows.x
[0. 0. 0. ... 0. 0. 0.],alt.atheism
[0. 0. 0. ... 0. 0. 0.],comp.windows.x
[0. 0. 0. ... 0. 0. 0.],comp.os.ms-windows.misc
[0. 0. 0. ... 0. 0. 0.],rec.sport.hockey
[0. 0. 0. ... 0. 0. 0.],misc.forsale
[0. 0. 0. ... 0. 0. 0.],talk.politics.misc
[0. 0. 0. ... 0. 0. 0.],soc.religion.christian
[0. 0. 0. ... 0. 0. 0.],misc.forsale
[0. 0. 0. ... 0. 0. 0.],talk.politics.mideast
[0. 0. 0. ... 0. 0. 0.],rec.autos
[0. 0. 0. ... 0. 0. 0.],sci.electronics
[0. 0. 0. ... 0. 0. 0.],rec.sport.hockey
[0. 0. 0. ... 0. 0. 0.],comp.sys.mac.hardware
[0. 0. 0. ... 0. 0. 0.],sci.space
[0. 0. 0. ... 0. 0. 0.],rec.motorcycles
[0. 0. 0. ... 0. 0. 0.],comp.sys.mac.hardware
[0. 0. 0. ... 0. 0. 0.],rec.sport.baseball
[0. 0. 0. ... 0. 0. 0.],talk.politics.misc
[0.         0.         0.17382497 ... 0.         0.         0.        ],talk.politics.misc
[0. 0. 0. ... 0. 0. 0.],comp.windows.x
[0. 0. 0. ... 0. 0. 0.],comp.sys.ibm.pc.hardware
[0.11239118 0.         0.         ... 0.         0.         0.        ],talk.politics.misc
[0. 0. 0. ... 0. 0. 0.],comp.os.ms-windows.misc
[0. 0. 0. ... 0. 0. 0.],talk.politics.mideast
[0. 0. 0. ... 0. 0. 0.],sci.electronics
[0. 0. 0. ... 0. 0. 0.],talk.politics.mideast
[0. 0. 0. ... 0. 0. 0.],talk.politics.misc
[0. 0. 0. ... 0. 0. 0.],misc.forsale
[0. 0. 0. ... 0. 0. 0.],soc.religion.christian
[0. 0. 0. ... 0. 0. 0.],talk.politics.guns
[0. 0. 0. ... 0. 0. 0.],sci.med
[0. 0. 0. ... 0. 0. 0.],talk.politics.mideast
[0. 0. 0. ... 0. 0. 0.],alt.atheism
[0. 0. 0. ... 0. 0. 0.],comp.graphics
[0. 0. 0. ... 0. 0. 0.],sci.crypt
[0. 0. 0. ... 0. 0. 0.],misc.forsale
[0. 0. 0. ... 0. 0. 0.],rec.autos
[0. 0. 0. ... 0. 0. 0.],comp.graphics
[0. 0. 0. ... 0. 0. 0.],soc.religion.christian
[0. 0. 0. ... 0. 0. 0.],sci.space
[0.         0.14751023 0.         ... 0.         0.         0.        ],sci.electronics
[0. 0. 0. ... 0. 0. 0.],rec.motorcycles
[0. 0. 0. ... 0. 0. 0.],sci.electronics
[0.        0.1535225 0.        ... 0.        0.        0.       ],comp.graphics
[0. 0. 0. ... 0. 0. 0.],comp.sys.mac.hardware
[0. 0. 0. ... 0. 0. 0.],sci.med
[0. 0. 0. ... 0. 0. 0.],talk.politics.misc
[0. 0. 0. ... 0. 0. 0.],comp.graphics
[0. 0. 0. ... 0. 0. 0.],talk.politics.guns
[0. 0. 0. ... 0. 0. 0.],sci.med
[0. 0. 0. ... 0. 0. 0.],comp.sys.mac.hardware
[0. 0. 0. ... 0. 0. 0.],rec.sport.baseball
[0. 0. 0. ... 0. 0. 0.],sci.space
[0. 0. 0. ... 0. 0. 0.],rec.sport.baseball
[0.         0.06098238 0.         ... 0.         0.         0.        ],talk.politics.mideast
[0. 0. 0. ... 0. 0. 0.],rec.sport.baseball
[0. 0. 0. ... 0. 0. 0.],talk.politics.mideast
[0. 0. 0. ... 0. 0. 0.],talk.politics.misc
[0. 0. 0. ... 0. 0. 0.],sci.crypt
[0. 0. 0. ... 0. 0. 0.],rec.sport.hockey
[0. 0. 0. ... 0. 0. 0.],comp.sys.ibm.pc.hardware
[0. 0. 0. ... 0. 0. 0.],rec.sport.hockey
[0. 0. 0. ... 0. 0. 0.],rec.autos
[0. 0. 0. ... 0. 0. 0.],rec.sport.baseball
[0. 0. 0. ... 0. 0. 0.],talk.politics.misc
[0. 0. 0. ... 0. 0. 0.],comp.os.ms-windows.misc
[0. 0. 0. ... 0. 0. 0.],rec.sport.hockey
[0. 0. 0. ... 0. 0. 0.],talk.politics.guns
[0. 0. 0. ... 0. 0. 0.],sci.space
[0. 0. 0. ... 0. 0. 0.],sci.med
[0. 0. 0. ... 0. 0. 0.],soc.religion.christian
[0. 0. 0. ... 0. 0. 0.],rec.sport.baseball
[0. 0. 0. ... 0. 0. 0.],rec.sport.hockey
[0. 0. 0. ... 0. 0. 0.],comp.sys.mac.hardware
[0. 0. 0. ... 0. 0. 0.],sci.space
[0. 0. 0. ... 0. 0. 0.],rec.motorcycles
[0. 0. 0. ... 0. 0. 0.],talk.politics.misc
[0.         0.         0.         ... 0.         0.         0.09478212],rec.motorcycles
[0. 0. 0. ... 0. 0. 0.],comp.windows.x
[0. 0. 0. ... 0. 0. 0.],talk.politics.mideast
[0. 0. 0. ... 0. 0. 0.],soc.religion.christian
[0. 0. 0. ... 0. 0. 0.],rec.sport.baseball
[0. 0. 0. ... 0. 0. 0.],rec.sport.hockey
[0. 0. 0. ... 0. 0. 0.],rec.autos
[0. 0. 0. ... 0. 0. 0.],comp.os.ms-windows.misc
[0. 0. 0. ... 0. 0. 0.],sci.med
[0. 0. 0. ... 0. 0. 0.],sci.med
[0. 0. 0. ... 0. 0. 0.],talk.religion.misc
[0. 0. 0. ... 0. 0. 0.],rec.autos
[0. 0. 0. ... 0. 0. 0.],sci.space
[0. 0. 0. ... 0. 0. 0.],sci.electronics
[0. 0. 0. ... 0. 0. 0.],comp.graphics
[0. 0. 0. ... 0. 0. 0.],rec.sport.baseball
[0. 0. 0. ... 0. 0. 0.],rec.sport.hockey
[0. 0. 0. ... 0. 0. 0.],comp.graphics
[0. 0. 0. ... 0. 0. 0.],alt.atheism
[0. 0. 0. ... 0. 0. 0.],sci.crypt
[0. 0. 0. ... 0. 0. 0.],rec.sport.hockey
[0. 0. 0. ... 0. 0. 0.],talk.politics.guns
[0. 0. 0. ... 0. 0. 0.],comp.graphics
[0. 0. 0. ... 0. 0. 0.],comp.sys.ibm.pc.hardware
[0. 0. 0. ... 0. 0. 0.],misc.forsale
[0. 0. 0. ... 0. 0. 0.],comp.windows.x
[0. 0. 0. ... 0. 0. 0.],sci.crypt
[0. 0. 0. ... 0. 0. 0.],sci.crypt
[0. 0. 0. ... 0. 0. 0.],misc.forsale
[0. 0. 0. ... 0. 0. 0.],comp.windows.x
[0. 0. 0. ... 0. 0. 0.],sci.electronics
[0. 0. 0. ... 0. 0. 0.],comp.sys.ibm.pc.hardware
[0.       0.038289 0.       ... 0.       0.       0.      ],rec.motorcycles
[0. 0. 0. ... 0. 0. 0.],alt.atheism
[0. 0. 0. ... 0. 0. 0.],comp.os.ms-windows.misc
[0. 0. 0. ... 0. 0. 0.],alt.atheism
[0. 0. 0. ... 0. 0. 0.],sci.space
[0. 0. 0. ... 0. 0. 0.],comp.graphics
[0. 0. 0. ... 0. 0. 0.],rec.sport.hockey
[0. 0. 0. ... 0. 0. 0.],sci.med
[0. 0. 0. ... 0. 0. 0.],sci.space
[0. 0. 0. ... 0. 0. 0.],rec.autos
[0. 0. 0. ... 0. 0. 0.],talk.politics.mideast
[0. 0. 0. ... 0. 0. 0.],rec.motorcycles
[0. 0. 0. ... 0. 0. 0.],sci.med
[0. 0. 0. ... 0. 0. 0.],sci.crypt
[0.24955006 0.         0.         ... 0.         0.         0.        ],comp.os.ms-windows.misc
[0.         0.         0.         ... 0.         0.         0.50867529],rec.sport.baseball
[0. 0. 0. ... 0. 0. 0.],comp.sys.mac.hardware
[0. 0. 0. ... 0. 0. 0.],misc.forsale
[0. 0. 0. ... 0. 0. 0.],comp.os.ms-windows.misc
[0. 0. 0. ... 0. 0. 0.],talk.religion.misc
[0. 0. 0. ... 0. 0. 0.],comp.graphics
[0. 0. 0. ... 0. 0. 0.],talk.religion.misc
[0. 0. 0. ... 0. 0. 0.],rec.autos
[0. 0. 0. ... 0. 0. 0.],sci.crypt
[0. 0. 0. ... 0. 0. 0.],sci.space
[0. 0. 0. ... 0. 0. 0.],alt.atheism
[0.         0.10374434 0.         ... 0.         0.         0.        ],sci.electronics
[0. 0. 0. ... 0. 0. 0.],comp.graphics
[0. 0. 0. ... 0. 0. 0.],talk.politics.misc
[0. 0. 0. ... 0. 0. 0.],soc.religion.christian
[0. 0. 0. ... 0. 0. 0.],rec.autos
[0. 0. 0. ... 0. 0. 0.],rec.sport.baseball
[0. 0. 0. ... 0. 0. 0.],rec.autos
[0. 0. 0. ... 0. 0. 0.],comp.graphics
[0. 0. 0. ... 0. 0. 0.],comp.os.ms-windows.misc
[0. 0. 0. ... 0. 0. 0.],talk.politics.misc
[0. 0. 0. ... 0. 0. 0.],rec.autos
[0. 0. 0. ... 0. 0. 0.],sci.space
[0. 0. 0. ... 0. 0. 0.],sci.space
[0. 0. 0. ... 0. 0. 0.],alt.atheism
[0. 0. 0. ... 0. 0. 0.],alt.atheism
[0. 0. 0. ... 0. 0. 0.],soc.religion.christian
[0. 0. 0. ... 0. 0. 0.],comp.sys.mac.hardware
[0. 0. 0. ... 0. 0. 0.],comp.windows.x
[0. 0. 0. ... 0. 0. 0.],rec.sport.baseball
[0. 0. 0. ... 0. 0. 0.],comp.graphics
[0. 0. 0. ... 0. 0. 0.],sci.med
[0. 0. 0. ... 0. 0. 0.],talk.politics.mideast
[0. 0. 0. ... 0. 0. 0.],rec.sport.baseball
[0. 0. 0. ... 0. 0. 0.],comp.sys.ibm.pc.hardware
[0. 0. 0. ... 0. 0. 0.],soc.religion.christian
[0. 0. 0. ... 0. 0. 0.],rec.motorcycles
[0. 0. 0. ... 0. 0. 0.],sci.crypt
[0. 0. 0. ... 0. 0. 0.],talk.politics.misc
[0. 0. 0. ... 0. 0. 0.],talk.politics.guns
[0. 0. 0. ... 0. 0. 0.],talk.religion.misc
[0.         0.13544235 0.         ... 0.         0.         0.        ],rec.autos
[0. 0. 0. ... 0. 0. 0.],misc.forsale
[0. 0. 0. ... 0. 0. 0.],talk.politics.misc
[0. 0. 0. ... 0. 0. 0.],comp.windows.x
[0. 0. 0. ... 0. 0. 0.],comp.os.ms-windows.misc
[0. 0. 0. ... 0. 0. 0.],talk.politics.guns
[0. 0. 0. ... 0. 0. 0.],misc.forsale
[0. 0. 0. ... 0. 0. 0.],comp.windows.x
[0. 0. 0. ... 0. 0. 0.],sci.med
[0. 0. 0. ... 0. 0. 0.],talk.politics.misc
[0. 0. 0. ... 0. 0. 0.],talk.politics.mideast
[0. 0. 0. ... 0. 0. 0.],talk.politics.misc
[0. 0. 0. ... 0. 0. 0.],talk.religion.misc
[0. 0. 0. ... 0. 0. 0.],talk.religion.misc
[0. 0. 0. ... 0. 0. 0.],comp.windows.x
[0. 0. 0. ... 0. 0. 0.],misc.forsale
[0.         0.08408152 0.         ... 0.         0.         0.        ],rec.sport.hockey
[0.         0.         0.         ... 0.21638903 0.         0.        ],comp.windows.x
[0. 0. 0. ... 0. 0. 0.],comp.graphics
[0.         0.         0.19507616 ... 0.         0.         0.        ],sci.crypt
[0. 0. 0. ... 0. 0. 0.],comp.graphics
[0. 0. 0. ... 0. 0. 0.],rec.sport.baseball
[0. 0. 0. ... 0. 0. 0.],comp.graphics
[0. 0. 0. ... 0. 0. 0.],talk.politics.guns
[0. 0. 0. ... 0. 0. 0.],rec.sport.hockey
[0. 0. 0. ... 0. 0. 0.],rec.sport.baseball
[0. 0. 0. ... 0. 0. 0.],comp.windows.x
[0.03334182 0.         0.         ... 0.         0.         0.        ],sci.crypt
[0. 0. 0. ... 0. 0. 0.],talk.politics.guns
[0. 0. 0. ... 0. 0. 0.],rec.sport.hockey
[0. 0. 0. ... 0. 0. 0.],rec.motorcycles
[0. 0. 0. ... 0. 0. 0.],rec.autos
[0. 0. 0. ... 0. 0. 0.],rec.autos
[0. 0. 0. ... 0. 0. 0.],sci.med
[0. 0. 0. ... 0. 0. 0.],talk.politics.mideast
[0. 0. 0. ... 0. 0. 0.],rec.sport.hockey
[0. 0. 0. ... 0. 0. 0.],comp.graphics
[0. 0. 0. ... 0. 0. 0.],talk.religion.misc
[0.         0.05131501 0.         ... 0.         0.         0.        ],comp.sys.ibm.pc.hardware
[0. 0. 0. ... 0. 0. 0.],rec.autos
[0.11188793 0.         0.         ... 0.         0.         0.        ],talk.politics.guns
[0. 0. 0. ... 0. 0. 0.],comp.sys.ibm.pc.hardware
[0. 0. 0. ... 0. 0. 0.],rec.motorcycles
[0. 0. 0. ... 0. 0. 0.],comp.windows.x
[0. 0. 0. ... 0. 0. 0.],comp.graphics
[0. 0. 0. ... 0. 0. 0.],sci.space
[0. 0. 0. ... 0. 0. 0.],talk.politics.misc
[0. 0. 0. ... 0. 0. 0.],comp.os.ms-windows.misc
[0.         0.         0.         ... 0.10510955 0.         0.        ],comp.sys.ibm.pc.hardware
[0.06330889 0.04836805 0.         ... 0.         0.         0.        ],rec.motorcycles
[0. 0. 0. ... 0. 0. 0.],sci.space
[0. 0. 0. ... 0. 0. 0.],rec.sport.baseball
[0. 0. 0. ... 0. 0. 0.],sci.electronics
[0.         0.09374081 0.         ... 0.         0.         0.        ],talk.religion.misc
[0. 0. 0. ... 0. 0. 0.],rec.sport.baseball
[0. 0. 0. ... 0. 0. 0.],comp.windows.x
[0. 0. 0. ... 0. 0. 0.],talk.religion.misc
[0. 0. 0. ... 0. 0. 0.],comp.os.ms-windows.misc
[0. 0. 0. ... 0. 0. 0.],comp.graphics
[0. 0. 0. ... 0. 0. 0.],comp.sys.ibm.pc.hardware
[0. 0. 0. ... 0. 0. 0.],talk.religion.misc
[0. 0. 0. ... 0. 0. 0.],misc.forsale
[0.         0.16216285 0.         ... 0.         0.         0.        ],talk.politics.misc
[0. 0. 0. ... 0. 0. 0.],comp.sys.mac.hardware
[0. 0. 0. ... 0. 0. 0.],rec.sport.baseball
[0. 0. 0. ... 0. 0. 0.],talk.politics.misc
[0.         0.10904726 0.         ... 0.         0.         0.        ],comp.sys.mac.hardware
[0. 0. 0. ... 0. 0. 0.],soc.religion.christian
[0. 0. 0. ... 0. 0. 0.],comp.windows.x
[0. 0. 0. ... 0. 0. 0.],talk.politics.guns
[0. 0. 0. ... 0. 0. 0.],comp.sys.ibm.pc.hardware
[0. 0. 0. ... 0. 0. 0.],sci.med
[0. 0. 0. ... 0. 0. 0.],comp.graphics
[0. 0. 0. ... 0. 0. 0.],rec.sport.hockey
[0. 0. 0. ... 0. 0. 0.],comp.sys.mac.hardware
[0. 0. 0. ... 0. 0. 0.],talk.politics.guns
[0. 0. 0. ... 0. 0. 0.],sci.crypt
[0. 0. 0. ... 0. 0. 0.],misc.forsale
[0. 0. 0. ... 0. 0. 0.],sci.space
[0.         0.         0.06172585 ... 0.         0.         0.        ],sci.crypt
[0. 0. 0. ... 0. 0. 0.],sci.med
[0. 0. 0. ... 0. 0. 0.],talk.religion.misc
[0. 0. 0. ... 0. 0. 0.],comp.windows.x
[0. 0. 0. ... 0. 0. 0.],alt.atheism
[0. 0. 0. ... 0. 0. 0.],rec.sport.baseball
[0. 0. 0. ... 0. 0. 0.],talk.politics.mideast
[0. 0. 0. ... 0. 0. 0.],talk.politics.guns
[0. 0. 0. ... 0. 0. 0.],comp.sys.ibm.pc.hardware
[0. 0. 0. ... 0. 0. 0.],sci.med
[0. 0. 0. ... 0. 0. 0.],rec.motorcycles
[0. 0. 0. ... 0. 0. 0.],talk.politics.guns
[0. 0. 0. ... 0. 0. 0.],soc.religion.christian
[0. 0. 0. ... 0. 0. 0.],sci.electronics
[0. 0. 0. ... 0. 0. 0.],talk.politics.guns
[0. 0. 0. ... 0. 0. 0.],soc.religion.christian
[0. 0. 0. ... 0. 0. 0.],comp.sys.mac.hardware
[0. 0. 0. ... 0. 0. 0.],sci.electronics
[0. 0. 0. ... 0. 0. 0.],sci.space
[0. 0. 0. ... 0. 0. 0.],comp.graphics
[0. 0. 0. ... 0. 0. 0.],talk.politics.guns
[0. 0. 0. ... 0. 0. 0.],alt.atheism
[0. 0. 0. ... 0. 0. 0.],rec.motorcycles
[0. 0. 0. ... 0. 0. 0.],misc.forsale
[0. 0. 0. ... 0. 0. 0.],rec.sport.baseball
[0. 0. 0. ... 0. 0. 0.],comp.graphics
[0. 0. 0. ... 0. 0. 0.],rec.motorcycles
[0. 0. 0. ... 0. 0. 0.],comp.sys.ibm.pc.hardware
[0. 0. 0. ... 0. 0. 0.],comp.os.ms-windows.misc
[0. 0. 0. ... 0. 0. 0.],alt.atheism
[0. 0. 0. ... 0. 0. 0.],sci.space
[0. 0. 0. ... 0. 0. 0.],alt.atheism
[0. 0. 0. ... 0. 0. 0.],comp.windows.x
[0. 0. 0. ... 0. 0. 0.],sci.crypt
[0. 0. 0. ... 0. 0. 0.],talk.politics.mideast
[0. 0. 0. ... 0. 0. 0.],talk.politics.mideast
[0. 0. 0. ... 0. 0. 0.],rec.motorcycles
[0. 0. 0. ... 0. 0. 0.],rec.autos
[0. 0. 0. ... 0. 0. 0.],soc.religion.christian
[0. 0. 0. ... 0. 0. 0.],talk.politics.misc
[0. 0. 0. ... 0. 0. 0.],comp.windows.x
[0. 0. 0. ... 0. 0. 0.],comp.sys.ibm.pc.hardware
[0. 0. 0. ... 0. 0. 0.],comp.os.ms-windows.misc
[0. 0. 0. ... 0. 0. 0.],sci.med
[0. 0. 0. ... 0. 0. 0.],comp.sys.ibm.pc.hardware
[0. 0. 0. ... 0. 0. 0.],rec.motorcycles
[0. 0. 0. ... 0. 0. 0.],rec.motorcycles
[0. 0. 0. ... 0. 0. 0.],talk.politics.mideast
[0. 0. 0. ... 0. 0. 0.],comp.sys.ibm.pc.hardware
[0. 0. 0. ... 0. 0. 0.],sci.med
[0. 0. 0. ... 0. 0. 0.],comp.sys.ibm.pc.hardware
[0. 0. 0. ... 0. 0. 0.],rec.sport.baseball
[0. 0. 0. ... 0. 0. 0.],comp.os.ms-windows.misc
[0. 0. 0. ... 0. 0. 0.],comp.windows.x
[0. 0. 0. ... 0. 0. 0.],comp.windows.x
[0. 0. 0. ... 0. 0. 0.],soc.religion.christian
[0. 0. 0. ... 0. 0. 0.],misc.forsale
[0. 0. 0. ... 0. 0. 0.],rec.sport.hockey
[0. 0. 0. ... 0. 0. 0.],rec.motorcycles
[0. 0. 0. ... 0. 0. 0.],rec.autos
[0.         0.27767777 0.         ... 0.         0.         0.        ],comp.sys.mac.hardware
[0.         0.08397734 0.         ... 0.         0.         0.        ],rec.motorcycles
[0. 0. 0. ... 0. 0. 0.],rec.autos
[0. 0. 0. ... 0. 0. 0.],comp.windows.x
[0. 0. 0. ... 0. 0. 0.],talk.politics.mideast
[0. 0. 0. ... 0. 0. 0.],rec.motorcycles
[0. 0. 0. ... 0. 0. 0.],talk.politics.mideast
[0. 0. 0. ... 0. 0. 0.],sci.med
[0. 0. 0. ... 0. 0. 0.],comp.graphics
[0. 0. 0. ... 0. 0. 0.],comp.sys.ibm.pc.hardware
[0. 0. 0. ... 0. 0. 0.],comp.windows.x
[0. 0. 0. ... 0. 0. 0.],misc.forsale
[0. 0. 0. ... 0. 0. 0.],talk.religion.misc
[0. 0. 0. ... 0. 0. 0.],talk.politics.guns
[0. 0. 0. ... 0. 0. 0.],comp.sys.ibm.pc.hardware
[0. 0. 0. ... 0. 0. 0.],comp.windows.x
[0.11979766 0.         0.         ... 0.         0.         0.        ],rec.autos
[0. 0. 0. ... 0. 0. 0.],rec.autos
[0. 0. 0. ... 0. 0. 0.],comp.graphics
[0. 0. 0. ... 0. 0. 0.],sci.electronics
[0. 0. 0. ... 0. 0. 0.],comp.graphics
[0. 0. 0. ... 0. 0. 0.],soc.religion.christian
[0. 0. 0. ... 0. 0. 0.],rec.motorcycles
[0. 0. 0. ... 0. 0. 0.],rec.sport.hockey
[0. 0. 0. ... 0. 0. 0.],alt.atheism
[0. 0. 0. ... 0. 0. 0.],sci.electronics
[0. 0. 0. ... 0. 0. 0.],rec.sport.hockey
[0. 0. 0. ... 0. 0. 0.],rec.autos
[0. 0. 0. ... 0. 0. 0.],rec.sport.baseball
[0. 0. 0. ... 0. 0. 0.],comp.sys.ibm.pc.hardware
[0. 0. 0. ... 0. 0. 0.],alt.atheism
[0. 0. 0. ... 0. 0. 0.],soc.religion.christian
[0. 0. 0. ... 0. 0. 0.],rec.sport.hockey
[0. 0. 0. ... 0. 0. 0.],talk.politics.mideast
[0. 0. 0. ... 0. 0. 0.],sci.crypt
[0. 0. 0. ... 0. 0. 0.],rec.sport.baseball
[0. 0. 0. ... 0. 0. 0.],rec.sport.baseball
[0. 0. 0. ... 0. 0. 0.],comp.windows.x
[0. 0. 0. ... 0. 0. 0.],comp.sys.ibm.pc.hardware
[0. 0. 0. ... 0. 0. 0.],comp.graphics
[0. 0. 0. ... 0. 0. 0.],comp.sys.mac.hardware
[0.18944138 0.         0.         ... 0.         0.         0.        ],sci.electronics
[0. 0. 0. ... 0. 0. 0.],sci.med
[0. 0. 0. ... 0. 0. 0.],sci.electronics
[0. 0. 0. ... 0. 0. 0.],comp.sys.mac.hardware
[0. 0. 0. ... 0. 0. 0.],comp.sys.mac.hardware
[0. 0. 0. ... 0. 0. 0.],alt.atheism
[0. 0. 0. ... 0. 0. 0.],rec.motorcycles
[0. 0. 0. ... 0. 0. 0.],sci.med
[0. 0. 0. ... 0. 0. 0.],alt.atheism
[0. 0. 0. ... 0. 0. 0.],comp.os.ms-windows.misc
[0. 0. 0. ... 0. 0. 0.],talk.politics.guns
[0. 0. 0. ... 0. 0. 0.],rec.autos
[0. 0. 0. ... 0. 0. 0.],comp.sys.mac.hardware
[0. 0. 0. ... 0. 0. 0.],rec.motorcycles
[0.04657544 0.03558368 0.         ... 0.         0.         0.        ],rec.sport.baseball
[0. 0. 0. ... 0. 0. 0.],misc.forsale
[0. 0. 0. ... 0. 0. 0.],comp.os.ms-windows.misc
[0. 0. 0. ... 0. 0. 0.],talk.politics.guns
[0. 0. 0. ... 0. 0. 0.],talk.politics.mideast
[0. 0. 0. ... 0. 0. 0.],talk.politics.guns
[0. 0. 0. ... 0. 0. 0.],comp.sys.mac.hardware
[0. 0. 0. ... 0. 0. 0.],comp.sys.mac.hardware
[0. 0. 0. ... 0. 0. 0.],comp.windows.x
[0. 0. 0. ... 0. 0. 0.],talk.religion.misc
[0. 0. 0. ... 0. 0. 0.],misc.forsale
[0. 0. 0. ... 0. 0. 0.],talk.politics.guns
[0. 0. 0. ... 0. 0. 0.],comp.windows.x
[0. 0. 0. ... 0. 0. 0.],rec.sport.hockey
[0.         0.05413063 0.         ... 0.         0.         0.        ],comp.graphics
[0. 0. 0. ... 0. 0. 0.],alt.atheism
[0. 0. 0. ... 0. 0. 0.],talk.religion.misc
[0. 0. 0. ... 0. 0. 0.],rec.autos
[0.23075701 0.         0.         ... 0.         0.         0.        ],rec.sport.hockey
[0. 0. 0. ... 0. 0. 0.],sci.crypt
[0.         0.16099202 0.         ... 0.         0.         0.        ],sci.crypt
[0.10987578 0.         0.         ... 0.         0.         0.        ],comp.sys.ibm.pc.hardware
[0. 0. 0. ... 0. 0. 0.],sci.space
[0. 0. 0. ... 0. 0. 0.],sci.med
[0. 0. 0. ... 0. 0. 0.],comp.sys.ibm.pc.hardware
[0.08416545 0.         0.         ... 0.         0.         0.        ],comp.sys.ibm.pc.hardware
[0. 0. 0. ... 0. 0. 0.],sci.med
[0. 0. 0. ... 0. 0. 0.],comp.windows.x
[0. 0. 0. ... 0. 0. 0.],rec.motorcycles
[0. 0. 0. ... 0. 0. 0.],alt.atheism
[0. 0. 0. ... 0. 0. 0.],misc.forsale
[0. 0. 0. ... 0. 0. 0.],talk.religion.misc
[0.         0.11306842 0.         ... 0.         0.         0.        ],alt.atheism
[0. 0. 0. ... 0. 0. 0.],rec.sport.baseball
[0. 0. 0. ... 0. 0. 0.],talk.religion.misc
[0. 0. 0. ... 0. 0. 0.],talk.religion.misc
[0.         0.18614234 0.         ... 0.         0.         0.        ],alt.atheism
[0.         0.         0.         ... 0.         0.24514395 0.        ],comp.os.ms-windows.misc
[0. 0. 0. ... 0. 0. 0.],rec.motorcycles
[0. 0. 0. ... 0. 0. 0.],comp.sys.mac.hardware
[0. 0. 0. ... 0. 0. 0.],rec.motorcycles
[0. 0. 0. ... 0. 0. 0.],comp.windows.x
[0. 0. 0. ... 0. 0. 0.],comp.windows.x
[0. 0. 0. ... 0. 0. 0.],talk.politics.misc
[0. 0. 0. ... 0. 0. 0.],comp.sys.mac.hardware
[0. 0. 0. ... 0. 0. 0.],comp.os.ms-windows.misc
[0. 0. 0. ... 0. 0. 0.],talk.religion.misc
[0. 0. 0. ... 0. 0. 0.],comp.sys.mac.hardware
[0. 0. 0. ... 0. 0. 0.],misc.forsale
[0. 0. 0. ... 0. 0. 0.],comp.os.ms-windows.misc
[0. 0. 0. ... 0. 0. 0.],rec.motorcycles
[0. 0. 0. ... 0. 0. 0.],misc.forsale
[0. 0. 0. ... 0. 0. 0.],comp.sys.ibm.pc.hardware
[0. 0. 0. ... 0. 0. 0.],soc.religion.christian
[0. 0. 0. ... 0. 0. 0.],soc.religion.christian
[0. 0. 0. ... 0. 0. 0.],rec.autos
[0. 0. 0. ... 0. 0. 0.],talk.religion.misc
[0. 0. 0. ... 0. 0. 0.],sci.med
[0. 0. 0. ... 0. 0. 0.],comp.graphics
[0. 0. 0. ... 0. 0. 0.],talk.politics.guns
[0. 0. 0. ... 0. 0. 0.],comp.sys.mac.hardware
[0. 0. 0. ... 0. 0. 0.],comp.sys.mac.hardware
[0. 0. 0. ... 0. 0. 0.],talk.politics.mideast
[0. 0. 0. ... 0. 0. 0.],sci.med
[0. 0. 0. ... 0. 0. 0.],talk.politics.guns
[0. 0. 0. ... 0. 0. 0.],sci.med
[0. 0. 0. ... 0. 0. 0.],alt.atheism
[0. 0. 0. ... 0. 0. 0.],comp.sys.ibm.pc.hardware
[0. 0. 0. ... 0. 0. 0.],soc.religion.christian
[0. 0. 0. ... 0. 0. 0.],rec.motorcycles
[0. 0. 0. ... 0. 0. 0.],sci.electronics
[0. 0. 0. ... 0. 0. 0.],rec.autos
[0. 0. 0. ... 0. 0. 0.],comp.windows.x
[0. 0. 0. ... 0. 0. 0.],comp.sys.mac.hardware
[0. 0. 0. ... 0. 0. 0.],rec.sport.hockey
[0.        0.0341288 0.        ... 0.        0.        0.       ],talk.politics.misc
[0. 0. 0. ... 0. 0. 0.],sci.crypt
[0. 0. 0. ... 0. 0. 0.],rec.motorcycles
[0. 0. 0. ... 0. 0. 0.],sci.med
[0. 0. 0. ... 0. 0. 0.],comp.os.ms-windows.misc
[0. 0. 0. ... 0. 0. 0.],sci.space
[0. 0. 0. ... 0. 0. 0.],talk.politics.mideast
[0. 0. 0. ... 0. 0. 0.],comp.windows.x
[0. 0. 0. ... 0. 0. 0.],sci.crypt
[0. 0. 0. ... 0. 0. 0.],comp.sys.mac.hardware
[0. 0. 0. ... 0. 0. 0.],sci.med
[0. 0. 0. ... 0. 0. 0.],rec.autos
[0. 0. 0. ... 0. 0. 0.],rec.motorcycles
[0. 0. 0. ... 0. 0. 0.],rec.motorcycles
[0. 0. 0. ... 0. 0. 0.],comp.graphics
[0. 0. 0. ... 0. 0. 0.],sci.space
[0. 0. 0. ... 0. 0. 0.],sci.space
[0. 0. 0. ... 0. 0. 0.],comp.sys.ibm.pc.hardware
[0. 0. 0. ... 0. 0. 0.],sci.crypt
[0.         0.10129561 0.         ... 0.         0.         0.        ],sci.crypt
[0. 0. 0. ... 0. 0. 0.],comp.sys.mac.hardware
[0. 0. 0. ... 0. 0. 0.],sci.crypt
[0. 0. 0. ... 0. 0. 0.],rec.autos
[0. 0. 0. ... 0. 0. 0.],soc.religion.christian
[0. 0. 0. ... 0. 0. 0.],comp.windows.x
[0.         0.13991217 0.         ... 0.         0.         0.        ],comp.graphics
[0. 0. 0. ... 0. 0. 0.],comp.windows.x
[0. 0. 0. ... 0. 0. 0.],misc.forsale
[0. 0. 0. ... 0. 0. 0.],comp.os.ms-windows.misc
[0. 0. 0. ... 0. 0. 0.],misc.forsale
[0.05555379 0.         0.         ... 0.         0.         0.        ],alt.atheism
[0. 0. 0. ... 0. 0. 0.],talk.politics.guns
[0. 0. 0. ... 0. 0. 0.],misc.forsale
[0. 0. 0. ... 0. 0. 0.],sci.space
[0. 0. 0. ... 0. 0. 0.],soc.religion.christian
[0. 0. 0. ... 0. 0. 0.],talk.religion.misc
[0. 0. 0. ... 0. 0. 0.],rec.sport.hockey
[0. 0. 0. ... 0. 0. 0.],alt.atheism
[0. 0. 0. ... 0. 0. 0.],sci.electronics
[0. 0. 0. ... 0. 0. 0.],rec.sport.baseball
[0. 0. 0. ... 0. 0. 0.],talk.religion.misc
[0. 0. 0. ... 0. 0. 0.],rec.sport.hockey
[0. 0. 0. ... 0. 0. 0.],sci.space
[0. 0. 0. ... 0. 0. 0.],rec.sport.baseball
[0. 0. 0. ... 0. 0. 0.],misc.forsale
[0. 0. 0. ... 0. 0. 0.],talk.religion.misc
[0.         0.04832045 0.         ... 0.         0.         0.        ],comp.sys.mac.hardware
[0. 0. 0. ... 0. 0. 0.],rec.sport.baseball
[0.         0.         0.         ... 0.13865612 0.         0.        ],talk.politics.misc
[0. 0. 0. ... 0. 0. 0.],sci.crypt
[0. 0. 0. ... 0. 0. 0.],sci.space
[0. 0. 0. ... 0. 0. 0.],rec.autos
[0. 0. 0. ... 0. 0. 0.],alt.atheism
[0. 0. 0. ... 0. 0. 0.],talk.religion.misc
[0. 0. 0. ... 0. 0. 0.],alt.atheism
[0. 0. 0. ... 0. 0. 0.],sci.space
[0. 0. 0. ... 0. 0. 0.],talk.politics.mideast
[0. 0. 0. ... 0. 0. 0.],talk.religion.misc
[0. 0. 0. ... 0. 0. 0.],comp.windows.x
[0. 0. 0. ... 0. 0. 0.],sci.space
[0.         0.20509241 0.         ... 0.         0.         0.        ],sci.space
[0. 0. 0. ... 0. 0. 0.],talk.politics.mideast
[0. 0. 0. ... 0. 0. 0.],sci.electronics
[0. 0. 0. ... 0. 0. 0.],rec.autos
[0. 0. 0. ... 0. 0. 0.],comp.windows.x
[0. 0. 0. ... 0. 0. 0.],sci.crypt
[0. 0. 0. ... 0. 0. 0.],talk.religion.misc
[0. 0. 0. ... 0. 0. 0.],sci.electronics
[0. 0. 0. ... 0. 0. 0.],comp.sys.ibm.pc.hardware
[0. 0. 0. ... 0. 0. 0.],misc.forsale
[0. 0. 0. ... 0. 0. 0.],alt.atheism
[0. 0. 0. ... 0. 0. 0.],rec.motorcycles
[0. 0. 0. ... 0. 0. 0.],comp.graphics
[0. 0. 0. ... 0. 0. 0.],talk.politics.mideast
[0. 0. 0. ... 0. 0. 0.],comp.windows.x
[0. 0. 0. ... 0. 0. 0.],rec.motorcycles
[0. 0. 0. ... 0. 0. 0.],comp.sys.ibm.pc.hardware
[0. 0. 0. ... 0. 0. 0.],comp.graphics
[0. 0. 0. ... 0. 0. 0.],alt.atheism
[0. 0. 0. ... 0. 0. 0.],rec.sport.baseball
[0. 0. 0. ... 0. 0. 0.],comp.sys.mac.hardware
[0. 0. 0. ... 0. 0. 0.],alt.atheism
[0. 0. 0. ... 0. 0. 0.],soc.religion.christian
[0. 0. 0. ... 0. 0. 0.],alt.atheism
[0. 0. 0. ... 0. 0. 0.],sci.electronics
[0. 0. 0. ... 0. 0. 0.],alt.atheism
[0. 0. 0. ... 0. 0. 0.],comp.sys.ibm.pc.hardware
[0. 0. 0. ... 0. 0. 0.],sci.crypt
[0. 0. 0. ... 0. 0. 0.],sci.crypt
[0. 0. 0. ... 0. 0. 0.],comp.graphics
[0. 0. 0. ... 0. 0. 0.],talk.politics.guns
[0. 0. 0. ... 0. 0. 0.],sci.electronics
[0. 0. 0. ... 0. 0. 0.],rec.autos
[0. 0. 0. ... 0. 0. 0.],alt.atheism
[0. 0. 0. ... 0. 0. 0.],rec.sport.hockey
[0. 0. 0. ... 0. 0. 0.],misc.forsale
[0. 0. 0. ... 0. 0. 0.],rec.motorcycles
[0. 0. 0. ... 0. 0. 0.],talk.politics.guns
[0. 0. 0. ... 0. 0. 0.],sci.med
[0. 0. 0. ... 0. 0. 0.],rec.autos
[0. 0. 0. ... 0. 0. 0.],rec.autos
[0. 0. 0. ... 0. 0. 0.],comp.sys.mac.hardware
[0. 0. 0. ... 0. 0. 0.],comp.windows.x
[0.         0.07763338 0.         ... 0.         0.         0.        ],alt.atheism
[0. 0. 0. ... 0. 0. 0.],talk.politics.guns
[0. 0. 0. ... 0. 0. 0.],talk.politics.mideast
[0. 0. 0. ... 0. 0. 0.],rec.motorcycles
[0. 0. 0. ... 0. 0. 0.],talk.religion.misc
[0. 0. 0. ... 0. 0. 0.],comp.windows.x
[0.         0.13504006 0.         ... 0.         0.         0.        ],talk.politics.misc
[0.         0.20997328 0.         ... 0.         0.         0.        ],comp.os.ms-windows.misc
[0. 0. 0. ... 0. 0. 0.],rec.autos
[0. 0. 0. ... 0. 0. 0.],comp.windows.x
[0. 0. 0. ... 0. 0. 0.],soc.religion.christian
[0. 0. 0. ... 0. 0. 0.],soc.religion.christian
[0. 0. 0. ... 0. 0. 0.],comp.sys.ibm.pc.hardware
[0. 0. 0. ... 0. 0. 0.],comp.graphics
[0. 0. 0. ... 0. 0. 0.],sci.med
[0. 0. 0. ... 0. 0. 0.],rec.sport.hockey
[0. 0. 0. ... 0. 0. 0.],comp.graphics
[0. 0. 0. ... 0. 0. 0.],sci.med
[0. 0. 0. ... 0. 0. 0.],rec.motorcycles
[0. 0. 0. ... 0. 0. 0.],misc.forsale
[0. 0. 0. ... 0. 0. 0.],comp.os.ms-windows.misc
[0. 0. 0. ... 0. 0. 0.],alt.atheism
[0. 0. 0. ... 0. 0. 0.],rec.autos
[0. 0. 0. ... 0. 0. 0.],comp.graphics
[0. 0. 0. ... 0. 0. 0.],soc.religion.christian
[0. 0. 0. ... 0. 0. 0.],sci.med
[0. 0. 0. ... 0. 0. 0.],comp.windows.x
[0. 0. 0. ... 0. 0. 0.],comp.windows.x
[0. 0. 0. ... 0. 0. 0.],comp.sys.ibm.pc.hardware
[0. 0. 0. ... 0. 0. 0.],alt.atheism
[0. 0. 0. ... 0. 0. 0.],sci.crypt
[0. 0. 0. ... 0. 0. 0.],rec.sport.hockey
[0. 0. 0. ... 0. 0. 0.],talk.politics.mideast
[0. 0. 0. ... 0. 0. 0.],alt.atheism
[0. 0. 0. ... 0. 0. 0.],talk.politics.guns
[0. 0. 0. ... 0. 0. 0.],comp.os.ms-windows.misc
[0. 0. 0. ... 0. 0. 0.],sci.crypt
[0. 0. 0. ... 0. 0. 0.],talk.politics.guns
[0.         0.         0.         ... 0.         0.18122014 0.        ],comp.os.ms-windows.misc
[0. 0. 0. ... 0. 0. 0.],rec.sport.hockey
[0. 0. 0. ... 0. 0. 0.],misc.forsale
[0. 0. 0. ... 0. 0. 0.],comp.os.ms-windows.misc
[0. 0. 0. ... 0. 0. 0.],comp.sys.ibm.pc.hardware
[0. 0. 0. ... 0. 0. 0.],talk.religion.misc
[0. 0. 0. ... 0. 0. 0.],rec.sport.baseball
[0. 0. 0. ... 0. 0. 0.],talk.politics.misc
[0. 0. 0. ... 0. 0. 0.],sci.electronics
[0. 0. 0. ... 0. 0. 0.],sci.electronics
[0. 0. 0. ... 0. 0. 0.],alt.atheism
[0. 0. 0. ... 0. 0. 0.],comp.sys.ibm.pc.hardware
[0. 0. 0. ... 0. 0. 0.],comp.graphics
[0. 0. 0. ... 0. 0. 0.],sci.crypt
[0. 0. 0. ... 0. 0. 0.],comp.sys.ibm.pc.hardware
[0. 0. 0. ... 0. 0. 0.],rec.motorcycles
[0. 0. 0. ... 0. 0. 0.],sci.electronics
[0. 0. 0. ... 0. 0. 0.],rec.motorcycles
[0. 0. 0. ... 0. 0. 0.],rec.motorcycles
[0. 0. 0. ... 0. 0. 0.],comp.graphics
[0. 0. 0. ... 0. 0. 0.],rec.sport.hockey
[0. 0. 0. ... 0. 0. 0.],talk.politics.guns
[0. 0. 0. ... 0. 0. 0.],rec.sport.baseball
[0. 0. 0. ... 0. 0. 0.],misc.forsale
[0. 0. 0. ... 0. 0. 0.],sci.crypt
[0. 0. 0. ... 0. 0. 0.],alt.atheism
[0. 0. 0. ... 0. 0. 0.],rec.motorcycles
[0. 0. 0. ... 0. 0. 0.],rec.motorcycles
[0. 0. 0. ... 0. 0. 0.],rec.autos
[0. 0. 0. ... 0. 0. 0.],sci.crypt
[0. 0. 0. ... 0. 0. 0.],comp.os.ms-windows.misc
[0. 0. 0. ... 0. 0. 0.],rec.motorcycles
[0. 0. 0. ... 0. 0. 0.],comp.windows.x
[0. 0. 0. ... 0. 0. 0.],talk.politics.mideast
[0. 0. 0. ... 0. 0. 0.],rec.sport.hockey
[0. 0. 0. ... 0. 0. 0.],talk.politics.misc
[0. 0. 0. ... 0. 0. 0.],rec.autos
[0. 0. 0. ... 0. 0. 0.],talk.politics.guns
[0. 0. 0. ... 0. 0. 0.],comp.sys.ibm.pc.hardware
[0. 0. 0. ... 0. 0. 0.],sci.electronics
[0. 0. 0. ... 0. 0. 0.],sci.crypt
[0. 0. 0. ... 0. 0. 0.],misc.forsale
[0. 0. 0. ... 0. 0. 0.],comp.sys.mac.hardware
[0. 0. 0. ... 0. 0. 0.],sci.space
[0. 0. 0. ... 0. 0. 0.],soc.religion.christian
[0.         0.07554897 0.         ... 0.         0.         0.        ],alt.atheism
[0. 0. 0. ... 0. 0. 0.],rec.sport.hockey
[0. 0. 0. ... 0. 0. 0.],rec.sport.hockey
[0. 0. 0. ... 0. 0. 0.],sci.med
[0. 0. 0. ... 0. 0. 0.],comp.windows.x
[0. 0. 0. ... 0. 0. 0.],comp.sys.ibm.pc.hardware
[0. 0. 0. ... 0. 0. 0.],comp.graphics
[0. 0. 0. ... 0. 0. 0.],comp.windows.x
[0. 0. 0. ... 0. 0. 0.],sci.electronics
[0. 0. 0. ... 0. 0. 0.],comp.windows.x
[0. 0. 0. ... 0. 0. 0.],rec.sport.hockey
[0. 0. 0. ... 0. 0. 0.],comp.graphics
[0. 0. 0. ... 0. 0. 0.],sci.electronics
[0. 0. 0. ... 0. 0. 0.],sci.electronics
[0. 0. 0. ... 0. 0. 0.],soc.religion.christian
[0. 0. 0. ... 0. 0. 0.],rec.sport.hockey
[0. 0. 0. ... 0. 0. 0.],talk.politics.mideast
[0. 0. 0. ... 0. 0. 0.],talk.politics.misc
[0. 0. 0. ... 0. 0. 0.],talk.politics.mideast
[0. 0. 0. ... 0. 0. 0.],alt.atheism
[0.         0.         0.         ... 0.         0.53857787 0.        ],comp.os.ms-windows.misc
[0. 0. 0. ... 0. 0. 0.],comp.sys.mac.hardware
[0. 0. 0. ... 0. 0. 0.],comp.sys.ibm.pc.hardware
[0. 0. 0. ... 0. 0. 0.],talk.politics.misc
[0. 0. 0. ... 0. 0. 0.],sci.electronics
[0. 0. 0. ... 0. 0. 0.],talk.politics.guns
[0. 0. 0. ... 0. 0. 0.],talk.politics.guns
[0. 0. 0. ... 0. 0. 0.],sci.med
[0. 0. 0. ... 0. 0. 0.],rec.sport.baseball
[0. 0. 0. ... 0. 0. 0.],comp.sys.ibm.pc.hardware
[0. 0. 0. ... 0. 0. 0.],rec.motorcycles
[0. 0. 0. ... 0. 0. 0.],soc.religion.christian
[0. 0. 0. ... 0. 0. 0.],talk.politics.mideast
[0. 0. 0. ... 0. 0. 0.],soc.religion.christian
[0. 0. 0. ... 0. 0. 0.],comp.os.ms-windows.misc
[0. 0. 0. ... 0. 0. 0.],sci.med
[0. 0. 0. ... 0. 0. 0.],comp.sys.ibm.pc.hardware
[0. 0. 0. ... 0. 0. 0.],sci.space
[0. 0. 0. ... 0. 0. 0.],comp.sys.ibm.pc.hardware
[0. 0. 0. ... 0. 0. 0.],comp.graphics
[0. 0. 0. ... 0. 0. 0.],comp.os.ms-windows.misc
[0. 0. 0. ... 0. 0. 0.],soc.religion.christian
[0. 0. 0. ... 0. 0. 0.],comp.sys.mac.hardware
[0. 0. 0. ... 0. 0. 0.],soc.religion.christian
[0. 0. 0. ... 0. 0. 0.],rec.autos
[0. 0. 0. ... 0. 0. 0.],comp.os.ms-windows.misc
[0. 0. 0. ... 0. 0. 0.],sci.crypt
[0. 0. 0. ... 0. 0. 0.],comp.graphics
[0. 0. 0. ... 0. 0. 0.],talk.politics.misc
[0.         0.14550559 0.         ... 0.         0.         0.        ],misc.forsale
[0. 0. 0. ... 0. 0. 0.],comp.sys.ibm.pc.hardware
[0. 0. 0. ... 0. 0. 0.],comp.windows.x
[0. 0. 0. ... 0. 0. 0.],comp.sys.mac.hardware
[0.         0.06623047 0.         ... 0.         0.         0.        ],comp.sys.ibm.pc.hardware
[0. 0. 0. ... 0. 0. 0.],rec.motorcycles
[0. 0. 0. ... 0. 0. 0.],rec.sport.hockey
[0. 0. 0. ... 0. 0. 0.],rec.sport.baseball
[0. 0. 0. ... 0. 0. 0.],sci.space
[0. 0. 0. ... 0. 0. 0.],sci.crypt
[0. 0. 0. ... 0. 0. 0.],talk.politics.guns
[0. 0. 0. ... 0. 0. 0.],talk.politics.mideast
[0.         0.09036337 0.         ... 0.         0.         0.        ],comp.windows.x
[0. 0. 0. ... 0. 0. 0.],comp.sys.mac.hardware
[0. 0. 0. ... 0. 0. 0.],talk.religion.misc
[0. 0. 0. ... 0. 0. 0.],rec.autos
[0. 0. 0. ... 0. 0. 0.],sci.electronics
[0. 0. 0. ... 0. 0. 0.],misc.forsale
[0. 0. 0. ... 0. 0. 0.],talk.religion.misc
[0. 0. 0. ... 0. 0. 0.],misc.forsale
[0.        0.0526498 0.        ... 0.        0.        0.       ],sci.med
[0. 0. 0. ... 0. 0. 0.],rec.sport.baseball
[0.         0.03466028 0.         ... 0.         0.         0.        ],soc.religion.christian
[0. 0. 0. ... 0. 0. 0.],rec.motorcycles
[0. 0. 0. ... 0. 0. 0.],sci.space
[0. 0. 0. ... 0. 0. 0.],rec.sport.baseball
[0. 0. 0. ... 0. 0. 0.],comp.windows.x
[0. 0. 0. ... 0. 0. 0.],talk.politics.guns
[0. 0. 0. ... 0. 0. 0.],comp.graphics
[0. 0. 0. ... 0. 0. 0.],rec.sport.hockey
[0. 0. 0. ... 0. 0. 0.],talk.politics.mideast
[0. 0. 0. ... 0. 0. 0.],rec.motorcycles
[0. 0. 0. ... 0. 0. 0.],talk.religion.misc
[0. 0. 0. ... 0. 0. 0.],misc.forsale
[0. 0. 0. ... 0. 0. 0.],sci.electronics
[0. 0. 0. ... 0. 0. 0.],rec.sport.hockey
[0. 0. 0. ... 0. 0. 0.],comp.windows.x
[0. 0. 0. ... 0. 0. 0.],talk.politics.mideast
[0. 0. 0. ... 0. 0. 0.],rec.motorcycles
[0. 0. 0. ... 0. 0. 0.],sci.crypt
[0. 0. 0. ... 0. 0. 0.],talk.politics.mideast
[0. 0. 0. ... 0. 0. 0.],rec.autos
[0. 0. 0. ... 0. 0. 0.],rec.motorcycles
[0. 0. 0. ... 0. 0. 0.],sci.med
[0. 0. 0. ... 0. 0. 0.],rec.sport.hockey
[0. 0. 0. ... 0. 0. 0.],alt.atheism
[0. 0. 0. ... 0. 0. 0.],soc.religion.christian
[0. 0. 0. ... 0. 0. 0.],talk.politics.misc
[0. 0. 0. ... 0. 0. 0.],comp.sys.ibm.pc.hardware
[0. 0. 0. ... 0. 0. 0.],rec.sport.baseball
[0. 0. 0. ... 0. 0. 0.],talk.politics.misc
[0. 0. 0. ... 0. 0. 0.],rec.sport.baseball
[0. 0. 0. ... 0. 0. 0.],sci.electronics
[0. 0. 0. ... 0. 0. 0.],talk.politics.guns
[0. 0. 0. ... 0. 0. 0.],soc.religion.christian
[0. 0. 0. ... 0. 0. 0.],misc.forsale
[0. 0. 0. ... 0. 0. 0.],talk.politics.misc
[0. 0. 0. ... 0. 0. 0.],comp.sys.mac.hardware
[0. 0. 0. ... 0. 0. 0.],talk.politics.misc
[0. 0. 0. ... 0. 0. 0.],soc.religion.christian
[0. 0. 0. ... 0. 0. 0.],rec.autos
[0. 0. 0. ... 0. 0. 0.],comp.sys.mac.hardware
[0. 0. 0. ... 0. 0. 0.],sci.space
[0. 0. 0. ... 0. 0. 0.],comp.sys.mac.hardware
[0. 0. 0. ... 0. 0. 0.],talk.politics.mideast
[0. 0. 0. ... 0. 0. 0.],sci.electronics
[0. 0. 0. ... 0. 0. 0.],comp.graphics
[0. 0. 0. ... 0. 0. 0.],sci.space
[0. 0. 0. ... 0. 0. 0.],sci.crypt
[0. 0. 0. ... 0. 0. 0.],alt.atheism
[0. 0. 0. ... 0. 0. 0.],talk.politics.mideast
[0. 0. 0. ... 0. 0. 0.],sci.med
[0. 0. 0. ... 0. 0. 0.],rec.sport.baseball
[0. 0. 0. ... 0. 0. 0.],talk.politics.misc
[0. 0. 0. ... 0. 0. 0.],rec.sport.baseball
[0. 0. 0. ... 0. 0. 0.],talk.politics.mideast
[0. 0. 0. ... 0. 0. 0.],soc.religion.christian
[0. 0. 0. ... 0. 0. 0.],comp.sys.ibm.pc.hardware
[0. 0. 0. ... 0. 0. 0.],soc.religion.christian
[0. 0. 0. ... 0. 0. 0.],comp.graphics
[0. 0. 0. ... 0. 0. 0.],comp.os.ms-windows.misc
[0. 0. 0. ... 0. 0. 0.],talk.politics.mideast
[0. 0. 0. ... 0. 0. 0.],rec.sport.baseball
[0. 0. 0. ... 0. 0. 0.],comp.windows.x
[0. 0. 0. ... 0. 0. 0.],sci.med
[0. 0. 0. ... 0. 0. 0.],rec.motorcycles
[0. 0. 0. ... 0. 0. 0.],misc.forsale
[0. 0. 0. ... 0. 0. 0.],rec.motorcycles
[0. 0. 0. ... 0. 0. 0.],comp.sys.mac.hardware
[0. 0. 0. ... 0. 0. 0.],talk.politics.guns
[0.         0.09726484 0.         ... 0.         0.         0.        ],talk.politics.mideast
[0. 0. 0. ... 0. 0. 0.],talk.religion.misc
[0. 0. 0. ... 0. 0. 0.],soc.religion.christian
[0. 0. 0. ... 0. 0. 0.],comp.sys.mac.hardware
[0. 0. 0. ... 0. 0. 0.],comp.sys.ibm.pc.hardware
[0. 0. 0. ... 0. 0. 0.],comp.graphics
[0. 0. 0. ... 0. 0. 0.],talk.religion.misc
[0. 0. 0. ... 0. 0. 0.],sci.space
[0. 0. 0. ... 0. 0. 0.],comp.windows.x
[0. 0. 0. ... 0. 0. 0.],talk.politics.guns
[0. 0. 0. ... 0. 0. 0.],comp.windows.x
[0. 0. 0. ... 0. 0. 0.],comp.sys.mac.hardware
[0. 0. 0. ... 0. 0. 0.],rec.motorcycles
[0. 0. 0. ... 0. 0. 0.],talk.politics.mideast
[0.10899338 0.         0.         ... 0.         0.         0.        ],sci.crypt
[0. 0. 0. ... 0. 0. 0.],comp.sys.ibm.pc.hardware
[0. 0. 0. ... 0. 0. 0.],comp.windows.x
[0. 0. 0. ... 0. 0. 0.],rec.sport.baseball
[0. 0. 0. ... 0. 0. 0.],rec.autos
[0. 0. 0. ... 0. 0. 0.],talk.politics.guns
[0. 0. 0. ... 0. 0. 0.],comp.sys.ibm.pc.hardware
[0. 0. 0. ... 0. 0. 0.],talk.politics.mideast
[0. 0. 0. ... 0. 0. 0.],misc.forsale
[0.12065449 0.         0.         ... 0.         0.         0.        ],sci.space
[0. 0. 0. ... 0. 0. 0.],comp.windows.x
[0. 0. 0. ... 0. 0. 0.],rec.sport.hockey
[0. 0. 0. ... 0. 0. 0.],misc.forsale
[0. 0. 0. ... 0. 0. 0.],comp.graphics
[0. 0. 0. ... 0. 0. 0.],misc.forsale
[0. 0. 0. ... 0. 0. 0.],talk.politics.guns
[0. 0. 0. ... 0. 0. 0.],soc.religion.christian
[0. 0. 0. ... 0. 0. 0.],talk.politics.mideast
[0. 0. 0. ... 0. 0. 0.],comp.sys.mac.hardware
[0. 0. 0. ... 0. 0. 0.],comp.graphics
[0.05518679 0.         0.         ... 0.         0.         0.        ],comp.graphics
[0. 0. 0. ... 0. 0. 0.],rec.sport.hockey
[0.         0.12692664 0.         ... 0.         0.         0.        ],talk.politics.mideast
[0. 0. 0. ... 0. 0. 0.],rec.autos
[0. 0. 0. ... 0. 0. 0.],comp.graphics
[0. 0. 0. ... 0. 0. 0.],rec.sport.hockey
[0. 0. 0. ... 0. 0. 0.],misc.forsale
[0. 0. 0. ... 0. 0. 0.],rec.sport.hockey
[0. 0. 0. ... 0. 0. 0.],comp.sys.ibm.pc.hardware
[0. 0. 0. ... 0. 0. 0.],talk.politics.mideast
[0. 0. 0. ... 0. 0. 0.],rec.sport.baseball
[0. 0. 0. ... 0. 0. 0.],comp.sys.ibm.pc.hardware
[0. 0. 0. ... 0. 0. 0.],rec.sport.baseball
[0. 0. 0. ... 0. 0. 0.],talk.politics.misc
[0. 0. 0. ... 0. 0. 0.],sci.med
[0. 0. 0. ... 0. 0. 0.],sci.crypt
[0. 0. 0. ... 0. 0. 0.],comp.windows.x
[0. 0. 0. ... 0. 0. 0.],talk.politics.guns
[0. 0. 0. ... 0. 0. 0.],alt.atheism
[0. 0. 0. ... 0. 0. 0.],comp.windows.x
[0. 0. 0. ... 0. 0. 0.],comp.graphics
[0. 0. 0. ... 0. 0. 0.],talk.politics.mideast
[0. 0. 0. ... 0. 0. 0.],soc.religion.christian
[0. 0. 0. ... 0. 0. 0.],comp.sys.ibm.pc.hardware
[0. 0. 0. ... 0. 0. 0.],sci.crypt
[0. 0. 0. ... 0. 0. 0.],comp.os.ms-windows.misc
[0. 0. 0. ... 0. 0. 0.],rec.sport.hockey
[0. 0. 0. ... 0. 0. 0.],comp.graphics
[0.         0.10135384 0.         ... 0.         0.         0.        ],comp.sys.mac.hardware
[0. 0. 0. ... 0. 0. 0.],comp.graphics
[0. 0. 0. ... 0. 0. 0.],talk.politics.guns
[0.         0.         0.         ... 0.08935006 0.         0.        ],sci.crypt
[0. 0. 0. ... 0. 0. 0.],misc.forsale
[0. 0. 0. ... 0. 0. 0.],soc.religion.christian
[0. 0. 0. ... 0. 0. 0.],sci.crypt
[0. 0. 0. ... 0. 0. 0.],comp.os.ms-windows.misc
[0. 0. 0. ... 0. 0. 0.],talk.politics.misc
[0. 0. 0. ... 0. 0. 0.],sci.electronics
[0. 0. 0. ... 0. 0. 0.],rec.autos
[0. 0. 0. ... 0. 0. 0.],talk.politics.misc
[0. 0. 0. ... 0. 0. 0.],rec.sport.hockey
[0. 0. 0. ... 0. 0. 0.],rec.motorcycles
[0. 0. 0. ... 0. 0. 0.],comp.sys.ibm.pc.hardware
[0. 0. 0. ... 0. 0. 0.],rec.motorcycles
[0. 0. 0. ... 0. 0. 0.],rec.autos
[0. 0. 0. ... 0. 0. 0.],comp.graphics
[0. 0. 0. ... 0. 0. 0.],soc.religion.christian
[0. 0. 0. ... 0. 0. 0.],rec.autos
[0. 0. 0. ... 0. 0. 0.],rec.motorcycles
[0. 0. 0. ... 0. 0. 0.],talk.religion.misc
[0. 0. 0. ... 0. 0. 0.],comp.os.ms-windows.misc
[0. 0. 0. ... 0. 0. 0.],rec.sport.hockey
[0. 0. 0. ... 0. 0. 0.],alt.atheism
[0. 0. 0. ... 0. 0. 0.],rec.autos
[0. 0. 0. ... 0. 0. 0.],comp.os.ms-windows.misc
[0. 0. 0. ... 0. 0. 0.],rec.autos
[0. 0. 0. ... 0. 0. 0.],comp.os.ms-windows.misc
[0. 0. 0. ... 0. 0. 0.],rec.sport.hockey
[0. 0. 0. ... 0. 0. 0.],sci.electronics
[0. 0. 0. ... 0. 0. 0.],rec.autos
[0. 0. 0. ... 0. 0. 0.],comp.sys.mac.hardware
[0. 0. 0. ... 0. 0. 0.],comp.sys.mac.hardware
[0. 0. 0. ... 0. 0. 0.],misc.forsale
[0. 0. 0. ... 0. 0. 0.],sci.med
[0. 0. 0. ... 0. 0. 0.],comp.sys.mac.hardware
[0. 0. 0. ... 0. 0. 0.],sci.space
[0. 0. 0. ... 0. 0. 0.],talk.politics.mideast
[0. 0. 0. ... 0. 0. 0.],talk.politics.mideast
[0. 0. 0. ... 0. 0. 0.],talk.politics.misc
[0. 0. 0. ... 0. 0. 0.],misc.forsale
[0. 0. 0. ... 0. 0. 0.],sci.crypt
[0. 0. 0. ... 0. 0. 0.],misc.forsale
[0. 0. 0. ... 0. 0. 0.],comp.os.ms-windows.misc
[0.         0.06472403 0.         ... 0.         0.         0.        ],soc.religion.christian
[0. 0. 0. ... 0. 0. 0.],misc.forsale
[0. 0. 0. ... 0. 0. 0.],talk.religion.misc
[0. 0. 0. ... 0. 0. 0.],talk.politics.misc
[0. 0. 0. ... 0. 0. 0.],sci.space
[0. 0. 0. ... 0. 0. 0.],rec.sport.baseball
[0. 0. 0. ... 0. 0. 0.],alt.atheism
[0. 0. 0. ... 0. 0. 0.],misc.forsale
[0. 0. 0. ... 0. 0. 0.],rec.sport.baseball
[0. 0. 0. ... 0. 0. 0.],rec.sport.hockey
[0. 0. 0. ... 0. 0. 0.],comp.windows.x
[0. 0. 0. ... 0. 0. 0.],sci.med
[0. 0. 0. ... 0. 0. 0.],sci.crypt
[0. 0. 0. ... 0. 0. 0.],talk.politics.mideast
[0. 0. 0. ... 0. 0. 0.],soc.religion.christian
[0. 0. 0. ... 0. 0. 0.],comp.graphics
[0. 0. 0. ... 0. 0. 0.],sci.electronics
[0. 0. 0. ... 0. 0. 0.],sci.crypt
[0. 0. 0. ... 0. 0. 0.],talk.religion.misc
[0. 0. 0. ... 0. 0. 0.],sci.space
[0. 0. 0. ... 0. 0. 0.],rec.motorcycles
[0. 0. 0. ... 0. 0. 0.],comp.graphics
[0. 0. 0. ... 0. 0. 0.],talk.politics.guns
[0. 0. 0. ... 0. 0. 0.],rec.sport.baseball
[0. 0. 0. ... 0. 0. 0.],talk.politics.guns
[0. 0. 0. ... 0. 0. 0.],alt.atheism
[0. 0. 0. ... 0. 0. 0.],rec.sport.baseball
[0.      0.05188 0.      ... 0.      0.      0.     ],alt.atheism
[0. 0. 0. ... 0. 0. 0.],rec.sport.hockey
[0. 0. 0. ... 0. 0. 0.],comp.sys.mac.hardware
[0.08204379 0.         0.         ... 0.         0.         0.        ],talk.politics.guns
[0. 0. 0. ... 0. 0. 0.],rec.sport.hockey
[0. 0. 0. ... 0. 0. 0.],rec.sport.hockey
[0. 0. 0. ... 0. 0. 0.],comp.sys.ibm.pc.hardware
[0. 0. 0. ... 0. 0. 0.],sci.med
[0. 0. 0. ... 0. 0. 0.],talk.politics.mideast
[0. 0. 0. ... 0. 0. 0.],talk.politics.misc
[0. 0. 0. ... 0. 0. 0.],comp.windows.x
[0. 0. 0. ... 0. 0. 0.],sci.space
[0. 0. 0. ... 0. 0. 0.],rec.motorcycles
[0. 0. 0. ... 0. 0. 0.],alt.atheism
[0. 0. 0. ... 0. 0. 0.],rec.sport.baseball
[0. 0. 0. ... 0. 0. 0.],comp.sys.mac.hardware
[0. 0. 0. ... 0. 0. 0.],sci.space
[0. 0. 0. ... 0. 0. 0.],soc.religion.christian
[0. 0. 0. ... 0. 0. 0.],talk.politics.guns
[0. 0. 0. ... 0. 0. 0.],rec.sport.hockey
[0. 0. 0. ... 0. 0. 0.],comp.windows.x
[0. 0. 0. ... 0. 0. 0.],rec.motorcycles
[0. 0. 0. ... 0. 0. 0.],comp.os.ms-windows.misc
[0. 0. 0. ... 0. 0. 0.],talk.politics.guns
[0. 0. 0. ... 0. 0. 0.],rec.sport.baseball
[0. 0. 0. ... 0. 0. 0.],talk.politics.mideast
[0. 0. 0. ... 0. 0. 0.],comp.sys.ibm.pc.hardware
[0. 0. 0. ... 0. 0. 0.],comp.sys.mac.hardware
[0. 0. 0. ... 0. 0. 0.],comp.os.ms-windows.misc
[0. 0. 0. ... 0. 0. 0.],misc.forsale
[0. 0. 0. ... 0. 0. 0.],rec.sport.hockey
[0. 0. 0. ... 0. 0. 0.],sci.electronics
[0. 0. 0. ... 0. 0. 0.],talk.politics.mideast
[0. 0. 0. ... 0. 0. 0.],comp.os.ms-windows.misc
[0. 0. 0. ... 0. 0. 0.],comp.graphics
[0. 0. 0. ... 0. 0. 0.],rec.sport.hockey
[0. 0. 0. ... 0. 0. 0.],sci.space
[0. 0. 0. ... 0. 0. 0.],talk.politics.misc
[0. 0. 0. ... 0. 0. 0.],sci.space
[0. 0. 0. ... 0. 0. 0.],rec.sport.baseball
[0. 0. 0. ... 0. 0. 0.],talk.politics.mideast
[0. 0. 0. ... 0. 0. 0.],sci.crypt
[0. 0. 0. ... 0. 0. 0.],sci.med
[0. 0. 0. ... 0. 0. 0.],soc.religion.christian
[0. 0. 0. ... 0. 0. 0.],comp.windows.x
[0. 0. 0. ... 0. 0. 0.],talk.religion.misc
[0. 0. 0. ... 0. 0. 0.],talk.politics.misc
[0. 0. 0. ... 0. 0. 0.],rec.sport.hockey
[0. 0. 0. ... 0. 0. 0.],rec.motorcycles
[0. 0. 0. ... 0. 0. 0.],talk.politics.mideast
[0.         0.05051285 0.         ... 0.         0.         0.        ],talk.politics.mideast
[0. 0. 0. ... 0. 0. 0.],sci.med
[0. 0. 0. ... 0. 0. 0.],talk.religion.misc
[0. 0. 0. ... 0. 0. 0.],comp.sys.mac.hardware
[0. 0. 0. ... 0. 0. 0.],sci.electronics
[0. 0. 0. ... 0. 0. 0.],misc.forsale
[0. 0. 0. ... 0. 0. 0.],soc.religion.christian
[0. 0. 0. ... 0. 0. 0.],sci.space
[0. 0. 0. ... 0. 0. 0.],comp.sys.ibm.pc.hardware
[0. 0. 0. ... 0. 0. 0.],sci.med
[0. 0. 0. ... 0. 0. 0.],misc.forsale
[0. 0. 0. ... 0. 0. 0.],sci.crypt
[0. 0. 0. ... 0. 0. 0.],talk.politics.guns
[0. 0. 0. ... 0. 0. 0.],talk.religion.misc
[0. 0. 0. ... 0. 0. 0.],misc.forsale
[0. 0. 0. ... 0. 0. 0.],talk.politics.mideast
[0. 0. 0. ... 0. 0. 0.],soc.religion.christian
[0. 0. 0. ... 0. 0. 0.],comp.sys.mac.hardware
[0. 0. 0. ... 0. 0. 0.],misc.forsale
[0. 0. 0. ... 0. 0. 0.],comp.sys.mac.hardware
[0. 0. 0. ... 0. 0. 0.],rec.sport.baseball
[0. 0. 0. ... 0. 0. 0.],comp.graphics
[0. 0. 0. ... 0. 0. 0.],rec.sport.baseball
[0. 0. 0. ... 0. 0. 0.],talk.religion.misc
[0. 0. 0. ... 0. 0. 0.],comp.windows.x
[0.         0.         0.         ... 0.         0.         0.15419549],talk.religion.misc
[0. 0. 0. ... 0. 0. 0.],comp.sys.ibm.pc.hardware
[0. 0. 0. ... 0. 0. 0.],alt.atheism
[0.         0.04910849 0.         ... 0.         0.         0.        ],comp.windows.x
[0. 0. 0. ... 0. 0. 0.],talk.politics.misc
[0. 0. 0. ... 0. 0. 0.],alt.atheism
[0. 0. 0. ... 0. 0. 0.],misc.forsale
[0. 0. 0. ... 0. 0. 0.],comp.os.ms-windows.misc
[0. 0. 0. ... 0. 0. 0.],comp.sys.mac.hardware
[0. 0. 0. ... 0. 0. 0.],comp.windows.x
[0. 0. 0. ... 0. 0. 0.],sci.med
[0. 0. 0. ... 0. 0. 0.],comp.sys.mac.hardware
[0. 0. 0. ... 0. 0. 0.],talk.politics.guns
[0. 0. 0. ... 0. 0. 0.],sci.crypt
[0. 0. 0. ... 0. 0. 0.],rec.autos
[0. 0. 0. ... 0. 0. 0.],rec.sport.hockey
[0. 0. 0. ... 0. 0. 0.],comp.windows.x
[0. 0. 0. ... 0. 0. 0.],misc.forsale
[0. 0. 0. ... 0. 0. 0.],soc.religion.christian
[0. 0. 0. ... 0. 0. 0.],sci.med
[0. 0. 0. ... 0. 0. 0.],comp.sys.ibm.pc.hardware
[0. 0. 0. ... 0. 0. 0.],talk.politics.misc
[0. 0. 0. ... 0. 0. 0.],talk.politics.misc
[0. 0. 0. ... 0. 0. 0.],rec.autos
[0. 0. 0. ... 0. 0. 0.],rec.sport.hockey
[0. 0. 0. ... 0. 0. 0.],rec.sport.hockey
[0. 0. 0. ... 0. 0. 0.],talk.politics.misc
[0. 0. 0. ... 0. 0. 0.],sci.med
[0. 0. 0. ... 0. 0. 0.],comp.windows.x
[0. 0. 0. ... 0. 0. 0.],sci.crypt
[0. 0. 0. ... 0. 0. 0.],talk.politics.mideast
[0. 0. 0. ... 0. 0. 0.],rec.sport.baseball
[0. 0. 0. ... 0. 0. 0.],sci.electronics
[0. 0. 0. ... 0. 0. 0.],sci.med
[0. 0. 0. ... 0. 0. 0.],rec.sport.baseball
[0. 0. 0. ... 0. 0. 0.],comp.os.ms-windows.misc
[0. 0. 0. ... 0. 0. 0.],comp.sys.mac.hardware
[0. 0. 0. ... 0. 0. 0.],rec.autos
[0. 0. 0. ... 0. 0. 0.],rec.sport.baseball
[0. 0. 0. ... 0. 0. 0.],comp.windows.x
[0. 0. 0. ... 0. 0. 0.],comp.sys.ibm.pc.hardware
[0. 0. 0. ... 0. 0. 0.],rec.sport.baseball
[0.         0.04064007 0.         ... 0.         0.         0.        ],talk.religion.misc
[0. 0. 0. ... 0. 0. 0.],soc.religion.christian
[0. 0. 0. ... 0. 0. 0.],sci.med
[0. 0. 0. ... 0. 0. 0.],comp.sys.mac.hardware
[0. 0. 0. ... 0. 0. 0.],soc.religion.christian
[0. 0. 0. ... 0. 0. 0.],talk.politics.misc
[0. 0. 0. ... 0. 0. 0.],misc.forsale
[0. 0. 0. ... 0. 0. 0.],soc.religion.christian
[0. 0. 0. ... 0. 0. 0.],rec.motorcycles
[0. 0. 0. ... 0. 0. 0.],rec.sport.hockey
[0. 0. 0. ... 0. 0. 0.],comp.os.ms-windows.misc
[0. 0. 0. ... 0. 0. 0.],alt.atheism
[0. 0. 0. ... 0. 0. 0.],sci.electronics
[0. 0. 0. ... 0. 0. 0.],rec.sport.baseball
[0. 0. 0. ... 0. 0. 0.],talk.politics.guns
[0. 0. 0. ... 0. 0. 0.],misc.forsale
[0. 0. 0. ... 0. 0. 0.],misc.forsale
[0. 0. 0. ... 0. 0. 0.],rec.autos
[0. 0. 0. ... 0. 0. 0.],alt.atheism
[0. 0. 0. ... 0. 0. 0.],talk.religion.misc
[0. 0. 0. ... 0. 0. 0.],alt.atheism
[0. 0. 0. ... 0. 0. 0.],talk.politics.mideast
[0. 0. 0. ... 0. 0. 0.],sci.crypt
[0. 0. 0. ... 0. 0. 0.],alt.atheism
[0. 0. 0. ... 0. 0. 0.],rec.autos
[0. 0. 0. ... 0. 0. 0.],rec.autos
[0. 0. 0. ... 0. 0. 0.],talk.politics.guns
[0. 0. 0. ... 0. 0. 0.],soc.religion.christian
[0. 0. 0. ... 0. 0. 0.],soc.religion.christian
[0. 0. 0. ... 0. 0. 0.],soc.religion.christian
[0. 0. 0. ... 0. 0. 0.],alt.atheism
[0. 0. 0. ... 0. 0. 0.],sci.med
[0. 0. 0. ... 0. 0. 0.],sci.crypt
[0. 0. 0. ... 0. 0. 0.],talk.politics.mideast
[0. 0. 0. ... 0. 0. 0.],sci.electronics
[0. 0. 0. ... 0. 0. 0.],sci.crypt
[0. 0. 0. ... 0. 0. 0.],talk.religion.misc
[0. 0. 0. ... 0. 0. 0.],rec.sport.hockey
[0. 0. 0. ... 0. 0. 0.],comp.os.ms-windows.misc
[0. 0. 0. ... 0. 0. 0.],talk.politics.guns
[0. 0. 0. ... 0. 0. 0.],alt.atheism
[0. 0. 0. ... 0. 0. 0.],sci.crypt
[0. 0. 0. ... 0. 0. 0.],rec.sport.hockey
[0. 0. 0. ... 0. 0. 0.],comp.windows.x
[0. 0. 0. ... 0. 0. 0.],comp.sys.ibm.pc.hardware
[0. 0. 0. ... 0. 0. 0.],rec.motorcycles
[0. 0. 0. ... 0. 0. 0.],comp.graphics
[0. 0. 0. ... 0. 0. 0.],comp.os.ms-windows.misc
[0. 0. 0. ... 0. 0. 0.],soc.religion.christian
[0. 0. 0. ... 0. 0. 0.],talk.religion.misc
[0. 0. 0. ... 0. 0. 0.],alt.atheism
[0. 0. 0. ... 0. 0. 0.],comp.graphics
[0. 0. 0. ... 0. 0. 0.],comp.windows.x
[0. 0. 0. ... 0. 0. 0.],rec.sport.hockey
[0. 0. 0. ... 0. 0. 0.],talk.religion.misc
[0. 0. 0. ... 0. 0. 0.],comp.sys.mac.hardware
[0. 0. 0. ... 0. 0. 0.],comp.os.ms-windows.misc
[0. 0. 0. ... 0. 0. 0.],talk.politics.mideast
[0. 0. 0. ... 0. 0. 0.],comp.windows.x
[0. 0. 0. ... 0. 0. 0.],comp.graphics
[0. 0. 0. ... 0. 0. 0.],rec.sport.baseball
[0.04833323 0.03692663 0.         ... 0.         0.         0.        ],talk.politics.misc
[0. 0. 0. ... 0. 0. 0.],talk.politics.misc
[0. 0. 0. ... 0. 0. 0.],talk.politics.guns
[0. 0. 0. ... 0. 0. 0.],soc.religion.christian
[0. 0. 0. ... 0. 0. 0.],comp.os.ms-windows.misc
[0. 0. 0. ... 0. 0. 0.],comp.windows.x
[0. 0. 0. ... 0. 0. 0.],soc.religion.christian
[0. 0. 0. ... 0. 0. 0.],soc.religion.christian
[0. 0. 0. ... 0. 0. 0.],rec.sport.hockey
[0.         0.         0.45648696 ... 0.         0.         0.        ],talk.politics.mideast
[0. 0. 0. ... 0. 0. 0.],comp.windows.x
[0. 0. 0. ... 0. 0. 0.],misc.forsale
[0. 0. 0. ... 0. 0. 0.],comp.sys.ibm.pc.hardware
[0. 0. 0. ... 0. 0. 0.],rec.motorcycles
[0. 0. 0. ... 0. 0. 0.],sci.space
[0. 0. 0. ... 0. 0. 0.],rec.sport.baseball
[0. 0. 0. ... 0. 0. 0.],sci.space
[0. 0. 0. ... 0. 0. 0.],talk.politics.guns
[0. 0. 0. ... 0. 0. 0.],sci.med
[0. 0. 0. ... 0. 0. 0.],rec.sport.baseball
[0. 0. 0. ... 0. 0. 0.],comp.graphics
[0. 0. 0. ... 0. 0. 0.],rec.sport.baseball
[0.10400589 0.         0.         ... 0.         0.         0.        ],soc.religion.christian
[0.         0.08955315 0.         ... 0.         0.         0.        ],sci.electronics
[0. 0. 0. ... 0. 0. 0.],alt.atheism
[0. 0. 0. ... 0. 0. 0.],sci.med
[0. 0. 0. ... 0. 0. 0.],soc.religion.christian
[0. 0. 0. ... 0. 0. 0.],rec.sport.baseball
[0. 0. 0. ... 0. 0. 0.],rec.motorcycles
[0. 0. 0. ... 0. 0. 0.],misc.forsale
[0.         0.         0.         ... 0.12091662 0.         0.        ],talk.politics.guns
[0. 0. 0. ... 0. 0. 0.],rec.motorcycles
[0. 0. 0. ... 0. 0. 0.],comp.sys.mac.hardware
[0. 0. 0. ... 0. 0. 0.],rec.sport.baseball
[0. 0. 0. ... 0. 0. 0.],talk.politics.mideast
[0. 0. 0. ... 0. 0. 0.],misc.forsale
[0. 0. 0. ... 0. 0. 0.],sci.space
[0. 0. 0. ... 0. 0. 0.],rec.motorcycles
[0. 0. 0. ... 0. 0. 0.],comp.graphics
[0. 0. 0. ... 0. 0. 0.],sci.electronics
[0. 0. 0. ... 0. 0. 0.],sci.med
[0. 0. 0. ... 0. 0. 0.],comp.graphics
[0. 0. 0. ... 0. 0. 0.],comp.sys.mac.hardware
[0. 0. 0. ... 0. 0. 0.],soc.religion.christian
[0. 0. 0. ... 0. 0. 0.],sci.electronics
[0. 0. 0. ... 0. 0. 0.],alt.atheism
[0. 0. 0. ... 0. 0. 0.],sci.med
[0. 0. 0. ... 0. 0. 0.],misc.forsale
[0. 0. 0. ... 0. 0. 0.],comp.graphics
[0. 0. 0. ... 0. 0. 0.],soc.religion.christian
[0. 0. 0. ... 0. 0. 0.],rec.motorcycles
[0. 0. 0. ... 0. 0. 0.],comp.os.ms-windows.misc
[0. 0. 0. ... 0. 0. 0.],comp.sys.ibm.pc.hardware
[0. 0. 0. ... 0. 0. 0.],misc.forsale
[0. 0. 0. ... 0. 0. 0.],comp.os.ms-windows.misc
[0. 0. 0. ... 0. 0. 0.],talk.politics.misc
[0. 0. 0. ... 0. 0. 0.],comp.sys.mac.hardware
[0. 0. 0. ... 0. 0. 0.],comp.graphics
[0. 0. 0. ... 0. 0. 0.],alt.atheism
[0. 0. 0. ... 0. 0. 0.],sci.space
[0. 0. 0. ... 0. 0. 0.],sci.electronics
[0. 0. 0. ... 0. 0. 0.],comp.windows.x
[0. 0. 0. ... 0. 0. 0.],comp.sys.ibm.pc.hardware
[0. 0. 0. ... 0. 0. 0.],talk.politics.misc
[0. 0. 0. ... 0. 0. 0.],sci.electronics
[0. 0. 0. ... 0. 0. 0.],rec.sport.hockey
[0. 0. 0. ... 0. 0. 0.],comp.sys.mac.hardware
[0. 0. 0. ... 0. 0. 0.],rec.sport.hockey
[0. 0. 0. ... 0. 0. 0.],sci.space
[0. 0. 0. ... 0. 0. 0.],comp.windows.x
[0. 0. 0. ... 0. 0. 0.],rec.sport.baseball
[0. 0. 0. ... 0. 0. 0.],talk.politics.mideast
[0. 0. 0. ... 0. 0. 0.],sci.electronics
[0. 0. 0. ... 0. 0. 0.],comp.windows.x
[0. 0. 0. ... 0. 0. 0.],sci.med
[0. 0. 0. ... 0. 0. 0.],comp.graphics
[0. 0. 0. ... 0. 0. 0.],talk.religion.misc
[0. 0. 0. ... 0. 0. 0.],misc.forsale
[0. 0. 0. ... 0. 0. 0.],misc.forsale
[0. 0. 0. ... 0. 0. 0.],comp.graphics
[0. 0. 0. ... 0. 0. 0.],misc.forsale
[0. 0. 0. ... 0. 0. 0.],sci.electronics
[0. 0. 0. ... 0. 0. 0.],sci.space
[0. 0. 0. ... 0. 0. 0.],sci.space
[0. 0. 0. ... 0. 0. 0.],rec.sport.baseball
[0. 0. 0. ... 0. 0. 0.],sci.crypt
[0. 0. 0. ... 0. 0. 0.],comp.windows.x
[0. 0. 0. ... 0. 0. 0.],rec.motorcycles
[0.        0.        0.        ... 0.        0.        0.1112501],talk.politics.mideast
[0. 0. 0. ... 0. 0. 0.],sci.space
[0. 0. 0. ... 0. 0. 0.],comp.os.ms-windows.misc
[0. 0. 0. ... 0. 0. 0.],comp.windows.x
[0.         0.20521784 0.         ... 0.         0.         0.        ],comp.os.ms-windows.misc
[0. 0. 0. ... 0. 0. 0.],rec.autos
[0. 0. 0. ... 0. 0. 0.],soc.religion.christian
[0. 0. 0. ... 0. 0. 0.],sci.electronics
[0. 0. 0. ... 0. 0. 0.],comp.sys.mac.hardware
[0. 0. 0. ... 0. 0. 0.],sci.electronics
[0. 0. 0. ... 0. 0. 0.],rec.sport.hockey
[0. 0. 0. ... 0. 0. 0.],comp.graphics
[0.         0.16302326 0.         ... 0.         0.         0.        ],sci.crypt
[0. 0. 0. ... 0. 0. 0.],comp.windows.x
[0. 0. 0. ... 0. 0. 0.],comp.sys.ibm.pc.hardware
[0. 0. 0. ... 0. 0. 0.],rec.autos
[0. 0. 0. ... 0. 0. 0.],soc.religion.christian
[0. 0. 0. ... 0. 0. 0.],talk.politics.mideast
[0. 0. 0. ... 0. 0. 0.],comp.sys.ibm.pc.hardware
[0. 0. 0. ... 0. 0. 0.],sci.med
[0. 0. 0. ... 0. 0. 0.],sci.space
[0. 0. 0. ... 0. 0. 0.],misc.forsale
[0. 0. 0. ... 0. 0. 0.],talk.religion.misc
[0. 0. 0. ... 0. 0. 0.],sci.space
[0. 0. 0. ... 0. 0. 0.],rec.autos
[0.        0.0379908 0.        ... 0.        0.        0.       ],talk.politics.mideast
[0. 0. 0. ... 0. 0. 0.],soc.religion.christian
[0. 0. 0. ... 0. 0. 0.],sci.electronics
[0. 0. 0. ... 0. 0. 0.],rec.motorcycles
[0. 0. 0. ... 0. 0. 0.],sci.electronics
[0. 0. 0. ... 0. 0. 0.],sci.electronics
[0. 0. 0. ... 0. 0. 0.],comp.windows.x
[0. 0. 0. ... 0. 0. 0.],comp.sys.mac.hardware
[0. 0. 0. ... 0. 0. 0.],talk.politics.guns
[0. 0. 0. ... 0. 0. 0.],sci.crypt
[0. 0. 0. ... 0. 0. 0.],sci.med
[0. 0. 0. ... 0. 0. 0.],comp.windows.x
[0. 0. 0. ... 0. 0. 0.],alt.atheism
[0. 0. 0. ... 0. 0. 0.],soc.religion.christian
[0. 0. 0. ... 0. 0. 0.],soc.religion.christian
[0. 0. 0. ... 0. 0. 0.],comp.graphics
[0. 0. 0. ... 0. 0. 0.],talk.politics.mideast
[0. 0. 0. ... 0. 0. 0.],rec.sport.baseball
[0. 0. 0. ... 0. 0. 0.],soc.religion.christian
[0. 0. 0. ... 0. 0. 0.],sci.med
[0. 0. 0. ... 0. 0. 0.],sci.electronics
[0. 0. 0. ... 0. 0. 0.],rec.autos
[0. 0. 0. ... 0. 0. 0.],rec.motorcycles
[0. 0. 0. ... 0. 0. 0.],sci.med
[0. 0. 0. ... 0. 0. 0.],rec.sport.hockey
[0. 0. 0. ... 0. 0. 0.],comp.windows.x
[0. 0. 0. ... 0. 0. 0.],misc.forsale
[0. 0. 0. ... 0. 0. 0.],alt.atheism
[0. 0. 0. ... 0. 0. 0.],rec.sport.baseball
[0. 0. 0. ... 0. 0. 0.],talk.politics.guns
[0. 0. 0. ... 0. 0. 0.],misc.forsale
[0. 0. 0. ... 0. 0. 0.],alt.atheism
[0. 0. 0. ... 0. 0. 0.],soc.religion.christian
[0. 0. 0. ... 0. 0. 0.],sci.space
[0. 0. 0. ... 0. 0. 0.],rec.motorcycles
[0. 0. 0. ... 0. 0. 0.],comp.graphics
[0. 0. 0. ... 0. 0. 0.],sci.space
[0. 0. 0. ... 0. 0. 0.],talk.politics.mideast
[0. 0. 0. ... 0. 0. 0.],rec.autos
[0. 0. 0. ... 0. 0. 0.],soc.religion.christian
[0. 0. 0. ... 0. 0. 0.],rec.sport.baseball
[0. 0. 0. ... 0. 0. 0.],comp.graphics
[0. 0. 0. ... 0. 0. 0.],comp.sys.ibm.pc.hardware
[0. 0. 0. ... 0. 0. 0.],rec.sport.hockey
[0. 0. 0. ... 0. 0. 0.],rec.motorcycles
[0. 0. 0. ... 0. 0. 0.],rec.sport.hockey
[0. 0. 0. ... 0. 0. 0.],talk.politics.mideast
[0. 0. 0. ... 0. 0. 0.],misc.forsale
[0. 0. 0. ... 0. 0. 0.],talk.politics.guns
[0. 0. 0. ... 0. 0. 0.],comp.sys.ibm.pc.hardware
[0. 0. 0. ... 0. 0. 0.],talk.religion.misc
[0. 0. 0. ... 0. 0. 0.],sci.electronics
[0. 0. 0. ... 0. 0. 0.],soc.religion.christian
[0. 0. 0. ... 0. 0. 0.],comp.sys.ibm.pc.hardware
[0. 0. 0. ... 0. 0. 0.],talk.politics.misc
[0. 0. 0. ... 0. 0. 0.],talk.religion.misc
[0. 0. 0. ... 0. 0. 0.],rec.sport.hockey
[0. 0. 0. ... 0. 0. 0.],talk.politics.misc
[0. 0. 0. ... 0. 0. 0.],soc.religion.christian
[0. 0. 0. ... 0. 0. 0.],comp.windows.x
[0. 0. 0. ... 0. 0. 0.],talk.politics.guns
[0. 0. 0. ... 0. 0. 0.],comp.sys.mac.hardware
[0. 0. 0. ... 0. 0. 0.],rec.sport.baseball
[0. 0. 0. ... 0. 0. 0.],misc.forsale
[0. 0. 0. ... 0. 0. 0.],talk.politics.mideast
[0. 0. 0. ... 0. 0. 0.],comp.sys.ibm.pc.hardware
[0. 0. 0. ... 0. 0. 0.],sci.electronics
[0. 0. 0. ... 0. 0. 0.],sci.space
[0. 0. 0. ... 0. 0. 0.],soc.religion.christian
[0. 0. 0. ... 0. 0. 0.],talk.politics.guns
[0. 0. 0. ... 0. 0. 0.],talk.politics.mideast
[0. 0. 0. ... 0. 0. 0.],comp.sys.ibm.pc.hardware
[0. 0. 0. ... 0. 0. 0.],comp.graphics
[0. 0. 0. ... 0. 0. 0.],soc.religion.christian
[0. 0. 0. ... 0. 0. 0.],sci.med
[0. 0. 0. ... 0. 0. 0.],sci.space
[0. 0. 0. ... 0. 0. 0.],alt.atheism
[0. 0. 0. ... 0. 0. 0.],rec.sport.baseball
[0. 0. 0. ... 0. 0. 0.],sci.space
[0. 0. 0. ... 0. 0. 0.],comp.sys.mac.hardware
[0. 0. 0. ... 0. 0. 0.],comp.sys.ibm.pc.hardware
[0. 0. 0. ... 0. 0. 0.],comp.os.ms-windows.misc
[0. 0. 0. ... 0. 0. 0.],comp.graphics
[0. 0. 0. ... 0. 0. 0.],comp.sys.mac.hardware
[0. 0. 0. ... 0. 0. 0.],sci.crypt
[0. 0. 0. ... 0. 0. 0.],talk.politics.mideast
[0. 0. 0. ... 0. 0. 0.],sci.space
[0. 0. 0. ... 0. 0. 0.],sci.med
[0. 0. 0. ... 0. 0. 0.],talk.politics.misc
[0. 0. 0. ... 0. 0. 0.],sci.crypt
[0. 0. 0. ... 0. 0. 0.],misc.forsale
[0. 0. 0. ... 0. 0. 0.],sci.electronics
[0.         0.10940046 0.         ... 0.         0.         0.        ],talk.politics.misc
[0. 0. 0. ... 0. 0. 0.],rec.motorcycles
[0.         0.         0.         ... 0.         0.         0.18096581],comp.sys.mac.hardware
[0.         0.         0.12742233 ... 0.         0.         0.        ],talk.religion.misc
[0. 0. 0. ... 0. 0. 0.],misc.forsale
[0. 0. 0. ... 0. 0. 0.],sci.electronics
[0. 0. 0. ... 0. 0. 0.],comp.windows.x
[0. 0. 0. ... 0. 0. 0.],rec.autos
[0. 0. 0. ... 0. 0. 0.],comp.os.ms-windows.misc
[0. 0. 0. ... 0. 0. 0.],rec.sport.baseball
[0. 0. 0. ... 0. 0. 0.],comp.os.ms-windows.misc
[0. 0. 0. ... 0. 0. 0.],talk.politics.misc
[0. 0. 0. ... 0. 0. 0.],soc.religion.christian
[0. 0. 0. ... 0. 0. 0.],comp.windows.x
[0. 0. 0. ... 0. 0. 0.],soc.religion.christian
[0. 0. 0. ... 0. 0. 0.],comp.sys.mac.hardware
[0.         0.04858331 0.         ... 0.         0.         0.        ],talk.politics.mideast
[0. 0. 0. ... 0. 0. 0.],comp.sys.mac.hardware
[0. 0. 0. ... 0. 0. 0.],comp.sys.mac.hardware
[0. 0. 0. ... 0. 0. 0.],talk.religion.misc
[0. 0. 0. ... 0. 0. 0.],talk.politics.guns
[0. 0. 0. ... 0. 0. 0.],comp.os.ms-windows.misc
[0. 0. 0. ... 0. 0. 0.],talk.religion.misc
[0. 0. 0. ... 0. 0. 0.],soc.religion.christian
[0. 0. 0. ... 0. 0. 0.],sci.space
[0. 0. 0. ... 0. 0. 0.],comp.sys.ibm.pc.hardware
[0. 0. 0. ... 0. 0. 0.],rec.sport.baseball
[0. 0. 0. ... 0. 0. 0.],comp.graphics
[0.        0.        0.        ... 0.        0.1107923 0.       ],sci.space
[0. 0. 0. ... 0. 0. 0.],comp.sys.mac.hardware
[0. 0. 0. ... 0. 0. 0.],sci.crypt
[0. 0. 0. ... 0. 0. 0.],rec.sport.baseball
[0. 0. 0. ... 0. 0. 0.],misc.forsale
[0. 0. 0. ... 0. 0. 0.],rec.motorcycles
[0. 0. 0. ... 0. 0. 0.],comp.sys.mac.hardware
[0. 0. 0. ... 0. 0. 0.],sci.med
[0.06490298 0.         0.         ... 0.         0.         0.        ],rec.sport.hockey
[0. 0. 0. ... 0. 0. 0.],comp.graphics
[0. 0. 0. ... 0. 0. 0.],sci.space
[0.         0.09659881 0.         ... 0.         0.         0.        ],sci.electronics
[0. 0. 0. ... 0. 0. 0.],sci.med
[0.        0.        0.        ... 0.        0.        0.3842525],rec.sport.hockey
[0. 0. 0. ... 0. 0. 0.],rec.motorcycles
[0. 0. 0. ... 0. 0. 0.],alt.atheism
[0. 0. 0. ... 0. 0. 0.],sci.electronics
[0. 0. 0. ... 0. 0. 0.],sci.crypt
[0. 0. 0. ... 0. 0. 0.],rec.sport.baseball
[0. 0. 0. ... 0. 0. 0.],comp.os.ms-windows.misc
[0. 0. 0. ... 0. 0. 0.],talk.politics.guns
[0. 0. 0. ... 0. 0. 0.],talk.politics.mideast
[0. 0. 0. ... 0. 0. 0.],sci.electronics
[0. 0. 0. ... 0. 0. 0.],rec.motorcycles
[0. 0. 0. ... 0. 0. 0.],comp.sys.ibm.pc.hardware
[0. 0. 0. ... 0. 0. 0.],sci.space
[0. 0. 0. ... 0. 0. 0.],talk.politics.guns
[0. 0. 0. ... 0. 0. 0.],sci.med
[0. 0. 0. ... 0. 0. 0.],rec.autos
[0. 0. 0. ... 0. 0. 0.],rec.autos
[0. 0. 0. ... 0. 0. 0.],rec.autos
[0. 0. 0. ... 0. 0. 0.],rec.motorcycles
[0. 0. 0. ... 0. 0. 0.],talk.politics.misc
[0. 0. 0. ... 0. 0. 0.],soc.religion.christian
[0. 0. 0. ... 0. 0. 0.],sci.med
[0. 0. 0. ... 0. 0. 0.],comp.os.ms-windows.misc
[0. 0. 0. ... 0. 0. 0.],talk.politics.mideast
[0. 0. 0. ... 0. 0. 0.],sci.space
[0. 0. 0. ... 0. 0. 0.],talk.religion.misc
[0. 0. 0. ... 0. 0. 0.],sci.med
[0. 0. 0. ... 0. 0. 0.],comp.windows.x
[0. 0. 0. ... 0. 0. 0.],misc.forsale
[0. 0. 0. ... 0. 0. 0.],sci.electronics
[0. 0. 0. ... 0. 0. 0.],misc.forsale
[0. 0. 0. ... 0. 0. 0.],comp.sys.ibm.pc.hardware
[0. 0. 0. ... 0. 0. 0.],comp.sys.ibm.pc.hardware
[0. 0. 0. ... 0. 0. 0.],comp.graphics
[0. 0. 0. ... 0. 0. 0.],rec.sport.baseball
[0. 0. 0. ... 0. 0. 0.],soc.religion.christian
[0. 0. 0. ... 0. 0. 0.],soc.religion.christian
[0. 0. 0. ... 0. 0. 0.],misc.forsale
[0. 0. 0. ... 0. 0. 0.],comp.graphics
[0. 0. 0. ... 0. 0. 0.],sci.crypt
[0. 0. 0. ... 0. 0. 0.],talk.religion.misc
[0. 0. 0. ... 0. 0. 0.],rec.sport.baseball
[0. 0. 0. ... 0. 0. 0.],misc.forsale
[0. 0. 0. ... 0. 0. 0.],rec.autos
[0. 0. 0. ... 0. 0. 0.],comp.graphics
[0. 0. 0. ... 0. 0. 0.],comp.os.ms-windows.misc
[0. 0. 0. ... 0. 0. 0.],sci.electronics
[0. 0. 0. ... 0. 0. 0.],talk.politics.mideast
[0. 0. 0. ... 0. 0. 0.],comp.os.ms-windows.misc
[0. 0. 0. ... 0. 0. 0.],rec.autos
[0. 0. 0. ... 0. 0. 0.],misc.forsale
[0. 0. 0. ... 0. 0. 0.],rec.autos
[0. 0. 0. ... 0. 0. 0.],talk.politics.mideast
[0. 0. 0. ... 0. 0. 0.],sci.electronics
[0. 0. 0. ... 0. 0. 0.],soc.religion.christian
[0. 0. 0. ... 0. 0. 0.],sci.med
[0. 0. 0. ... 0. 0. 0.],comp.sys.ibm.pc.hardware
[0. 0. 0. ... 0. 0. 0.],rec.sport.baseball
[0. 0. 0. ... 0. 0. 0.],talk.politics.misc
[0. 0. 0. ... 0. 0. 0.],soc.religion.christian
[0. 0. 0. ... 0. 0. 0.],rec.autos
[0. 0. 0. ... 0. 0. 0.],rec.sport.baseball
[0. 0. 0. ... 0. 0. 0.],sci.space
[0. 0. 0. ... 0. 0. 0.],rec.sport.baseball
[0. 0. 0. ... 0. 0. 0.],comp.sys.ibm.pc.hardware
[0. 0. 0. ... 0. 0. 0.],misc.forsale
[0. 0. 0. ... 0. 0. 0.],comp.graphics
[0. 0. 0. ... 0. 0. 0.],talk.politics.guns
[0. 0. 0. ... 0. 0. 0.],rec.autos
[0. 0. 0. ... 0. 0. 0.],comp.windows.x
[0. 0. 0. ... 0. 0. 0.],sci.electronics
[0. 0. 0. ... 0. 0. 0.],rec.sport.baseball
[0. 0. 0. ... 0. 0. 0.],alt.atheism
[0. 0. 0. ... 0. 0. 0.],rec.motorcycles
[0. 0. 0. ... 0. 0. 0.],talk.politics.misc
[0. 0. 0. ... 0. 0. 0.],comp.sys.mac.hardware
[0. 0. 0. ... 0. 0. 0.],comp.sys.ibm.pc.hardware
[0. 0. 0. ... 0. 0. 0.],comp.graphics
[0. 0. 0. ... 0. 0. 0.],rec.sport.baseball
[0. 0. 0. ... 0. 0. 0.],rec.sport.baseball
[0. 0. 0. ... 0. 0. 0.],rec.autos
[0. 0. 0. ... 0. 0. 0.],talk.politics.mideast
[0. 0. 0. ... 0. 0. 0.],rec.motorcycles
[0. 0. 0. ... 0. 0. 0.],misc.forsale
[0. 0. 0. ... 0. 0. 0.],sci.crypt
[0. 0. 0. ... 0. 0. 0.],comp.sys.ibm.pc.hardware
[0. 0. 0. ... 0. 0. 0.],misc.forsale
[0. 0. 0. ... 0. 0. 0.],rec.autos
[0. 0. 0. ... 0. 0. 0.],talk.politics.guns
[0. 0. 0. ... 0. 0. 0.],sci.electronics
[0. 0. 0. ... 0. 0. 0.],comp.graphics
[0. 0. 0. ... 0. 0. 0.],talk.politics.guns
[0.         0.13162603 0.         ... 0.         0.         0.        ],rec.sport.baseball
[0. 0. 0. ... 0. 0. 0.],comp.os.ms-windows.misc
[0.         0.11246132 0.         ... 0.         0.         0.        ],comp.graphics
[0. 0. 0. ... 0. 0. 0.],comp.sys.mac.hardware
[0. 0. 0. ... 0. 0. 0.],comp.sys.ibm.pc.hardware
[0. 0. 0. ... 0. 0. 0.],comp.windows.x
[0. 0. 0. ... 0. 0. 0.],misc.forsale
[0. 0. 0. ... 0. 0. 0.],talk.politics.mideast
[0. 0. 0. ... 0. 0. 0.],alt.atheism
[0. 0. 0. ... 0. 0. 0.],talk.politics.mideast
[0. 0. 0. ... 0. 0. 0.],comp.sys.mac.hardware
[0. 0. 0. ... 0. 0. 0.],sci.electronics
[0. 0. 0. ... 0. 0. 0.],talk.politics.guns
[0.         0.         0.43538836 ... 0.         0.         0.        ],talk.religion.misc
[0. 0. 0. ... 0. 0. 0.],sci.space
[0. 0. 0. ... 0. 0. 0.],comp.graphics
[0. 0. 0. ... 0. 0. 0.],rec.motorcycles
[0. 0. 0. ... 0. 0. 0.],misc.forsale
[0. 0. 0. ... 0. 0. 0.],sci.electronics
[0. 0. 0. ... 0. 0. 0.],soc.religion.christian
[0. 0. 0. ... 0. 0. 0.],sci.space
[0. 0. 0. ... 0. 0. 0.],sci.med
[0. 0. 0. ... 0. 0. 0.],rec.sport.hockey
[0. 0. 0. ... 0. 0. 0.],sci.med
[0. 0. 0. ... 0. 0. 0.],talk.politics.guns
[0. 0. 0. ... 0. 0. 0.],rec.autos
[0. 0. 0. ... 0. 0. 0.],comp.os.ms-windows.misc
[0. 0. 0. ... 0. 0. 0.],talk.politics.guns
[0.14657787 0.         0.         ... 0.         0.         0.        ],comp.sys.ibm.pc.hardware
[0. 0. 0. ... 0. 0. 0.],talk.politics.misc
[0. 0. 0. ... 0. 0. 0.],rec.motorcycles
[0. 0. 0. ... 0. 0. 0.],comp.windows.x
[0. 0. 0. ... 0. 0. 0.],comp.windows.x
[0. 0. 0. ... 0. 0. 0.],sci.space
[0. 0. 0. ... 0. 0. 0.],comp.graphics
[0. 0. 0. ... 0. 0. 0.],talk.politics.guns
[0. 0. 0. ... 0. 0. 0.],rec.sport.baseball
[0. 0. 0. ... 0. 0. 0.],sci.crypt
[0. 0. 0. ... 0. 0. 0.],soc.religion.christian
[0. 0. 0. ... 0. 0. 0.],soc.religion.christian
[0. 0. 0. ... 0. 0. 0.],comp.windows.x
[0. 0. 0. ... 0. 0. 0.],rec.autos
[0. 0. 0. ... 0. 0. 0.],misc.forsale
[0. 0. 0. ... 0. 0. 0.],rec.sport.hockey
[0. 0. 0. ... 0. 0. 0.],talk.politics.mideast
[0. 0. 0. ... 0. 0. 0.],rec.motorcycles
[0. 0. 0. ... 0. 0. 0.],misc.forsale
[0. 0. 0. ... 0. 0. 0.],talk.politics.guns
[0. 0. 0. ... 0. 0. 0.],sci.space
[0. 0. 0. ... 0. 0. 0.],comp.graphics
[0. 0. 0. ... 0. 0. 0.],soc.religion.christian
[0. 0. 0. ... 0. 0. 0.],rec.autos
[0. 0. 0. ... 0. 0. 0.],rec.sport.hockey
[0. 0. 0. ... 0. 0. 0.],comp.sys.mac.hardware
[0. 0. 0. ... 0. 0. 0.],comp.sys.ibm.pc.hardware
[0. 0. 0. ... 0. 0. 0.],rec.motorcycles
[0. 0. 0. ... 0. 0. 0.],comp.sys.ibm.pc.hardware
[0. 0. 0. ... 0. 0. 0.],comp.sys.mac.hardware
[0.         0.06746022 0.         ... 0.         0.         0.        ],sci.crypt
[0. 0. 0. ... 0. 0. 0.],rec.autos
[0. 0. 0. ... 0. 0. 0.],comp.sys.mac.hardware
[0. 0. 0. ... 0. 0. 0.],rec.autos
[0. 0. 0. ... 0. 0. 0.],sci.crypt
[0. 0. 0. ... 0. 0. 0.],rec.motorcycles
[0. 0. 0. ... 0. 0. 0.],rec.sport.baseball
[0. 0. 0. ... 0. 0. 0.],talk.politics.misc
[0. 0. 0. ... 0. 0. 0.],alt.atheism
[0. 0. 0. ... 0. 0. 0.],sci.electronics
[0. 0. 0. ... 0. 0. 0.],talk.politics.guns
[0. 0. 0. ... 0. 0. 0.],rec.sport.hockey
[0. 0. 0. ... 0. 0. 0.],rec.motorcycles
[0. 0. 0. ... 0. 0. 0.],sci.space
[0. 0. 0. ... 0. 0. 0.],rec.sport.baseball
[0. 0. 0. ... 0. 0. 0.],sci.space
[0. 0. 0. ... 0. 0. 0.],rec.sport.baseball
[0. 0. 0. ... 0. 0. 0.],comp.windows.x
[0. 0. 0. ... 0. 0. 0.],sci.space
[0. 0. 0. ... 0. 0. 0.],comp.sys.mac.hardware
[0.         0.         0.         ... 0.         0.         0.14247334],rec.sport.hockey
[0. 0. 0. ... 0. 0. 0.],sci.space
[0. 0. 0. ... 0. 0. 0.],comp.sys.ibm.pc.hardware
[0. 0. 0. ... 0. 0. 0.],sci.electronics
[0. 0. 0. ... 0. 0. 0.],comp.os.ms-windows.misc
[0. 0. 0. ... 0. 0. 0.],talk.politics.guns
[0. 0. 0. ... 0. 0. 0.],sci.med
[0. 0. 0. ... 0. 0. 0.],rec.sport.baseball
[0.08081097 0.         0.         ... 0.         0.         0.        ],talk.politics.mideast
[0. 0. 0. ... 0. 0. 0.],comp.graphics
[0. 0. 0. ... 0. 0. 0.],talk.politics.mideast
[0. 0. 0. ... 0. 0. 0.],rec.motorcycles
[0. 0. 0. ... 0. 0. 0.],rec.sport.hockey
[0. 0. 0. ... 0. 0. 0.],rec.autos
[0. 0. 0. ... 0. 0. 0.],comp.os.ms-windows.misc
[0. 0. 0. ... 0. 0. 0.],alt.atheism
[0. 0. 0. ... 0. 0. 0.],comp.sys.ibm.pc.hardware
[0. 0. 0. ... 0. 0. 0.],sci.electronics
[0. 0. 0. ... 0. 0. 0.],rec.motorcycles
[0. 0. 0. ... 0. 0. 0.],sci.crypt
[0. 0. 0. ... 0. 0. 0.],talk.politics.misc
[0. 0. 0. ... 0. 0. 0.],sci.electronics
[0. 0. 0. ... 0. 0. 0.],sci.crypt
[0. 0. 0. ... 0. 0. 0.],comp.windows.x
[0. 0. 0. ... 0. 0. 0.],comp.sys.mac.hardware
[0. 0. 0. ... 0. 0. 0.],comp.graphics
[0. 0. 0. ... 0. 0. 0.],rec.sport.baseball
[0. 0. 0. ... 0. 0. 0.],rec.sport.hockey
[0. 0. 0. ... 0. 0. 0.],comp.graphics
[0. 0. 0. ... 0. 0. 0.],sci.space
[0.         0.03920695 0.         ... 0.         0.         0.        ],comp.os.ms-windows.misc
[0.13267609 0.         0.         ... 0.         0.         0.        ],alt.atheism
[0. 0. 0. ... 0. 0. 0.],talk.religion.misc
[0. 0. 0. ... 0. 0. 0.],comp.graphics
[0. 0. 0. ... 0. 0. 0.],comp.sys.mac.hardware
[0. 0. 0. ... 0. 0. 0.],misc.forsale
[0. 0. 0. ... 0. 0. 0.],sci.space
[0. 0. 0. ... 0. 0. 0.],talk.politics.mideast
[0. 0. 0. ... 0. 0. 0.],soc.religion.christian
[0. 0. 0. ... 0. 0. 0.],comp.sys.mac.hardware
[0. 0. 0. ... 0. 0. 0.],comp.graphics
[0. 0. 0. ... 0. 0. 0.],comp.sys.mac.hardware
[0. 0. 0. ... 0. 0. 0.],soc.religion.christian
[0. 0. 0. ... 0. 0. 0.],comp.graphics
[0. 0. 0. ... 0. 0. 0.],sci.med
[0. 0. 0. ... 0. 0. 0.],comp.sys.ibm.pc.hardware
[0. 0. 0. ... 0. 0. 0.],rec.sport.baseball
[0. 0. 0. ... 0. 0. 0.],rec.autos
[0. 0. 0. ... 0. 0. 0.],soc.religion.christian
[0. 0. 0. ... 0. 0. 0.],comp.windows.x
[0. 0. 0. ... 0. 0. 0.],comp.sys.ibm.pc.hardware
[0. 0. 0. ... 0. 0. 0.],talk.religion.misc
[0. 0. 0. ... 0. 0. 0.],misc.forsale
[0. 0. 0. ... 0. 0. 0.],sci.med
[0. 0. 0. ... 0. 0. 0.],misc.forsale
[0. 0. 0. ... 0. 0. 0.],talk.religion.misc
[0. 0. 0. ... 0. 0. 0.],rec.sport.hockey
[0. 0. 0. ... 0. 0. 0.],comp.os.ms-windows.misc
[0. 0. 0. ... 0. 0. 0.],sci.electronics
[0. 0. 0. ... 0. 0. 0.],sci.med
[0. 0. 0. ... 0. 0. 0.],comp.windows.x
[0. 0. 0. ... 0. 0. 0.],sci.electronics
[0. 0. 0. ... 0. 0. 0.],comp.os.ms-windows.misc
[0. 0. 0. ... 0. 0. 0.],sci.crypt
[0. 0. 0. ... 0. 0. 0.],sci.electronics
[0. 0. 0. ... 0. 0. 0.],alt.atheism
[0. 0. 0. ... 0. 0. 0.],soc.religion.christian
[0. 0. 0. ... 0. 0. 0.],talk.politics.mideast
[0. 0. 0. ... 0. 0. 0.],rec.sport.baseball
[0. 0. 0. ... 0. 0. 0.],talk.politics.guns
[0. 0. 0. ... 0. 0. 0.],comp.windows.x
[0. 0. 0. ... 0. 0. 0.],talk.politics.guns
[0. 0. 0. ... 0. 0. 0.],soc.religion.christian
[0.         0.         0.         ... 0.         0.06143113 0.        ],rec.motorcycles
[0. 0. 0. ... 0. 0. 0.],comp.sys.ibm.pc.hardware
[0. 0. 0. ... 0. 0. 0.],rec.sport.hockey
[0. 0. 0. ... 0. 0. 0.],talk.politics.misc
[0. 0. 0. ... 0. 0. 0.],misc.forsale
[0. 0. 0. ... 0. 0. 0.],comp.sys.ibm.pc.hardware
[0.         0.03010177 0.04934688 ... 0.         0.         0.        ],alt.atheism
[0.         0.04395032 0.07204928 ... 0.         0.         0.        ],comp.windows.x
[0. 0. 0. ... 0. 0. 0.],talk.politics.mideast
[0. 0. 0. ... 0. 0. 0.],rec.sport.hockey
[0.         0.30726031 0.         ... 0.         0.         0.        ],sci.space
[0. 0. 0. ... 0. 0. 0.],comp.windows.x
[0. 0. 0. ... 0. 0. 0.],comp.sys.ibm.pc.hardware
[0. 0. 0. ... 0. 0. 0.],comp.sys.mac.hardware
[0. 0. 0. ... 0. 0. 0.],sci.electronics
[0. 0. 0. ... 0. 0. 0.],sci.med
[0. 0. 0. ... 0. 0. 0.],rec.autos
[0. 0. 0. ... 0. 0. 0.],soc.religion.christian
[0. 0. 0. ... 0. 0. 0.],soc.religion.christian
[0. 0. 0. ... 0. 0. 0.],rec.sport.baseball
[0. 0. 0. ... 0. 0. 0.],talk.politics.misc
[0. 0. 0. ... 0. 0. 0.],sci.med
[0. 0. 0. ... 0. 0. 0.],sci.electronics
[0. 0. 0. ... 0. 0. 0.],rec.motorcycles
[0. 0. 0. ... 0. 0. 0.],alt.atheism
[0. 0. 0. ... 0. 0. 0.],comp.graphics
[0. 0. 0. ... 0. 0. 0.],rec.motorcycles
[0. 0. 0. ... 0. 0. 0.],comp.graphics
[0. 0. 0. ... 0. 0. 0.],sci.med
[0. 0. 0. ... 0. 0. 0.],sci.crypt
[0. 0. 0. ... 0. 0. 0.],comp.graphics
[0. 0. 0. ... 0. 0. 0.],misc.forsale
[0. 0. 0. ... 0. 0. 0.],sci.crypt
[0. 0. 0. ... 0. 0. 0.],sci.space
[0. 0. 0. ... 0. 0. 0.],soc.religion.christian
[0. 0. 0. ... 0. 0. 0.],talk.religion.misc
[0. 0. 0. ... 0. 0. 0.],comp.graphics
[0.        0.0705772 0.        ... 0.        0.        0.       ],talk.politics.guns
[0. 0. 0. ... 0. 0. 0.],misc.forsale
[0.         0.09522945 0.         ... 0.         0.         0.        ],comp.graphics
[0. 0. 0. ... 0. 0. 0.],comp.windows.x
[0. 0. 0. ... 0. 0. 0.],sci.crypt
[0. 0. 0. ... 0. 0. 0.],rec.autos
[0. 0. 0. ... 0. 0. 0.],sci.med
[0. 0. 0. ... 0. 0. 0.],alt.atheism
[0.         0.13790481 0.         ... 0.         0.         0.        ],rec.sport.hockey
[0. 0. 0. ... 0. 0. 0.],soc.religion.christian
[0. 0. 0. ... 0. 0. 0.],rec.sport.hockey
[0. 0. 0. ... 0. 0. 0.],comp.sys.ibm.pc.hardware
[0. 0. 0. ... 0. 0. 0.],comp.os.ms-windows.misc
[0. 0. 0. ... 0. 0. 0.],comp.sys.mac.hardware
[0. 0. 0. ... 0. 0. 0.],comp.os.ms-windows.misc
[0.         0.05161116 0.         ... 0.         0.         0.        ],comp.windows.x
[0. 0. 0. ... 0. 0. 0.],comp.sys.mac.hardware
[0. 0. 0. ... 0. 0. 0.],alt.atheism
[0. 0. 0. ... 0. 0. 0.],rec.autos
[0. 0. 0. ... 0. 0. 0.],sci.space
[0. 0. 0. ... 0. 0. 0.],talk.politics.misc
[0. 0. 0. ... 0. 0. 0.],talk.politics.guns
[0. 0. 0. ... 0. 0. 0.],rec.sport.baseball
[0. 0. 0. ... 0. 0. 0.],sci.crypt
[0. 0. 0. ... 0. 0. 0.],talk.religion.misc
[0. 0. 0. ... 0. 0. 0.],sci.space
[0. 0. 0. ... 0. 0. 0.],rec.motorcycles
[0.         0.         0.         ... 0.         0.30157399 0.        ],comp.os.ms-windows.misc
[0. 0. 0. ... 0. 0. 0.],sci.space
[0. 0. 0. ... 0. 0. 0.],comp.graphics
[0. 0. 0. ... 0. 0. 0.],sci.crypt
[0. 0. 0. ... 0. 0. 0.],rec.autos
[0. 0. 0. ... 0. 0. 0.],misc.forsale
[0. 0. 0. ... 0. 0. 0.],talk.politics.mideast
[0. 0. 0. ... 0. 0. 0.],comp.sys.ibm.pc.hardware
[0. 0. 0. ... 0. 0. 0.],comp.sys.ibm.pc.hardware
[0.         0.         0.         ... 0.         0.         0.13119175],talk.politics.mideast
[0. 0. 0. ... 0. 0. 0.],talk.religion.misc
[0. 0. 0. ... 0. 0. 0.],rec.autos
[0. 0. 0. ... 0. 0. 0.],soc.religion.christian
[0. 0. 0. ... 0. 0. 0.],rec.motorcycles
[0. 0. 0. ... 0. 0. 0.],rec.sport.baseball
[0. 0. 0. ... 0. 0. 0.],comp.sys.mac.hardware
[0. 0. 0. ... 0. 0. 0.],talk.politics.mideast
[0. 0. 0. ... 0. 0. 0.],comp.graphics
[0. 0. 0. ... 0. 0. 0.],alt.atheism
[0. 0. 0. ... 0. 0. 0.],comp.os.ms-windows.misc
[0. 0. 0. ... 0. 0. 0.],sci.crypt
[0. 0. 0. ... 0. 0. 0.],comp.os.ms-windows.misc
[0. 0. 0. ... 0. 0. 0.],talk.politics.mideast
[0. 0. 0. ... 0. 0. 0.],sci.space
[0. 0. 0. ... 0. 0. 0.],comp.windows.x
[0. 0. 0. ... 0. 0. 0.],misc.forsale
[0. 0. 0. ... 0. 0. 0.],comp.os.ms-windows.misc
[0. 0. 0. ... 0. 0. 0.],sci.electronics
[0. 0. 0. ... 0. 0. 0.],rec.motorcycles
[0. 0. 0. ... 0. 0. 0.],misc.forsale
[0. 0. 0. ... 0. 0. 0.],rec.motorcycles
[0. 0. 0. ... 0. 0. 0.],rec.sport.hockey
[0. 0. 0. ... 0. 0. 0.],rec.sport.baseball
[0. 0. 0. ... 0. 0. 0.],alt.atheism
[0. 0. 0. ... 0. 0. 0.],comp.os.ms-windows.misc
[0. 0. 0. ... 0. 0. 0.],sci.crypt
[0. 0. 0. ... 0. 0. 0.],soc.religion.christian
[0. 0. 0. ... 0. 0. 0.],soc.religion.christian
[0. 0. 0. ... 0. 0. 0.],comp.sys.mac.hardware
[0. 0. 0. ... 0. 0. 0.],comp.sys.mac.hardware
[0. 0. 0. ... 0. 0. 0.],comp.sys.mac.hardware
[0. 0. 0. ... 0. 0. 0.],comp.sys.mac.hardware
[0. 0. 0. ... 0. 0. 0.],misc.forsale
[0. 0. 0. ... 0. 0. 0.],sci.crypt
[0. 0. 0. ... 0. 0. 0.],alt.atheism
[0.12252227 0.         0.         ... 0.         0.         0.        ],alt.atheism
[0. 0. 0. ... 0. 0. 0.],sci.med
[0. 0. 0. ... 0. 0. 0.],soc.religion.christian
[0. 0. 0. ... 0. 0. 0.],comp.sys.ibm.pc.hardware
[0. 0. 0. ... 0. 0. 0.],talk.politics.misc
[0. 0. 0. ... 0. 0. 0.],rec.motorcycles
[0. 0. 0. ... 0. 0. 0.],rec.sport.hockey
[0. 0. 0. ... 0. 0. 0.],comp.os.ms-windows.misc
[0. 0. 0. ... 0. 0. 0.],rec.motorcycles
[0. 0. 0. ... 0. 0. 0.],comp.graphics
[0.         0.20609377 0.         ... 0.         0.         0.        ],comp.sys.mac.hardware
[0. 0. 0. ... 0. 0. 0.],sci.crypt
[0. 0. 0. ... 0. 0. 0.],talk.politics.misc
[0. 0. 0. ... 0. 0. 0.],sci.med
[0. 0. 0. ... 0. 0. 0.],talk.politics.guns
[0. 0. 0. ... 0. 0. 0.],soc.religion.christian
[0. 0. 0. ... 0. 0. 0.],alt.atheism
[0. 0. 0. ... 0. 0. 0.],comp.windows.x
[0. 0. 0. ... 0. 0. 0.],talk.politics.guns
[0.         0.20517185 0.         ... 0.         0.         0.        ],alt.atheism
[0. 0. 0. ... 0. 0. 0.],sci.electronics
[0. 0. 0. ... 0. 0. 0.],talk.politics.guns
[0. 0. 0. ... 0. 0. 0.],talk.politics.guns
[0. 0. 0. ... 0. 0. 0.],talk.politics.misc
[0. 0. 0. ... 0. 0. 0.],sci.med
[0. 0. 0. ... 0. 0. 0.],rec.motorcycles
[0. 0. 0. ... 0. 0. 0.],comp.graphics
[0. 0. 0. ... 0. 0. 0.],rec.motorcycles
[0.         0.20381738 0.         ... 0.         0.         0.        ],rec.sport.baseball
[0. 0. 0. ... 0. 0. 0.],talk.politics.misc
[0. 0. 0. ... 0. 0. 0.],rec.autos
[0. 0. 0. ... 0. 0. 0.],alt.atheism
[0.         0.04314823 0.         ... 0.         0.         0.        ],talk.religion.misc
[0.03856227 0.02946161 0.         ... 0.04428259 0.         0.        ],rec.sport.baseball
[0. 0. 0. ... 0. 0. 0.],misc.forsale
[0. 0. 0. ... 0. 0. 0.],rec.sport.baseball
[0. 0. 0. ... 0. 0. 0.],sci.space
[0. 0. 0. ... 0. 0. 0.],alt.atheism
[0. 0. 0. ... 0. 0. 0.],sci.med
[0. 0. 0. ... 0. 0. 0.],talk.religion.misc
[0. 0. 0. ... 0. 0. 0.],sci.electronics
[0. 0. 0. ... 0. 0. 0.],rec.sport.hockey
[0. 0. 0. ... 0. 0. 0.],talk.religion.misc
[0. 0. 0. ... 0. 0. 0.],comp.os.ms-windows.misc
[0. 0. 0. ... 0. 0. 0.],talk.religion.misc
[0. 0. 0. ... 0. 0. 0.],sci.med
[0. 0. 0. ... 0. 0. 0.],talk.religion.misc
[0. 0. 0. ... 0. 0. 0.],comp.windows.x
[0. 0. 0. ... 0. 0. 0.],rec.sport.baseball
[0. 0. 0. ... 0. 0. 0.],alt.atheism
[0. 0. 0. ... 0. 0. 0.],sci.electronics
[0. 0. 0. ... 0. 0. 0.],rec.sport.hockey
[0. 0. 0. ... 0. 0. 0.],misc.forsale
[0. 0. 0. ... 0. 0. 0.],rec.autos
[0. 0. 0. ... 0. 0. 0.],sci.space
[0. 0. 0. ... 0. 0. 0.],misc.forsale
[0. 0. 0. ... 0. 0. 0.],rec.autos
[0. 0. 0. ... 0. 0. 0.],talk.politics.mideast
[0. 0. 0. ... 0. 0. 0.],rec.sport.baseball
[0. 0. 0. ... 0. 0. 0.],sci.space
[0. 0. 0. ... 0. 0. 0.],talk.politics.guns
[0. 0. 0. ... 0. 0. 0.],comp.windows.x
[0. 0. 0. ... 0. 0. 0.],sci.electronics
[0. 0. 0. ... 0. 0. 0.],misc.forsale
[0. 0. 0. ... 0. 0. 0.],rec.motorcycles
[0. 0. 0. ... 0. 0. 0.],comp.graphics
[0. 0. 0. ... 0. 0. 0.],sci.med
[0. 0. 0. ... 0. 0. 0.],comp.os.ms-windows.misc
[0. 0. 0. ... 0. 0. 0.],soc.religion.christian
[0. 0. 0. ... 0. 0. 0.],sci.space
[0. 0. 0. ... 0. 0. 0.],sci.electronics
[0. 0. 0. ... 0. 0. 0.],sci.electronics
[0. 0. 0. ... 0. 0. 0.],rec.sport.baseball
[0. 0. 0. ... 0. 0. 0.],comp.sys.ibm.pc.hardware
[0. 0. 0. ... 0. 0. 0.],sci.crypt
[0. 0. 0. ... 0. 0. 0.],sci.space
[0. 0. 0. ... 0. 0. 0.],sci.crypt
[0. 0. 0. ... 0. 0. 0.],soc.religion.christian
[0. 0. 0. ... 0. 0. 0.],rec.sport.hockey
[0. 0. 0. ... 0. 0. 0.],comp.sys.ibm.pc.hardware
[0. 0. 0. ... 0. 0. 0.],talk.politics.misc
[0. 0. 0. ... 0. 0. 0.],sci.crypt
[0. 0. 0. ... 0. 0. 0.],rec.autos
[0. 0. 0. ... 0. 0. 0.],comp.graphics
[0. 0. 0. ... 0. 0. 0.],talk.politics.guns
[0. 0. 0. ... 0. 0. 0.],alt.atheism
[0. 0. 0. ... 0. 0. 0.],sci.crypt
[0. 0. 0. ... 0. 0. 0.],talk.politics.mideast
[0. 0. 0. ... 0. 0. 0.],rec.sport.hockey
[0. 0. 0. ... 0. 0. 0.],talk.politics.mideast
[0. 0. 0. ... 0. 0. 0.],alt.atheism
[0. 0. 0. ... 0. 0. 0.],talk.religion.misc
[0. 0. 0. ... 0. 0. 0.],rec.motorcycles
[0. 0. 0. ... 0. 0. 0.],rec.autos
[0. 0. 0. ... 0. 0. 0.],comp.windows.x
[0.05073428 0.         0.         ... 0.         0.         0.06069317],talk.politics.guns
[0. 0. 0. ... 0. 0. 0.],soc.religion.christian
[0. 0. 0. ... 0. 0. 0.],comp.windows.x
[0. 0. 0. ... 0. 0. 0.],misc.forsale
[0. 0. 0. ... 0. 0. 0.],sci.electronics
[0. 0. 0. ... 0. 0. 0.],comp.os.ms-windows.misc
[0. 0. 0. ... 0. 0. 0.],comp.sys.ibm.pc.hardware
[0. 0. 0. ... 0. 0. 0.],talk.politics.misc
[0. 0. 0. ... 0. 0. 0.],comp.windows.x
[0. 0. 0. ... 0. 0. 0.],alt.atheism
[0.         0.         0.         ... 0.35983057 0.         0.        ],comp.windows.x
[0. 0. 0. ... 0. 0. 0.],misc.forsale
[0. 0. 0. ... 0. 0. 0.],misc.forsale
[0. 0. 0. ... 0. 0. 0.],alt.atheism
[0. 0. 0. ... 0. 0. 0.],rec.autos
[0. 0. 0. ... 0. 0. 0.],comp.graphics
[0. 0. 0. ... 0. 0. 0.],comp.os.ms-windows.misc
[0. 0. 0. ... 0. 0. 0.],rec.autos
[0. 0. 0. ... 0. 0. 0.],sci.crypt
[0. 0. 0. ... 0. 0. 0.],rec.sport.baseball
[0.         0.05807559 0.         ... 0.         0.         0.        ],comp.graphics
[0. 0. 0. ... 0. 0. 0.],comp.sys.ibm.pc.hardware
[0.         0.07701647 0.         ... 0.         0.         0.        ],comp.os.ms-windows.misc
[0. 0. 0. ... 0. 0. 0.],rec.motorcycles
[0.         0.         0.11203781 ... 0.         0.         0.        ],rec.sport.baseball
[0. 0. 0. ... 0. 0. 0.],rec.motorcycles
[0. 0. 0. ... 0. 0. 0.],comp.os.ms-windows.misc
[0. 0. 0. ... 0. 0. 0.],talk.politics.mideast
[0.        0.0724551 0.        ... 0.        0.        0.       ],comp.windows.x
[0. 0. 0. ... 0. 0. 0.],talk.politics.guns
[0. 0. 0. ... 0. 0. 0.],comp.sys.mac.hardware
[0. 0. 0. ... 0. 0. 0.],comp.graphics
[0. 0. 0. ... 0. 0. 0.],comp.windows.x
[0.         0.09092661 0.         ... 0.         0.         0.        ],comp.sys.mac.hardware
[0. 0. 0. ... 0. 0. 0.],comp.graphics
[0. 0. 0. ... 0. 0. 0.],rec.sport.hockey
[0. 0. 0. ... 0. 0. 0.],comp.sys.ibm.pc.hardware
[0. 0. 0. ... 0. 0. 0.],comp.graphics
[0. 0. 0. ... 0. 0. 0.],alt.atheism
[0. 0. 0. ... 0. 0. 0.],sci.med
[0. 0. 0. ... 0. 0. 0.],rec.motorcycles
[0. 0. 0. ... 0. 0. 0.],rec.motorcycles
[0. 0. 0. ... 0. 0. 0.],rec.sport.baseball
[0. 0. 0. ... 0. 0. 0.],alt.atheism
[0. 0. 0. ... 0. 0. 0.],alt.atheism
[0. 0. 0. ... 0. 0. 0.],sci.crypt
[0. 0. 0. ... 0. 0. 0.],talk.religion.misc
[0. 0. 0. ... 0. 0. 0.],comp.graphics
[0. 0. 0. ... 0. 0. 0.],misc.forsale
[0. 0. 0. ... 0. 0. 0.],talk.politics.misc
[0. 0. 0. ... 0. 0. 0.],rec.sport.hockey
[0. 0. 0. ... 0. 0. 0.],talk.politics.guns
[0. 0. 0. ... 0. 0. 0.],comp.graphics
[0. 0. 0. ... 0. 0. 0.],misc.forsale
[0. 0. 0. ... 0. 0. 0.],comp.sys.ibm.pc.hardware
[0. 0. 0. ... 0. 0. 0.],talk.politics.guns
[0. 0. 0. ... 0. 0. 0.],talk.politics.mideast
[0. 0. 0. ... 0. 0. 0.],sci.med
[0. 0. 0. ... 0. 0. 0.],rec.sport.baseball
[0. 0. 0. ... 0. 0. 0.],comp.graphics
[0. 0. 0. ... 0. 0. 0.],talk.politics.misc
[0. 0. 0. ... 0. 0. 0.],talk.politics.guns
[0. 0. 0. ... 0. 0. 0.],sci.crypt
[0. 0. 0. ... 0. 0. 0.],talk.politics.misc
[0. 0. 0. ... 0. 0. 0.],sci.crypt
[0. 0. 0. ... 0. 0. 0.],alt.atheism
[0. 0. 0. ... 0. 0. 0.],talk.politics.guns
[0. 0. 0. ... 0. 0. 0.],rec.sport.baseball
[0.        0.0489887 0.        ... 0.        0.        0.       ],talk.politics.misc
[0. 0. 0. ... 0. 0. 0.],sci.space
[0. 0. 0. ... 0. 0. 0.],comp.graphics
[0. 0. 0. ... 0. 0. 0.],rec.autos
[0. 0. 0. ... 0. 0. 0.],comp.os.ms-windows.misc
[0. 0. 0. ... 0. 0. 0.],talk.politics.guns
[0.16366992 0.         0.         ... 0.         0.         0.        ],comp.graphics
[0.14976543 0.         0.         ... 0.         0.         0.        ],rec.sport.baseball
[0. 0. 0. ... 0. 0. 0.],misc.forsale
[0.11329114 0.         0.         ... 0.         0.         0.        ],sci.crypt
[0. 0. 0. ... 0. 0. 0.],sci.electronics
[0. 0. 0. ... 0. 0. 0.],soc.religion.christian
[0. 0. 0. ... 0. 0. 0.],rec.sport.hockey
[0. 0. 0. ... 0. 0. 0.],comp.os.ms-windows.misc
[0. 0. 0. ... 0. 0. 0.],comp.sys.ibm.pc.hardware
[0. 0. 0. ... 0. 0. 0.],rec.motorcycles
[0. 0. 0. ... 0. 0. 0.],sci.med
[0. 0. 0. ... 0. 0. 0.],talk.politics.guns
[0. 0. 0. ... 0. 0. 0.],comp.graphics
[0. 0. 0. ... 0. 0. 0.],rec.sport.hockey
[0. 0. 0. ... 0. 0. 0.],sci.crypt
[0. 0. 0. ... 0. 0. 0.],comp.windows.x
[0. 0. 0. ... 0. 0. 0.],rec.motorcycles
[0. 0. 0. ... 0. 0. 0.],talk.politics.guns
[0. 0. 0. ... 0. 0. 0.],rec.autos
[0. 0. 0. ... 0. 0. 0.],sci.space
[0. 0. 0. ... 0. 0. 0.],talk.politics.mideast
[0. 0. 0. ... 0. 0. 0.],sci.med
[0.         0.         0.         ... 0.         0.05763672 0.        ],comp.graphics
[0. 0. 0. ... 0. 0. 0.],alt.atheism
[0. 0. 0. ... 0. 0. 0.],comp.graphics
[0. 0. 0. ... 0. 0. 0.],rec.motorcycles
[0. 0. 0. ... 0. 0. 0.],rec.autos
[0. 0. 0. ... 0. 0. 0.],rec.sport.baseball
[0. 0. 0. ... 0. 0. 0.],comp.windows.x
[0. 0. 0. ... 0. 0. 0.],sci.med
[0. 0. 0. ... 0. 0. 0.],rec.sport.hockey
[0. 0. 0. ... 0. 0. 0.],misc.forsale
[0. 0. 0. ... 0. 0. 0.],soc.religion.christian
[0. 0. 0. ... 0. 0. 0.],misc.forsale
[0. 0. 0. ... 0. 0. 0.],talk.politics.guns
[0. 0. 0. ... 0. 0. 0.],comp.windows.x
[0. 0. 0. ... 0. 0. 0.],rec.sport.baseball
[0. 0. 0. ... 0. 0. 0.],talk.politics.guns
[0. 0. 0. ... 0. 0. 0.],sci.crypt
[0. 0. 0. ... 0. 0. 0.],talk.politics.mideast
[0. 0. 0. ... 0. 0. 0.],sci.crypt
[0. 0. 0. ... 0. 0. 0.],comp.sys.ibm.pc.hardware
[0. 0. 0. ... 0. 0. 0.],comp.sys.mac.hardware
[0. 0. 0. ... 0. 0. 0.],rec.sport.hockey
[0. 0. 0. ... 0. 0. 0.],talk.politics.misc
[0. 0. 0. ... 0. 0. 0.],rec.motorcycles
[0. 0. 0. ... 0. 0. 0.],soc.religion.christian
[0. 0. 0. ... 0. 0. 0.],comp.windows.x
[0. 0. 0. ... 0. 0. 0.],comp.os.ms-windows.misc
[0. 0. 0. ... 0. 0. 0.],soc.religion.christian
[0. 0. 0. ... 0. 0. 0.],talk.politics.misc
[0.05651333 0.         0.         ... 0.         0.         0.        ],comp.os.ms-windows.misc
[0. 0. 0. ... 0. 0. 0.],sci.space
[0. 0. 0. ... 0. 0. 0.],sci.space
[0. 0. 0. ... 0. 0. 0.],sci.med
[0. 0. 0. ... 0. 0. 0.],sci.med
[0. 0. 0. ... 0. 0. 0.],sci.crypt
[0. 0. 0. ... 0. 0. 0.],comp.sys.mac.hardware
[0. 0. 0. ... 0. 0. 0.],sci.crypt
[0. 0. 0. ... 0. 0. 0.],misc.forsale
[0. 0. 0. ... 0. 0. 0.],comp.graphics
[0.         0.         0.         ... 0.16150531 0.         0.        ],comp.windows.x
[0. 0. 0. ... 0. 0. 0.],talk.politics.misc
[0. 0. 0. ... 0. 0. 0.],rec.sport.hockey
[0. 0. 0. ... 0. 0. 0.],talk.religion.misc
[0. 0. 0. ... 0. 0. 0.],talk.politics.mideast
[0. 0. 0. ... 0. 0. 0.],comp.os.ms-windows.misc
[0. 0. 0. ... 0. 0. 0.],comp.os.ms-windows.misc
[0. 0. 0. ... 0. 0. 0.],comp.os.ms-windows.misc
[0. 0. 0. ... 0. 0. 0.],talk.religion.misc
[0. 0. 0. ... 0. 0. 0.],talk.religion.misc
[0. 0. 0. ... 0. 0. 0.],comp.sys.ibm.pc.hardware
[0. 0. 0. ... 0. 0. 0.],comp.os.ms-windows.misc
[0. 0. 0. ... 0. 0. 0.],comp.sys.mac.hardware
[0. 0. 0. ... 0. 0. 0.],comp.graphics
[0. 0. 0. ... 0. 0. 0.],talk.religion.misc
[0. 0. 0. ... 0. 0. 0.],sci.crypt
[0.41868776 0.         0.         ... 0.         0.         0.        ],rec.sport.baseball
[0. 0. 0. ... 0. 0. 0.],sci.space
[0. 0. 0. ... 0. 0. 0.],talk.politics.misc
[0.         0.04353885 0.         ... 0.         0.         0.        ],sci.med
[0. 0. 0. ... 0. 0. 0.],rec.sport.baseball
[0. 0. 0. ... 0. 0. 0.],soc.religion.christian
[0. 0. 0. ... 0. 0. 0.],soc.religion.christian
[0. 0. 0. ... 0. 0. 0.],talk.religion.misc
[0. 0. 0. ... 0. 0. 0.],talk.politics.guns
[0. 0. 0. ... 0. 0. 0.],talk.religion.misc
[0. 0. 0. ... 0. 0. 0.],rec.motorcycles
[0. 0. 0. ... 0. 0. 0.],comp.graphics
[0. 0. 0. ... 0. 0. 0.],talk.politics.mideast
[0. 0. 0. ... 0. 0. 0.],comp.sys.ibm.pc.hardware
[0. 0. 0. ... 0. 0. 0.],rec.sport.baseball
[0. 0. 0. ... 0. 0. 0.],rec.sport.baseball
[0. 0. 0. ... 0. 0. 0.],comp.sys.ibm.pc.hardware
[0. 0. 0. ... 0. 0. 0.],talk.politics.mideast
[0. 0. 0. ... 0. 0. 0.],misc.forsale
[0. 0. 0. ... 0. 0. 0.],alt.atheism
[0. 0. 0. ... 0. 0. 0.],rec.motorcycles
[0. 0. 0. ... 0. 0. 0.],sci.crypt
[0. 0. 0. ... 0. 0. 0.],comp.windows.x
[0. 0. 0. ... 0. 0. 0.],sci.space
[0. 0. 0. ... 0. 0. 0.],talk.politics.misc
[0. 0. 0. ... 0. 0. 0.],misc.forsale
[0. 0. 0. ... 0. 0. 0.],sci.space
[0. 0. 0. ... 0. 0. 0.],comp.sys.mac.hardware
[0. 0. 0. ... 0. 0. 0.],misc.forsale
[0. 0. 0. ... 0. 0. 0.],soc.religion.christian
[0. 0. 0. ... 0. 0. 0.],alt.atheism
[0. 0. 0. ... 0. 0. 0.],comp.os.ms-windows.misc
[0. 0. 0. ... 0. 0. 0.],talk.politics.guns
[0. 0. 0. ... 0. 0. 0.],talk.politics.guns
[0. 0. 0. ... 0. 0. 0.],talk.politics.mideast
[0. 0. 0. ... 0. 0. 0.],soc.religion.christian
[0. 0. 0. ... 0. 0. 0.],comp.os.ms-windows.misc
[0. 0. 0. ... 0. 0. 0.],comp.sys.ibm.pc.hardware
[0. 0. 0. ... 0. 0. 0.],misc.forsale
[0. 0. 0. ... 0. 0. 0.],talk.religion.misc
[0. 0. 0. ... 0. 0. 0.],talk.politics.guns
[0. 0. 0. ... 0. 0. 0.],sci.crypt
[0. 0. 0. ... 0. 0. 0.],talk.politics.guns
[0. 0. 0. ... 0. 0. 0.],rec.motorcycles
[0. 0. 0. ... 0. 0. 0.],sci.crypt
[0. 0. 0. ... 0. 0. 0.],rec.sport.hockey
[0. 0. 0. ... 0. 0. 0.],comp.sys.ibm.pc.hardware
[0. 0. 0. ... 0. 0. 0.],sci.space
[0. 0. 0. ... 0. 0. 0.],rec.motorcycles
[0. 0. 0. ... 0. 0. 0.],comp.os.ms-windows.misc
[0. 0. 0. ... 0. 0. 0.],sci.electronics
[0. 0. 0. ... 0. 0. 0.],rec.sport.hockey
[0. 0. 0. ... 0. 0. 0.],comp.graphics
[0. 0. 0. ... 0. 0. 0.],comp.os.ms-windows.misc
[0. 0. 0. ... 0. 0. 0.],misc.forsale
[0. 0. 0. ... 0. 0. 0.],talk.politics.misc
[0. 0. 0. ... 0. 0. 0.],sci.med
[0. 0. 0. ... 0. 0. 0.],talk.politics.mideast
[0. 0. 0. ... 0. 0. 0.],sci.crypt
[0. 0. 0. ... 0. 0. 0.],comp.windows.x
[0. 0. 0. ... 0. 0. 0.],soc.religion.christian
[0. 0. 0. ... 0. 0. 0.],comp.sys.mac.hardware
[0. 0. 0. ... 0. 0. 0.],sci.electronics
[0. 0. 0. ... 0. 0. 0.],rec.motorcycles
[0. 0. 0. ... 0. 0. 0.],rec.motorcycles
[0. 0. 0. ... 0. 0. 0.],talk.politics.misc
[0. 0. 0. ... 0. 0. 0.],rec.autos
[0. 0. 0. ... 0. 0. 0.],comp.graphics
[0.         0.11049441 0.         ... 0.         0.         0.        ],sci.crypt
[0. 0. 0. ... 0. 0. 0.],talk.religion.misc
[0. 0. 0. ... 0. 0. 0.],comp.sys.ibm.pc.hardware
[0.         0.07530683 0.         ... 0.         0.         0.        ],rec.sport.baseball
[0. 0. 0. ... 0. 0. 0.],comp.windows.x
[0. 0. 0. ... 0. 0. 0.],talk.politics.guns
[0. 0. 0. ... 0. 0. 0.],rec.sport.baseball
[0.         0.26086799 0.         ... 0.         0.         0.        ],comp.sys.ibm.pc.hardware
[0. 0. 0. ... 0. 0. 0.],sci.crypt
[0. 0. 0. ... 0. 0. 0.],comp.windows.x
[0. 0. 0. ... 0. 0. 0.],misc.forsale
[0. 0. 0. ... 0. 0. 0.],soc.religion.christian
[0. 0. 0. ... 0. 0. 0.],rec.sport.baseball
[0. 0. 0. ... 0. 0. 0.],soc.religion.christian
[0. 0. 0. ... 0. 0. 0.],misc.forsale
[0.22965287 0.         0.         ... 0.         0.         0.        ],sci.med
[0.         0.03933212 0.         ... 0.         0.         0.        ],alt.atheism
[0. 0. 0. ... 0. 0. 0.],rec.autos
[0. 0. 0. ... 0. 0. 0.],talk.religion.misc
[0. 0. 0. ... 0. 0. 0.],comp.graphics
[0.07241865 0.         0.         ... 0.         0.         0.        ],comp.graphics
[0. 0. 0. ... 0. 0. 0.],talk.religion.misc
[0. 0. 0. ... 0. 0. 0.],soc.religion.christian
[0. 0. 0. ... 0. 0. 0.],comp.windows.x
[0. 0. 0. ... 0. 0. 0.],talk.politics.misc
[0. 0. 0. ... 0. 0. 0.],misc.forsale
[0. 0. 0. ... 0. 0. 0.],talk.politics.misc
[0. 0. 0. ... 0. 0. 0.],comp.graphics
[0. 0. 0. ... 0. 0. 0.],comp.os.ms-windows.misc
[0. 0. 0. ... 0. 0. 0.],misc.forsale
[0. 0. 0. ... 0. 0. 0.],rec.autos
[0. 0. 0. ... 0. 0. 0.],rec.sport.hockey
[0. 0. 0. ... 0. 0. 0.],talk.politics.mideast
[0. 0. 0. ... 0. 0. 0.],rec.sport.hockey
[0. 0. 0. ... 0. 0. 0.],soc.religion.christian
[0. 0. 0. ... 0. 0. 0.],comp.graphics
[0. 0. 0. ... 0. 0. 0.],talk.politics.guns
[0. 0. 0. ... 0. 0. 0.],sci.space
[0. 0. 0. ... 0. 0. 0.],rec.motorcycles
[0. 0. 0. ... 0. 0. 0.],misc.forsale
[0. 0. 0. ... 0. 0. 0.],rec.sport.hockey
[0.         0.11119963 0.         ... 0.         0.         0.        ],comp.windows.x
[0. 0. 0. ... 0. 0. 0.],misc.forsale
[0. 0. 0. ... 0. 0. 0.],sci.crypt
[0. 0. 0. ... 0. 0. 0.],comp.graphics
[0. 0. 0. ... 0. 0. 0.],misc.forsale
[0. 0. 0. ... 0. 0. 0.],sci.electronics
[0. 0. 0. ... 0. 0. 0.],alt.atheism
[0. 0. 0. ... 0. 0. 0.],comp.windows.x
[0. 0. 0. ... 0. 0. 0.],sci.space
[0. 0. 0. ... 0. 0. 0.],comp.graphics
[0. 0. 0. ... 0. 0. 0.],rec.sport.baseball
[0. 0. 0. ... 0. 0. 0.],comp.sys.ibm.pc.hardware
[0. 0. 0. ... 0. 0. 0.],comp.windows.x
[0. 0. 0. ... 0. 0. 0.],rec.autos
[0. 0. 0. ... 0. 0. 0.],sci.electronics
[0. 0. 0. ... 0. 0. 0.],comp.graphics
[0. 0. 0. ... 0. 0. 0.],sci.electronics
[0. 0. 0. ... 0. 0. 0.],talk.politics.mideast
[0. 0. 0. ... 0. 0. 0.],sci.crypt
[0. 0. 0. ... 0. 0. 0.],rec.motorcycles
[0. 0. 0. ... 0. 0. 0.],rec.sport.hockey
[0. 0. 0. ... 0. 0. 0.],sci.med
[0. 0. 0. ... 0. 0. 0.],rec.sport.baseball
[0. 0. 0. ... 0. 0. 0.],sci.space
[0. 0. 0. ... 0. 0. 0.],comp.sys.ibm.pc.hardware
[0. 0. 0. ... 0. 0. 0.],comp.sys.mac.hardware
[0. 0. 0. ... 0. 0. 0.],sci.electronics
[0. 0. 0. ... 0. 0. 0.],sci.space
[0. 0. 0. ... 0. 0. 0.],talk.religion.misc
[0. 0. 0. ... 0. 0. 0.],sci.electronics
[0. 0. 0. ... 0. 0. 0.],comp.sys.ibm.pc.hardware
[0. 0. 0. ... 0. 0. 0.],sci.electronics
[0. 0. 0. ... 0. 0. 0.],rec.motorcycles
[0. 0. 0. ... 0. 0. 0.],talk.politics.misc
[0. 0. 0. ... 0. 0. 0.],comp.graphics
[0.        0.0675694 0.        ... 0.        0.        0.       ],sci.electronics
[0. 0. 0. ... 0. 0. 0.],comp.windows.x
[0. 0. 0. ... 0. 0. 0.],comp.os.ms-windows.misc
[0. 0. 0. ... 0. 0. 0.],talk.politics.guns
[0. 0. 0. ... 0. 0. 0.],misc.forsale
[0. 0. 0. ... 0. 0. 0.],talk.politics.mideast
[0. 0. 0. ... 0. 0. 0.],rec.motorcycles
[0. 0. 0. ... 0. 0. 0.],alt.atheism
[0. 0. 0. ... 0. 0. 0.],rec.sport.baseball
[0. 0. 0. ... 0. 0. 0.],misc.forsale
[0. 0. 0. ... 0. 0. 0.],comp.os.ms-windows.misc
[0. 0. 0. ... 0. 0. 0.],comp.graphics
[0. 0. 0. ... 0. 0. 0.],sci.electronics
[0. 0. 0. ... 0. 0. 0.],rec.sport.baseball
[0. 0. 0. ... 0. 0. 0.],comp.windows.x
[0. 0. 0. ... 0. 0. 0.],soc.religion.christian
[0. 0. 0. ... 0. 0. 0.],sci.crypt
[0. 0. 0. ... 0. 0. 0.],alt.atheism
[0. 0. 0. ... 0. 0. 0.],sci.med
[0. 0. 0. ... 0. 0. 0.],sci.space
[0. 0. 0. ... 0. 0. 0.],comp.sys.ibm.pc.hardware
[0. 0. 0. ... 0. 0. 0.],talk.politics.guns
[0. 0. 0. ... 0. 0. 0.],sci.crypt
[0. 0. 0. ... 0. 0. 0.],rec.autos
[0. 0. 0. ... 0. 0. 0.],rec.sport.baseball
[0. 0. 0. ... 0. 0. 0.],sci.space
[0. 0. 0. ... 0. 0. 0.],rec.autos
[0. 0. 0. ... 0. 0. 0.],sci.crypt
[0. 0. 0. ... 0. 0. 0.],talk.religion.misc
[0. 0. 0. ... 0. 0. 0.],sci.med
[0. 0. 0. ... 0. 0. 0.],sci.electronics
[0. 0. 0. ... 0. 0. 0.],rec.motorcycles
[0. 0. 0. ... 0. 0. 0.],talk.politics.mideast
[0. 0. 0. ... 0. 0. 0.],sci.crypt
[0.         0.         0.         ... 0.         0.12055234 0.        ],sci.electronics
[0. 0. 0. ... 0. 0. 0.],comp.os.ms-windows.misc
[0. 0. 0. ... 0. 0. 0.],sci.space
[0. 0. 0. ... 0. 0. 0.],sci.space
[0. 0. 0. ... 0. 0. 0.],sci.electronics
[0. 0. 0. ... 0. 0. 0.],sci.electronics
[0. 0. 0. ... 0. 0. 0.],rec.motorcycles
[0. 0. 0. ... 0. 0. 0.],sci.med
[0. 0. 0. ... 0. 0. 0.],talk.politics.misc
[0. 0. 0. ... 0. 0. 0.],soc.religion.christian
[0. 0. 0. ... 0. 0. 0.],sci.space
[0. 0. 0. ... 0. 0. 0.],talk.politics.mideast
[0. 0. 0. ... 0. 0. 0.],sci.space
[0. 0. 0. ... 0. 0. 0.],comp.sys.ibm.pc.hardware
[0.         0.12613336 0.         ... 0.         0.         0.        ],soc.religion.christian
[0. 0. 0. ... 0. 0. 0.],misc.forsale
[0. 0. 0. ... 0. 0. 0.],talk.religion.misc
[0. 0. 0. ... 0. 0. 0.],rec.sport.hockey
[0. 0. 0. ... 0. 0. 0.],comp.sys.ibm.pc.hardware
[0. 0. 0. ... 0. 0. 0.],rec.autos
[0. 0. 0. ... 0. 0. 0.],comp.windows.x
[0. 0. 0. ... 0. 0. 0.],talk.politics.misc
[0. 0. 0. ... 0. 0. 0.],sci.crypt
[0. 0. 0. ... 0. 0. 0.],talk.politics.mideast
[0. 0. 0. ... 0. 0. 0.],rec.autos
[0. 0. 0. ... 0. 0. 0.],comp.sys.ibm.pc.hardware
[0. 0. 0. ... 0. 0. 0.],sci.space
[0. 0. 0. ... 0. 0. 0.],rec.motorcycles
[0. 0. 0. ... 0. 0. 0.],rec.sport.hockey
[0. 0. 0. ... 0. 0. 0.],rec.motorcycles
[0. 0. 0. ... 0. 0. 0.],sci.med
[0. 0. 0. ... 0. 0. 0.],comp.windows.x
[0. 0. 0. ... 0. 0. 0.],rec.sport.baseball
[0. 0. 0. ... 0. 0. 0.],alt.atheism
[0. 0. 0. ... 0. 0. 0.],sci.med
[0. 0. 0. ... 0. 0. 0.],comp.graphics
[0. 0. 0. ... 0. 0. 0.],talk.politics.mideast
[0. 0. 0. ... 0. 0. 0.],comp.windows.x
[0. 0. 0. ... 0. 0. 0.],sci.crypt
[0. 0. 0. ... 0. 0. 0.],comp.graphics
[0. 0. 0. ... 0. 0. 0.],comp.os.ms-windows.misc
[0. 0. 0. ... 0. 0. 0.],rec.autos
[0. 0. 0. ... 0. 0. 0.],talk.politics.misc
[0. 0. 0. ... 0. 0. 0.],sci.crypt
[0. 0. 0. ... 0. 0. 0.],talk.politics.misc
[0. 0. 0. ... 0. 0. 0.],rec.autos
[0. 0. 0. ... 0. 0. 0.],rec.autos
[0. 0. 0. ... 0. 0. 0.],sci.crypt
[0. 0. 0. ... 0. 0. 0.],comp.os.ms-windows.misc
[0. 0. 0. ... 0. 0. 0.],rec.sport.baseball
[0. 0. 0. ... 0. 0. 0.],rec.sport.hockey
[0. 0. 0. ... 0. 0. 0.],rec.sport.hockey
[0. 0. 0. ... 0. 0. 0.],comp.sys.mac.hardware
[0. 0. 0. ... 0. 0. 0.],comp.sys.mac.hardware
[0. 0. 0. ... 0. 0. 0.],soc.religion.christian
[0. 0. 0. ... 0. 0. 0.],comp.windows.x
[0. 0. 0. ... 0. 0. 0.],sci.electronics
[0. 0. 0. ... 0. 0. 0.],soc.religion.christian
[0. 0. 0. ... 0. 0. 0.],talk.religion.misc
[0. 0. 0. ... 0. 0. 0.],rec.autos
[0. 0. 0. ... 0. 0. 0.],talk.religion.misc
[0. 0. 0. ... 0. 0. 0.],talk.politics.guns
[0. 0. 0. ... 0. 0. 0.],comp.os.ms-windows.misc
[0. 0. 0. ... 0. 0. 0.],rec.motorcycles
[0. 0. 0. ... 0. 0. 0.],comp.graphics
[0. 0. 0. ... 0. 0. 0.],comp.os.ms-windows.misc
[0.13669638 0.         0.         ... 0.         0.         0.        ],sci.crypt
[0. 0. 0. ... 0. 0. 0.],rec.sport.hockey
[0. 0. 0. ... 0. 0. 0.],comp.graphics
[0.         0.08156278 0.         ... 0.         0.         0.        ],rec.sport.hockey
[0. 0. 0. ... 0. 0. 0.],sci.electronics
[0. 0. 0. ... 0. 0. 0.],rec.motorcycles
[0. 0. 0. ... 0. 0. 0.],rec.autos
[0. 0. 0. ... 0. 0. 0.],rec.sport.hockey
[0. 0. 0. ... 0. 0. 0.],sci.electronics
[0. 0. 0. ... 0. 0. 0.],rec.motorcycles
[0. 0. 0. ... 0. 0. 0.],sci.crypt
[0. 0. 0. ... 0. 0. 0.],comp.sys.ibm.pc.hardware
[0. 0. 0. ... 0. 0. 0.],rec.sport.hockey
[0. 0. 0. ... 0. 0. 0.],sci.med
[0. 0. 0. ... 0. 0. 0.],alt.atheism
[0. 0. 0. ... 0. 0. 0.],sci.space
[0. 0. 0. ... 0. 0. 0.],comp.windows.x
[0. 0. 0. ... 0. 0. 0.],talk.politics.mideast
[0. 0. 0. ... 0. 0. 0.],comp.sys.ibm.pc.hardware
[0. 0. 0. ... 0. 0. 0.],misc.forsale
[0. 0. 0. ... 0. 0. 0.],sci.electronics
[0. 0. 0. ... 0. 0. 0.],rec.motorcycles
[0. 0. 0. ... 0. 0. 0.],rec.motorcycles
[0. 0. 0. ... 0. 0. 0.],misc.forsale
[0. 0. 0. ... 0. 0. 0.],rec.autos
[0. 0. 0. ... 0. 0. 0.],rec.sport.hockey
[0.         0.         0.         ... 0.         0.61585432 0.        ],sci.electronics
[0. 0. 0. ... 0. 0. 0.],comp.os.ms-windows.misc
[0. 0. 0. ... 0. 0. 0.],misc.forsale
[0. 0. 0. ... 0. 0. 0.],alt.atheism
[0. 0. 0. ... 0. 0. 0.],rec.sport.hockey
[0. 0. 0. ... 0. 0. 0.],sci.crypt
[0. 0. 0. ... 0. 0. 0.],comp.sys.ibm.pc.hardware
[0. 0. 0. ... 0. 0. 0.],sci.crypt
[0. 0. 0. ... 0. 0. 0.],comp.windows.x
[0. 0. 0. ... 0. 0. 0.],talk.religion.misc
[0.09323232 0.         0.         ... 0.         0.         0.        ],rec.sport.hockey
[0. 0. 0. ... 0. 0. 0.],sci.med
[0. 0. 0. ... 0. 0. 0.],rec.autos
[0. 0. 0. ... 0. 0. 0.],talk.religion.misc
[0. 0. 0. ... 0. 0. 0.],talk.politics.mideast
[0. 0. 0. ... 0. 0. 0.],rec.sport.hockey
[0. 0. 0. ... 0. 0. 0.],comp.sys.ibm.pc.hardware
[0. 0. 0. ... 0. 0. 0.],alt.atheism
[0. 0. 0. ... 0. 0. 0.],talk.politics.mideast
[0. 0. 0. ... 0. 0. 0.],talk.politics.mideast
[0. 0. 0. ... 0. 0. 0.],comp.sys.mac.hardware
[0. 0. 0. ... 0. 0. 0.],sci.med
[0. 0. 0. ... 0. 0. 0.],comp.windows.x
[0. 0. 0. ... 0. 0. 0.],talk.religion.misc
[0. 0. 0. ... 0. 0. 0.],rec.motorcycles
[0. 0. 0. ... 0. 0. 0.],talk.politics.mideast
[0. 0. 0. ... 0. 0. 0.],talk.politics.misc
[0. 0. 0. ... 0. 0. 0.],sci.crypt
[0. 0. 0. ... 0. 0. 0.],sci.electronics
[0. 0. 0. ... 0. 0. 0.],comp.graphics
[0. 0. 0. ... 0. 0. 0.],comp.graphics
[0. 0. 0. ... 0. 0. 0.],alt.atheism
[0. 0. 0. ... 0. 0. 0.],sci.electronics
[0. 0. 0. ... 0. 0. 0.],sci.electronics
[0. 0. 0. ... 0. 0. 0.],talk.politics.mideast
[0. 0. 0. ... 0. 0. 0.],rec.autos
[0. 0. 0. ... 0. 0. 0.],comp.sys.mac.hardware
[0. 0. 0. ... 0. 0. 0.],rec.autos
[0. 0. 0. ... 0. 0. 0.],rec.motorcycles
[0. 0. 0. ... 0. 0. 0.],sci.electronics
[0. 0. 0. ... 0. 0. 0.],misc.forsale
[0. 0. 0. ... 0. 0. 0.],sci.electronics
[0. 0. 0. ... 0. 0. 0.],alt.atheism
[0. 0. 0. ... 0. 0. 0.],sci.crypt
[0. 0. 0. ... 0. 0. 0.],talk.politics.mideast
[0. 0. 0. ... 0. 0. 0.],rec.sport.baseball
[0. 0. 0. ... 0. 0. 0.],rec.motorcycles
[0. 0. 0. ... 0. 0. 0.],talk.politics.guns
[0.         0.         0.14645859 ... 0.         0.         0.        ],alt.atheism
[0. 0. 0. ... 0. 0. 0.],comp.windows.x
[0. 0. 0. ... 0. 0. 0.],rec.motorcycles
[0. 0. 0. ... 0. 0. 0.],soc.religion.christian
[0. 0. 0. ... 0. 0. 0.],misc.forsale
[0. 0. 0. ... 0. 0. 0.],talk.politics.misc
[0. 0. 0. ... 0. 0. 0.],talk.politics.guns
[0. 0. 0. ... 0. 0. 0.],rec.autos
[0. 0. 0. ... 0. 0. 0.],comp.sys.mac.hardware
[0. 0. 0. ... 0. 0. 0.],talk.politics.guns
[0. 0. 0. ... 0. 0. 0.],sci.electronics
[0. 0. 0. ... 0. 0. 0.],talk.religion.misc
[0. 0. 0. ... 0. 0. 0.],rec.motorcycles
[0. 0. 0. ... 0. 0. 0.],comp.os.ms-windows.misc
[0. 0. 0. ... 0. 0. 0.],talk.politics.misc
[0. 0. 0. ... 0. 0. 0.],alt.atheism
[0. 0. 0. ... 0. 0. 0.],soc.religion.christian
[0. 0. 0. ... 0. 0. 0.],comp.windows.x
[0. 0. 0. ... 0. 0. 0.],sci.space
[0.0831113 0.        0.        ... 0.        0.        0.       ],comp.os.ms-windows.misc
[0. 0. 0. ... 0. 0. 0.],sci.crypt
[0. 0. 0. ... 0. 0. 0.],comp.windows.x
[0. 0. 0. ... 0. 0. 0.],sci.space
[0. 0. 0. ... 0. 0. 0.],sci.electronics
[0. 0. 0. ... 0. 0. 0.],sci.electronics
[0. 0. 0. ... 0. 0. 0.],sci.crypt
[0. 0. 0. ... 0. 0. 0.],sci.electronics
[0. 0. 0. ... 0. 0. 0.],rec.motorcycles
[0. 0. 0. ... 0. 0. 0.],comp.os.ms-windows.misc
[0. 0. 0. ... 0. 0. 0.],misc.forsale
[0. 0. 0. ... 0. 0. 0.],talk.politics.misc
[0. 0. 0. ... 0. 0. 0.],alt.atheism
[0. 0. 0. ... 0. 0. 0.],sci.space
[0. 0. 0. ... 0. 0. 0.],talk.politics.misc
[0. 0. 0. ... 0. 0. 0.],sci.crypt
[0. 0. 0. ... 0. 0. 0.],soc.religion.christian
[0. 0. 0. ... 0. 0. 0.],comp.sys.ibm.pc.hardware
[0. 0. 0. ... 0. 0. 0.],sci.space
[0. 0. 0. ... 0. 0. 0.],misc.forsale
[0. 0. 0. ... 0. 0. 0.],talk.religion.misc
[0. 0. 0. ... 0. 0. 0.],misc.forsale
[0. 0. 0. ... 0. 0. 0.],comp.sys.ibm.pc.hardware
[0. 0. 0. ... 0. 0. 0.],sci.space
[0. 0. 0. ... 0. 0. 0.],sci.med
[0. 0. 0. ... 0. 0. 0.],comp.sys.ibm.pc.hardware
[0. 0. 0. ... 0. 0. 0.],alt.atheism
[0. 0. 0. ... 0. 0. 0.],sci.space
[0. 0. 0. ... 0. 0. 0.],sci.electronics
[0. 0. 0. ... 0. 0. 0.],sci.space
[0. 0. 0. ... 0. 0. 0.],alt.atheism
[0. 0. 0. ... 0. 0. 0.],rec.motorcycles
[0. 0. 0. ... 0. 0. 0.],comp.os.ms-windows.misc
[0. 0. 0. ... 0. 0. 0.],alt.atheism
[0. 0. 0. ... 0. 0. 0.],sci.electronics
[0. 0. 0. ... 0. 0. 0.],talk.politics.misc
[0. 0. 0. ... 0. 0. 0.],alt.atheism
[0. 0. 0. ... 0. 0. 0.],sci.crypt
[0. 0. 0. ... 0. 0. 0.],comp.os.ms-windows.misc
[0. 0. 0. ... 0. 0. 0.],comp.sys.ibm.pc.hardware
[0. 0. 0. ... 0. 0. 0.],sci.space
[0. 0. 0. ... 0. 0. 0.],sci.electronics
[0. 0. 0. ... 0. 0. 0.],talk.politics.mideast
[0. 0. 0. ... 0. 0. 0.],comp.sys.ibm.pc.hardware
[0. 0. 0. ... 0. 0. 0.],talk.religion.misc
[0. 0. 0. ... 0. 0. 0.],comp.sys.mac.hardware
[0. 0. 0. ... 0. 0. 0.],rec.sport.baseball
[0.        0.        0.        ... 0.        0.2754756 0.       ],comp.graphics
[0. 0. 0. ... 0. 0. 0.],soc.religion.christian
[0. 0. 0. ... 0. 0. 0.],rec.sport.baseball
[0. 0. 0. ... 0. 0. 0.],talk.politics.misc
[0. 0. 0. ... 0. 0. 0.],rec.sport.hockey
[0. 0. 0. ... 0. 0. 0.],comp.graphics
[0. 0. 0. ... 0. 0. 0.],rec.autos
[0. 0. 0. ... 0. 0. 0.],comp.windows.x
[0. 0. 0. ... 0. 0. 0.],soc.religion.christian
[0. 0. 0. ... 0. 0. 0.],comp.os.ms-windows.misc
[0. 0. 0. ... 0. 0. 0.],talk.politics.mideast
[0. 0. 0. ... 0. 0. 0.],misc.forsale
[0.         0.         0.         ... 0.         0.         0.34262004],sci.space
[0. 0. 0. ... 0. 0. 0.],talk.politics.mideast
[0. 0. 0. ... 0. 0. 0.],comp.sys.ibm.pc.hardware
[0. 0. 0. ... 0. 0. 0.],rec.sport.baseball
[0. 0. 0. ... 0. 0. 0.],sci.space
[0. 0. 0. ... 0. 0. 0.],soc.religion.christian
[0. 0. 0. ... 0. 0. 0.],talk.politics.misc
[0. 0. 0. ... 0. 0. 0.],alt.atheism
[0. 0. 0. ... 0. 0. 0.],rec.motorcycles
[0. 0. 0. ... 0. 0. 0.],talk.politics.misc
[0.07649036 0.         0.         ... 0.         0.         0.        ],rec.sport.baseball
[0. 0. 0. ... 0. 0. 0.],sci.electronics
[0. 0. 0. ... 0. 0. 0.],rec.sport.baseball
[0. 0. 0. ... 0. 0. 0.],rec.motorcycles
[0. 0. 0. ... 0. 0. 0.],alt.atheism
[0. 0. 0. ... 0. 0. 0.],rec.motorcycles
[0. 0. 0. ... 0. 0. 0.],talk.politics.misc
[0. 0. 0. ... 0. 0. 0.],comp.graphics
[0. 0. 0. ... 0. 0. 0.],sci.med
[0. 0. 0. ... 0. 0. 0.],sci.crypt
[0. 0. 0. ... 0. 0. 0.],rec.autos
[0. 0. 0. ... 0. 0. 0.],sci.electronics
[0. 0. 0. ... 0. 0. 0.],talk.politics.mideast
[0. 0. 0. ... 0. 0. 0.],talk.religion.misc
[0. 0. 0. ... 0. 0. 0.],rec.motorcycles
[0. 0. 0. ... 0. 0. 0.],talk.politics.misc
[0. 0. 0. ... 0. 0. 0.],talk.politics.misc
[0. 0. 0. ... 0. 0. 0.],sci.electronics
[0. 0. 0. ... 0. 0. 0.],soc.religion.christian
[0. 0. 0. ... 0. 0. 0.],comp.os.ms-windows.misc
[0. 0. 0. ... 0. 0. 0.],talk.politics.misc
[0. 0. 0. ... 0. 0. 0.],comp.windows.x
[0. 0. 0. ... 0. 0. 0.],comp.os.ms-windows.misc
[0. 0. 0. ... 0. 0. 0.],comp.sys.ibm.pc.hardware
[0. 0. 0. ... 0. 0. 0.],rec.sport.hockey
[0. 0. 0. ... 0. 0. 0.],sci.med
[0. 0. 0. ... 0. 0. 0.],talk.politics.guns
[0. 0. 0. ... 0. 0. 0.],rec.sport.baseball
[0. 0. 0. ... 0. 0. 0.],rec.sport.baseball
[0. 0. 0. ... 0. 0. 0.],talk.politics.guns
[0. 0. 0. ... 0. 0. 0.],rec.sport.hockey
[0. 0. 0. ... 0. 0. 0.],comp.sys.ibm.pc.hardware
[0. 0. 0. ... 0. 0. 0.],comp.sys.ibm.pc.hardware
[0. 0. 0. ... 0. 0. 0.],sci.electronics
[0. 0. 0. ... 0. 0. 0.],rec.autos
[0. 0. 0. ... 0. 0. 0.],soc.religion.christian
[0. 0. 0. ... 0. 0. 0.],rec.motorcycles
[0. 0. 0. ... 0. 0. 0.],comp.windows.x
[0. 0. 0. ... 0. 0. 0.],sci.med
[0. 0. 0. ... 0. 0. 0.],comp.sys.mac.hardware
[0. 0. 0. ... 0. 0. 0.],sci.electronics
[0. 0. 0. ... 0. 0. 0.],sci.space
[0. 0. 0. ... 0. 0. 0.],alt.atheism
[0. 0. 0. ... 0. 0. 0.],talk.politics.guns
[0. 0. 0. ... 0. 0. 0.],rec.motorcycles
[0. 0. 0. ... 0. 0. 0.],sci.crypt
[0. 0. 0. ... 0. 0. 0.],talk.politics.guns
[0. 0. 0. ... 0. 0. 0.],talk.politics.guns
[0. 0. 0. ... 0. 0. 0.],talk.politics.mideast
[0. 0. 0. ... 0. 0. 0.],comp.sys.mac.hardware
[0. 0. 0. ... 0. 0. 0.],sci.space
[0. 0. 0. ... 0. 0. 0.],talk.politics.guns
[0. 0. 0. ... 0. 0. 0.],sci.space
[0. 0. 0. ... 0. 0. 0.],comp.graphics
[0. 0. 0. ... 0. 0. 0.],comp.graphics
[0. 0. 0. ... 0. 0. 0.],talk.politics.guns
[0. 0. 0. ... 0. 0. 0.],comp.sys.mac.hardware
[0. 0. 0. ... 0. 0. 0.],rec.sport.hockey
[0. 0. 0. ... 0. 0. 0.],talk.politics.misc
[0. 0. 0. ... 0. 0. 0.],comp.windows.x
[0. 0. 0. ... 0. 0. 0.],comp.graphics
[0. 0. 0. ... 0. 0. 0.],misc.forsale
[0.         0.         0.         ... 0.         0.50145809 0.        ],comp.graphics
[0. 0. 0. ... 0. 0. 0.],comp.sys.mac.hardware
[0.         0.07258014 0.         ... 0.         0.         0.        ],talk.politics.guns
[0. 0. 0. ... 0. 0. 0.],soc.religion.christian
[0. 0. 0. ... 0. 0. 0.],talk.politics.guns
[0. 0. 0. ... 0. 0. 0.],comp.sys.ibm.pc.hardware
[0. 0. 0. ... 0. 0. 0.],comp.windows.x
[0. 0. 0. ... 0. 0. 0.],rec.autos
[0. 0. 0. ... 0. 0. 0.],sci.med
[0. 0. 0. ... 0. 0. 0.],rec.motorcycles
[0. 0. 0. ... 0. 0. 0.],misc.forsale
[0.         0.04698202 0.         ... 0.         0.         0.        ],talk.politics.mideast
[0. 0. 0. ... 0. 0. 0.],comp.windows.x
[0. 0. 0. ... 0. 0. 0.],comp.graphics
[0. 0. 0. ... 0. 0. 0.],soc.religion.christian
[0. 0. 0. ... 0. 0. 0.],sci.med
[0. 0. 0. ... 0. 0. 0.],sci.electronics
[0. 0. 0. ... 0. 0. 0.],sci.crypt
[0. 0. 0. ... 0. 0. 0.],rec.sport.hockey
[0.         0.16260751 0.         ... 0.         0.         0.        ],rec.motorcycles
[0. 0. 0. ... 0. 0. 0.],talk.politics.misc
[0. 0. 0. ... 0. 0. 0.],rec.autos
[0. 0. 0. ... 0. 0. 0.],rec.sport.baseball
[0. 0. 0. ... 0. 0. 0.],sci.electronics
[0. 0. 0. ... 0. 0. 0.],alt.atheism
[0. 0. 0. ... 0. 0. 0.],rec.autos
[0. 0. 0. ... 0. 0. 0.],talk.politics.misc
[0. 0. 0. ... 0. 0. 0.],rec.sport.hockey
[0. 0. 0. ... 0. 0. 0.],rec.sport.baseball
[0.         0.08233423 0.         ... 0.         0.         0.        ],sci.crypt
[0. 0. 0. ... 0. 0. 0.],sci.crypt
[0. 0. 0. ... 0. 0. 0.],talk.religion.misc
[0. 0. 0. ... 0. 0. 0.],sci.med
[0. 0. 0. ... 0. 0. 0.],alt.atheism
[0. 0. 0. ... 0. 0. 0.],sci.electronics
[0. 0. 0. ... 0. 0. 0.],comp.windows.x
[0. 0. 0. ... 0. 0. 0.],sci.med
[0. 0. 0. ... 0. 0. 0.],alt.atheism
[0. 0. 0. ... 0. 0. 0.],rec.sport.hockey
[0. 0. 0. ... 0. 0. 0.],comp.graphics
[0. 0. 0. ... 0. 0. 0.],comp.sys.mac.hardware
[0. 0. 0. ... 0. 0. 0.],comp.graphics
[0. 0. 0. ... 0. 0. 0.],talk.politics.mideast
[0. 0. 0. ... 0. 0. 0.],talk.politics.guns
[0. 0. 0. ... 0. 0. 0.],sci.space
[0. 0. 0. ... 0. 0. 0.],rec.sport.baseball
[0. 0. 0. ... 0. 0. 0.],rec.motorcycles
[0. 0. 0. ... 0. 0. 0.],rec.autos
[0. 0. 0. ... 0. 0. 0.],sci.med
[0. 0. 0. ... 0. 0. 0.],rec.autos
[0. 0. 0. ... 0. 0. 0.],sci.electronics
[0. 0. 0. ... 0. 0. 0.],sci.med
[0. 0. 0. ... 0. 0. 0.],comp.os.ms-windows.misc
[0. 0. 0. ... 0. 0. 0.],talk.politics.mideast
[0. 0. 0. ... 0. 0. 0.],comp.sys.mac.hardware
[0. 0. 0. ... 0. 0. 0.],rec.autos
[0. 0. 0. ... 0. 0. 0.],talk.politics.misc
[0. 0. 0. ... 0. 0. 0.],rec.sport.hockey
[0.         0.         0.         ... 0.         0.         0.32000566],sci.electronics
[0. 0. 0. ... 0. 0. 0.],rec.sport.baseball
[0. 0. 0. ... 0. 0. 0.],talk.politics.guns
[0. 0. 0. ... 0. 0. 0.],talk.politics.guns
[0.         0.02154865 0.         ... 0.         0.         0.        ],soc.religion.christian
[0. 0. 0. ... 0. 0. 0.],talk.religion.misc
[0. 0. 0. ... 0. 0. 0.],sci.crypt
[0. 0. 0. ... 0. 0. 0.],misc.forsale
[0. 0. 0. ... 0. 0. 0.],rec.motorcycles
[0. 0. 0. ... 0. 0. 0.],rec.sport.baseball
[0. 0. 0. ... 0. 0. 0.],talk.politics.mideast
[0.         0.03559528 0.         ... 0.         0.         0.        ],alt.atheism
[0. 0. 0. ... 0. 0. 0.],alt.atheism
[0.         0.03951154 0.         ... 0.         0.         0.        ],sci.crypt
[0. 0. 0. ... 0. 0. 0.],sci.space
[0. 0. 0. ... 0. 0. 0.],comp.sys.mac.hardware
[0. 0. 0. ... 0. 0. 0.],talk.politics.misc
[0. 0. 0. ... 0. 0. 0.],rec.autos
[0. 0. 0. ... 0. 0. 0.],rec.sport.baseball
[0.        0.        0.        ... 0.1903897 0.        0.       ],talk.politics.misc
[0. 0. 0. ... 0. 0. 0.],rec.motorcycles
[0.         0.03727206 0.         ... 0.         0.         0.        ],sci.space
[0. 0. 0. ... 0. 0. 0.],sci.electronics
[0.0847977 0.        0.        ... 0.        0.        0.       ],talk.politics.guns
[0. 0. 0. ... 0. 0. 0.],rec.autos
[0. 0. 0. ... 0. 0. 0.],comp.graphics
[0. 0. 0. ... 0. 0. 0.],sci.electronics
[0. 0. 0. ... 0. 0. 0.],sci.med
[0. 0. 0. ... 0. 0. 0.],comp.sys.ibm.pc.hardware
[0. 0. 0. ... 0. 0. 0.],talk.politics.mideast
[0. 0. 0. ... 0. 0. 0.],comp.graphics
[0. 0. 0. ... 0. 0. 0.],rec.sport.hockey
[0. 0. 0. ... 0. 0. 0.],rec.sport.hockey
[0. 0. 0. ... 0. 0. 0.],comp.os.ms-windows.misc
[0. 0. 0. ... 0. 0. 0.],soc.religion.christian
[0. 0. 0. ... 0. 0. 0.],soc.religion.christian
[0. 0. 0. ... 0. 0. 0.],rec.autos
[0. 0. 0. ... 0. 0. 0.],rec.autos
[0. 0. 0. ... 0. 0. 0.],sci.space
[0. 0. 0. ... 0. 0. 0.],comp.graphics
[0. 0. 0. ... 0. 0. 0.],rec.sport.hockey
[0.05972799 0.         0.         ... 0.         0.         0.        ],soc.religion.christian
[0. 0. 0. ... 0. 0. 0.],soc.religion.christian
[0. 0. 0. ... 0. 0. 0.],misc.forsale
[0. 0. 0. ... 0. 0. 0.],comp.sys.ibm.pc.hardware
[0. 0. 0. ... 0. 0. 0.],comp.windows.x
[0. 0. 0. ... 0. 0. 0.],comp.os.ms-windows.misc
[0.         0.05354076 0.         ... 0.         0.         0.        ],comp.windows.x
[0. 0. 0. ... 0. 0. 0.],talk.politics.guns
[0. 0. 0. ... 0. 0. 0.],sci.crypt
[0. 0. 0. ... 0. 0. 0.],comp.graphics
[0.         0.03508324 0.         ... 0.         0.         0.        ],talk.politics.mideast
[0. 0. 0. ... 0. 0. 0.],alt.atheism
[0. 0. 0. ... 0. 0. 0.],comp.sys.ibm.pc.hardware
[0. 0. 0. ... 0. 0. 0.],comp.os.ms-windows.misc
[0. 0. 0. ... 0. 0. 0.],comp.sys.ibm.pc.hardware
[0. 0. 0. ... 0. 0. 0.],comp.graphics
[0. 0. 0. ... 0. 0. 0.],misc.forsale
[0. 0. 0. ... 0. 0. 0.],sci.space
[0. 0. 0. ... 0. 0. 0.],comp.sys.ibm.pc.hardware
[0. 0. 0. ... 0. 0. 0.],soc.religion.christian
[0. 0. 0. ... 0. 0. 0.],alt.atheism
[0.         0.26628996 0.         ... 0.         0.         0.        ],comp.windows.x
[0. 0. 0. ... 0. 0. 0.],rec.autos
[0. 0. 0. ... 0. 0. 0.],misc.forsale
[0. 0. 0. ... 0. 0. 0.],comp.os.ms-windows.misc
[0. 0. 0. ... 0. 0. 0.],alt.atheism
[0. 0. 0. ... 0. 0. 0.],sci.med
[0. 0. 0. ... 0. 0. 0.],comp.windows.x
[0. 0. 0. ... 0. 0. 0.],comp.os.ms-windows.misc
[0. 0. 0. ... 0. 0. 0.],rec.motorcycles
[0. 0. 0. ... 0. 0. 0.],comp.sys.mac.hardware
[0. 0. 0. ... 0. 0. 0.],alt.atheism
[0. 0. 0. ... 0. 0. 0.],talk.religion.misc
[0. 0. 0. ... 0. 0. 0.],alt.atheism
[0. 0. 0. ... 0. 0. 0.],rec.sport.baseball
[0. 0. 0. ... 0. 0. 0.],rec.sport.hockey
[0. 0. 0. ... 0. 0. 0.],talk.politics.mideast
[0.091711 0.       0.       ... 0.       0.       0.      ],talk.religion.misc
[0.         0.12154605 0.         ... 0.         0.         0.        ],comp.sys.ibm.pc.hardware
[0. 0. 0. ... 0. 0. 0.],sci.space
[0. 0. 0. ... 0. 0. 0.],sci.electronics
[0. 0. 0. ... 0. 0. 0.],rec.sport.baseball
[0. 0. 0. ... 0. 0. 0.],talk.politics.mideast
[0. 0. 0. ... 0. 0. 0.],sci.space
[0. 0. 0. ... 0. 0. 0.],comp.windows.x
[0. 0. 0. ... 0. 0. 0.],comp.graphics
[0. 0. 0. ... 0. 0. 0.],rec.autos
[0. 0. 0. ... 0. 0. 0.],comp.graphics
[0. 0. 0. ... 0. 0. 0.],comp.os.ms-windows.misc
[0. 0. 0. ... 0. 0. 0.],soc.religion.christian
[0. 0. 0. ... 0. 0. 0.],rec.motorcycles
[0.         0.08323257 0.         ... 0.         0.         0.        ],rec.sport.hockey
[0. 0. 0. ... 0. 0. 0.],comp.graphics
[0.         0.05472361 0.         ... 0.         0.         0.        ],sci.med
[0. 0. 0. ... 0. 0. 0.],comp.sys.mac.hardware
[0.         0.09743779 0.         ... 0.         0.         0.        ],soc.religion.christian
[0. 0. 0. ... 0. 0. 0.],misc.forsale
[0. 0. 0. ... 0. 0. 0.],talk.politics.misc
[0. 0. 0. ... 0. 0. 0.],sci.electronics
[0.         0.04645766 0.         ... 0.         0.         0.14548951],talk.politics.mideast
[0. 0. 0. ... 0. 0. 0.],talk.politics.guns
[0. 0. 0. ... 0. 0. 0.],rec.sport.hockey
[0. 0. 0. ... 0. 0. 0.],sci.space
[0. 0. 0. ... 0. 0. 0.],alt.atheism
[0. 0. 0. ... 0. 0. 0.],rec.sport.baseball
[0. 0. 0. ... 0. 0. 0.],rec.sport.hockey
[0. 0. 0. ... 0. 0. 0.],rec.autos
[0. 0. 0. ... 0. 0. 0.],talk.politics.guns
[0. 0. 0. ... 0. 0. 0.],talk.politics.guns
[0. 0. 0. ... 0. 0. 0.],sci.space
[0.         0.         0.         ... 0.         0.61795907 0.        ],comp.windows.x
[0. 0. 0. ... 0. 0. 0.],sci.space
[0. 0. 0. ... 0. 0. 0.],sci.crypt
[0. 0. 0. ... 0. 0. 0.],talk.religion.misc
[0. 0. 0. ... 0. 0. 0.],talk.politics.mideast
[0. 0. 0. ... 0. 0. 0.],sci.electronics
[0. 0. 0. ... 0. 0. 0.],rec.motorcycles
[0. 0. 0. ... 0. 0. 0.],comp.os.ms-windows.misc
[0. 0. 0. ... 0. 0. 0.],talk.politics.misc
[0. 0. 0. ... 0. 0. 0.],rec.motorcycles
[0. 0. 0. ... 0. 0. 0.],rec.motorcycles
[0. 0. 0. ... 0. 0. 0.],comp.windows.x
[0. 0. 0. ... 0. 0. 0.],sci.electronics
[0. 0. 0. ... 0. 0. 0.],comp.os.ms-windows.misc
[0. 0. 0. ... 0. 0. 0.],talk.politics.guns
[0. 0. 0. ... 0. 0. 0.],sci.crypt
[0. 0. 0. ... 0. 0. 0.],soc.religion.christian
[0.        0.1224884 0.        ... 0.        0.        0.       ],misc.forsale
[0. 0. 0. ... 0. 0. 0.],rec.autos
[0. 0. 0. ... 0. 0. 0.],talk.religion.misc
[0. 0. 0. ... 0. 0. 0.],alt.atheism
[0. 0. 0. ... 0. 0. 0.],comp.sys.ibm.pc.hardware
[0. 0. 0. ... 0. 0. 0.],rec.sport.hockey
[0. 0. 0. ... 0. 0. 0.],sci.space
[0. 0. 0. ... 0. 0. 0.],comp.os.ms-windows.misc
[0. 0. 0. ... 0. 0. 0.],sci.med
[0. 0. 0. ... 0. 0. 0.],comp.windows.x
[0. 0. 0. ... 0. 0. 0.],comp.os.ms-windows.misc
[0. 0. 0. ... 0. 0. 0.],sci.crypt
[0. 0. 0. ... 0. 0. 0.],talk.politics.guns
[0. 0. 0. ... 0. 0. 0.],talk.politics.guns
[0. 0. 0. ... 0. 0. 0.],soc.religion.christian
[0. 0. 0. ... 0. 0. 0.],misc.forsale
[0. 0. 0. ... 0. 0. 0.],soc.religion.christian
[0. 0. 0. ... 0. 0. 0.],sci.space
[0. 0. 0. ... 0. 0. 0.],comp.sys.mac.hardware
[0. 0. 0. ... 0. 0. 0.],comp.os.ms-windows.misc
[0. 0. 0. ... 0. 0. 0.],sci.crypt
[0. 0. 0. ... 0. 0. 0.],soc.religion.christian
[0. 0. 0. ... 0. 0. 0.],talk.politics.mideast
[0. 0. 0. ... 0. 0. 0.],comp.windows.x
[0. 0. 0. ... 0. 0. 0.],talk.religion.misc
[0.         0.23972546 0.         ... 0.         0.         0.        ],comp.os.ms-windows.misc
[0. 0. 0. ... 0. 0. 0.],comp.windows.x
[0. 0. 0. ... 0. 0. 0.],comp.sys.ibm.pc.hardware
[0. 0. 0. ... 0. 0. 0.],soc.religion.christian
[0. 0. 0. ... 0. 0. 0.],talk.religion.misc
[0. 0. 0. ... 0. 0. 0.],sci.med
[0. 0. 0. ... 0. 0. 0.],sci.med
[0. 0. 0. ... 0. 0. 0.],sci.space
[0. 0. 0. ... 0. 0. 0.],comp.graphics
[0. 0. 0. ... 0. 0. 0.],sci.crypt
[0. 0. 0. ... 0. 0. 0.],comp.windows.x
[0. 0. 0. ... 0. 0. 0.],rec.sport.hockey
[0. 0. 0. ... 0. 0. 0.],talk.politics.mideast
[0. 0. 0. ... 0. 0. 0.],misc.forsale
[0. 0. 0. ... 0. 0. 0.],sci.space
[0. 0. 0. ... 0. 0. 0.],sci.med
[0. 0. 0. ... 0. 0. 0.],comp.sys.mac.hardware
[0. 0. 0. ... 0. 0. 0.],misc.forsale
[0. 0. 0. ... 0. 0. 0.],comp.graphics
[0. 0. 0. ... 0. 0. 0.],comp.windows.x
[0. 0. 0. ... 0. 0. 0.],comp.sys.mac.hardware
[0. 0. 0. ... 0. 0. 0.],sci.space
[0. 0. 0. ... 0. 0. 0.],talk.politics.misc
[0. 0. 0. ... 0. 0. 0.],rec.sport.baseball
[0. 0. 0. ... 0. 0. 0.],sci.crypt
[0. 0. 0. ... 0. 0. 0.],sci.crypt
[0. 0. 0. ... 0. 0. 0.],sci.med
[0. 0. 0. ... 0. 0. 0.],alt.atheism
[0. 0. 0. ... 0. 0. 0.],rec.sport.baseball
[0. 0. 0. ... 0. 0. 0.],comp.os.ms-windows.misc
[0. 0. 0. ... 0. 0. 0.],comp.sys.ibm.pc.hardware
[0. 0. 0. ... 0. 0. 0.],sci.electronics
[0. 0. 0. ... 0. 0. 0.],soc.religion.christian
[0. 0. 0. ... 0. 0. 0.],misc.forsale
[0. 0. 0. ... 0. 0. 0.],rec.autos
[0. 0. 0. ... 0. 0. 0.],comp.os.ms-windows.misc
[0. 0. 0. ... 0. 0. 0.],rec.motorcycles
[0. 0. 0. ... 0. 0. 0.],comp.graphics
[0.         0.15109049 0.         ... 0.         0.         0.        ],sci.med
[0. 0. 0. ... 0. 0. 0.],talk.religion.misc
[0. 0. 0. ... 0. 0. 0.],comp.os.ms-windows.misc
[0. 0. 0. ... 0. 0. 0.],misc.forsale
[0. 0. 0. ... 0. 0. 0.],sci.med
[0. 0. 0. ... 0. 0. 0.],sci.space
[0. 0. 0. ... 0. 0. 0.],comp.graphics
[0. 0. 0. ... 0. 0. 0.],alt.atheism
[0. 0. 0. ... 0. 0. 0.],sci.crypt
[0. 0. 0. ... 0. 0. 0.],sci.med
[0. 0. 0. ... 0. 0. 0.],talk.religion.misc
[0. 0. 0. ... 0. 0. 0.],comp.os.ms-windows.misc
[0. 0. 0. ... 0. 0. 0.],rec.autos
[0. 0. 0. ... 0. 0. 0.],talk.politics.guns
[0. 0. 0. ... 0. 0. 0.],rec.sport.hockey
[0. 0. 0. ... 0. 0. 0.],comp.sys.ibm.pc.hardware
[0. 0. 0. ... 0. 0. 0.],sci.electronics
[0. 0. 0. ... 0. 0. 0.],sci.electronics
[0. 0. 0. ... 0. 0. 0.],comp.windows.x
[0. 0. 0. ... 0. 0. 0.],comp.windows.x
[0.         0.03977883 0.         ... 0.         0.         0.        ],rec.sport.hockey
[0.         0.         0.         ... 0.13540174 0.         0.        ],rec.motorcycles
[0.05864475 0.         0.         ... 0.         0.         0.        ],talk.religion.misc
[0.         0.06561612 0.         ... 0.         0.         0.        ],rec.autos
[0. 0. 0. ... 0. 0. 0.],misc.forsale
[0. 0. 0. ... 0. 0. 0.],misc.forsale
[0. 0. 0. ... 0. 0. 0.],talk.politics.mideast
[0. 0. 0. ... 0. 0. 0.],rec.autos
[0. 0. 0. ... 0. 0. 0.],sci.space
[0. 0. 0. ... 0. 0. 0.],rec.motorcycles
[0. 0. 0. ... 0. 0. 0.],comp.sys.ibm.pc.hardware
[0. 0. 0. ... 0. 0. 0.],misc.forsale
[0. 0. 0. ... 0. 0. 0.],alt.atheism
[0. 0. 0. ... 0. 0. 0.],comp.sys.mac.hardware
[0. 0. 0. ... 0. 0. 0.],comp.os.ms-windows.misc
[0. 0. 0. ... 0. 0. 0.],soc.religion.christian
[0. 0. 0. ... 0. 0. 0.],alt.atheism
[0. 0. 0. ... 0. 0. 0.],comp.windows.x
[0. 0. 0. ... 0. 0. 0.],alt.atheism
[0. 0. 0. ... 0. 0. 0.],sci.electronics
[0. 0. 0. ... 0. 0. 0.],comp.sys.mac.hardware
[0. 0. 0. ... 0. 0. 0.],sci.med
[0. 0. 0. ... 0. 0. 0.],comp.os.ms-windows.misc
[0. 0. 0. ... 0. 0. 0.],comp.sys.mac.hardware
[0. 0. 0. ... 0. 0. 0.],rec.sport.hockey
[0. 0. 0. ... 0. 0. 0.],talk.politics.misc
[0. 0. 0. ... 0. 0. 0.],comp.sys.mac.hardware
[0. 0. 0. ... 0. 0. 0.],misc.forsale
[0. 0. 0. ... 0. 0. 0.],misc.forsale
[0. 0. 0. ... 0. 0. 0.],talk.politics.guns
[0. 0. 0. ... 0. 0. 0.],comp.windows.x
[0.         0.07972254 0.         ... 0.         0.         0.        ],comp.graphics
[0. 0. 0. ... 0. 0. 0.],comp.os.ms-windows.misc
[0. 0. 0. ... 0. 0. 0.],comp.windows.x
[0. 0. 0. ... 0. 0. 0.],talk.politics.mideast
[0. 0. 0. ... 0. 0. 0.],rec.sport.hockey
[0. 0. 0. ... 0. 0. 0.],sci.electronics
[0. 0. 0. ... 0. 0. 0.],comp.windows.x
[0. 0. 0. ... 0. 0. 0.],sci.med
[0.         0.14139227 0.         ... 0.         0.         0.        ],talk.politics.misc
[0.         0.03478373 0.         ... 0.         0.         0.        ],talk.politics.guns
[0. 0. 0. ... 0. 0. 0.],sci.space
[0. 0. 0. ... 0. 0. 0.],talk.religion.misc
[0. 0. 0. ... 0. 0. 0.],comp.sys.ibm.pc.hardware
[0. 0. 0. ... 0. 0. 0.],sci.crypt
[0. 0. 0. ... 0. 0. 0.],talk.politics.guns
[0. 0. 0. ... 0. 0. 0.],sci.crypt
[0. 0. 0. ... 0. 0. 0.],talk.religion.misc
[0. 0. 0. ... 0. 0. 0.],talk.politics.guns
[0. 0. 0. ... 0. 0. 0.],comp.graphics
[0. 0. 0. ... 0. 0. 0.],sci.space
[0. 0. 0. ... 0. 0. 0.],talk.politics.mideast
[0.         0.08800248 0.         ... 0.         0.         0.        ],alt.atheism
[0. 0. 0. ... 0. 0. 0.],alt.atheism
[0. 0. 0. ... 0. 0. 0.],comp.sys.mac.hardware
[0. 0. 0. ... 0. 0. 0.],rec.motorcycles
[0. 0. 0. ... 0. 0. 0.],sci.crypt
[0. 0. 0. ... 0. 0. 0.],rec.autos
[0. 0. 0. ... 0. 0. 0.],comp.graphics
[0. 0. 0. ... 0. 0. 0.],rec.sport.hockey
[0. 0. 0. ... 0. 0. 0.],rec.autos
[0. 0. 0. ... 0. 0. 0.],rec.sport.baseball
[0. 0. 0. ... 0. 0. 0.],comp.sys.mac.hardware
[0. 0. 0. ... 0. 0. 0.],talk.politics.guns
[0.         0.06472923 0.         ... 0.         0.         0.        ],sci.space
[0. 0. 0. ... 0. 0. 0.],sci.med
[0. 0. 0. ... 0. 0. 0.],misc.forsale
[0. 0. 0. ... 0. 0. 0.],comp.sys.ibm.pc.hardware
[0.         0.31762246 0.         ... 0.         0.         0.        ],comp.graphics
[0. 0. 0. ... 0. 0. 0.],alt.atheism
[0.        0.0669704 0.        ... 0.        0.        0.       ],comp.os.ms-windows.misc
[0. 0. 0. ... 0. 0. 0.],soc.religion.christian
[0. 0. 0. ... 0. 0. 0.],rec.autos
[0. 0. 0. ... 0. 0. 0.],sci.electronics
[0. 0. 0. ... 0. 0. 0.],sci.med
[0.         0.10961013 0.         ... 0.         0.         0.        ],sci.crypt
[0. 0. 0. ... 0. 0. 0.],rec.motorcycles
[0. 0. 0. ... 0. 0. 0.],misc.forsale
[0. 0. 0. ... 0. 0. 0.],soc.religion.christian
[0. 0. 0. ... 0. 0. 0.],rec.motorcycles
[0. 0. 0. ... 0. 0. 0.],talk.politics.misc
[0. 0. 0. ... 0. 0. 0.],talk.politics.mideast
[0. 0. 0. ... 0. 0. 0.],rec.sport.hockey
[0. 0. 0. ... 0. 0. 0.],sci.crypt
[0. 0. 0. ... 0. 0. 0.],comp.windows.x
[0. 0. 0. ... 0. 0. 0.],comp.os.ms-windows.misc
[0. 0. 0. ... 0. 0. 0.],talk.politics.mideast
[0. 0. 0. ... 0. 0. 0.],sci.space
[0. 0. 0. ... 0. 0. 0.],comp.sys.mac.hardware
[0. 0. 0. ... 0. 0. 0.],comp.graphics
[0. 0. 0. ... 0. 0. 0.],rec.autos
[0.         0.17454907 0.         ... 0.         0.         0.        ],alt.atheism
[0. 0. 0. ... 0. 0. 0.],rec.autos
[0. 0. 0. ... 0. 0. 0.],comp.windows.x
[0. 0. 0. ... 0. 0. 0.],sci.space
[0. 0. 0. ... 0. 0. 0.],comp.sys.ibm.pc.hardware
[0. 0. 0. ... 0. 0. 0.],talk.politics.guns
[0. 0. 0. ... 0. 0. 0.],sci.med
[0. 0. 0. ... 0. 0. 0.],comp.sys.mac.hardware
[0. 0. 0. ... 0. 0. 0.],talk.religion.misc
[0. 0. 0. ... 0. 0. 0.],sci.space
[0. 0. 0. ... 0. 0. 0.],comp.windows.x
[0. 0. 0. ... 0. 0. 0.],comp.windows.x
[0. 0. 0. ... 0. 0. 0.],comp.sys.mac.hardware
[0. 0. 0. ... 0. 0. 0.],comp.graphics
[0. 0. 0. ... 0. 0. 0.],sci.med
[0. 0. 0. ... 0. 0. 0.],soc.religion.christian
[0. 0. 0. ... 0. 0. 0.],talk.politics.misc
[0. 0. 0. ... 0. 0. 0.],talk.politics.guns
[0. 0. 0. ... 0. 0. 0.],comp.sys.ibm.pc.hardware
[0.         0.04458428 0.         ... 0.         0.         0.        ],rec.autos
[0. 0. 0. ... 0. 0. 0.],talk.politics.mideast
[0. 0. 0. ... 0. 0. 0.],sci.space
[0. 0. 0. ... 0. 0. 0.],rec.autos
[0. 0. 0. ... 0. 0. 0.],comp.windows.x
[0. 0. 0. ... 0. 0. 0.],soc.religion.christian
[0. 0. 0. ... 0. 0. 0.],talk.politics.guns
[0. 0. 0. ... 0. 0. 0.],comp.os.ms-windows.misc
[0. 0. 0. ... 0. 0. 0.],sci.med
[0. 0. 0. ... 0. 0. 0.],comp.sys.mac.hardware
[0. 0. 0. ... 0. 0. 0.],comp.sys.ibm.pc.hardware
[0. 0. 0. ... 0. 0. 0.],talk.politics.guns
[0. 0. 0. ... 0. 0. 0.],talk.politics.misc
[0.         0.12064905 0.         ... 0.         0.         0.        ],rec.sport.baseball
[0.         0.11079371 0.         ... 0.         0.         0.        ],comp.windows.x
[0. 0. 0. ... 0. 0. 0.],rec.autos
[0. 0. 0. ... 0. 0. 0.],talk.politics.guns
[0. 0. 0. ... 0. 0. 0.],comp.sys.ibm.pc.hardware
[0. 0. 0. ... 0. 0. 0.],rec.sport.hockey
[0. 0. 0. ... 0. 0. 0.],comp.windows.x
[0. 0. 0. ... 0. 0. 0.],rec.sport.baseball
[0. 0. 0. ... 0. 0. 0.],sci.space
[0. 0. 0. ... 0. 0. 0.],sci.electronics
[0. 0. 0. ... 0. 0. 0.],comp.sys.ibm.pc.hardware
[0. 0. 0. ... 0. 0. 0.],sci.electronics
[0. 0. 0. ... 0. 0. 0.],rec.autos
[0.         0.08898211 0.         ... 0.         0.         0.        ],soc.religion.christian
[0. 0. 0. ... 0. 0. 0.],comp.graphics
[0. 0. 0. ... 0. 0. 0.],sci.space
[0. 0. 0. ... 0. 0. 0.],sci.electronics
[0. 0. 0. ... 0. 0. 0.],talk.politics.misc
[0. 0. 0. ... 0. 0. 0.],sci.med
[0. 0. 0. ... 0. 0. 0.],rec.autos
[0. 0. 0. ... 0. 0. 0.],comp.graphics
[0.         0.         0.12970394 ... 0.         0.         0.        ],soc.religion.christian
[0. 0. 0. ... 0. 0. 0.],comp.sys.mac.hardware
[0. 0. 0. ... 0. 0. 0.],misc.forsale
[0.         0.         0.         ... 0.06318434 0.         0.        ],comp.sys.ibm.pc.hardware
[0. 0. 0. ... 0. 0. 0.],comp.sys.mac.hardware
[0. 0. 0. ... 0. 0. 0.],comp.os.ms-windows.misc
[0. 0. 0. ... 0. 0. 0.],comp.graphics
[0. 0. 0. ... 0. 0. 0.],rec.motorcycles
[0. 0. 0. ... 0. 0. 0.],talk.religion.misc
[0.10100789 0.         0.         ... 0.         0.         0.        ],rec.sport.baseball
[0. 0. 0. ... 0. 0. 0.],rec.autos
[0. 0. 0. ... 0. 0. 0.],rec.sport.baseball
[0. 0. 0. ... 0. 0. 0.],comp.windows.x
[0.         0.03651316 0.         ... 0.         0.         0.        ],comp.windows.x
[0. 0. 0. ... 0. 0. 0.],comp.sys.mac.hardware
[0. 0. 0. ... 0. 0. 0.],comp.graphics
[0.10440435 0.         0.         ... 0.         0.         0.        ],rec.sport.hockey
[0. 0. 0. ... 0. 0. 0.],rec.motorcycles
[0. 0. 0. ... 0. 0. 0.],comp.sys.mac.hardware
[0. 0. 0. ... 0. 0. 0.],comp.sys.mac.hardware
[0. 0. 0. ... 0. 0. 0.],rec.motorcycles
[0. 0. 0. ... 0. 0. 0.],sci.electronics
[0. 0. 0. ... 0. 0. 0.],talk.politics.mideast
[0. 0. 0. ... 0. 0. 0.],talk.politics.guns
[0. 0. 0. ... 0. 0. 0.],comp.graphics
[0. 0. 0. ... 0. 0. 0.],misc.forsale
[0. 0. 0. ... 0. 0. 0.],comp.sys.mac.hardware
[0. 0. 0. ... 0. 0. 0.],alt.atheism
[0. 0. 0. ... 0. 0. 0.],rec.autos
[0. 0. 0. ... 0. 0. 0.],comp.sys.ibm.pc.hardware
[0. 0. 0. ... 0. 0. 0.],sci.crypt
[0. 0. 0. ... 0. 0. 0.],rec.sport.baseball
[0. 0. 0. ... 0. 0. 0.],talk.religion.misc
[0. 0. 0. ... 0. 0. 0.],comp.os.ms-windows.misc
[0. 0. 0. ... 0. 0. 0.],sci.med
[0. 0. 0. ... 0. 0. 0.],comp.os.ms-windows.misc
[0. 0. 0. ... 0. 0. 0.],sci.crypt
[0.         0.22439339 0.         ... 0.         0.         0.        ],comp.windows.x
[0. 0. 0. ... 0. 0. 0.],comp.windows.x
[0. 0. 0. ... 0. 0. 0.],comp.sys.mac.hardware
[0. 0. 0. ... 0. 0. 0.],rec.motorcycles
[0. 0. 0. ... 0. 0. 0.],talk.politics.guns
[0. 0. 0. ... 0. 0. 0.],sci.crypt
[0. 0. 0. ... 0. 0. 0.],soc.religion.christian
[0. 0. 0. ... 0. 0. 0.],comp.graphics
[0. 0. 0. ... 0. 0. 0.],talk.politics.misc
[0. 0. 0. ... 0. 0. 0.],sci.space
[0. 0. 0. ... 0. 0. 0.],comp.graphics
[0. 0. 0. ... 0. 0. 0.],talk.politics.misc
[0. 0. 0. ... 0. 0. 0.],rec.autos
[0. 0. 0. ... 0. 0. 0.],talk.politics.misc
[0.         0.05676676 0.         ... 0.         0.         0.        ],rec.sport.hockey
[0.2310889 0.        0.        ... 0.        0.        0.       ],comp.windows.x
[0. 0. 0. ... 0. 0. 0.],talk.politics.misc
[0. 0. 0. ... 0. 0. 0.],comp.sys.mac.hardware
[0.         0.         0.         ... 0.08657372 0.         0.        ],rec.sport.baseball
[0.41953288 0.         0.         ... 0.         0.         0.        ],soc.religion.christian
[0. 0. 0. ... 0. 0. 0.],rec.sport.baseball
[0.         0.19778415 0.         ... 0.         0.         0.        ],comp.os.ms-windows.misc
[0. 0. 0. ... 0. 0. 0.],soc.religion.christian
[0.         0.05776106 0.         ... 0.         0.         0.        ],comp.windows.x
[0. 0. 0. ... 0. 0. 0.],talk.religion.misc
[0. 0. 0. ... 0. 0. 0.],comp.windows.x
[0. 0. 0. ... 0. 0. 0.],talk.politics.mideast
[0. 0. 0. ... 0. 0. 0.],alt.atheism
[0. 0. 0. ... 0. 0. 0.],comp.sys.mac.hardware
[0. 0. 0. ... 0. 0. 0.],rec.sport.hockey
[0. 0. 0. ... 0. 0. 0.],talk.politics.guns
[0. 0. 0. ... 0. 0. 0.],rec.motorcycles
[0. 0. 0. ... 0. 0. 0.],rec.autos
[0.         0.13931605 0.         ... 0.         0.         0.        ],rec.autos
[0. 0. 0. ... 0. 0. 0.],sci.space
[0. 0. 0. ... 0. 0. 0.],sci.electronics
[0. 0. 0. ... 0. 0. 0.],misc.forsale
[0. 0. 0. ... 0. 0. 0.],talk.politics.misc
[0. 0. 0. ... 0. 0. 0.],sci.electronics
[0. 0. 0. ... 0. 0. 0.],talk.politics.guns
[0. 0. 0. ... 0. 0. 0.],comp.sys.ibm.pc.hardware
[0. 0. 0. ... 0. 0. 0.],rec.autos
[0. 0. 0. ... 0. 0. 0.],talk.politics.guns
[0.         0.         0.         ... 0.20272507 0.         0.        ],alt.atheism
[0. 0. 0. ... 0. 0. 0.],rec.autos
[0. 0. 0. ... 0. 0. 0.],sci.electronics
[0. 0. 0. ... 0. 0. 0.],comp.graphics
[0. 0. 0. ... 0. 0. 0.],comp.graphics
[0. 0. 0. ... 0. 0. 0.],talk.politics.misc
[0. 0. 0. ... 0. 0. 0.],sci.med
[0. 0. 0. ... 0. 0. 0.],rec.motorcycles
[0. 0. 0. ... 0. 0. 0.],rec.sport.hockey
[0. 0. 0. ... 0. 0. 0.],talk.politics.misc
[0. 0. 0. ... 0. 0. 0.],soc.religion.christian
[0. 0. 0. ... 0. 0. 0.],rec.autos
[0. 0. 0. ... 0. 0. 0.],comp.windows.x
[0. 0. 0. ... 0. 0. 0.],sci.space
[0. 0. 0. ... 0. 0. 0.],rec.sport.baseball
[0. 0. 0. ... 0. 0. 0.],soc.religion.christian
[0. 0. 0. ... 0. 0. 0.],sci.med
[0. 0. 0. ... 0. 0. 0.],rec.autos
[0. 0. 0. ... 0. 0. 0.],comp.os.ms-windows.misc
[0. 0. 0. ... 0. 0. 0.],sci.med
[0. 0. 0. ... 0. 0. 0.],comp.windows.x
[0.         0.         0.         ... 0.21177988 0.         0.        ],rec.sport.baseball
[0. 0. 0. ... 0. 0. 0.],alt.atheism
[0. 0. 0. ... 0. 0. 0.],talk.religion.misc
[0. 0. 0. ... 0. 0. 0.],comp.sys.ibm.pc.hardware
[0. 0. 0. ... 0. 0. 0.],talk.politics.guns
[0. 0. 0. ... 0. 0. 0.],sci.med
[0. 0. 0. ... 0. 0. 0.],comp.graphics
[0.21544546 0.         0.         ... 0.         0.         0.        ],rec.sport.baseball
[0. 0. 0. ... 0. 0. 0.],comp.graphics
[0. 0. 0. ... 0. 0. 0.],talk.politics.misc
[0. 0. 0. ... 0. 0. 0.],talk.religion.misc
[0. 0. 0. ... 0. 0. 0.],talk.politics.guns
[0. 0. 0. ... 0. 0. 0.],rec.sport.hockey
[0. 0. 0. ... 0. 0. 0.],comp.graphics
[0. 0. 0. ... 0. 0. 0.],comp.os.ms-windows.misc
[0. 0. 0. ... 0. 0. 0.],comp.os.ms-windows.misc
[0. 0. 0. ... 0. 0. 0.],rec.motorcycles
[0. 0. 0. ... 0. 0. 0.],comp.os.ms-windows.misc
[0. 0. 0. ... 0. 0. 0.],comp.graphics
[0. 0. 0. ... 0. 0. 0.],comp.windows.x
[0. 0. 0. ... 0. 0. 0.],comp.os.ms-windows.misc
[0. 0. 0. ... 0. 0. 0.],soc.religion.christian
[0. 0. 0. ... 0. 0. 0.],comp.sys.ibm.pc.hardware
[0.         0.02530087 0.         ... 0.         0.         0.        ],sci.crypt
[0. 0. 0. ... 0. 0. 0.],comp.os.ms-windows.misc
[0. 0. 0. ... 0. 0. 0.],rec.motorcycles
[0. 0. 0. ... 0. 0. 0.],misc.forsale
[0. 0. 0. ... 0. 0. 0.],sci.electronics
[0. 0. 0. ... 0. 0. 0.],sci.crypt
[0. 0. 0. ... 0. 0. 0.],sci.electronics
[0. 0. 0. ... 0. 0. 0.],sci.space
[0.         0.         0.         ... 0.         0.         0.07251669],talk.politics.misc
[0. 0. 0. ... 0. 0. 0.],sci.space
[0. 0. 0. ... 0. 0. 0.],talk.religion.misc
[0. 0. 0. ... 0. 0. 0.],comp.os.ms-windows.misc
[0. 0. 0. ... 0. 0. 0.],alt.atheism
[0. 0. 0. ... 0. 0. 0.],talk.politics.misc
[0. 0. 0. ... 0. 0. 0.],alt.atheism
[0.08338045 0.         0.         ... 0.         0.         0.        ],comp.sys.ibm.pc.hardware
[0. 0. 0. ... 0. 0. 0.],sci.electronics
[0. 0. 0. ... 0. 0. 0.],alt.atheism
[0. 0. 0. ... 0. 0. 0.],sci.med
[0. 0. 0. ... 0. 0. 0.],sci.space
[0. 0. 0. ... 0. 0. 0.],talk.politics.mideast
[0. 0. 0. ... 0. 0. 0.],soc.religion.christian
[0. 0. 0. ... 0. 0. 0.],comp.windows.x
[0. 0. 0. ... 0. 0. 0.],rec.sport.hockey
[0. 0. 0. ... 0. 0. 0.],comp.graphics
[0. 0. 0. ... 0. 0. 0.],comp.windows.x
[0. 0. 0. ... 0. 0. 0.],comp.graphics
[0. 0. 0. ... 0. 0. 0.],comp.os.ms-windows.misc
[0. 0. 0. ... 0. 0. 0.],sci.crypt
[0.         0.05634895 0.         ... 0.         0.         0.        ],sci.crypt
[0. 0. 0. ... 0. 0. 0.],comp.sys.mac.hardware
[0. 0. 0. ... 0. 0. 0.],sci.crypt
[0. 0. 0. ... 0. 0. 0.],rec.autos
[0. 0. 0. ... 0. 0. 0.],alt.atheism
[0. 0. 0. ... 0. 0. 0.],comp.windows.x
[0. 0. 0. ... 0. 0. 0.],talk.politics.mideast
[0. 0. 0. ... 0. 0. 0.],comp.os.ms-windows.misc
[0. 0. 0. ... 0. 0. 0.],misc.forsale
[0. 0. 0. ... 0. 0. 0.],talk.politics.guns
[0.         0.09603615 0.         ... 0.         0.         0.        ],comp.windows.x
[0. 0. 0. ... 0. 0. 0.],rec.sport.baseball
[0. 0. 0. ... 0. 0. 0.],rec.autos
[0. 0. 0. ... 0. 0. 0.],sci.space
[0. 0. 0. ... 0. 0. 0.],talk.politics.guns
[0. 0. 0. ... 0. 0. 0.],rec.sport.baseball
[0. 0. 0. ... 0. 0. 0.],talk.politics.misc
[0. 0. 0. ... 0. 0. 0.],comp.sys.mac.hardware
[0. 0. 0. ... 0. 0. 0.],sci.electronics
[0. 0. 0. ... 0. 0. 0.],talk.religion.misc
[0. 0. 0. ... 0. 0. 0.],sci.med
[0.         0.09912215 0.         ... 0.         0.         0.        ],comp.graphics
[0. 0. 0. ... 0. 0. 0.],sci.electronics
[0.         0.19854286 0.         ... 0.         0.         0.        ],talk.politics.misc
[0. 0. 0. ... 0. 0. 0.],rec.sport.hockey
[0. 0. 0. ... 0. 0. 0.],sci.electronics
[0. 0. 0. ... 0. 0. 0.],sci.space
[0. 0. 0. ... 0. 0. 0.],comp.graphics
[0.         0.13408287 0.         ... 0.         0.         0.        ],comp.graphics
[0. 0. 0. ... 0. 0. 0.],rec.sport.hockey
[0. 0. 0. ... 0. 0. 0.],rec.autos
[0. 0. 0. ... 0. 0. 0.],comp.sys.ibm.pc.hardware
[0. 0. 0. ... 0. 0. 0.],rec.sport.hockey
[0. 0. 0. ... 0. 0. 0.],rec.sport.hockey
[0.         0.         0.         ... 0.         0.56884358 0.        ],comp.os.ms-windows.misc
[0. 0. 0. ... 0. 0. 0.],misc.forsale
[0. 0. 0. ... 0. 0. 0.],comp.os.ms-windows.misc
[0. 0. 0. ... 0. 0. 0.],sci.space
[0.04188279 0.         0.         ... 0.         0.         0.        ],sci.crypt
[0. 0. 0. ... 0. 0. 0.],talk.politics.guns
[0. 0. 0. ... 0. 0. 0.],comp.sys.mac.hardware
[0. 0. 0. ... 0. 0. 0.],comp.graphics
[0. 0. 0. ... 0. 0. 0.],comp.sys.mac.hardware
[0. 0. 0. ... 0. 0. 0.],sci.electronics
[0.         0.16971293 0.         ... 0.         0.         0.        ],talk.religion.misc
[0.         0.21129749 0.         ... 0.         0.         0.        ],sci.space
[0. 0. 0. ... 0. 0. 0.],rec.autos
[0. 0. 0. ... 0. 0. 0.],comp.os.ms-windows.misc
[0. 0. 0. ... 0. 0. 0.],comp.graphics
[0. 0. 0. ... 0. 0. 0.],sci.space
[0. 0. 0. ... 0. 0. 0.],comp.sys.mac.hardware
[0. 0. 0. ... 0. 0. 0.],alt.atheism
[0. 0. 0. ... 0. 0. 0.],rec.sport.hockey
[0.         0.         0.         ... 0.         0.44815726 0.        ],talk.politics.misc
[0. 0. 0. ... 0. 0. 0.],comp.sys.mac.hardware
[0. 0. 0. ... 0. 0. 0.],comp.os.ms-windows.misc
[0. 0. 0. ... 0. 0. 0.],comp.os.ms-windows.misc
[0. 0. 0. ... 0. 0. 0.],comp.windows.x
[0. 0. 0. ... 0. 0. 0.],sci.crypt
[0. 0. 0. ... 0. 0. 0.],rec.sport.hockey
[0. 0. 0. ... 0. 0. 0.],comp.windows.x
[0. 0. 0. ... 0. 0. 0.],rec.sport.hockey
[0. 0. 0. ... 0. 0. 0.],comp.sys.ibm.pc.hardware
[0. 0. 0. ... 0. 0. 0.],comp.os.ms-windows.misc
[0. 0. 0. ... 0. 0. 0.],rec.motorcycles
[0. 0. 0. ... 0. 0. 0.],rec.autos
[0. 0. 0. ... 0. 0. 0.],misc.forsale
[0. 0. 0. ... 0. 0. 0.],misc.forsale
[0. 0. 0. ... 0. 0. 0.],alt.atheism
[0. 0. 0. ... 0. 0. 0.],rec.sport.hockey
[0. 0. 0. ... 0. 0. 0.],sci.electronics
[0. 0. 0. ... 0. 0. 0.],sci.crypt
[0. 0. 0. ... 0. 0. 0.],comp.os.ms-windows.misc
[0. 0. 0. ... 0. 0. 0.],comp.sys.ibm.pc.hardware
[0.         0.08886581 0.         ... 0.         0.         0.        ],comp.sys.mac.hardware
[0. 0. 0. ... 0. 0. 0.],sci.space
[0. 0. 0. ... 0. 0. 0.],soc.religion.christian
[0. 0. 0. ... 0. 0. 0.],comp.windows.x
[0. 0. 0. ... 0. 0. 0.],alt.atheism
[0. 0. 0. ... 0. 0. 0.],talk.politics.guns
[0. 0. 0. ... 0. 0. 0.],rec.sport.hockey
[0. 0. 0. ... 0. 0. 0.],comp.sys.mac.hardware
[0. 0. 0. ... 0. 0. 0.],alt.atheism
[0. 0. 0. ... 0. 0. 0.],sci.space
[0. 0. 0. ... 0. 0. 0.],comp.graphics
[0. 0. 0. ... 0. 0. 0.],talk.politics.guns
[0. 0. 0. ... 0. 0. 0.],talk.politics.mideast
[0. 0. 0. ... 0. 0. 0.],rec.sport.hockey
[0.         0.05738971 0.         ... 0.         0.         0.        ],sci.crypt
[0. 0. 0. ... 0. 0. 0.],rec.sport.baseball
[0. 0. 0. ... 0. 0. 0.],rec.motorcycles
[0. 0. 0. ... 0. 0. 0.],soc.religion.christian
[0. 0. 0. ... 0. 0. 0.],sci.electronics
[0.        0.1128751 0.        ... 0.        0.        0.       ],comp.sys.mac.hardware
[0. 0. 0. ... 0. 0. 0.],rec.motorcycles
[0. 0. 0. ... 0. 0. 0.],rec.sport.baseball
[0. 0. 0. ... 0. 0. 0.],comp.sys.mac.hardware
[0. 0. 0. ... 0. 0. 0.],comp.sys.ibm.pc.hardware
[0. 0. 0. ... 0. 0. 0.],talk.politics.mideast
[0. 0. 0. ... 0. 0. 0.],comp.os.ms-windows.misc
[0. 0. 0. ... 0. 0. 0.],misc.forsale
[0. 0. 0. ... 0. 0. 0.],comp.os.ms-windows.misc
[0. 0. 0. ... 0. 0. 0.],talk.politics.guns
[0.         0.28030073 0.         ... 0.         0.         0.        ],comp.graphics
[0. 0. 0. ... 0. 0. 0.],alt.atheism
[0. 0. 0. ... 0. 0. 0.],sci.med
[0. 0. 0. ... 0. 0. 0.],rec.motorcycles
[0. 0. 0. ... 0. 0. 0.],comp.os.ms-windows.misc
[0. 0. 0. ... 0. 0. 0.],comp.windows.x
[0. 0. 0. ... 0. 0. 0.],comp.graphics
[0. 0. 0. ... 0. 0. 0.],rec.sport.baseball
[0. 0. 0. ... 0. 0. 0.],talk.politics.guns
[0. 0. 0. ... 0. 0. 0.],talk.politics.guns
[0. 0. 0. ... 0. 0. 0.],comp.graphics
[0. 0. 0. ... 0. 0. 0.],comp.sys.mac.hardware
[0.         0.08297005 0.         ... 0.         0.         0.        ],rec.sport.baseball
[0. 0. 0. ... 0. 0. 0.],misc.forsale
[0. 0. 0. ... 0. 0. 0.],alt.atheism
[0. 0. 0. ... 0. 0. 0.],sci.med
[0. 0. 0. ... 0. 0. 0.],misc.forsale
[0. 0. 0. ... 0. 0. 0.],comp.sys.mac.hardware
[0. 0. 0. ... 0. 0. 0.],comp.sys.ibm.pc.hardware
[0. 0. 0. ... 0. 0. 0.],rec.sport.baseball
[0. 0. 0. ... 0. 0. 0.],talk.politics.mideast
[0. 0. 0. ... 0. 0. 0.],sci.crypt
[0. 0. 0. ... 0. 0. 0.],alt.atheism
[0. 0. 0. ... 0. 0. 0.],talk.religion.misc
[0. 0. 0. ... 0. 0. 0.],comp.os.ms-windows.misc
[0. 0. 0. ... 0. 0. 0.],rec.sport.hockey
[0. 0. 0. ... 0. 0. 0.],soc.religion.christian
[0. 0. 0. ... 0. 0. 0.],rec.sport.baseball
[0. 0. 0. ... 0. 0. 0.],comp.os.ms-windows.misc
[0. 0. 0. ... 0. 0. 0.],sci.med
[0. 0. 0. ... 0. 0. 0.],sci.med
[0. 0. 0. ... 0. 0. 0.],comp.windows.x
[0. 0. 0. ... 0. 0. 0.],sci.med
[0. 0. 0. ... 0. 0. 0.],soc.religion.christian
[0. 0. 0. ... 0. 0. 0.],comp.sys.ibm.pc.hardware
[0. 0. 0. ... 0. 0. 0.],comp.sys.mac.hardware
[0. 0. 0. ... 0. 0. 0.],sci.electronics
[0. 0. 0. ... 0. 0. 0.],talk.politics.mideast
[0. 0. 0. ... 0. 0. 0.],talk.politics.guns
[0. 0. 0. ... 0. 0. 0.],rec.motorcycles
[0. 0. 0. ... 0. 0. 0.],comp.sys.mac.hardware
[0.         0.         0.08722428 ... 0.         0.         0.        ],sci.space
[0. 0. 0. ... 0. 0. 0.],rec.autos
[0. 0. 0. ... 0. 0. 0.],soc.religion.christian
[0. 0. 0. ... 0. 0. 0.],comp.os.ms-windows.misc
[0. 0. 0. ... 0. 0. 0.],comp.graphics
[0.06317716 0.04826741 0.         ... 0.         0.         0.        ],sci.med
[0. 0. 0. ... 0. 0. 0.],comp.sys.ibm.pc.hardware
[0. 0. 0. ... 0. 0. 0.],soc.religion.christian
[0.         0.         0.27010292 ... 0.         0.         0.        ],talk.politics.misc
[0. 0. 0. ... 0. 0. 0.],comp.windows.x
[0. 0. 0. ... 0. 0. 0.],soc.religion.christian
[0. 0. 0. ... 0. 0. 0.],talk.religion.misc
[0. 0. 0. ... 0. 0. 0.],comp.sys.ibm.pc.hardware
[0. 0. 0. ... 0. 0. 0.],talk.politics.mideast
[0. 0. 0. ... 0. 0. 0.],comp.sys.mac.hardware
[0.05949797 0.         0.         ... 0.         0.         0.        ],sci.space
[0. 0. 0. ... 0. 0. 0.],comp.sys.ibm.pc.hardware
[0. 0. 0. ... 0. 0. 0.],comp.windows.x
[0. 0. 0. ... 0. 0. 0.],comp.os.ms-windows.misc
[0. 0. 0. ... 0. 0. 0.],comp.sys.ibm.pc.hardware
[0.        0.0368692 0.        ... 0.        0.        0.       ],sci.crypt
[0. 0. 0. ... 0. 0. 0.],rec.sport.hockey
[0. 0. 0. ... 0. 0. 0.],comp.windows.x
[0. 0. 0. ... 0. 0. 0.],misc.forsale
[0. 0. 0. ... 0. 0. 0.],talk.politics.mideast
[0.         0.         0.11650388 ... 0.         0.         0.        ],alt.atheism
[0. 0. 0. ... 0. 0. 0.],talk.politics.misc
[0.09763779 0.         0.         ... 0.         0.         0.        ],sci.crypt
[0. 0. 0. ... 0. 0. 0.],sci.med
[0. 0. 0. ... 0. 0. 0.],rec.motorcycles
[0.05072419 0.         0.         ... 0.         0.         0.        ],alt.atheism
[0. 0. 0. ... 0. 0. 0.],comp.sys.ibm.pc.hardware
[0. 0. 0. ... 0. 0. 0.],talk.politics.mideast
[0. 0. 0. ... 0. 0. 0.],comp.graphics
[0.         0.03582716 0.05873269 ... 0.         0.         0.        ],talk.politics.misc
[0. 0. 0. ... 0. 0. 0.],comp.sys.mac.hardware
[0. 0. 0. ... 0. 0. 0.],talk.religion.misc
[0. 0. 0. ... 0. 0. 0.],rec.autos
[0.         0.         0.21412566 ... 0.         0.         0.        ],soc.religion.christian
[0. 0. 0. ... 0. 0. 0.],rec.motorcycles
[0. 0. 0. ... 0. 0. 0.],talk.politics.mideast
[0. 0. 0. ... 0. 0. 0.],talk.politics.mideast
[0. 0. 0. ... 0. 0. 0.],talk.politics.mideast
[0. 0. 0. ... 0. 0. 0.],rec.autos
[0. 0. 0. ... 0. 0. 0.],sci.space
[0. 0. 0. ... 0. 0. 0.],talk.politics.guns
[0. 0. 0. ... 0. 0. 0.],alt.atheism
[0. 0. 0. ... 0. 0. 0.],rec.sport.baseball
[0. 0. 0. ... 0. 0. 0.],comp.windows.x
[0. 0. 0. ... 0. 0. 0.],sci.space
[0. 0. 0. ... 0. 0. 0.],talk.politics.guns
[0. 0. 0. ... 0. 0. 0.],rec.sport.hockey
[0. 0. 0. ... 0. 0. 0.],talk.religion.misc
[0. 0. 0. ... 0. 0. 0.],rec.autos
[0. 0. 0. ... 0. 0. 0.],talk.religion.misc
[0. 0. 0. ... 0. 0. 0.],comp.sys.mac.hardware
[0. 0. 0. ... 0. 0. 0.],sci.electronics
[0.         0.15903015 0.         ... 0.         0.         0.        ],comp.sys.ibm.pc.hardware
[0. 0. 0. ... 0. 0. 0.],comp.windows.x
[0. 0. 0. ... 0. 0. 0.],rec.motorcycles
[0. 0. 0. ... 0. 0. 0.],rec.sport.baseball
[0.         0.21330045 0.         ... 0.         0.         0.        ],comp.os.ms-windows.misc
[0. 0. 0. ... 0. 0. 0.],comp.windows.x
[0.         0.10917511 0.         ... 0.         0.         0.        ],rec.motorcycles
[0. 0. 0. ... 0. 0. 0.],sci.electronics
[0. 0. 0. ... 0. 0. 0.],sci.med
[0. 0. 0. ... 0. 0. 0.],rec.sport.baseball
[0. 0. 0. ... 0. 0. 0.],talk.politics.mideast
[0. 0. 0. ... 0. 0. 0.],comp.sys.ibm.pc.hardware
[0. 0. 0. ... 0. 0. 0.],comp.sys.ibm.pc.hardware
[0. 0. 0. ... 0. 0. 0.],sci.crypt
[0. 0. 0. ... 0. 0. 0.],rec.motorcycles
[0. 0. 0. ... 0. 0. 0.],misc.forsale
[0. 0. 0. ... 0. 0. 0.],misc.forsale
[0. 0. 0. ... 0. 0. 0.],talk.politics.misc
[0. 0. 0. ... 0. 0. 0.],sci.med
[0.11565893 0.         0.         ... 0.         0.         0.        ],sci.crypt
[0. 0. 0. ... 0. 0. 0.],rec.sport.hockey
[0. 0. 0. ... 0. 0. 0.],rec.motorcycles
[0.         0.07382814 0.         ... 0.         0.         0.        ],talk.religion.misc
[0. 0. 0. ... 0. 0. 0.],talk.politics.guns
[0. 0. 0. ... 0. 0. 0.],rec.sport.hockey
[0. 0. 0. ... 0. 0. 0.],sci.med
[0.05079942 0.03881081 0.         ... 0.         0.         0.        ],talk.politics.misc
[0.03059508 0.04674935 0.         ... 0.         0.         0.        ],comp.sys.ibm.pc.hardware
[0. 0. 0. ... 0. 0. 0.],comp.sys.mac.hardware
[0. 0. 0. ... 0. 0. 0.],rec.autos
[0. 0. 0. ... 0. 0. 0.],comp.graphics
[0. 0. 0. ... 0. 0. 0.],talk.politics.mideast
[0. 0. 0. ... 0. 0. 0.],comp.graphics
[0. 0. 0. ... 0. 0. 0.],comp.sys.ibm.pc.hardware
[0. 0. 0. ... 0. 0. 0.],comp.sys.mac.hardware
[0. 0. 0. ... 0. 0. 0.],comp.sys.mac.hardware
[0. 0. 0. ... 0. 0. 0.],talk.politics.guns
[0. 0. 0. ... 0. 0. 0.],comp.sys.mac.hardware
[0. 0. 0. ... 0. 0. 0.],rec.motorcycles
[0. 0. 0. ... 0. 0. 0.],talk.politics.misc
[0. 0. 0. ... 0. 0. 0.],rec.motorcycles
[0. 0. 0. ... 0. 0. 0.],rec.sport.baseball
[0. 0. 0. ... 0. 0. 0.],sci.crypt
[0. 0. 0. ... 0. 0. 0.],comp.sys.mac.hardware
[0. 0. 0. ... 0. 0. 0.],rec.autos
[0. 0. 0. ... 0. 0. 0.],comp.sys.ibm.pc.hardware
[0. 0. 0. ... 0. 0. 0.],rec.sport.hockey
[0. 0. 0. ... 0. 0. 0.],comp.sys.mac.hardware
[0. 0. 0. ... 0. 0. 0.],soc.religion.christian
[0. 0. 0. ... 0. 0. 0.],comp.sys.mac.hardware
[0. 0. 0. ... 0. 0. 0.],sci.space
[0. 0. 0. ... 0. 0. 0.],talk.politics.misc
[0. 0. 0. ... 0. 0. 0.],rec.autos
[0. 0. 0. ... 0. 0. 0.],misc.forsale
[0. 0. 0. ... 0. 0. 0.],rec.autos
[0. 0. 0. ... 0. 0. 0.],sci.med
[0. 0. 0. ... 0. 0. 0.],soc.religion.christian
[0. 0. 0. ... 0. 0. 0.],sci.electronics
[0.         0.         0.         ... 0.         0.         0.09607781],rec.sport.hockey
[0. 0. 0. ... 0. 0. 0.],sci.space
[0. 0. 0. ... 0. 0. 0.],misc.forsale
[0. 0. 0. ... 0. 0. 0.],talk.politics.misc
[0. 0. 0. ... 0. 0. 0.],rec.sport.hockey
[0.         0.06346632 0.         ... 0.09539372 0.         0.        ],comp.sys.ibm.pc.hardware
[0. 0. 0. ... 0. 0. 0.],comp.sys.mac.hardware
[0. 0. 0. ... 0. 0. 0.],misc.forsale
[0. 0. 0. ... 0. 0. 0.],talk.politics.mideast
[0. 0. 0. ... 0. 0. 0.],sci.space
[0. 0. 0. ... 0. 0. 0.],talk.politics.misc
[0. 0. 0. ... 0. 0. 0.],rec.sport.baseball
[0. 0. 0. ... 0. 0. 0.],soc.religion.christian
[0. 0. 0. ... 0. 0. 0.],rec.motorcycles
[0.         0.         0.         ... 0.         0.32224626 0.        ],comp.os.ms-windows.misc
[0.         0.03000923 0.         ... 0.         0.         0.        ],rec.sport.hockey
[0. 0. 0. ... 0. 0. 0.],comp.sys.mac.hardware
[0. 0. 0. ... 0. 0. 0.],comp.windows.x
[0. 0. 0. ... 0. 0. 0.],sci.space
[0. 0. 0. ... 0. 0. 0.],sci.electronics
[0. 0. 0. ... 0. 0. 0.],comp.os.ms-windows.misc
[0. 0. 0. ... 0. 0. 0.],comp.graphics
[0. 0. 0. ... 0. 0. 0.],rec.motorcycles
[0. 0. 0. ... 0. 0. 0.],talk.politics.misc
[0. 0. 0. ... 0. 0. 0.],rec.sport.hockey
[0. 0. 0. ... 0. 0. 0.],comp.sys.mac.hardware
[0. 0. 0. ... 0. 0. 0.],talk.politics.guns
[0. 0. 0. ... 0. 0. 0.],sci.med
[0. 0. 0. ... 0. 0. 0.],sci.space
[0. 0. 0. ... 0. 0. 0.],sci.space
[0. 0. 0. ... 0. 0. 0.],comp.os.ms-windows.misc
[0.         0.07450448 0.         ... 0.         0.         0.        ],rec.autos
[0. 0. 0. ... 0. 0. 0.],rec.motorcycles
[0. 0. 0. ... 0. 0. 0.],talk.politics.mideast
[0. 0. 0. ... 0. 0. 0.],comp.graphics
[0. 0. 0. ... 0. 0. 0.],sci.crypt
[0. 0. 0. ... 0. 0. 0.],rec.sport.hockey
[0. 0. 0. ... 0. 0. 0.],rec.motorcycles
[0. 0. 0. ... 0. 0. 0.],misc.forsale
[0. 0. 0. ... 0. 0. 0.],talk.religion.misc
[0. 0. 0. ... 0. 0. 0.],sci.electronics
[0. 0. 0. ... 0. 0. 0.],comp.windows.x
[0.         0.         0.         ... 0.         0.70991148 0.        ],comp.graphics
[0.         0.06166738 0.         ... 0.         0.         0.        ],talk.politics.guns
[0. 0. 0. ... 0. 0. 0.],alt.atheism
[0. 0. 0. ... 0. 0. 0.],comp.sys.ibm.pc.hardware
[0. 0. 0. ... 0. 0. 0.],comp.windows.x
[0.         0.04958456 0.         ... 0.         0.         0.        ],rec.sport.hockey
[0.         0.12720528 0.         ... 0.         0.         0.        ],comp.sys.mac.hardware
[0. 0. 0. ... 0. 0. 0.],rec.sport.hockey
[0. 0. 0. ... 0. 0. 0.],rec.sport.baseball
[0. 0. 0. ... 0. 0. 0.],rec.sport.hockey
[0. 0. 0. ... 0. 0. 0.],talk.religion.misc
[0. 0. 0. ... 0. 0. 0.],rec.sport.baseball
[0. 0. 0. ... 0. 0. 0.],sci.med
[0. 0. 0. ... 0. 0. 0.],rec.sport.hockey
[0. 0. 0. ... 0. 0. 0.],soc.religion.christian
[0. 0. 0. ... 0. 0. 0.],sci.electronics
[0. 0. 0. ... 0. 0. 0.],rec.autos
[0. 0. 0. ... 0. 0. 0.],sci.electronics
[0. 0. 0. ... 0. 0. 0.],sci.space
[0. 0. 0. ... 0. 0. 0.],talk.politics.mideast
[0. 0. 0. ... 0. 0. 0.],talk.politics.guns
[0. 0. 0. ... 0. 0. 0.],rec.sport.baseball
[0.         0.         0.         ... 0.15541971 0.         0.        ],rec.motorcycles
[0. 0. 0. ... 0. 0. 0.],sci.crypt
[0. 0. 0. ... 0. 0. 0.],comp.sys.ibm.pc.hardware
[0. 0. 0. ... 0. 0. 0.],rec.sport.baseball
[0. 0. 0. ... 0. 0. 0.],rec.motorcycles
[0. 0. 0. ... 0. 0. 0.],rec.sport.baseball
[0.         0.06888005 0.         ... 0.         0.         0.        ],comp.os.ms-windows.misc
[0. 0. 0. ... 0. 0. 0.],comp.graphics
[0. 0. 0. ... 0. 0. 0.],alt.atheism
[0. 0. 0. ... 0. 0. 0.],soc.religion.christian
[0. 0. 0. ... 0. 0. 0.],rec.autos
[0.         0.36650539 0.         ... 0.         0.         0.        ],comp.sys.ibm.pc.hardware
[0. 0. 0. ... 0. 0. 0.],talk.religion.misc
[0. 0. 0. ... 0. 0. 0.],talk.politics.misc
[0. 0. 0. ... 0. 0. 0.],comp.sys.ibm.pc.hardware
[0.         0.         0.         ... 0.22929067 0.         0.        ],sci.electronics
[0. 0. 0. ... 0. 0. 0.],sci.electronics
[0. 0. 0. ... 0. 0. 0.],comp.windows.x
[0. 0. 0. ... 0. 0. 0.],rec.motorcycles
[0. 0. 0. ... 0. 0. 0.],comp.sys.mac.hardware
[0. 0. 0. ... 0. 0. 0.],sci.space
[0. 0. 0. ... 0. 0. 0.],alt.atheism
[0. 0. 0. ... 0. 0. 0.],rec.autos
[0. 0. 0. ... 0. 0. 0.],talk.politics.guns
[0. 0. 0. ... 0. 0. 0.],rec.sport.hockey
[0. 0. 0. ... 0. 0. 0.],talk.politics.guns
[0. 0. 0. ... 0. 0. 0.],comp.windows.x
[0. 0. 0. ... 0. 0. 0.],rec.motorcycles
[0. 0. 0. ... 0. 0. 0.],sci.electronics
[0. 0. 0. ... 0. 0. 0.],talk.politics.guns
[0. 0. 0. ... 0. 0. 0.],talk.religion.misc
[0. 0. 0. ... 0. 0. 0.],comp.windows.x
[0.         0.         0.         ... 0.         0.         0.15667183],rec.sport.hockey
[0. 0. 0. ... 0. 0. 0.],alt.atheism
[0. 0. 0. ... 0. 0. 0.],talk.religion.misc
[0. 0. 0. ... 0. 0. 0.],misc.forsale
[0. 0. 0. ... 0. 0. 0.],misc.forsale
[0. 0. 0. ... 0. 0. 0.],comp.windows.x
[0. 0. 0. ... 0. 0. 0.],talk.politics.misc
[0. 0. 0. ... 0. 0. 0.],comp.sys.mac.hardware
[0. 0. 0. ... 0. 0. 0.],rec.autos
[0. 0. 0. ... 0. 0. 0.],comp.graphics
[0. 0. 0. ... 0. 0. 0.],talk.politics.misc
[0. 0. 0. ... 0. 0. 0.],comp.sys.ibm.pc.hardware
[0. 0. 0. ... 0. 0. 0.],talk.politics.guns
[0. 0. 0. ... 0. 0. 0.],sci.electronics
[0.         0.14515258 0.         ... 0.         0.         0.        ],comp.sys.ibm.pc.hardware
[0.05964843 0.         0.         ... 0.         0.         0.        ],comp.sys.ibm.pc.hardware
[0. 0. 0. ... 0. 0. 0.],comp.sys.ibm.pc.hardware
[0. 0. 0. ... 0. 0. 0.],comp.sys.ibm.pc.hardware
[0. 0. 0. ... 0. 0. 0.],talk.politics.guns
[0. 0. 0. ... 0. 0. 0.],rec.sport.hockey
[0. 0. 0. ... 0. 0. 0.],sci.med
[0.        0.1380964 0.        ... 0.        0.        0.       ],comp.sys.mac.hardware
[0. 0. 0. ... 0. 0. 0.],sci.crypt
[0. 0. 0. ... 0. 0. 0.],comp.windows.x
[0. 0. 0. ... 0. 0. 0.],comp.windows.x
[0. 0. 0. ... 0. 0. 0.],sci.electronics
[0. 0. 0. ... 0. 0. 0.],comp.os.ms-windows.misc
[0. 0. 0. ... 0. 0. 0.],talk.politics.mideast
[0. 0. 0. ... 0. 0. 0.],comp.graphics
[0. 0. 0. ... 0. 0. 0.],talk.religion.misc
[0. 0. 0. ... 0. 0. 0.],comp.os.ms-windows.misc
[0. 0. 0. ... 0. 0. 0.],talk.politics.mideast
[0. 0. 0. ... 0. 0. 0.],comp.sys.ibm.pc.hardware
[0. 0. 0. ... 0. 0. 0.],rec.sport.hockey
[0.         0.         0.         ... 0.         0.18574299 0.        ],comp.os.ms-windows.misc
[0. 0. 0. ... 0. 0. 0.],comp.sys.ibm.pc.hardware
[0. 0. 0. ... 0. 0. 0.],sci.space
[0. 0. 0. ... 0. 0. 0.],comp.os.ms-windows.misc
[0. 0. 0. ... 0. 0. 0.],sci.electronics
[0. 0. 0. ... 0. 0. 0.],sci.crypt
[0. 0. 0. ... 0. 0. 0.],sci.electronics
[0. 0. 0. ... 0. 0. 0.],alt.atheism
[0. 0. 0. ... 0. 0. 0.],rec.autos
[0. 0. 0. ... 0. 0. 0.],alt.atheism
[0. 0. 0. ... 0. 0. 0.],rec.motorcycles
[0. 0. 0. ... 0. 0. 0.],sci.electronics
[0. 0. 0. ... 0. 0. 0.],rec.sport.baseball
[0.         0.23200661 0.         ... 0.         0.         0.        ],talk.politics.guns
[0. 0. 0. ... 0. 0. 0.],comp.sys.mac.hardware
[0. 0. 0. ... 0. 0. 0.],talk.religion.misc
[0. 0. 0. ... 0. 0. 0.],soc.religion.christian
[0. 0. 0. ... 0. 0. 0.],sci.med
[0. 0. 0. ... 0. 0. 0.],sci.space
[0. 0. 0. ... 0. 0. 0.],alt.atheism
[0. 0. 0. ... 0. 0. 0.],sci.electronics
[0. 0. 0. ... 0. 0. 0.],sci.space
[0. 0. 0. ... 0. 0. 0.],comp.sys.ibm.pc.hardware
[0. 0. 0. ... 0. 0. 0.],sci.space
[0. 0. 0. ... 0. 0. 0.],comp.os.ms-windows.misc
[0. 0. 0. ... 0. 0. 0.],talk.politics.misc
[0. 0. 0. ... 0. 0. 0.],comp.windows.x
[0. 0. 0. ... 0. 0. 0.],talk.religion.misc
[0. 0. 0. ... 0. 0. 0.],rec.autos
[0. 0. 0. ... 0. 0. 0.],talk.politics.guns
[0.         0.         0.         ... 0.         0.19290832 0.        ],comp.graphics
[0. 0. 0. ... 0. 0. 0.],rec.motorcycles
[0. 0. 0. ... 0. 0. 0.],talk.politics.misc
[0.         0.06719719 0.         ... 0.         0.         0.        ],comp.graphics
[0. 0. 0. ... 0. 0. 0.],comp.sys.mac.hardware
[0. 0. 0. ... 0. 0. 0.],talk.politics.mideast
[0. 0. 0. ... 0. 0. 0.],comp.sys.ibm.pc.hardware
[0. 0. 0. ... 0. 0. 0.],comp.windows.x
[0. 0. 0. ... 0. 0. 0.],comp.sys.mac.hardware
[0. 0. 0. ... 0. 0. 0.],alt.atheism
[0. 0. 0. ... 0. 0. 0.],rec.sport.baseball
[0. 0. 0. ... 0. 0. 0.],comp.graphics
[0. 0. 0. ... 0. 0. 0.],sci.med
[0. 0. 0. ... 0. 0. 0.],talk.politics.misc
[0. 0. 0. ... 0. 0. 0.],rec.motorcycles
[0. 0. 0. ... 0. 0. 0.],comp.windows.x
[0. 0. 0. ... 0. 0. 0.],alt.atheism
[0. 0. 0. ... 0. 0. 0.],sci.space
[0. 0. 0. ... 0. 0. 0.],talk.politics.misc
[0. 0. 0. ... 0. 0. 0.],rec.sport.hockey
[0. 0. 0. ... 0. 0. 0.],sci.crypt
[0.         0.06177895 0.         ... 0.         0.         0.        ],comp.sys.ibm.pc.hardware
[0. 0. 0. ... 0. 0. 0.],sci.med
[0. 0. 0. ... 0. 0. 0.],sci.med
[0. 0. 0. ... 0. 0. 0.],talk.religion.misc
[0. 0. 0. ... 0. 0. 0.],comp.graphics
[0. 0. 0. ... 0. 0. 0.],sci.med
[0. 0. 0. ... 0. 0. 0.],sci.space
[0. 0. 0. ... 0. 0. 0.],sci.med
[0. 0. 0. ... 0. 0. 0.],sci.space
[0. 0. 0. ... 0. 0. 0.],misc.forsale
[0. 0. 0. ... 0. 0. 0.],talk.politics.guns
[0. 0. 0. ... 0. 0. 0.],sci.crypt
[0.         0.         0.         ... 0.16021386 0.         0.        ],comp.sys.ibm.pc.hardware
[0. 0. 0. ... 0. 0. 0.],comp.windows.x
[0. 0. 0. ... 0. 0. 0.],misc.forsale
[0. 0. 0. ... 0. 0. 0.],sci.crypt
[0.0998088 0.        0.        ... 0.        0.        0.       ],sci.crypt
[0. 0. 0. ... 0. 0. 0.],sci.med
[0. 0. 0. ... 0. 0. 0.],sci.space
[0. 0. 0. ... 0. 0. 0.],talk.politics.guns
[0. 0. 0. ... 0. 0. 0.],rec.motorcycles
[0. 0. 0. ... 0. 0. 0.],comp.sys.mac.hardware
[0. 0. 0. ... 0. 0. 0.],sci.crypt
[0. 0. 0. ... 0. 0. 0.],rec.autos
[0. 0. 0. ... 0. 0. 0.],comp.os.ms-windows.misc
[0. 0. 0. ... 0. 0. 0.],rec.autos
[0. 0. 0. ... 0. 0. 0.],rec.motorcycles
[0. 0. 0. ... 0. 0. 0.],sci.med
[0. 0. 0. ... 0. 0. 0.],comp.windows.x
[0. 0. 0. ... 0. 0. 0.],misc.forsale
[0. 0. 0. ... 0. 0. 0.],talk.politics.misc
[0. 0. 0. ... 0. 0. 0.],rec.sport.hockey
[0. 0. 0. ... 0. 0. 0.],soc.religion.christian
[0.         0.09680517 0.         ... 0.         0.         0.        ],alt.atheism
[0. 0. 0. ... 0. 0. 0.],talk.politics.guns
[0. 0. 0. ... 0. 0. 0.],talk.religion.misc
[0. 0. 0. ... 0. 0. 0.],rec.autos
[0. 0. 0. ... 0. 0. 0.],comp.os.ms-windows.misc
[0. 0. 0. ... 0. 0. 0.],comp.windows.x
[0. 0. 0. ... 0. 0. 0.],soc.religion.christian
[0. 0. 0. ... 0. 0. 0.],rec.sport.hockey
[0. 0. 0. ... 0. 0. 0.],talk.politics.mideast
[0. 0. 0. ... 0. 0. 0.],sci.electronics
[0. 0. 0. ... 0. 0. 0.],sci.crypt
[0. 0. 0. ... 0. 0. 0.],talk.politics.guns
[0. 0. 0. ... 0. 0. 0.],talk.religion.misc
[0. 0. 0. ... 0. 0. 0.],sci.electronics
[0. 0. 0. ... 0. 0. 0.],rec.autos
[0. 0. 0. ... 0. 0. 0.],misc.forsale
[0. 0. 0. ... 0. 0. 0.],sci.med
[0.         0.         0.         ... 0.19425945 0.         0.        ],talk.politics.mideast
[0. 0. 0. ... 0. 0. 0.],sci.space
[0. 0. 0. ... 0. 0. 0.],soc.religion.christian
[0. 0. 0. ... 0. 0. 0.],comp.sys.mac.hardware
[0. 0. 0. ... 0. 0. 0.],misc.forsale
[0. 0. 0. ... 0. 0. 0.],talk.politics.mideast
[0. 0. 0. ... 0. 0. 0.],sci.electronics
[0. 0. 0. ... 0. 0. 0.],comp.os.ms-windows.misc
[0. 0. 0. ... 0. 0. 0.],sci.crypt
[0. 0. 0. ... 0. 0. 0.],sci.med
[0. 0. 0. ... 0. 0. 0.],sci.electronics
[0. 0. 0. ... 0. 0. 0.],sci.electronics
[0. 0. 0. ... 0. 0. 0.],misc.forsale
[0.         0.         0.21081693 ... 0.         0.         0.        ],rec.autos
[0. 0. 0. ... 0. 0. 0.],rec.autos
[0. 0. 0. ... 0. 0. 0.],talk.religion.misc
[0. 0. 0. ... 0. 0. 0.],comp.windows.x
[0.         0.16720869 0.         ... 0.         0.         0.        ],sci.electronics
[0. 0. 0. ... 0. 0. 0.],talk.politics.misc
[0. 0. 0. ... 0. 0. 0.],talk.politics.guns
[0.         0.10638675 0.         ... 0.         0.         0.        ],comp.sys.mac.hardware
[0. 0. 0. ... 0. 0. 0.],misc.forsale
[0. 0. 0. ... 0. 0. 0.],rec.sport.baseball
[0. 0. 0. ... 0. 0. 0.],talk.politics.guns
[0. 0. 0. ... 0. 0. 0.],sci.electronics
[0. 0. 0. ... 0. 0. 0.],rec.autos
[0. 0. 0. ... 0. 0. 0.],sci.med
[0. 0. 0. ... 0. 0. 0.],rec.sport.hockey
[0. 0. 0. ... 0. 0. 0.],sci.space
[0. 0. 0. ... 0. 0. 0.],comp.graphics
[0. 0. 0. ... 0. 0. 0.],rec.autos
[0. 0. 0. ... 0. 0. 0.],comp.windows.x
[0. 0. 0. ... 0. 0. 0.],comp.sys.mac.hardware
[0. 0. 0. ... 0. 0. 0.],sci.crypt
[0. 0. 0. ... 0. 0. 0.],sci.med
[0. 0. 0. ... 0. 0. 0.],comp.sys.mac.hardware
[0. 0. 0. ... 0. 0. 0.],talk.politics.guns
[0. 0. 0. ... 0. 0. 0.],soc.religion.christian
[0. 0. 0. ... 0. 0. 0.],talk.politics.guns
[0. 0. 0. ... 0. 0. 0.],comp.sys.ibm.pc.hardware
[0. 0. 0. ... 0. 0. 0.],comp.graphics
[0. 0. 0. ... 0. 0. 0.],rec.sport.hockey
[0. 0. 0. ... 0. 0. 0.],soc.religion.christian
[0. 0. 0. ... 0. 0. 0.],alt.atheism
[0. 0. 0. ... 0. 0. 0.],rec.motorcycles
[0. 0. 0. ... 0. 0. 0.],rec.motorcycles
[0. 0. 0. ... 0. 0. 0.],comp.os.ms-windows.misc
[0. 0. 0. ... 0. 0. 0.],comp.graphics
[0. 0. 0. ... 0. 0. 0.],rec.autos
[0. 0. 0. ... 0. 0. 0.],sci.electronics
[0. 0. 0. ... 0. 0. 0.],talk.politics.mideast
[0. 0. 0. ... 0. 0. 0.],sci.electronics
[0. 0. 0. ... 0. 0. 0.],sci.med
[0. 0. 0. ... 0. 0. 0.],comp.windows.x
[0. 0. 0. ... 0. 0. 0.],sci.crypt
[0.         0.08240332 0.         ... 0.         0.         0.        ],misc.forsale
[0. 0. 0. ... 0. 0. 0.],rec.sport.baseball
[0.         0.07050956 0.         ... 0.         0.         0.        ],sci.space
[0. 0. 0. ... 0. 0. 0.],sci.electronics
[0. 0. 0. ... 0. 0. 0.],sci.space
[0. 0. 0. ... 0. 0. 0.],sci.med
[0. 0. 0. ... 0. 0. 0.],rec.sport.baseball
[0. 0. 0. ... 0. 0. 0.],comp.windows.x
[0. 0. 0. ... 0. 0. 0.],talk.politics.guns
[0. 0. 0. ... 0. 0. 0.],sci.crypt
[0. 0. 0. ... 0. 0. 0.],rec.motorcycles
[0. 0. 0. ... 0. 0. 0.],rec.sport.hockey
[0. 0. 0. ... 0. 0. 0.],sci.electronics
[0. 0. 0. ... 0. 0. 0.],talk.politics.guns
[0. 0. 0. ... 0. 0. 0.],sci.space
[0. 0. 0. ... 0. 0. 0.],rec.motorcycles
[0. 0. 0. ... 0. 0. 0.],comp.sys.ibm.pc.hardware
[0. 0. 0. ... 0. 0. 0.],comp.sys.mac.hardware
[0. 0. 0. ... 0. 0. 0.],rec.autos
[0. 0. 0. ... 0. 0. 0.],talk.politics.guns
[0. 0. 0. ... 0. 0. 0.],sci.space
[0. 0. 0. ... 0. 0. 0.],alt.atheism
[0. 0. 0. ... 0. 0. 0.],sci.space
[0. 0. 0. ... 0. 0. 0.],comp.graphics
[0. 0. 0. ... 0. 0. 0.],sci.crypt
[0. 0. 0. ... 0. 0. 0.],misc.forsale
[0.         0.05648441 0.         ... 0.08489948 0.         0.        ],sci.space
[0. 0. 0. ... 0. 0. 0.],soc.religion.christian
[0.         0.10378312 0.         ... 0.         0.         0.        ],alt.atheism
[0. 0. 0. ... 0. 0. 0.],alt.atheism
[0. 0. 0. ... 0. 0. 0.],rec.sport.hockey
[0. 0. 0. ... 0. 0. 0.],rec.sport.hockey
[0. 0. 0. ... 0. 0. 0.],comp.sys.mac.hardware
[0.         0.09088098 0.         ... 0.         0.         0.        ],comp.windows.x
[0. 0. 0. ... 0. 0. 0.],comp.sys.ibm.pc.hardware
[0. 0. 0. ... 0. 0. 0.],sci.crypt
[0. 0. 0. ... 0. 0. 0.],comp.sys.mac.hardware
[0. 0. 0. ... 0. 0. 0.],sci.med
[0. 0. 0. ... 0. 0. 0.],sci.electronics
[0. 0. 0. ... 0. 0. 0.],alt.atheism
[0. 0. 0. ... 0. 0. 0.],soc.religion.christian
[0. 0. 0. ... 0. 0. 0.],comp.sys.mac.hardware
[0. 0. 0. ... 0. 0. 0.],talk.politics.guns
[0. 0. 0. ... 0. 0. 0.],misc.forsale
[0. 0. 0. ... 0. 0. 0.],soc.religion.christian
[0. 0. 0. ... 0. 0. 0.],talk.politics.misc
[0. 0. 0. ... 0. 0. 0.],rec.sport.hockey
[0. 0. 0. ... 0. 0. 0.],talk.politics.mideast
[0. 0. 0. ... 0. 0. 0.],sci.electronics
[0. 0. 0. ... 0. 0. 0.],soc.religion.christian
[0. 0. 0. ... 0. 0. 0.],sci.med
[0.         0.03181487 0.         ... 0.         0.         0.        ],sci.med
[0. 0. 0. ... 0. 0. 0.],comp.windows.x
[0. 0. 0. ... 0. 0. 0.],comp.windows.x
[0. 0. 0. ... 0. 0. 0.],alt.atheism
[0. 0. 0. ... 0. 0. 0.],sci.space
[0. 0. 0. ... 0. 0. 0.],rec.sport.hockey
[0. 0. 0. ... 0. 0. 0.],soc.religion.christian
[0. 0. 0. ... 0. 0. 0.],talk.religion.misc
[0. 0. 0. ... 0. 0. 0.],talk.politics.misc
[0. 0. 0. ... 0. 0. 0.],comp.sys.ibm.pc.hardware
[0. 0. 0. ... 0. 0. 0.],comp.os.ms-windows.misc
[0. 0. 0. ... 0. 0. 0.],sci.med
[0. 0. 0. ... 0. 0. 0.],sci.med
[0. 0. 0. ... 0. 0. 0.],sci.space
[0. 0. 0. ... 0. 0. 0.],sci.electronics
[0. 0. 0. ... 0. 0. 0.],sci.space
[0. 0. 0. ... 0. 0. 0.],talk.politics.guns
[0.         0.08119147 0.         ... 0.         0.         0.        ],comp.os.ms-windows.misc
[0. 0. 0. ... 0. 0. 0.],rec.motorcycles
[0. 0. 0. ... 0. 0. 0.],soc.religion.christian
[0.         0.         0.         ... 0.         0.38235503 0.        ],comp.os.ms-windows.misc
[0. 0. 0. ... 0. 0. 0.],rec.autos
[0. 0. 0. ... 0. 0. 0.],rec.motorcycles
[0. 0. 0. ... 0. 0. 0.],comp.os.ms-windows.misc
[0. 0. 0. ... 0. 0. 0.],sci.crypt
[0. 0. 0. ... 0. 0. 0.],comp.graphics
[0.         0.22679813 0.         ... 0.         0.         0.        ],sci.med
[0. 0. 0. ... 0. 0. 0.],talk.politics.misc
[0. 0. 0. ... 0. 0. 0.],comp.sys.ibm.pc.hardware
[0. 0. 0. ... 0. 0. 0.],talk.religion.misc
[0. 0. 0. ... 0. 0. 0.],rec.autos
[0. 0. 0. ... 0. 0. 0.],talk.politics.mideast
[0.         0.10421369 0.         ... 0.         0.         0.        ],comp.sys.ibm.pc.hardware
[0. 0. 0. ... 0. 0. 0.],comp.windows.x
[0. 0. 0. ... 0. 0. 0.],comp.sys.ibm.pc.hardware
[0.        0.3281975 0.        ... 0.        0.        0.       ],comp.sys.mac.hardware
[0. 0. 0. ... 0. 0. 0.],comp.graphics
[0. 0. 0. ... 0. 0. 0.],sci.crypt
[0. 0. 0. ... 0. 0. 0.],rec.motorcycles
[0. 0. 0. ... 0. 0. 0.],comp.windows.x
[0.         0.04113042 0.         ... 0.         0.         0.        ],talk.politics.mideast
[0. 0. 0. ... 0. 0. 0.],comp.sys.ibm.pc.hardware
[0.         0.16795946 0.         ... 0.         0.         0.        ],comp.sys.ibm.pc.hardware
[0. 0. 0. ... 0. 0. 0.],talk.politics.mideast
[0. 0. 0. ... 0. 0. 0.],talk.politics.guns
[0. 0. 0. ... 0. 0. 0.],sci.space
[0. 0. 0. ... 0. 0. 0.],rec.motorcycles
[0. 0. 0. ... 0. 0. 0.],comp.os.ms-windows.misc
[0.         0.07373167 0.         ... 0.         0.         0.        ],sci.electronics
[0. 0. 0. ... 0. 0. 0.],rec.autos
[0. 0. 0. ... 0. 0. 0.],talk.religion.misc
[0. 0. 0. ... 0. 0. 0.],comp.sys.ibm.pc.hardware
[0. 0. 0. ... 0. 0. 0.],soc.religion.christian
[0. 0. 0. ... 0. 0. 0.],rec.sport.baseball
[0. 0. 0. ... 0. 0. 0.],sci.space
[0. 0. 0. ... 0. 0. 0.],sci.electronics
[0.         0.06552771 0.         ... 0.         0.         0.        ],soc.religion.christian
[0. 0. 0. ... 0. 0. 0.],sci.electronics
[0. 0. 0. ... 0. 0. 0.],talk.politics.mideast
[0. 0. 0. ... 0. 0. 0.],sci.electronics
[0. 0. 0. ... 0. 0. 0.],rec.autos
[0. 0. 0. ... 0. 0. 0.],comp.sys.ibm.pc.hardware
[0. 0. 0. ... 0. 0. 0.],talk.politics.guns
[0. 0. 0. ... 0. 0. 0.],comp.sys.mac.hardware
[0. 0. 0. ... 0. 0. 0.],rec.sport.baseball
[0. 0. 0. ... 0. 0. 0.],talk.politics.mideast
[0. 0. 0. ... 0. 0. 0.],rec.motorcycles
[0. 0. 0. ... 0. 0. 0.],sci.space
[0. 0. 0. ... 0. 0. 0.],comp.sys.mac.hardware
[0. 0. 0. ... 0. 0. 0.],comp.windows.x
[0. 0. 0. ... 0. 0. 0.],rec.autos
[0.       0.       0.       ... 0.228637 0.       0.      ],sci.crypt
[0. 0. 0. ... 0. 0. 0.],rec.sport.hockey
[0. 0. 0. ... 0. 0. 0.],sci.crypt
[0. 0. 0. ... 0. 0. 0.],comp.graphics
[0. 0. 0. ... 0. 0. 0.],sci.med
[0. 0. 0. ... 0. 0. 0.],rec.autos
[0. 0. 0. ... 0. 0. 0.],comp.sys.mac.hardware
[0. 0. 0. ... 0. 0. 0.],comp.sys.mac.hardware
[0. 0. 0. ... 0. 0. 0.],comp.sys.ibm.pc.hardware
[0.        0.1563742 0.        ... 0.        0.        0.       ],soc.religion.christian
[0. 0. 0. ... 0. 0. 0.],talk.religion.misc
[0. 0. 0. ... 0. 0. 0.],rec.sport.baseball
[0. 0. 0. ... 0. 0. 0.],comp.windows.x
[0. 0. 0. ... 0. 0. 0.],sci.electronics
[0. 0. 0. ... 0. 0. 0.],sci.crypt
[0. 0. 0. ... 0. 0. 0.],talk.politics.mideast
[0. 0. 0. ... 0. 0. 0.],rec.motorcycles
[0. 0. 0. ... 0. 0. 0.],rec.motorcycles
[0. 0. 0. ... 0. 0. 0.],misc.forsale
[0. 0. 0. ... 0. 0. 0.],sci.med
[0. 0. 0. ... 0. 0. 0.],talk.politics.guns
[0. 0. 0. ... 0. 0. 0.],misc.forsale
[0. 0. 0. ... 0. 0. 0.],talk.politics.mideast
[0. 0. 0. ... 0. 0. 0.],rec.autos
[0. 0. 0. ... 0. 0. 0.],talk.politics.mideast
[0. 0. 0. ... 0. 0. 0.],comp.os.ms-windows.misc
[0. 0. 0. ... 0. 0. 0.],talk.politics.mideast
[0. 0. 0. ... 0. 0. 0.],talk.politics.guns
[0. 0. 0. ... 0. 0. 0.],comp.os.ms-windows.misc
[0. 0. 0. ... 0. 0. 0.],comp.os.ms-windows.misc
[0. 0. 0. ... 0. 0. 0.],rec.sport.hockey
[0. 0. 0. ... 0. 0. 0.],comp.sys.mac.hardware
[0. 0. 0. ... 0. 0. 0.],talk.politics.misc
[0. 0. 0. ... 0. 0. 0.],sci.space
[0. 0. 0. ... 0. 0. 0.],comp.windows.x
[0. 0. 0. ... 0. 0. 0.],sci.electronics
[0. 0. 0. ... 0. 0. 0.],talk.politics.mideast
[0. 0. 0. ... 0. 0. 0.],comp.sys.ibm.pc.hardware
[0. 0. 0. ... 0. 0. 0.],sci.crypt
[0. 0. 0. ... 0. 0. 0.],rec.autos
[0. 0. 0. ... 0. 0. 0.],rec.motorcycles
[0.         0.10157714 0.         ... 0.         0.         0.        ],talk.religion.misc
[0.         0.04752181 0.         ... 0.         0.         0.        ],rec.sport.baseball
[0. 0. 0. ... 0. 0. 0.],rec.motorcycles
[0. 0. 0. ... 0. 0. 0.],sci.electronics
[0. 0. 0. ... 0. 0. 0.],sci.crypt
[0. 0. 0. ... 0. 0. 0.],comp.windows.x
[0. 0. 0. ... 0. 0. 0.],rec.autos
[0. 0. 0. ... 0. 0. 0.],comp.graphics
[0.         0.05040875 0.         ... 0.         0.         0.        ],rec.sport.baseball
[0. 0. 0. ... 0. 0. 0.],comp.sys.ibm.pc.hardware
[0. 0. 0. ... 0. 0. 0.],misc.forsale
[0. 0. 0. ... 0. 0. 0.],comp.windows.x
[0. 0. 0. ... 0. 0. 0.],sci.med
[0. 0. 0. ... 0. 0. 0.],soc.religion.christian
[0. 0. 0. ... 0. 0. 0.],sci.med
[0.         0.14748478 0.         ... 0.         0.         0.        ],sci.electronics
[0. 0. 0. ... 0. 0. 0.],comp.windows.x
[0. 0. 0. ... 0. 0. 0.],sci.electronics
[0. 0. 0. ... 0. 0. 0.],comp.graphics
[0. 0. 0. ... 0. 0. 0.],rec.sport.baseball
[0. 0. 0. ... 0. 0. 0.],talk.politics.guns
[0. 0. 0. ... 0. 0. 0.],comp.graphics
[0. 0. 0. ... 0. 0. 0.],talk.religion.misc
[0. 0. 0. ... 0. 0. 0.],sci.med
[0. 0. 0. ... 0. 0. 0.],rec.autos
[0. 0. 0. ... 0. 0. 0.],talk.politics.guns
[0. 0. 0. ... 0. 0. 0.],soc.religion.christian
[0. 0. 0. ... 0. 0. 0.],rec.sport.baseball
[0. 0. 0. ... 0. 0. 0.],sci.med
[0. 0. 0. ... 0. 0. 0.],misc.forsale
[0. 0. 0. ... 0. 0. 0.],talk.politics.mideast
[0. 0. 0. ... 0. 0. 0.],talk.politics.misc
[0. 0. 0. ... 0. 0. 0.],sci.space
[0. 0. 0. ... 0. 0. 0.],rec.motorcycles
[0. 0. 0. ... 0. 0. 0.],misc.forsale
[0. 0. 0. ... 0. 0. 0.],sci.space
[0.         0.10751089 0.         ... 0.         0.         0.        ],sci.electronics
[0. 0. 0. ... 0. 0. 0.],talk.politics.misc
[0. 0. 0. ... 0. 0. 0.],rec.sport.hockey
[0. 0. 0. ... 0. 0. 0.],sci.space
[0. 0. 0. ... 0. 0. 0.],comp.os.ms-windows.misc
[0. 0. 0. ... 0. 0. 0.],rec.motorcycles
[0. 0. 0. ... 0. 0. 0.],comp.os.ms-windows.misc
[0. 0. 0. ... 0. 0. 0.],misc.forsale
[0. 0. 0. ... 0. 0. 0.],rec.sport.hockey
[0. 0. 0. ... 0. 0. 0.],comp.sys.mac.hardware
[0. 0. 0. ... 0. 0. 0.],alt.atheism
[0.         0.07248835 0.         ... 0.         0.         0.        ],sci.crypt
[0. 0. 0. ... 0. 0. 0.],comp.os.ms-windows.misc
[0. 0. 0. ... 0. 0. 0.],rec.sport.baseball
[0. 0. 0. ... 0. 0. 0.],sci.electronics
[0. 0. 0. ... 0. 0. 0.],sci.crypt
[0. 0. 0. ... 0. 0. 0.],rec.sport.baseball
[0. 0. 0. ... 0. 0. 0.],sci.electronics
[0. 0. 0. ... 0. 0. 0.],talk.politics.mideast
[0. 0. 0. ... 0. 0. 0.],sci.med
[0. 0. 0. ... 0. 0. 0.],alt.atheism
[0.         0.08125761 0.         ... 0.         0.         0.        ],comp.windows.x
[0. 0. 0. ... 0. 0. 0.],comp.sys.mac.hardware
[0. 0. 0. ... 0. 0. 0.],sci.space
[0. 0. 0. ... 0. 0. 0.],alt.atheism
[0. 0. 0. ... 0. 0. 0.],misc.forsale
[0. 0. 0. ... 0. 0. 0.],comp.sys.ibm.pc.hardware
[0. 0. 0. ... 0. 0. 0.],comp.windows.x
[0. 0. 0. ... 0. 0. 0.],talk.politics.guns
[0. 0. 0. ... 0. 0. 0.],comp.os.ms-windows.misc
[0. 0. 0. ... 0. 0. 0.],soc.religion.christian
[0. 0. 0. ... 0. 0. 0.],comp.os.ms-windows.misc
[0. 0. 0. ... 0. 0. 0.],comp.os.ms-windows.misc
[0. 0. 0. ... 0. 0. 0.],sci.space
[0.         0.14005464 0.         ... 0.         0.         0.        ],comp.sys.ibm.pc.hardware
[0. 0. 0. ... 0. 0. 0.],sci.crypt
[0. 0. 0. ... 0. 0. 0.],sci.med
[0. 0. 0. ... 0. 0. 0.],sci.med
[0. 0. 0. ... 0. 0. 0.],sci.space
[0. 0. 0. ... 0. 0. 0.],comp.os.ms-windows.misc
[0. 0. 0. ... 0. 0. 0.],talk.politics.guns
[0. 0. 0. ... 0. 0. 0.],soc.religion.christian
[0. 0. 0. ... 0. 0. 0.],misc.forsale
[0. 0. 0. ... 0. 0. 0.],rec.motorcycles
[0. 0. 0. ... 0. 0. 0.],rec.motorcycles
[0. 0. 0. ... 0. 0. 0.],rec.sport.hockey
[0. 0. 0. ... 0. 0. 0.],comp.sys.mac.hardware
[0. 0. 0. ... 0. 0. 0.],rec.sport.hockey
[0. 0. 0. ... 0. 0. 0.],rec.sport.baseball
[0. 0. 0. ... 0. 0. 0.],misc.forsale
[0. 0. 0. ... 0. 0. 0.],comp.sys.mac.hardware
[0. 0. 0. ... 0. 0. 0.],rec.autos
[0. 0. 0. ... 0. 0. 0.],comp.windows.x
[0. 0. 0. ... 0. 0. 0.],rec.sport.hockey
[0. 0. 0. ... 0. 0. 0.],comp.sys.mac.hardware
[0. 0. 0. ... 0. 0. 0.],comp.graphics
[0. 0. 0. ... 0. 0. 0.],soc.religion.christian
[0. 0. 0. ... 0. 0. 0.],comp.os.ms-windows.misc
[0. 0. 0. ... 0. 0. 0.],rec.sport.baseball
[0. 0. 0. ... 0. 0. 0.],talk.politics.mideast
[0. 0. 0. ... 0. 0. 0.],comp.sys.mac.hardware
[0. 0. 0. ... 0. 0. 0.],comp.windows.x
[0. 0. 0. ... 0. 0. 0.],comp.sys.mac.hardware
[0. 0. 0. ... 0. 0. 0.],misc.forsale
[0. 0. 0. ... 0. 0. 0.],sci.electronics
[0. 0. 0. ... 0. 0. 0.],comp.sys.mac.hardware
[0. 0. 0. ... 0. 0. 0.],sci.electronics
[0. 0. 0. ... 0. 0. 0.],rec.sport.baseball
[0. 0. 0. ... 0. 0. 0.],talk.religion.misc
[0. 0. 0. ... 0. 0. 0.],comp.windows.x
[0. 0. 0. ... 0. 0. 0.],rec.sport.hockey
[0.         0.10869096 0.         ... 0.         0.         0.        ],comp.graphics
[0. 0. 0. ... 0. 0. 0.],rec.sport.baseball
[0. 0. 0. ... 0. 0. 0.],rec.sport.hockey
[0. 0. 0. ... 0. 0. 0.],sci.electronics
[0. 0. 0. ... 0. 0. 0.],rec.motorcycles
[0. 0. 0. ... 0. 0. 0.],rec.autos
[0. 0. 0. ... 0. 0. 0.],talk.politics.guns
[0. 0. 0. ... 0. 0. 0.],comp.windows.x
[0. 0. 0. ... 0. 0. 0.],soc.religion.christian
[0. 0. 0. ... 0. 0. 0.],talk.politics.misc
[0. 0. 0. ... 0. 0. 0.],rec.sport.baseball
[0. 0. 0. ... 0. 0. 0.],rec.sport.hockey
[0. 0. 0. ... 0. 0. 0.],talk.politics.misc
[0. 0. 0. ... 0. 0. 0.],rec.sport.hockey
[0. 0. 0. ... 0. 0. 0.],rec.sport.baseball
[0. 0. 0. ... 0. 0. 0.],rec.sport.hockey
[0. 0. 0. ... 0. 0. 0.],comp.sys.ibm.pc.hardware
[0. 0. 0. ... 0. 0. 0.],talk.politics.guns
[0. 0. 0. ... 0. 0. 0.],alt.atheism
[0. 0. 0. ... 0. 0. 0.],sci.med
[0. 0. 0. ... 0. 0. 0.],rec.sport.hockey
[0. 0. 0. ... 0. 0. 0.],comp.sys.ibm.pc.hardware
[0. 0. 0. ... 0. 0. 0.],soc.religion.christian
[0. 0. 0. ... 0. 0. 0.],sci.space
[0. 0. 0. ... 0. 0. 0.],sci.med
[0. 0. 0. ... 0. 0. 0.],rec.sport.hockey
[0. 0. 0. ... 0. 0. 0.],comp.os.ms-windows.misc
[0. 0. 0. ... 0. 0. 0.],sci.crypt
[0. 0. 0. ... 0. 0. 0.],comp.graphics
[0. 0. 0. ... 0. 0. 0.],sci.crypt
[0. 0. 0. ... 0. 0. 0.],comp.sys.ibm.pc.hardware
[0.        0.1541398 0.        ... 0.        0.        0.       ],sci.med
[0. 0. 0. ... 0. 0. 0.],talk.politics.mideast
[0. 0. 0. ... 0. 0. 0.],talk.politics.mideast
[0. 0. 0. ... 0. 0. 0.],rec.sport.hockey
[0. 0. 0. ... 0. 0. 0.],alt.atheism
[0. 0. 0. ... 0. 0. 0.],talk.politics.mideast
[0. 0. 0. ... 0. 0. 0.],sci.med
[0.         0.05619383 0.         ... 0.         0.         0.        ],talk.politics.mideast
[0. 0. 0. ... 0. 0. 0.],alt.atheism
[0. 0. 0. ... 0. 0. 0.],alt.atheism
[0.         0.12543394 0.         ... 0.         0.         0.        ],comp.windows.x
[0. 0. 0. ... 0. 0. 0.],comp.os.ms-windows.misc
[0. 0. 0. ... 0. 0. 0.],comp.graphics
[0. 0. 0. ... 0. 0. 0.],comp.graphics
[0. 0. 0. ... 0. 0. 0.],sci.electronics
[0. 0. 0. ... 0. 0. 0.],sci.med
[0. 0. 0. ... 0. 0. 0.],rec.autos
[0. 0. 0. ... 0. 0. 0.],comp.windows.x
[0. 0. 0. ... 0. 0. 0.],comp.sys.mac.hardware
[0. 0. 0. ... 0. 0. 0.],soc.religion.christian
[0. 0. 0. ... 0. 0. 0.],comp.windows.x
[0. 0. 0. ... 0. 0. 0.],talk.politics.misc
[0.         0.07416754 0.         ... 0.         0.         0.        ],comp.sys.mac.hardware
[0. 0. 0. ... 0. 0. 0.],talk.politics.mideast
[0. 0. 0. ... 0. 0. 0.],alt.atheism
[0. 0. 0. ... 0. 0. 0.],comp.windows.x
[0. 0. 0. ... 0. 0. 0.],sci.electronics
[0. 0. 0. ... 0. 0. 0.],talk.religion.misc
[0. 0. 0. ... 0. 0. 0.],rec.autos
[0. 0. 0. ... 0. 0. 0.],soc.religion.christian
[0. 0. 0. ... 0. 0. 0.],talk.politics.misc
[0. 0. 0. ... 0. 0. 0.],misc.forsale
[0. 0. 0. ... 0. 0. 0.],comp.sys.mac.hardware
[0. 0. 0. ... 0. 0. 0.],sci.space
[0. 0. 0. ... 0. 0. 0.],comp.graphics
[0. 0. 0. ... 0. 0. 0.],talk.politics.misc
[0. 0. 0. ... 0. 0. 0.],misc.forsale
[0.         0.12140389 0.         ... 0.         0.         0.        ],comp.graphics
[0. 0. 0. ... 0. 0. 0.],comp.windows.x
[0. 0. 0. ... 0. 0. 0.],sci.med
[0. 0. 0. ... 0. 0. 0.],comp.sys.mac.hardware
[0. 0. 0. ... 0. 0. 0.],comp.sys.ibm.pc.hardware
[0. 0. 0. ... 0. 0. 0.],talk.politics.misc
[0. 0. 0. ... 0. 0. 0.],comp.os.ms-windows.misc
[0. 0. 0. ... 0. 0. 0.],rec.sport.baseball
[0. 0. 0. ... 0. 0. 0.],rec.autos
[0. 0. 0. ... 0. 0. 0.],rec.motorcycles
[0. 0. 0. ... 0. 0. 0.],rec.autos
[0. 0. 0. ... 0. 0. 0.],comp.windows.x
[0. 0. 0. ... 0. 0. 0.],sci.space
[0. 0. 0. ... 0. 0. 0.],talk.politics.guns
[0. 0. 0. ... 0. 0. 0.],comp.graphics
[0. 0. 0. ... 0. 0. 0.],sci.space
[0. 0. 0. ... 0. 0. 0.],talk.politics.mideast
[0. 0. 0. ... 0. 0. 0.],talk.religion.misc
[0. 0. 0. ... 0. 0. 0.],rec.sport.baseball
[0. 0. 0. ... 0. 0. 0.],comp.graphics
[0. 0. 0. ... 0. 0. 0.],misc.forsale
[0. 0. 0. ... 0. 0. 0.],comp.graphics
[0. 0. 0. ... 0. 0. 0.],alt.atheism
[0. 0. 0. ... 0. 0. 0.],misc.forsale
[0. 0. 0. ... 0. 0. 0.],rec.sport.hockey
[0. 0. 0. ... 0. 0. 0.],comp.graphics
[0. 0. 0. ... 0. 0. 0.],comp.os.ms-windows.misc
[0. 0. 0. ... 0. 0. 0.],misc.forsale
[0. 0. 0. ... 0. 0. 0.],talk.religion.misc
[0. 0. 0. ... 0. 0. 0.],comp.windows.x
[0. 0. 0. ... 0. 0. 0.],comp.sys.ibm.pc.hardware
[0. 0. 0. ... 0. 0. 0.],sci.med
[0. 0. 0. ... 0. 0. 0.],comp.sys.mac.hardware
[0. 0. 0. ... 0. 0. 0.],talk.politics.misc
[0. 0. 0. ... 0. 0. 0.],rec.sport.hockey
[0. 0. 0. ... 0. 0. 0.],comp.sys.mac.hardware
[0. 0. 0. ... 0. 0. 0.],talk.politics.misc
[0. 0. 0. ... 0. 0. 0.],rec.sport.hockey
[0. 0. 0. ... 0. 0. 0.],rec.motorcycles
[0. 0. 0. ... 0. 0. 0.],soc.religion.christian
[0. 0. 0. ... 0. 0. 0.],sci.electronics
[0. 0. 0. ... 0. 0. 0.],sci.space
[0. 0. 0. ... 0. 0. 0.],talk.politics.guns
[0. 0. 0. ... 0. 0. 0.],talk.politics.mideast
[0. 0. 0. ... 0. 0. 0.],sci.space
[0. 0. 0. ... 0. 0. 0.],sci.space
[0. 0. 0. ... 0. 0. 0.],comp.sys.ibm.pc.hardware
[0.         0.16297731 0.         ... 0.         0.         0.        ],comp.windows.x
[0. 0. 0. ... 0. 0. 0.],rec.sport.baseball
[0. 0. 0. ... 0. 0. 0.],sci.crypt
[0. 0. 0. ... 0. 0. 0.],comp.os.ms-windows.misc
[0. 0. 0. ... 0. 0. 0.],sci.space
[0. 0. 0. ... 0. 0. 0.],talk.religion.misc
[0. 0. 0. ... 0. 0. 0.],comp.sys.ibm.pc.hardware
[0. 0. 0. ... 0. 0. 0.],sci.crypt
[0.         0.03688436 0.         ... 0.         0.         0.        ],rec.sport.hockey
[0. 0. 0. ... 0. 0. 0.],rec.motorcycles
[0. 0. 0. ... 0. 0. 0.],sci.electronics
[0. 0. 0. ... 0. 0. 0.],comp.os.ms-windows.misc
[0. 0. 0. ... 0. 0. 0.],rec.sport.baseball
[0. 0. 0. ... 0. 0. 0.],comp.sys.mac.hardware
[0. 0. 0. ... 0. 0. 0.],comp.os.ms-windows.misc
[0. 0. 0. ... 0. 0. 0.],talk.politics.misc
[0. 0. 0. ... 0. 0. 0.],sci.med
[0. 0. 0. ... 0. 0. 0.],talk.politics.misc
[0. 0. 0. ... 0. 0. 0.],sci.space
[0. 0. 0. ... 0. 0. 0.],sci.electronics
[0. 0. 0. ... 0. 0. 0.],sci.crypt
[0. 0. 0. ... 0. 0. 0.],comp.graphics
[0. 0. 0. ... 0. 0. 0.],sci.space
[0. 0. 0. ... 0. 0. 0.],sci.med
[0.34164249 0.         0.         ... 0.         0.         0.        ],sci.space
[0. 0. 0. ... 0. 0. 0.],talk.politics.guns
[0. 0. 0. ... 0. 0. 0.],sci.med
[0. 0. 0. ... 0. 0. 0.],comp.sys.mac.hardware
[0. 0. 0. ... 0. 0. 0.],talk.politics.guns
[0. 0. 0. ... 0. 0. 0.],comp.graphics
[0. 0. 0. ... 0. 0. 0.],talk.politics.mideast
[0.         0.         0.         ... 0.         0.         0.14382357],rec.motorcycles
[0.         0.05483074 0.         ... 0.         0.         0.        ],sci.space
[0. 0. 0. ... 0. 0. 0.],talk.politics.misc
[0. 0. 0. ... 0. 0. 0.],comp.sys.ibm.pc.hardware
[0. 0. 0. ... 0. 0. 0.],sci.electronics
[0. 0. 0. ... 0. 0. 0.],talk.politics.guns
[0. 0. 0. ... 0. 0. 0.],rec.sport.hockey
[0. 0. 0. ... 0. 0. 0.],talk.politics.guns
[0. 0. 0. ... 0. 0. 0.],rec.sport.hockey
[0. 0. 0. ... 0. 0. 0.],sci.crypt
[0.         0.13081471 0.         ... 0.         0.         0.        ],sci.electronics
[0.         0.         0.22202655 ... 0.         0.         0.        ],rec.sport.baseball
[0. 0. 0. ... 0. 0. 0.],rec.motorcycles
[0. 0. 0. ... 0. 0. 0.],sci.space
[0. 0. 0. ... 0. 0. 0.],comp.sys.ibm.pc.hardware
[0. 0. 0. ... 0. 0. 0.],alt.atheism
[0. 0. 0. ... 0. 0. 0.],talk.politics.mideast
[0. 0. 0. ... 0. 0. 0.],comp.sys.ibm.pc.hardware
[0. 0. 0. ... 0. 0. 0.],comp.os.ms-windows.misc
[0. 0. 0. ... 0. 0. 0.],misc.forsale
[0. 0. 0. ... 0. 0. 0.],talk.politics.misc
[0. 0. 0. ... 0. 0. 0.],comp.sys.mac.hardware
[0.         0.         0.         ... 0.13316544 0.         0.        ],sci.space
[0. 0. 0. ... 0. 0. 0.],rec.motorcycles
[0. 0. 0. ... 0. 0. 0.],soc.religion.christian
[0. 0. 0. ... 0. 0. 0.],comp.sys.mac.hardware
[0. 0. 0. ... 0. 0. 0.],rec.motorcycles
[0. 0. 0. ... 0. 0. 0.],misc.forsale
[0.         0.         0.         ... 0.06513392 0.         0.        ],rec.sport.baseball
[0. 0. 0. ... 0. 0. 0.],alt.atheism
[0. 0. 0. ... 0. 0. 0.],comp.sys.ibm.pc.hardware
[0. 0. 0. ... 0. 0. 0.],sci.electronics
[0. 0. 0. ... 0. 0. 0.],rec.autos
[0. 0. 0. ... 0. 0. 0.],rec.sport.hockey
[0. 0. 0. ... 0. 0. 0.],comp.sys.ibm.pc.hardware
[0. 0. 0. ... 0. 0. 0.],rec.sport.baseball
[0. 0. 0. ... 0. 0. 0.],talk.politics.mideast
[0. 0. 0. ... 0. 0. 0.],comp.os.ms-windows.misc
[0.        0.        0.        ... 0.3310206 0.        0.       ],comp.graphics
[0. 0. 0. ... 0. 0. 0.],rec.autos
[0. 0. 0. ... 0. 0. 0.],alt.atheism
[0. 0. 0. ... 0. 0. 0.],soc.religion.christian
[0.         0.         0.         ... 0.         0.25483073 0.        ],comp.graphics
[0. 0. 0. ... 0. 0. 0.],talk.politics.guns
[0. 0. 0. ... 0. 0. 0.],rec.motorcycles
[0. 0. 0. ... 0. 0. 0.],rec.sport.hockey
[0. 0. 0. ... 0. 0. 0.],comp.sys.ibm.pc.hardware
[0. 0. 0. ... 0. 0. 0.],talk.politics.misc
[0. 0. 0. ... 0. 0. 0.],sci.crypt
[0. 0. 0. ... 0. 0. 0.],sci.space
[0. 0. 0. ... 0. 0. 0.],sci.electronics
[0. 0. 0. ... 0. 0. 0.],comp.graphics
[0. 0. 0. ... 0. 0. 0.],soc.religion.christian
[0. 0. 0. ... 0. 0. 0.],rec.autos
[0. 0. 0. ... 0. 0. 0.],comp.sys.mac.hardware
[0. 0. 0. ... 0. 0. 0.],rec.sport.hockey
[0. 0. 0. ... 0. 0. 0.],rec.sport.baseball
[0.         0.         0.         ... 0.         0.21966191 0.        ],comp.graphics
[0. 0. 0. ... 0. 0. 0.],sci.crypt
[0. 0. 0. ... 0. 0. 0.],comp.os.ms-windows.misc
[0. 0. 0. ... 0. 0. 0.],comp.graphics
[0. 0. 0. ... 0. 0. 0.],talk.politics.guns
[0. 0. 0. ... 0. 0. 0.],rec.sport.hockey
[0. 0. 0. ... 0. 0. 0.],sci.electronics
[0. 0. 0. ... 0. 0. 0.],talk.politics.guns
[0. 0. 0. ... 0. 0. 0.],sci.crypt
[0. 0. 0. ... 0. 0. 0.],rec.motorcycles
[0. 0. 0. ... 0. 0. 0.],rec.autos
[0. 0. 0. ... 0. 0. 0.],comp.sys.mac.hardware
[0. 0. 0. ... 0. 0. 0.],comp.graphics
[0. 0. 0. ... 0. 0. 0.],sci.electronics
[0. 0. 0. ... 0. 0. 0.],sci.electronics
[0. 0. 0. ... 0. 0. 0.],talk.politics.mideast
[0. 0. 0. ... 0. 0. 0.],rec.sport.hockey
[0. 0. 0. ... 0. 0. 0.],sci.crypt
[0. 0. 0. ... 0. 0. 0.],sci.space
[0. 0. 0. ... 0. 0. 0.],misc.forsale
[0. 0. 0. ... 0. 0. 0.],alt.atheism
[0. 0. 0. ... 0. 0. 0.],talk.politics.guns
[0.         0.04743184 0.         ... 0.         0.         0.        ],comp.sys.mac.hardware
[0. 0. 0. ... 0. 0. 0.],comp.graphics
[0. 0. 0. ... 0. 0. 0.],comp.os.ms-windows.misc
[0.         0.10736092 0.         ... 0.         0.         0.        ],comp.os.ms-windows.misc
[0. 0. 0. ... 0. 0. 0.],soc.religion.christian
[0. 0. 0. ... 0. 0. 0.],rec.sport.baseball
[0. 0. 0. ... 0. 0. 0.],comp.os.ms-windows.misc
[0. 0. 0. ... 0. 0. 0.],sci.med
[0. 0. 0. ... 0. 0. 0.],comp.sys.ibm.pc.hardware
[0. 0. 0. ... 0. 0. 0.],comp.graphics
[0. 0. 0. ... 0. 0. 0.],soc.religion.christian
[0.         0.26672212 0.         ... 0.         0.         0.        ],sci.electronics
[0. 0. 0. ... 0. 0. 0.],comp.graphics
[0. 0. 0. ... 0. 0. 0.],talk.politics.mideast
[0.         0.         0.         ... 0.26424674 0.         0.        ],sci.electronics
[0. 0. 0. ... 0. 0. 0.],comp.os.ms-windows.misc
[0. 0. 0. ... 0. 0. 0.],alt.atheism
[0. 0. 0. ... 0. 0. 0.],alt.atheism
[0. 0. 0. ... 0. 0. 0.],talk.religion.misc
[0. 0. 0. ... 0. 0. 0.],comp.windows.x
[0. 0. 0. ... 0. 0. 0.],talk.religion.misc
[0. 0. 0. ... 0. 0. 0.],talk.politics.mideast
[0. 0. 0. ... 0. 0. 0.],misc.forsale
[0. 0. 0. ... 0. 0. 0.],comp.sys.ibm.pc.hardware
[0. 0. 0. ... 0. 0. 0.],rec.autos
[0. 0. 0. ... 0. 0. 0.],rec.motorcycles
[0. 0. 0. ... 0. 0. 0.],comp.windows.x
[0. 0. 0. ... 0. 0. 0.],misc.forsale
[0. 0. 0. ... 0. 0. 0.],comp.graphics
[0. 0. 0. ... 0. 0. 0.],talk.religion.misc
[0. 0. 0. ... 0. 0. 0.],talk.politics.guns
[0. 0. 0. ... 0. 0. 0.],comp.sys.ibm.pc.hardware
[0. 0. 0. ... 0. 0. 0.],comp.os.ms-windows.misc
[0. 0. 0. ... 0. 0. 0.],soc.religion.christian
[0. 0. 0. ... 0. 0. 0.],comp.sys.mac.hardware
[0. 0. 0. ... 0. 0. 0.],sci.electronics
[0. 0. 0. ... 0. 0. 0.],rec.motorcycles
[0. 0. 0. ... 0. 0. 0.],sci.crypt
[0. 0. 0. ... 0. 0. 0.],comp.graphics
[0. 0. 0. ... 0. 0. 0.],talk.politics.mideast
[0. 0. 0. ... 0. 0. 0.],comp.os.ms-windows.misc
[0. 0. 0. ... 0. 0. 0.],rec.motorcycles
[0. 0. 0. ... 0. 0. 0.],rec.sport.baseball
[0. 0. 0. ... 0. 0. 0.],rec.sport.hockey
[0. 0. 0. ... 0. 0. 0.],misc.forsale
[0. 0. 0. ... 0. 0. 0.],sci.med
[0. 0. 0. ... 0. 0. 0.],comp.os.ms-windows.misc
[0. 0. 0. ... 0. 0. 0.],talk.politics.guns
[0. 0. 0. ... 0. 0. 0.],sci.crypt
[0. 0. 0. ... 0. 0. 0.],comp.windows.x
[0. 0. 0. ... 0. 0. 0.],sci.med
[0. 0. 0. ... 0. 0. 0.],talk.religion.misc
[0.         0.24653564 0.         ... 0.         0.         0.        ],sci.space
[0. 0. 0. ... 0. 0. 0.],alt.atheism
[0. 0. 0. ... 0. 0. 0.],alt.atheism
[0. 0. 0. ... 0. 0. 0.],talk.politics.mideast
[0. 0. 0. ... 0. 0. 0.],talk.politics.misc
[0. 0. 0. ... 0. 0. 0.],rec.sport.baseball
[0. 0. 0. ... 0. 0. 0.],talk.politics.guns
[0. 0. 0. ... 0. 0. 0.],misc.forsale
[0. 0. 0. ... 0. 0. 0.],rec.autos
[0. 0. 0. ... 0. 0. 0.],sci.med
[0. 0. 0. ... 0. 0. 0.],talk.politics.guns
[0. 0. 0. ... 0. 0. 0.],comp.windows.x
[0. 0. 0. ... 0. 0. 0.],comp.windows.x
[0. 0. 0. ... 0. 0. 0.],talk.politics.misc
[0. 0. 0. ... 0. 0. 0.],rec.autos
[0. 0. 0. ... 0. 0. 0.],sci.electronics
[0. 0. 0. ... 0. 0. 0.],rec.sport.hockey
[0. 0. 0. ... 0. 0. 0.],comp.windows.x
[0. 0. 0. ... 0. 0. 0.],sci.electronics
[0. 0. 0. ... 0. 0. 0.],rec.sport.hockey
[0. 0. 0. ... 0. 0. 0.],talk.politics.mideast
[0. 0. 0. ... 0. 0. 0.],sci.electronics
[0. 0. 0. ... 0. 0. 0.],misc.forsale
[0. 0. 0. ... 0. 0. 0.],sci.med
[0. 0. 0. ... 0. 0. 0.],comp.sys.ibm.pc.hardware
[0. 0. 0. ... 0. 0. 0.],alt.atheism
[0. 0. 0. ... 0. 0. 0.],talk.politics.misc
[0. 0. 0. ... 0. 0. 0.],comp.windows.x
[0. 0. 0. ... 0. 0. 0.],rec.autos
[0. 0. 0. ... 0. 0. 0.],rec.sport.baseball
[0. 0. 0. ... 0. 0. 0.],sci.crypt
[0. 0. 0. ... 0. 0. 0.],talk.politics.misc
[0. 0. 0. ... 0. 0. 0.],sci.crypt
[0. 0. 0. ... 0. 0. 0.],comp.os.ms-windows.misc
[0. 0. 0. ... 0. 0. 0.],sci.med
[0. 0. 0. ... 0. 0. 0.],talk.religion.misc
[0. 0. 0. ... 0. 0. 0.],comp.windows.x
[0. 0. 0. ... 0. 0. 0.],rec.motorcycles
[0. 0. 0. ... 0. 0. 0.],talk.politics.mideast
[0. 0. 0. ... 0. 0. 0.],comp.sys.ibm.pc.hardware
[0. 0. 0. ... 0. 0. 0.],comp.graphics
[0.         0.         0.         ... 0.         0.31466123 0.        ],comp.sys.ibm.pc.hardware
[0. 0. 0. ... 0. 0. 0.],comp.windows.x
[0. 0. 0. ... 0. 0. 0.],sci.med
[0. 0. 0. ... 0. 0. 0.],comp.graphics
[0. 0. 0. ... 0. 0. 0.],talk.politics.mideast
[0. 0. 0. ... 0. 0. 0.],misc.forsale
[0. 0. 0. ... 0. 0. 0.],soc.religion.christian
[0.         0.         0.         ... 0.         0.09514089 0.        ],comp.os.ms-windows.misc
[0. 0. 0. ... 0. 0. 0.],rec.motorcycles
[0. 0. 0. ... 0. 0. 0.],talk.religion.misc
[0. 0. 0. ... 0. 0. 0.],comp.os.ms-windows.misc
[0. 0. 0. ... 0. 0. 0.],rec.autos
[0. 0. 0. ... 0. 0. 0.],rec.autos
[0. 0. 0. ... 0. 0. 0.],talk.religion.misc
[0. 0. 0. ... 0. 0. 0.],soc.religion.christian
[0. 0. 0. ... 0. 0. 0.],rec.motorcycles
[0. 0. 0. ... 0. 0. 0.],misc.forsale
[0. 0. 0. ... 0. 0. 0.],talk.politics.mideast
[0. 0. 0. ... 0. 0. 0.],comp.os.ms-windows.misc
[0. 0. 0. ... 0. 0. 0.],rec.motorcycles
[0. 0. 0. ... 0. 0. 0.],misc.forsale
[0. 0. 0. ... 0. 0. 0.],rec.sport.baseball
[0. 0. 0. ... 0. 0. 0.],comp.graphics
[0. 0. 0. ... 0. 0. 0.],talk.politics.guns
[0.         0.04620313 0.         ... 0.         0.         0.        ],soc.religion.christian
[0. 0. 0. ... 0. 0. 0.],sci.space
[0. 0. 0. ... 0. 0. 0.],rec.motorcycles
[0. 0. 0. ... 0. 0. 0.],talk.politics.misc
[0. 0. 0. ... 0. 0. 0.],rec.motorcycles
[0. 0. 0. ... 0. 0. 0.],comp.graphics
[0. 0. 0. ... 0. 0. 0.],sci.crypt
[0. 0. 0. ... 0. 0. 0.],rec.motorcycles
[0. 0. 0. ... 0. 0. 0.],misc.forsale
[0. 0. 0. ... 0. 0. 0.],rec.autos
[0. 0. 0. ... 0. 0. 0.],alt.atheism
[0. 0. 0. ... 0. 0. 0.],sci.electronics
[0. 0. 0. ... 0. 0. 0.],sci.med
[0. 0. 0. ... 0. 0. 0.],comp.os.ms-windows.misc
[0. 0. 0. ... 0. 0. 0.],comp.sys.ibm.pc.hardware
[0.         0.         0.         ... 0.         0.         0.32526401],sci.electronics
[0. 0. 0. ... 0. 0. 0.],alt.atheism
[0. 0. 0. ... 0. 0. 0.],rec.sport.baseball
[0. 0. 0. ... 0. 0. 0.],rec.sport.hockey
[0. 0. 0. ... 0. 0. 0.],rec.autos
[0. 0. 0. ... 0. 0. 0.],talk.politics.mideast
[0. 0. 0. ... 0. 0. 0.],talk.religion.misc
[0. 0. 0. ... 0. 0. 0.],comp.os.ms-windows.misc
[0. 0. 0. ... 0. 0. 0.],sci.electronics
[0. 0. 0. ... 0. 0. 0.],alt.atheism
[0. 0. 0. ... 0. 0. 0.],comp.os.ms-windows.misc
[0. 0. 0. ... 0. 0. 0.],sci.crypt
[0. 0. 0. ... 0. 0. 0.],rec.motorcycles
[0. 0. 0. ... 0. 0. 0.],rec.motorcycles
[0. 0. 0. ... 0. 0. 0.],rec.sport.baseball
[0. 0. 0. ... 0. 0. 0.],rec.autos
[0. 0. 0. ... 0. 0. 0.],rec.sport.baseball
[0. 0. 0. ... 0. 0. 0.],talk.politics.mideast
[0. 0. 0. ... 0. 0. 0.],sci.crypt
[0. 0. 0. ... 0. 0. 0.],sci.med
[0.         0.         0.         ... 0.         0.         0.54281693],rec.sport.baseball
[0.09194232 0.         0.         ... 0.         0.         0.        ],rec.sport.baseball
[0. 0. 0. ... 0. 0. 0.],sci.crypt
[0. 0. 0. ... 0. 0. 0.],rec.autos
[0. 0. 0. ... 0. 0. 0.],sci.med
[0. 0. 0. ... 0. 0. 0.],rec.sport.hockey
[0. 0. 0. ... 0. 0. 0.],soc.religion.christian
[0. 0. 0. ... 0. 0. 0.],talk.politics.guns
[0. 0. 0. ... 0. 0. 0.],comp.sys.mac.hardware
[0. 0. 0. ... 0. 0. 0.],comp.sys.ibm.pc.hardware
[0. 0. 0. ... 0. 0. 0.],talk.politics.mideast
[0.         0.29232954 0.         ... 0.         0.         0.        ],sci.crypt
[0. 0. 0. ... 0. 0. 0.],talk.politics.misc
[0. 0. 0. ... 0. 0. 0.],sci.space
[0. 0. 0. ... 0. 0. 0.],comp.os.ms-windows.misc
[0. 0. 0. ... 0. 0. 0.],comp.graphics
[0. 0. 0. ... 0. 0. 0.],comp.sys.mac.hardware
[0. 0. 0. ... 0. 0. 0.],sci.electronics
[0. 0. 0. ... 0. 0. 0.],talk.politics.misc
[0. 0. 0. ... 0. 0. 0.],comp.sys.ibm.pc.hardware
[0.         0.15968524 0.         ... 0.         0.         0.        ],rec.motorcycles
[0. 0. 0. ... 0. 0. 0.],sci.crypt
[0. 0. 0. ... 0. 0. 0.],soc.religion.christian
[0. 0. 0. ... 0. 0. 0.],sci.crypt
[0. 0. 0. ... 0. 0. 0.],sci.crypt
[0. 0. 0. ... 0. 0. 0.],comp.os.ms-windows.misc
[0. 0. 0. ... 0. 0. 0.],rec.sport.baseball
[0. 0. 0. ... 0. 0. 0.],sci.med
[0. 0. 0. ... 0. 0. 0.],comp.sys.ibm.pc.hardware
[0. 0. 0. ... 0. 0. 0.],misc.forsale
[0. 0. 0. ... 0. 0. 0.],sci.med
[0. 0. 0. ... 0. 0. 0.],rec.autos
[0. 0. 0. ... 0. 0. 0.],comp.windows.x
[0. 0. 0. ... 0. 0. 0.],sci.med
[0. 0. 0. ... 0. 0. 0.],talk.religion.misc
[0. 0. 0. ... 0. 0. 0.],comp.graphics
[0. 0. 0. ... 0. 0. 0.],comp.graphics
[0. 0. 0. ... 0. 0. 0.],rec.autos
[0. 0. 0. ... 0. 0. 0.],sci.space
[0. 0. 0. ... 0. 0. 0.],sci.space
[0. 0. 0. ... 0. 0. 0.],sci.med
[0. 0. 0. ... 0. 0. 0.],sci.space
[0. 0. 0. ... 0. 0. 0.],sci.crypt
[0. 0. 0. ... 0. 0. 0.],sci.electronics
[0. 0. 0. ... 0. 0. 0.],comp.os.ms-windows.misc
[0. 0. 0. ... 0. 0. 0.],comp.graphics
[0. 0. 0. ... 0. 0. 0.],soc.religion.christian
[0. 0. 0. ... 0. 0. 0.],sci.space
[0. 0. 0. ... 0. 0. 0.],rec.sport.hockey
[0. 0. 0. ... 0. 0. 0.],talk.politics.mideast
[0. 0. 0. ... 0. 0. 0.],comp.windows.x
[0. 0. 0. ... 0. 0. 0.],comp.sys.ibm.pc.hardware
[0. 0. 0. ... 0. 0. 0.],rec.sport.baseball
[0. 0. 0. ... 0. 0. 0.],misc.forsale
[0. 0. 0. ... 0. 0. 0.],comp.windows.x
[0. 0. 0. ... 0. 0. 0.],sci.med
[0. 0. 0. ... 0. 0. 0.],rec.sport.hockey
[0. 0. 0. ... 0. 0. 0.],talk.politics.mideast
[0. 0. 0. ... 0. 0. 0.],talk.politics.mideast
[0. 0. 0. ... 0. 0. 0.],talk.religion.misc
[0. 0. 0. ... 0. 0. 0.],comp.sys.ibm.pc.hardware
[0. 0. 0. ... 0. 0. 0.],soc.religion.christian
[0. 0. 0. ... 0. 0. 0.],sci.med
[0. 0. 0. ... 0. 0. 0.],rec.sport.baseball
[0. 0. 0. ... 0. 0. 0.],soc.religion.christian
[0. 0. 0. ... 0. 0. 0.],comp.sys.ibm.pc.hardware
[0.         0.03847735 0.         ... 0.         0.         0.        ],comp.windows.x
[0. 0. 0. ... 0. 0. 0.],sci.med
[0. 0. 0. ... 0. 0. 0.],sci.crypt
[0. 0. 0. ... 0. 0. 0.],sci.med
[0. 0. 0. ... 0. 0. 0.],rec.autos
[0. 0. 0. ... 0. 0. 0.],rec.sport.hockey
[0. 0. 0. ... 0. 0. 0.],soc.religion.christian
[0. 0. 0. ... 0. 0. 0.],comp.sys.ibm.pc.hardware
[0. 0. 0. ... 0. 0. 0.],comp.sys.ibm.pc.hardware
[0. 0. 0. ... 0. 0. 0.],alt.atheism
[0. 0. 0. ... 0. 0. 0.],alt.atheism
[0. 0. 0. ... 0. 0. 0.],soc.religion.christian
[0.        0.        0.        ... 0.0440148 0.        0.       ],sci.crypt
[0. 0. 0. ... 0. 0. 0.],rec.autos
[0. 0. 0. ... 0. 0. 0.],rec.motorcycles
[0. 0. 0. ... 0. 0. 0.],alt.atheism
[0. 0. 0. ... 0. 0. 0.],sci.crypt
[0.         0.06721159 0.         ... 0.         0.         0.        ],sci.crypt
[0. 0. 0. ... 0. 0. 0.],talk.politics.guns
[0. 0. 0. ... 0. 0. 0.],rec.sport.baseball
[0. 0. 0. ... 0. 0. 0.],sci.space
[0. 0. 0. ... 0. 0. 0.],sci.med
[0. 0. 0. ... 0. 0. 0.],comp.sys.ibm.pc.hardware
[0.         0.         0.         ... 0.22110307 0.         0.        ],alt.atheism
[0. 0. 0. ... 0. 0. 0.],rec.sport.hockey
[0. 0. 0. ... 0. 0. 0.],rec.motorcycles
[0. 0. 0. ... 0. 0. 0.],comp.os.ms-windows.misc
[0. 0. 0. ... 0. 0. 0.],talk.politics.mideast
[0. 0. 0. ... 0. 0. 0.],rec.autos
[0. 0. 0. ... 0. 0. 0.],talk.religion.misc
[0. 0. 0. ... 0. 0. 0.],rec.sport.hockey
[0. 0. 0. ... 0. 0. 0.],talk.politics.misc
[0. 0. 0. ... 0. 0. 0.],rec.autos
[0. 0. 0. ... 0. 0. 0.],rec.sport.baseball
[0. 0. 0. ... 0. 0. 0.],alt.atheism
[0. 0. 0. ... 0. 0. 0.],talk.politics.mideast
[0. 0. 0. ... 0. 0. 0.],sci.med
[0. 0. 0. ... 0. 0. 0.],comp.os.ms-windows.misc
[0. 0. 0. ... 0. 0. 0.],talk.politics.misc
[0. 0. 0. ... 0. 0. 0.],comp.os.ms-windows.misc
[0. 0. 0. ... 0. 0. 0.],sci.electronics
[0. 0. 0. ... 0. 0. 0.],rec.autos
[0.        0.        0.        ... 0.        0.        0.1039139],rec.motorcycles
[0. 0. 0. ... 0. 0. 0.],talk.politics.misc
[0. 0. 0. ... 0. 0. 0.],sci.electronics
[0. 0. 0. ... 0. 0. 0.],sci.space
[0. 0. 0. ... 0. 0. 0.],alt.atheism
[0. 0. 0. ... 0. 0. 0.],rec.sport.baseball
[0. 0. 0. ... 0. 0. 0.],rec.sport.hockey
[0. 0. 0. ... 0. 0. 0.],rec.autos
[0.       0.       0.       ... 0.       0.       0.195935],rec.sport.hockey
[0. 0. 0. ... 0. 0. 0.],rec.motorcycles
[0. 0. 0. ... 0. 0. 0.],comp.graphics
[0. 0. 0. ... 0. 0. 0.],talk.politics.misc
[0. 0. 0. ... 0. 0. 0.],sci.electronics
[0. 0. 0. ... 0. 0. 0.],rec.sport.hockey
[0. 0. 0. ... 0. 0. 0.],talk.politics.guns
[0. 0. 0. ... 0. 0. 0.],talk.politics.guns
[0. 0. 0. ... 0. 0. 0.],rec.sport.baseball
[0. 0. 0. ... 0. 0. 0.],talk.politics.guns
[0. 0. 0. ... 0. 0. 0.],rec.sport.baseball
[0. 0. 0. ... 0. 0. 0.],comp.graphics
[0. 0. 0. ... 0. 0. 0.],sci.space
[0.         0.07347551 0.         ... 0.         0.         0.        ],comp.graphics
[0. 0. 0. ... 0. 0. 0.],talk.religion.misc
[0. 0. 0. ... 0. 0. 0.],alt.atheism
[0. 0. 0. ... 0. 0. 0.],talk.politics.mideast
[0. 0. 0. ... 0. 0. 0.],rec.sport.baseball
[0. 0. 0. ... 0. 0. 0.],sci.space
[0. 0. 0. ... 0. 0. 0.],rec.motorcycles
[0. 0. 0. ... 0. 0. 0.],sci.space
[0. 0. 0. ... 0. 0. 0.],talk.religion.misc
[0. 0. 0. ... 0. 0. 0.],sci.space
[0. 0. 0. ... 0. 0. 0.],rec.sport.baseball
[0. 0. 0. ... 0. 0. 0.],talk.politics.misc
[0.         0.         0.         ... 0.09480886 0.         0.        ],soc.religion.christian
[0. 0. 0. ... 0. 0. 0.],soc.religion.christian
[0. 0. 0. ... 0. 0. 0.],rec.sport.hockey
[0. 0. 0. ... 0. 0. 0.],rec.sport.baseball
[0. 0. 0. ... 0. 0. 0.],talk.politics.guns
[0. 0. 0. ... 0. 0. 0.],misc.forsale
[0. 0. 0. ... 0. 0. 0.],talk.politics.guns
[0. 0. 0. ... 0. 0. 0.],rec.motorcycles
[0.19453633 0.         0.         ... 0.         0.         0.        ],comp.sys.mac.hardware
[0. 0. 0. ... 0. 0. 0.],comp.os.ms-windows.misc
[0. 0. 0. ... 0. 0. 0.],rec.autos
[0. 0. 0. ... 0. 0. 0.],rec.sport.hockey
[0. 0. 0. ... 0. 0. 0.],comp.sys.mac.hardware
[0. 0. 0. ... 0. 0. 0.],sci.space
[0. 0. 0. ... 0. 0. 0.],talk.politics.guns
[0. 0. 0. ... 0. 0. 0.],talk.politics.mideast
[0. 0. 0. ... 0. 0. 0.],talk.politics.mideast
[0. 0. 0. ... 0. 0. 0.],sci.med
[0. 0. 0. ... 0. 0. 0.],comp.sys.mac.hardware
[0. 0. 0. ... 0. 0. 0.],misc.forsale
[0. 0. 0. ... 0. 0. 0.],rec.autos
[0.         0.         0.         ... 0.         0.         0.18503592],misc.forsale
[0. 0. 0. ... 0. 0. 0.],rec.sport.hockey
[0. 0. 0. ... 0. 0. 0.],talk.politics.misc
[0. 0. 0. ... 0. 0. 0.],talk.religion.misc
[0. 0. 0. ... 0. 0. 0.],sci.space
[0. 0. 0. ... 0. 0. 0.],sci.crypt
[0. 0. 0. ... 0. 0. 0.],sci.med
[0. 0. 0. ... 0. 0. 0.],talk.politics.mideast
[0. 0. 0. ... 0. 0. 0.],comp.sys.ibm.pc.hardware
[0. 0. 0. ... 0. 0. 0.],talk.politics.misc
[0. 0. 0. ... 0. 0. 0.],rec.autos
[0. 0. 0. ... 0. 0. 0.],misc.forsale
[0.         0.         0.         ... 0.         0.32820281 0.        ],comp.graphics
[0. 0. 0. ... 0. 0. 0.],sci.electronics
[0. 0. 0. ... 0. 0. 0.],comp.windows.x
[0. 0. 0. ... 0. 0. 0.],talk.politics.misc
[0. 0. 0. ... 0. 0. 0.],comp.graphics
[0. 0. 0. ... 0. 0. 0.],soc.religion.christian
[0. 0. 0. ... 0. 0. 0.],rec.motorcycles
[0. 0. 0. ... 0. 0. 0.],sci.space
[0. 0. 0. ... 0. 0. 0.],sci.space
[0. 0. 0. ... 0. 0. 0.],rec.motorcycles
[0. 0. 0. ... 0. 0. 0.],sci.med
[0. 0. 0. ... 0. 0. 0.],sci.space
[0. 0. 0. ... 0. 0. 0.],rec.motorcycles
[0. 0. 0. ... 0. 0. 0.],rec.motorcycles
[0. 0. 0. ... 0. 0. 0.],comp.sys.mac.hardware
[0. 0. 0. ... 0. 0. 0.],comp.sys.ibm.pc.hardware
[0. 0. 0. ... 0. 0. 0.],soc.religion.christian
[0. 0. 0. ... 0. 0. 0.],rec.sport.baseball
[0. 0. 0. ... 0. 0. 0.],comp.sys.ibm.pc.hardware
[0. 0. 0. ... 0. 0. 0.],talk.religion.misc
[0. 0. 0. ... 0. 0. 0.],rec.motorcycles
[0. 0. 0. ... 0. 0. 0.],sci.space
[0. 0. 0. ... 0. 0. 0.],comp.sys.ibm.pc.hardware
[0. 0. 0. ... 0. 0. 0.],rec.sport.baseball
[0. 0. 0. ... 0. 0. 0.],rec.sport.hockey
[0.10861736 0.         0.         ... 0.         0.         0.        ],talk.politics.guns
[0. 0. 0. ... 0. 0. 0.],rec.autos
[0.        0.1014084 0.        ... 0.        0.        0.       ],comp.sys.mac.hardware
[0. 0. 0. ... 0. 0. 0.],sci.med
[0. 0. 0. ... 0. 0. 0.],comp.os.ms-windows.misc
[0. 0. 0. ... 0. 0. 0.],alt.atheism
[0. 0. 0. ... 0. 0. 0.],comp.os.ms-windows.misc
[0. 0. 0. ... 0. 0. 0.],rec.autos
[0. 0. 0. ... 0. 0. 0.],talk.religion.misc
[0. 0. 0. ... 0. 0. 0.],comp.os.ms-windows.misc
[0. 0. 0. ... 0. 0. 0.],talk.politics.mideast
[0. 0. 0. ... 0. 0. 0.],comp.sys.ibm.pc.hardware
[0. 0. 0. ... 0. 0. 0.],misc.forsale
[0. 0. 0. ... 0. 0. 0.],misc.forsale
[0. 0. 0. ... 0. 0. 0.],comp.graphics
[0. 0. 0. ... 0. 0. 0.],talk.religion.misc
[0. 0. 0. ... 0. 0. 0.],sci.med
[0. 0. 0. ... 0. 0. 0.],talk.politics.mideast
[0. 0. 0. ... 0. 0. 0.],sci.electronics
[0. 0. 0. ... 0. 0. 0.],sci.space
[0. 0. 0. ... 0. 0. 0.],comp.windows.x
[0. 0. 0. ... 0. 0. 0.],sci.crypt
[0. 0. 0. ... 0. 0. 0.],rec.autos
[0. 0. 0. ... 0. 0. 0.],sci.space
[0. 0. 0. ... 0. 0. 0.],rec.autos
[0. 0. 0. ... 0. 0. 0.],alt.atheism
[0. 0. 0. ... 0. 0. 0.],sci.crypt
[0. 0. 0. ... 0. 0. 0.],rec.autos
[0. 0. 0. ... 0. 0. 0.],misc.forsale
[0. 0. 0. ... 0. 0. 0.],rec.autos
[0. 0. 0. ... 0. 0. 0.],comp.windows.x
[0. 0. 0. ... 0. 0. 0.],soc.religion.christian
[0. 0. 0. ... 0. 0. 0.],talk.religion.misc
[0. 0. 0. ... 0. 0. 0.],comp.windows.x
[0. 0. 0. ... 0. 0. 0.],comp.os.ms-windows.misc
[0. 0. 0. ... 0. 0. 0.],rec.motorcycles
[0. 0. 0. ... 0. 0. 0.],comp.graphics
[0. 0. 0. ... 0. 0. 0.],sci.electronics
[0. 0. 0. ... 0. 0. 0.],rec.autos
[0. 0. 0. ... 0. 0. 0.],rec.sport.baseball
[0.29738018 0.         0.         ... 0.         0.         0.        ],rec.sport.baseball
[0. 0. 0. ... 0. 0. 0.],sci.med
[0. 0. 0. ... 0. 0. 0.],rec.sport.hockey
[0. 0. 0. ... 0. 0. 0.],sci.space
[0. 0. 0. ... 0. 0. 0.],rec.sport.hockey
[0. 0. 0. ... 0. 0. 0.],rec.autos
[0. 0. 0. ... 0. 0. 0.],talk.politics.guns
[0. 0. 0. ... 0. 0. 0.],sci.crypt
[0. 0. 0. ... 0. 0. 0.],rec.motorcycles
[0. 0. 0. ... 0. 0. 0.],sci.electronics
[0. 0. 0. ... 0. 0. 0.],alt.atheism
[0. 0. 0. ... 0. 0. 0.],sci.electronics
[0. 0. 0. ... 0. 0. 0.],comp.windows.x
[0. 0. 0. ... 0. 0. 0.],rec.sport.baseball
[0. 0. 0. ... 0. 0. 0.],misc.forsale
[0. 0. 0. ... 0. 0. 0.],comp.windows.x
[0. 0. 0. ... 0. 0. 0.],comp.windows.x
[0. 0. 0. ... 0. 0. 0.],misc.forsale
[0. 0. 0. ... 0. 0. 0.],comp.graphics
[0. 0. 0. ... 0. 0. 0.],sci.space
[0. 0. 0. ... 0. 0. 0.],rec.autos
[0. 0. 0. ... 0. 0. 0.],sci.crypt
[0. 0. 0. ... 0. 0. 0.],talk.politics.mideast
[0. 0. 0. ... 0. 0. 0.],comp.sys.ibm.pc.hardware
[0. 0. 0. ... 0. 0. 0.],misc.forsale
[0. 0. 0. ... 0. 0. 0.],sci.space
[0. 0. 0. ... 0. 0. 0.],comp.sys.ibm.pc.hardware
[0. 0. 0. ... 0. 0. 0.],talk.politics.mideast
[0. 0. 0. ... 0. 0. 0.],talk.religion.misc
[0.         0.         0.         ... 0.         0.35754815 0.        ],comp.graphics
[0.         0.07981319 0.         ... 0.         0.         0.        ],rec.autos
[0. 0. 0. ... 0. 0. 0.],rec.sport.baseball
[0. 0. 0. ... 0. 0. 0.],rec.sport.baseball
[0. 0. 0. ... 0. 0. 0.],rec.motorcycles
[0. 0. 0. ... 0. 0. 0.],sci.crypt
[0. 0. 0. ... 0. 0. 0.],comp.os.ms-windows.misc
[0. 0. 0. ... 0. 0. 0.],talk.politics.mideast
[0. 0. 0. ... 0. 0. 0.],rec.sport.baseball
[0. 0. 0. ... 0. 0. 0.],misc.forsale
[0. 0. 0. ... 0. 0. 0.],alt.atheism
[0. 0. 0. ... 0. 0. 0.],talk.politics.mideast
[0. 0. 0. ... 0. 0. 0.],comp.sys.ibm.pc.hardware
[0. 0. 0. ... 0. 0. 0.],talk.politics.guns
[0. 0. 0. ... 0. 0. 0.],rec.autos
[0. 0. 0. ... 0. 0. 0.],comp.sys.mac.hardware
[0. 0. 0. ... 0. 0. 0.],sci.electronics
[0. 0. 0. ... 0. 0. 0.],rec.motorcycles
[0. 0. 0. ... 0. 0. 0.],sci.med
[0.         0.07041624 0.         ... 0.         0.         0.        ],soc.religion.christian
[0. 0. 0. ... 0. 0. 0.],rec.motorcycles
[0. 0. 0. ... 0. 0. 0.],talk.politics.misc
[0. 0. 0. ... 0. 0. 0.],misc.forsale
[0. 0. 0. ... 0. 0. 0.],soc.religion.christian
[0. 0. 0. ... 0. 0. 0.],comp.sys.ibm.pc.hardware
[0. 0. 0. ... 0. 0. 0.],misc.forsale
[0. 0. 0. ... 0. 0. 0.],talk.politics.guns
[0. 0. 0. ... 0. 0. 0.],comp.windows.x
[0. 0. 0. ... 0. 0. 0.],sci.space
[0. 0. 0. ... 0. 0. 0.],sci.space
[0. 0. 0. ... 0. 0. 0.],sci.space
[0. 0. 0. ... 0. 0. 0.],comp.windows.x
[0. 0. 0. ... 0. 0. 0.],sci.med
[0. 0. 0. ... 0. 0. 0.],talk.politics.misc
[0. 0. 0. ... 0. 0. 0.],sci.crypt
[0. 0. 0. ... 0. 0. 0.],comp.windows.x
[0. 0. 0. ... 0. 0. 0.],comp.graphics
[0. 0. 0. ... 0. 0. 0.],rec.autos
[0. 0. 0. ... 0. 0. 0.],comp.os.ms-windows.misc
[0. 0. 0. ... 0. 0. 0.],sci.space
[0. 0. 0. ... 0. 0. 0.],talk.politics.guns
[0. 0. 0. ... 0. 0. 0.],sci.electronics
[0. 0. 0. ... 0. 0. 0.],rec.sport.baseball
[0. 0. 0. ... 0. 0. 0.],rec.autos
[0. 0. 0. ... 0. 0. 0.],rec.sport.baseball
[0. 0. 0. ... 0. 0. 0.],rec.autos
[0. 0. 0. ... 0. 0. 0.],comp.sys.ibm.pc.hardware
[0. 0. 0. ... 0. 0. 0.],comp.graphics
[0. 0. 0. ... 0. 0. 0.],comp.sys.mac.hardware
[0. 0. 0. ... 0. 0. 0.],sci.crypt
[0. 0. 0. ... 0. 0. 0.],talk.politics.guns
[0. 0. 0. ... 0. 0. 0.],rec.autos
[0.        0.        0.        ... 0.        0.        0.1047147],rec.sport.hockey
[0. 0. 0. ... 0. 0. 0.],sci.space
[0. 0. 0. ... 0. 0. 0.],rec.sport.hockey
[0. 0. 0. ... 0. 0. 0.],comp.os.ms-windows.misc
[0. 0. 0. ... 0. 0. 0.],talk.religion.misc
[0. 0. 0. ... 0. 0. 0.],sci.electronics
[0. 0. 0. ... 0. 0. 0.],comp.graphics
[0. 0. 0. ... 0. 0. 0.],rec.sport.hockey
[0. 0. 0. ... 0. 0. 0.],comp.graphics
[0.         0.11638014 0.         ... 0.         0.         0.        ],sci.med
[0. 0. 0. ... 0. 0. 0.],comp.sys.mac.hardware
[0. 0. 0. ... 0. 0. 0.],comp.graphics
[0. 0. 0. ... 0. 0. 0.],comp.sys.mac.hardware
[0. 0. 0. ... 0. 0. 0.],sci.space
[0. 0. 0. ... 0. 0. 0.],sci.space
[0.        0.1453597 0.        ... 0.        0.        0.       ],soc.religion.christian
[0. 0. 0. ... 0. 0. 0.],rec.sport.baseball
[0. 0. 0. ... 0. 0. 0.],alt.atheism
[0.         0.13789102 0.         ... 0.         0.         0.        ],talk.religion.misc
[0. 0. 0. ... 0. 0. 0.],rec.sport.baseball
[0. 0. 0. ... 0. 0. 0.],comp.os.ms-windows.misc
[0. 0. 0. ... 0. 0. 0.],comp.graphics
[0. 0. 0. ... 0. 0. 0.],sci.crypt
[0.        0.        0.        ... 0.0582789 0.        0.       ],sci.crypt
[0. 0. 0. ... 0. 0. 0.],rec.motorcycles
[0. 0. 0. ... 0. 0. 0.],talk.politics.misc
[0. 0. 0. ... 0. 0. 0.],rec.sport.hockey
[0. 0. 0. ... 0. 0. 0.],comp.sys.ibm.pc.hardware
[0. 0. 0. ... 0. 0. 0.],misc.forsale
[0. 0. 0. ... 0. 0. 0.],comp.sys.mac.hardware
[0. 0. 0. ... 0. 0. 0.],sci.electronics
[0. 0. 0. ... 0. 0. 0.],rec.autos
[0.         0.06653503 0.         ... 0.         0.         0.        ],sci.med
[0. 0. 0. ... 0. 0. 0.],sci.electronics
[0. 0. 0. ... 0. 0. 0.],misc.forsale
[0. 0. 0. ... 0. 0. 0.],comp.windows.x
[0. 0. 0. ... 0. 0. 0.],talk.politics.guns
[0. 0. 0. ... 0. 0. 0.],rec.sport.hockey
[0. 0. 0. ... 0. 0. 0.],soc.religion.christian
[0.06939086 0.         0.         ... 0.         0.         0.        ],rec.sport.hockey
[0. 0. 0. ... 0. 0. 0.],sci.electronics
[0. 0. 0. ... 0. 0. 0.],talk.politics.misc
[0. 0. 0. ... 0. 0. 0.],rec.sport.baseball
[0. 0. 0. ... 0. 0. 0.],sci.med
[0. 0. 0. ... 0. 0. 0.],alt.atheism
[0. 0. 0. ... 0. 0. 0.],talk.politics.misc
[0. 0. 0. ... 0. 0. 0.],talk.politics.guns
[0. 0. 0. ... 0. 0. 0.],rec.sport.hockey
[0. 0. 0. ... 0. 0. 0.],talk.politics.misc
[0. 0. 0. ... 0. 0. 0.],comp.os.ms-windows.misc
[0. 0. 0. ... 0. 0. 0.],comp.graphics
[0.08292652 0.         0.         ... 0.         0.         0.        ],rec.sport.baseball
[0. 0. 0. ... 0. 0. 0.],comp.sys.ibm.pc.hardware
[0. 0. 0. ... 0. 0. 0.],rec.autos
[0. 0. 0. ... 0. 0. 0.],rec.motorcycles
[0. 0. 0. ... 0. 0. 0.],comp.graphics
[0. 0. 0. ... 0. 0. 0.],comp.windows.x
[0. 0. 0. ... 0. 0. 0.],rec.sport.baseball
[0. 0. 0. ... 0. 0. 0.],comp.sys.ibm.pc.hardware
[0. 0. 0. ... 0. 0. 0.],misc.forsale
[0. 0. 0. ... 0. 0. 0.],comp.graphics
[0. 0. 0. ... 0. 0. 0.],rec.motorcycles
[0. 0. 0. ... 0. 0. 0.],talk.politics.misc
[0.         0.12555895 0.         ... 0.         0.         0.        ],rec.motorcycles
[0. 0. 0. ... 0. 0. 0.],comp.sys.ibm.pc.hardware
[0. 0. 0. ... 0. 0. 0.],comp.sys.mac.hardware
[0. 0. 0. ... 0. 0. 0.],misc.forsale
[0. 0. 0. ... 0. 0. 0.],comp.sys.ibm.pc.hardware
[0. 0. 0. ... 0. 0. 0.],rec.motorcycles
[0. 0. 0. ... 0. 0. 0.],comp.windows.x
[0. 0. 0. ... 0. 0. 0.],sci.space
[0.         0.14518178 0.         ... 0.         0.         0.        ],soc.religion.christian
[0.         0.05452222 0.         ... 0.         0.         0.        ],sci.crypt
[0. 0. 0. ... 0. 0. 0.],comp.os.ms-windows.misc
[0. 0. 0. ... 0. 0. 0.],talk.politics.guns
[0. 0. 0. ... 0. 0. 0.],rec.sport.baseball
[0. 0. 0. ... 0. 0. 0.],sci.crypt
[0. 0. 0. ... 0. 0. 0.],rec.motorcycles
[0. 0. 0. ... 0. 0. 0.],comp.sys.mac.hardware
[0. 0. 0. ... 0. 0. 0.],comp.sys.mac.hardware
[0. 0. 0. ... 0. 0. 0.],comp.sys.mac.hardware
[0.         0.02973176 0.         ... 0.         0.         0.        ],talk.politics.mideast
[0. 0. 0. ... 0. 0. 0.],sci.crypt
[0. 0. 0. ... 0. 0. 0.],sci.crypt
[0. 0. 0. ... 0. 0. 0.],sci.space
[0. 0. 0. ... 0. 0. 0.],sci.space
[0. 0. 0. ... 0. 0. 0.],alt.atheism
[0.         0.         0.         ... 0.         0.         0.31015153],misc.forsale
[0. 0. 0. ... 0. 0. 0.],comp.windows.x
[0. 0. 0. ... 0. 0. 0.],comp.sys.ibm.pc.hardware
[0.         0.03015636 0.         ... 0.         0.         0.        ],sci.crypt
[0. 0. 0. ... 0. 0. 0.],soc.religion.christian
[0. 0. 0. ... 0. 0. 0.],comp.windows.x
[0. 0. 0. ... 0. 0. 0.],sci.med
[0. 0. 0. ... 0. 0. 0.],talk.politics.guns
[0. 0. 0. ... 0. 0. 0.],sci.space
[0. 0. 0. ... 0. 0. 0.],talk.politics.mideast
[0. 0. 0. ... 0. 0. 0.],rec.autos
[0. 0. 0. ... 0. 0. 0.],misc.forsale
[0. 0. 0. ... 0. 0. 0.],talk.politics.mideast
[0. 0. 0. ... 0. 0. 0.],rec.autos
[0. 0. 0. ... 0. 0. 0.],alt.atheism
[0. 0. 0. ... 0. 0. 0.],alt.atheism
[0. 0. 0. ... 0. 0. 0.],rec.sport.hockey
[0. 0. 0. ... 0. 0. 0.],comp.windows.x
[0. 0. 0. ... 0. 0. 0.],rec.sport.baseball
[0. 0. 0. ... 0. 0. 0.],comp.sys.mac.hardware
[0. 0. 0. ... 0. 0. 0.],sci.space
[0. 0. 0. ... 0. 0. 0.],comp.sys.ibm.pc.hardware
[0. 0. 0. ... 0. 0. 0.],rec.motorcycles
[0. 0. 0. ... 0. 0. 0.],rec.sport.hockey
[0.04766745 0.         0.         ... 0.         0.         0.        ],talk.politics.misc
[0. 0. 0. ... 0. 0. 0.],rec.sport.hockey
[0. 0. 0. ... 0. 0. 0.],rec.sport.baseball
[0. 0. 0. ... 0. 0. 0.],comp.graphics
[0. 0. 0. ... 0. 0. 0.],comp.graphics
[0. 0. 0. ... 0. 0. 0.],sci.space
[0.         0.11074771 0.         ... 0.         0.         0.        ],comp.windows.x
[0. 0. 0. ... 0. 0. 0.],sci.crypt
[0. 0. 0. ... 0. 0. 0.],sci.space
[0. 0. 0. ... 0. 0. 0.],rec.autos
[0. 0. 0. ... 0. 0. 0.],misc.forsale
[0. 0. 0. ... 0. 0. 0.],soc.religion.christian
[0. 0. 0. ... 0. 0. 0.],comp.sys.mac.hardware
[0. 0. 0. ... 0. 0. 0.],alt.atheism
[0. 0. 0. ... 0. 0. 0.],sci.space
[0. 0. 0. ... 0. 0. 0.],comp.sys.mac.hardware
[0. 0. 0. ... 0. 0. 0.],sci.electronics
[0. 0. 0. ... 0. 0. 0.],talk.politics.guns
[0. 0. 0. ... 0. 0. 0.],comp.graphics
[0. 0. 0. ... 0. 0. 0.],talk.politics.guns
[0. 0. 0. ... 0. 0. 0.],comp.graphics
[0.         0.12648011 0.         ... 0.         0.         0.        ],sci.electronics
[0. 0. 0. ... 0. 0. 0.],comp.graphics
[0. 0. 0. ... 0. 0. 0.],sci.med
[0. 0. 0. ... 0. 0. 0.],rec.motorcycles
[0. 0. 0. ... 0. 0. 0.],comp.sys.mac.hardware
[0.         0.04980326 0.         ... 0.         0.         0.        ],rec.sport.baseball
[0. 0. 0. ... 0. 0. 0.],talk.politics.misc
[0. 0. 0. ... 0. 0. 0.],talk.politics.mideast
[0. 0. 0. ... 0. 0. 0.],soc.religion.christian
[0. 0. 0. ... 0. 0. 0.],soc.religion.christian
[0. 0. 0. ... 0. 0. 0.],talk.politics.guns
[0. 0. 0. ... 0. 0. 0.],rec.sport.baseball
[0. 0. 0. ... 0. 0. 0.],sci.med
[0. 0. 0. ... 0. 0. 0.],comp.os.ms-windows.misc
[0. 0. 0. ... 0. 0. 0.],talk.politics.mideast
[0. 0. 0. ... 0. 0. 0.],comp.windows.x
[0. 0. 0. ... 0. 0. 0.],rec.autos
[0. 0. 0. ... 0. 0. 0.],comp.sys.mac.hardware
[0. 0. 0. ... 0. 0. 0.],rec.sport.baseball
[0. 0. 0. ... 0. 0. 0.],rec.sport.hockey
[0. 0. 0. ... 0. 0. 0.],sci.crypt
[0. 0. 0. ... 0. 0. 0.],rec.sport.hockey
[0. 0. 0. ... 0. 0. 0.],comp.os.ms-windows.misc
[0. 0. 0. ... 0. 0. 0.],comp.windows.x
[0. 0. 0. ... 0. 0. 0.],rec.sport.baseball
[0. 0. 0. ... 0. 0. 0.],alt.atheism
[0. 0. 0. ... 0. 0. 0.],sci.crypt
[0. 0. 0. ... 0. 0. 0.],talk.politics.guns
[0. 0. 0. ... 0. 0. 0.],comp.sys.mac.hardware
[0. 0. 0. ... 0. 0. 0.],rec.autos
[0. 0. 0. ... 0. 0. 0.],talk.politics.mideast
[0. 0. 0. ... 0. 0. 0.],rec.autos
[0. 0. 0. ... 0. 0. 0.],comp.graphics
[0. 0. 0. ... 0. 0. 0.],rec.motorcycles
[0. 0. 0. ... 0. 0. 0.],sci.space
[0. 0. 0. ... 0. 0. 0.],comp.os.ms-windows.misc
[0. 0. 0. ... 0. 0. 0.],talk.politics.guns
[0. 0. 0. ... 0. 0. 0.],comp.windows.x
[0. 0. 0. ... 0. 0. 0.],comp.windows.x
[0. 0. 0. ... 0. 0. 0.],sci.crypt
[0. 0. 0. ... 0. 0. 0.],alt.atheism
[0. 0. 0. ... 0. 0. 0.],talk.politics.mideast
[0. 0. 0. ... 0. 0. 0.],comp.sys.ibm.pc.hardware
[0. 0. 0. ... 0. 0. 0.],rec.motorcycles
[0. 0. 0. ... 0. 0. 0.],rec.motorcycles
[0.         0.02396641 0.         ... 0.         0.         0.        ],talk.politics.mideast
[0. 0. 0. ... 0. 0. 0.],talk.politics.guns
[0. 0. 0. ... 0. 0. 0.],comp.os.ms-windows.misc
[0. 0. 0. ... 0. 0. 0.],comp.sys.ibm.pc.hardware
[0. 0. 0. ... 0. 0. 0.],rec.sport.baseball
[0. 0. 0. ... 0. 0. 0.],comp.sys.mac.hardware
[0. 0. 0. ... 0. 0. 0.],talk.politics.mideast
[0. 0. 0. ... 0. 0. 0.],talk.religion.misc
[0. 0. 0. ... 0. 0. 0.],alt.atheism
[0. 0. 0. ... 0. 0. 0.],talk.politics.mideast
[0.         0.04168226 0.         ... 0.         0.         0.        ],talk.politics.misc
[0.         0.07437886 0.         ... 0.         0.         0.        ],alt.atheism
[0.06343574 0.         0.         ... 0.         0.         0.        ],soc.religion.christian
[0. 0. 0. ... 0. 0. 0.],rec.motorcycles
[0.         0.03245238 0.         ... 0.         0.         0.        ],talk.politics.misc
[0. 0. 0. ... 0. 0. 0.],comp.windows.x
[0. 0. 0. ... 0. 0. 0.],rec.sport.baseball
[0. 0. 0. ... 0. 0. 0.],comp.windows.x
[0. 0. 0. ... 0. 0. 0.],comp.windows.x
[0. 0. 0. ... 0. 0. 0.],sci.space
[0. 0. 0. ... 0. 0. 0.],talk.religion.misc
[0. 0. 0. ... 0. 0. 0.],sci.med
[0. 0. 0. ... 0. 0. 0.],comp.os.ms-windows.misc
[0. 0. 0. ... 0. 0. 0.],rec.sport.hockey
[0. 0. 0. ... 0. 0. 0.],sci.crypt
[0. 0. 0. ... 0. 0. 0.],talk.politics.guns
[0. 0. 0. ... 0. 0. 0.],rec.motorcycles
[0. 0. 0. ... 0. 0. 0.],talk.religion.misc
[0.07903039 0.         0.         ... 0.         0.         0.        ],talk.politics.misc
[0. 0. 0. ... 0. 0. 0.],comp.sys.mac.hardware
[0. 0. 0. ... 0. 0. 0.],sci.med
[0. 0. 0. ... 0. 0. 0.],alt.atheism
[0. 0. 0. ... 0. 0. 0.],sci.space
[0. 0. 0. ... 0. 0. 0.],alt.atheism
[0. 0. 0. ... 0. 0. 0.],sci.space
[0. 0. 0. ... 0. 0. 0.],alt.atheism
[0. 0. 0. ... 0. 0. 0.],rec.sport.hockey
[0. 0. 0. ... 0. 0. 0.],comp.windows.x
[0. 0. 0. ... 0. 0. 0.],comp.sys.ibm.pc.hardware
[0. 0. 0. ... 0. 0. 0.],comp.sys.mac.hardware
[0. 0. 0. ... 0. 0. 0.],sci.electronics
[0. 0. 0. ... 0. 0. 0.],alt.atheism
[0. 0. 0. ... 0. 0. 0.],rec.sport.baseball
[0. 0. 0. ... 0. 0. 0.],sci.space
[0. 0. 0. ... 0. 0. 0.],rec.sport.baseball
[0. 0. 0. ... 0. 0. 0.],sci.space
[0. 0. 0. ... 0. 0. 0.],alt.atheism
[0. 0. 0. ... 0. 0. 0.],sci.crypt
[0. 0. 0. ... 0. 0. 0.],comp.sys.ibm.pc.hardware
[0. 0. 0. ... 0. 0. 0.],rec.sport.hockey
[0. 0. 0. ... 0. 0. 0.],comp.sys.ibm.pc.hardware
[0. 0. 0. ... 0. 0. 0.],sci.electronics
[0. 0. 0. ... 0. 0. 0.],talk.politics.mideast
[0. 0. 0. ... 0. 0. 0.],rec.autos
[0. 0. 0. ... 0. 0. 0.],rec.autos
[0. 0. 0. ... 0. 0. 0.],misc.forsale
[0. 0. 0. ... 0. 0. 0.],rec.motorcycles
[0. 0. 0. ... 0. 0. 0.],comp.os.ms-windows.misc
[0. 0. 0. ... 0. 0. 0.],sci.crypt
[0.         0.09033597 0.         ... 0.         0.13781742 0.        ],rec.sport.hockey
[0. 0. 0. ... 0. 0. 0.],rec.autos
[0.31692955 0.         0.         ... 0.         0.         0.        ],comp.os.ms-windows.misc
[0. 0. 0. ... 0. 0. 0.],rec.sport.baseball
[0. 0. 0. ... 0. 0. 0.],misc.forsale
[0. 0. 0. ... 0. 0. 0.],misc.forsale
[0. 0. 0. ... 0. 0. 0.],talk.politics.misc
[0. 0. 0. ... 0. 0. 0.],rec.motorcycles
[0. 0. 0. ... 0. 0. 0.],rec.motorcycles
[0. 0. 0. ... 0. 0. 0.],rec.sport.hockey
[0. 0. 0. ... 0. 0. 0.],soc.religion.christian
[0. 0. 0. ... 0. 0. 0.],rec.motorcycles
[0. 0. 0. ... 0. 0. 0.],alt.atheism
[0. 0. 0. ... 0. 0. 0.],rec.autos
[0. 0. 0. ... 0. 0. 0.],sci.crypt
[0.         0.03287706 0.         ... 0.         0.         0.        ],talk.politics.mideast
[0. 0. 0. ... 0. 0. 0.],alt.atheism
[0. 0. 0. ... 0. 0. 0.],sci.space
[0. 0. 0. ... 0. 0. 0.],comp.sys.ibm.pc.hardware
[0. 0. 0. ... 0. 0. 0.],rec.sport.hockey
[0. 0. 0. ... 0. 0. 0.],alt.atheism
[0. 0. 0. ... 0. 0. 0.],talk.politics.mideast
[0. 0. 0. ... 0. 0. 0.],rec.sport.baseball
[0. 0. 0. ... 0. 0. 0.],alt.atheism
[0. 0. 0. ... 0. 0. 0.],talk.politics.guns
[0. 0. 0. ... 0. 0. 0.],sci.crypt
[0. 0. 0. ... 0. 0. 0.],rec.sport.baseball
[0. 0. 0. ... 0. 0. 0.],soc.religion.christian
[0. 0. 0. ... 0. 0. 0.],comp.sys.mac.hardware
[0. 0. 0. ... 0. 0. 0.],comp.os.ms-windows.misc
[0. 0. 0. ... 0. 0. 0.],sci.crypt
[0. 0. 0. ... 0. 0. 0.],talk.politics.misc
[0. 0. 0. ... 0. 0. 0.],comp.sys.ibm.pc.hardware
[0. 0. 0. ... 0. 0. 0.],comp.windows.x
[0. 0. 0. ... 0. 0. 0.],rec.sport.baseball
[0. 0. 0. ... 0. 0. 0.],soc.religion.christian
[0. 0. 0. ... 0. 0. 0.],soc.religion.christian
[0. 0. 0. ... 0. 0. 0.],sci.electronics
[0. 0. 0. ... 0. 0. 0.],sci.crypt
[0. 0. 0. ... 0. 0. 0.],misc.forsale
[0. 0. 0. ... 0. 0. 0.],rec.sport.hockey
[0. 0. 0. ... 0. 0. 0.],sci.space
[0. 0. 0. ... 0. 0. 0.],alt.atheism
[0. 0. 0. ... 0. 0. 0.],soc.religion.christian
[0. 0. 0. ... 0. 0. 0.],talk.politics.mideast
[0.         0.10923233 0.         ... 0.         0.         0.        ],sci.med
[0.         0.         0.         ... 0.         0.         0.07345734],misc.forsale
[0. 0. 0. ... 0. 0. 0.],sci.crypt
[0. 0. 0. ... 0. 0. 0.],soc.religion.christian
[0. 0. 0. ... 0. 0. 0.],rec.motorcycles
[0. 0. 0. ... 0. 0. 0.],soc.religion.christian
[0. 0. 0. ... 0. 0. 0.],talk.politics.mideast
[0. 0. 0. ... 0. 0. 0.],talk.religion.misc
[0. 0. 0. ... 0. 0. 0.],talk.politics.misc
[0. 0. 0. ... 0. 0. 0.],sci.electronics
[0. 0. 0. ... 0. 0. 0.],comp.graphics
[0. 0. 0. ... 0. 0. 0.],misc.forsale
[0. 0. 0. ... 0. 0. 0.],rec.motorcycles
[0. 0. 0. ... 0. 0. 0.],rec.sport.baseball
[0. 0. 0. ... 0. 0. 0.],talk.politics.guns
[0. 0. 0. ... 0. 0. 0.],sci.crypt
[0. 0. 0. ... 0. 0. 0.],talk.politics.mideast
[0. 0. 0. ... 0. 0. 0.],comp.sys.mac.hardware
[0. 0. 0. ... 0. 0. 0.],sci.space
[0. 0. 0. ... 0. 0. 0.],comp.graphics
[0. 0. 0. ... 0. 0. 0.],alt.atheism
[0. 0. 0. ... 0. 0. 0.],rec.motorcycles
[0. 0. 0. ... 0. 0. 0.],rec.motorcycles
[0. 0. 0. ... 0. 0. 0.],talk.religion.misc
[0. 0. 0. ... 0. 0. 0.],soc.religion.christian
[0. 0. 0. ... 0. 0. 0.],sci.crypt
[0. 0. 0. ... 0. 0. 0.],comp.graphics
[0. 0. 0. ... 0. 0. 0.],rec.autos
[0. 0. 0. ... 0. 0. 0.],soc.religion.christian
[0. 0. 0. ... 0. 0. 0.],rec.autos
[0. 0. 0. ... 0. 0. 0.],rec.motorcycles
[0. 0. 0. ... 0. 0. 0.],rec.sport.baseball
[0. 0. 0. ... 0. 0. 0.],comp.sys.mac.hardware
[0. 0. 0. ... 0. 0. 0.],misc.forsale
[0. 0. 0. ... 0. 0. 0.],comp.sys.mac.hardware
[0. 0. 0. ... 0. 0. 0.],soc.religion.christian
[0. 0. 0. ... 0. 0. 0.],comp.sys.mac.hardware
[0. 0. 0. ... 0. 0. 0.],talk.politics.mideast
[0. 0. 0. ... 0. 0. 0.],talk.politics.misc
[0. 0. 0. ... 0. 0. 0.],comp.graphics
[0.         0.22347324 0.         ... 0.         0.         0.        ],comp.windows.x
[0. 0. 0. ... 0. 0. 0.],talk.politics.guns
[0. 0. 0. ... 0. 0. 0.],comp.sys.mac.hardware
[0.05524534 0.         0.         ... 0.         0.         0.        ],sci.crypt
[0. 0. 0. ... 0. 0. 0.],rec.autos
[0. 0. 0. ... 0. 0. 0.],rec.sport.baseball
[0. 0. 0. ... 0. 0. 0.],comp.sys.ibm.pc.hardware
[0. 0. 0. ... 0. 0. 0.],comp.sys.mac.hardware
[0. 0. 0. ... 0. 0. 0.],rec.sport.hockey
[0. 0. 0. ... 0. 0. 0.],rec.sport.baseball
[0. 0. 0. ... 0. 0. 0.],rec.sport.baseball
[0. 0. 0. ... 0. 0. 0.],comp.windows.x
[0. 0. 0. ... 0. 0. 0.],sci.electronics
[0. 0. 0. ... 0. 0. 0.],sci.med
[0. 0. 0. ... 0. 0. 0.],talk.politics.mideast
[0. 0. 0. ... 0. 0. 0.],soc.religion.christian
[0. 0. 0. ... 0. 0. 0.],sci.space
[0. 0. 0. ... 0. 0. 0.],talk.religion.misc
[0.         0.05655829 0.         ... 0.08501053 0.         0.        ],sci.electronics
[0. 0. 0. ... 0. 0. 0.],rec.sport.baseball
[0. 0. 0. ... 0. 0. 0.],sci.electronics
[0. 0. 0. ... 0. 0. 0.],comp.sys.ibm.pc.hardware
[0. 0. 0. ... 0. 0. 0.],talk.politics.misc
[0. 0. 0. ... 0. 0. 0.],talk.politics.mideast
[0. 0. 0. ... 0. 0. 0.],rec.sport.hockey
[0. 0. 0. ... 0. 0. 0.],talk.politics.misc
[0. 0. 0. ... 0. 0. 0.],soc.religion.christian
[0. 0. 0. ... 0. 0. 0.],sci.electronics
[0. 0. 0. ... 0. 0. 0.],rec.autos
[0. 0. 0. ... 0. 0. 0.],comp.graphics
[0. 0. 0. ... 0. 0. 0.],comp.os.ms-windows.misc
[0. 0. 0. ... 0. 0. 0.],rec.sport.baseball
[0. 0. 0. ... 0. 0. 0.],sci.space
[0. 0. 0. ... 0. 0. 0.],sci.med
[0. 0. 0. ... 0. 0. 0.],rec.autos
[0. 0. 0. ... 0. 0. 0.],comp.sys.mac.hardware
[0. 0. 0. ... 0. 0. 0.],sci.crypt
[0. 0. 0. ... 0. 0. 0.],talk.politics.guns
[0. 0. 0. ... 0. 0. 0.],sci.med
[0. 0. 0. ... 0. 0. 0.],sci.space
[0. 0. 0. ... 0. 0. 0.],soc.religion.christian
[0. 0. 0. ... 0. 0. 0.],rec.sport.baseball
[0. 0. 0. ... 0. 0. 0.],comp.graphics
[0. 0. 0. ... 0. 0. 0.],talk.politics.mideast
[0. 0. 0. ... 0. 0. 0.],sci.space
[0. 0. 0. ... 0. 0. 0.],talk.politics.misc
[0. 0. 0. ... 0. 0. 0.],soc.religion.christian
[0. 0. 0. ... 0. 0. 0.],soc.religion.christian
[0. 0. 0. ... 0. 0. 0.],rec.autos
[0. 0. 0. ... 0. 0. 0.],sci.crypt
[0. 0. 0. ... 0. 0. 0.],rec.sport.baseball
[0. 0. 0. ... 0. 0. 0.],alt.atheism
[0.04406747 0.         0.         ... 0.         0.         0.        ],talk.politics.guns
[0. 0. 0. ... 0. 0. 0.],comp.sys.mac.hardware
[0. 0. 0. ... 0. 0. 0.],rec.motorcycles
[0. 0. 0. ... 0. 0. 0.],sci.space
[0. 0. 0. ... 0. 0. 0.],sci.crypt
[0. 0. 0. ... 0. 0. 0.],comp.windows.x
[0. 0. 0. ... 0. 0. 0.],comp.graphics
[0. 0. 0. ... 0. 0. 0.],comp.os.ms-windows.misc
[0. 0. 0. ... 0. 0. 0.],sci.electronics
[0. 0. 0. ... 0. 0. 0.],rec.sport.hockey
[0. 0. 0. ... 0. 0. 0.],rec.motorcycles
[0. 0. 0. ... 0. 0. 0.],talk.politics.misc
[0. 0. 0. ... 0. 0. 0.],sci.crypt
[0. 0. 0. ... 0. 0. 0.],rec.motorcycles
[0. 0. 0. ... 0. 0. 0.],talk.politics.mideast
[0. 0. 0. ... 0. 0. 0.],talk.politics.mideast
[0. 0. 0. ... 0. 0. 0.],soc.religion.christian
[0. 0. 0. ... 0. 0. 0.],sci.crypt
[0. 0. 0. ... 0. 0. 0.],comp.graphics
[0. 0. 0. ... 0. 0. 0.],sci.electronics
[0. 0. 0. ... 0. 0. 0.],sci.med
[0. 0. 0. ... 0. 0. 0.],comp.graphics
[0. 0. 0. ... 0. 0. 0.],talk.politics.mideast
[0. 0. 0. ... 0. 0. 0.],alt.atheism
[0. 0. 0. ... 0. 0. 0.],sci.space
[0. 0. 0. ... 0. 0. 0.],rec.motorcycles
[0. 0. 0. ... 0. 0. 0.],misc.forsale
[0. 0. 0. ... 0. 0. 0.],comp.graphics
[0. 0. 0. ... 0. 0. 0.],comp.os.ms-windows.misc
[0. 0. 0. ... 0. 0. 0.],sci.med
[0. 0. 0. ... 0. 0. 0.],comp.os.ms-windows.misc
[0. 0. 0. ... 0. 0. 0.],rec.autos
[0. 0. 0. ... 0. 0. 0.],rec.autos
[0. 0. 0. ... 0. 0. 0.],rec.motorcycles
[0. 0. 0. ... 0. 0. 0.],comp.sys.mac.hardware
[0. 0. 0. ... 0. 0. 0.],rec.sport.baseball
[0. 0. 0. ... 0. 0. 0.],rec.sport.hockey
[0. 0. 0. ... 0. 0. 0.],talk.politics.guns
[0. 0. 0. ... 0. 0. 0.],comp.sys.mac.hardware
[0. 0. 0. ... 0. 0. 0.],sci.crypt
[0. 0. 0. ... 0. 0. 0.],talk.religion.misc
[0. 0. 0. ... 0. 0. 0.],talk.politics.mideast
[0. 0. 0. ... 0. 0. 0.],comp.sys.ibm.pc.hardware
[0. 0. 0. ... 0. 0. 0.],comp.os.ms-windows.misc
[0. 0. 0. ... 0. 0. 0.],sci.electronics
[0. 0. 0. ... 0. 0. 0.],sci.med
[0. 0. 0. ... 0. 0. 0.],rec.sport.hockey
[0. 0. 0. ... 0. 0. 0.],rec.motorcycles
[0. 0. 0. ... 0. 0. 0.],sci.space
[0.11739242 0.         0.         ... 0.         0.         0.        ],comp.sys.mac.hardware
[0. 0. 0. ... 0. 0. 0.],rec.sport.hockey
[0. 0. 0. ... 0. 0. 0.],rec.motorcycles
[0. 0. 0. ... 0. 0. 0.],rec.sport.hockey
[0. 0. 0. ... 0. 0. 0.],sci.med
[0. 0. 0. ... 0. 0. 0.],comp.sys.ibm.pc.hardware
[0. 0. 0. ... 0. 0. 0.],comp.windows.x
[0. 0. 0. ... 0. 0. 0.],sci.electronics
[0. 0. 0. ... 0. 0. 0.],comp.os.ms-windows.misc
[0. 0. 0. ... 0. 0. 0.],comp.sys.ibm.pc.hardware
[0. 0. 0. ... 0. 0. 0.],rec.motorcycles
[0. 0. 0. ... 0. 0. 0.],comp.os.ms-windows.misc
[0. 0. 0. ... 0. 0. 0.],talk.politics.guns
[0. 0. 0. ... 0. 0. 0.],sci.space
[0. 0. 0. ... 0. 0. 0.],comp.windows.x
[0. 0. 0. ... 0. 0. 0.],comp.os.ms-windows.misc
[0.        0.0390223 0.        ... 0.        0.        0.       ],comp.graphics
[0. 0. 0. ... 0. 0. 0.],comp.sys.ibm.pc.hardware
[0. 0. 0. ... 0. 0. 0.],rec.sport.hockey
[0. 0. 0. ... 0. 0. 0.],rec.autos
[0. 0. 0. ... 0. 0. 0.],sci.med
[0. 0. 0. ... 0. 0. 0.],soc.religion.christian
[0. 0. 0. ... 0. 0. 0.],talk.politics.mideast
[0. 0. 0. ... 0. 0. 0.],sci.med
[0. 0. 0. ... 0. 0. 0.],talk.politics.guns
[0. 0. 0. ... 0. 0. 0.],sci.crypt
[0.         0.         0.         ... 0.38105574 0.         0.        ],talk.politics.misc
[0. 0. 0. ... 0. 0. 0.],rec.motorcycles
[0. 0. 0. ... 0. 0. 0.],comp.graphics
[0. 0. 0. ... 0. 0. 0.],comp.sys.ibm.pc.hardware
[0. 0. 0. ... 0. 0. 0.],talk.religion.misc
[0. 0. 0. ... 0. 0. 0.],rec.autos
[0. 0. 0. ... 0. 0. 0.],misc.forsale
[0. 0. 0. ... 0. 0. 0.],sci.space
[0. 0. 0. ... 0. 0. 0.],alt.atheism
[0. 0. 0. ... 0. 0. 0.],alt.atheism
[0. 0. 0. ... 0. 0. 0.],sci.crypt
[0. 0. 0. ... 0. 0. 0.],comp.sys.ibm.pc.hardware
[0. 0. 0. ... 0. 0. 0.],rec.autos
[0. 0. 0. ... 0. 0. 0.],sci.electronics
[0. 0. 0. ... 0. 0. 0.],sci.space
[0. 0. 0. ... 0. 0. 0.],comp.sys.ibm.pc.hardware
[0. 0. 0. ... 0. 0. 0.],comp.sys.mac.hardware
[0. 0. 0. ... 0. 0. 0.],rec.motorcycles
[0. 0. 0. ... 0. 0. 0.],sci.crypt
[0. 0. 0. ... 0. 0. 0.],comp.graphics
[0. 0. 0. ... 0. 0. 0.],comp.sys.ibm.pc.hardware
[0. 0. 0. ... 0. 0. 0.],sci.electronics
[0.        0.0854921 0.        ... 0.        0.        0.       ],rec.sport.hockey
[0. 0. 0. ... 0. 0. 0.],rec.sport.hockey
[0. 0. 0. ... 0. 0. 0.],sci.space
[0. 0. 0. ... 0. 0. 0.],talk.politics.mideast
[0. 0. 0. ... 0. 0. 0.],talk.religion.misc
[0. 0. 0. ... 0. 0. 0.],rec.sport.hockey
[0. 0. 0. ... 0. 0. 0.],comp.windows.x
[0. 0. 0. ... 0. 0. 0.],rec.motorcycles
[0. 0. 0. ... 0. 0. 0.],sci.space
[0. 0. 0. ... 0. 0. 0.],alt.atheism
[0. 0. 0. ... 0. 0. 0.],misc.forsale
[0. 0. 0. ... 0. 0. 0.],rec.sport.hockey
[0. 0. 0. ... 0. 0. 0.],rec.motorcycles
[0. 0. 0. ... 0. 0. 0.],sci.crypt
[0. 0. 0. ... 0. 0. 0.],rec.motorcycles
[0. 0. 0. ... 0. 0. 0.],talk.religion.misc
[0. 0. 0. ... 0. 0. 0.],sci.electronics
[0. 0. 0. ... 0. 0. 0.],sci.electronics
[0. 0. 0. ... 0. 0. 0.],comp.sys.mac.hardware
[0. 0. 0. ... 0. 0. 0.],comp.sys.ibm.pc.hardware
[0.        0.        0.        ... 0.        0.        0.1547747],talk.politics.misc
[0. 0. 0. ... 0. 0. 0.],rec.motorcycles
[0. 0. 0. ... 0. 0. 0.],comp.windows.x
[0. 0. 0. ... 0. 0. 0.],soc.religion.christian
[0. 0. 0. ... 0. 0. 0.],rec.autos
[0. 0. 0. ... 0. 0. 0.],soc.religion.christian
[0. 0. 0. ... 0. 0. 0.],comp.graphics
[0. 0. 0. ... 0. 0. 0.],rec.sport.hockey
[0. 0. 0. ... 0. 0. 0.],sci.med
[0. 0. 0. ... 0. 0. 0.],rec.autos
[0.0392618 0.        0.        ... 0.        0.        0.       ],soc.religion.christian
[0. 0. 0. ... 0. 0. 0.],misc.forsale
[0. 0. 0. ... 0. 0. 0.],comp.sys.ibm.pc.hardware
[0. 0. 0. ... 0. 0. 0.],rec.motorcycles
[0. 0. 0. ... 0. 0. 0.],misc.forsale
[0. 0. 0. ... 0. 0. 0.],alt.atheism
[0. 0. 0. ... 0. 0. 0.],comp.graphics
[0. 0. 0. ... 0. 0. 0.],comp.sys.ibm.pc.hardware
[0. 0. 0. ... 0. 0. 0.],talk.religion.misc
[0. 0. 0. ... 0. 0. 0.],rec.sport.baseball
[0. 0. 0. ... 0. 0. 0.],sci.med
[0. 0. 0. ... 0. 0. 0.],alt.atheism
[0. 0. 0. ... 0. 0. 0.],talk.religion.misc
[0. 0. 0. ... 0. 0. 0.],alt.atheism
[0. 0. 0. ... 0. 0. 0.],misc.forsale
[0. 0. 0. ... 0. 0. 0.],soc.religion.christian
[0. 0. 0. ... 0. 0. 0.],comp.sys.ibm.pc.hardware
[0. 0. 0. ... 0. 0. 0.],rec.motorcycles
[0. 0. 0. ... 0. 0. 0.],rec.motorcycles
[0. 0. 0. ... 0. 0. 0.],rec.sport.hockey
[0. 0. 0. ... 0. 0. 0.],sci.space
[0. 0. 0. ... 0. 0. 0.],sci.space
[0. 0. 0. ... 0. 0. 0.],talk.politics.misc
[0. 0. 0. ... 0. 0. 0.],comp.graphics
[0. 0. 0. ... 0. 0. 0.],rec.autos
[0. 0. 0. ... 0. 0. 0.],talk.politics.mideast
[0. 0. 0. ... 0. 0. 0.],misc.forsale
[0. 0. 0. ... 0. 0. 0.],comp.os.ms-windows.misc
[0. 0. 0. ... 0. 0. 0.],rec.sport.baseball
[0. 0. 0. ... 0. 0. 0.],sci.electronics
[0.         0.09119963 0.         ... 0.         0.         0.        ],comp.windows.x
[0. 0. 0. ... 0. 0. 0.],comp.sys.mac.hardware
[0. 0. 0. ... 0. 0. 0.],comp.sys.mac.hardware
[0. 0. 0. ... 0. 0. 0.],talk.politics.mideast
[0. 0. 0. ... 0. 0. 0.],rec.autos
[0. 0. 0. ... 0. 0. 0.],comp.windows.x
[0. 0. 0. ... 0. 0. 0.],talk.politics.misc
[0.         0.03739052 0.         ... 0.         0.         0.        ],alt.atheism
[0. 0. 0. ... 0. 0. 0.],soc.religion.christian
[0. 0. 0. ... 0. 0. 0.],talk.politics.misc
[0. 0. 0. ... 0. 0. 0.],comp.os.ms-windows.misc
[0. 0. 0. ... 0. 0. 0.],comp.windows.x
[0. 0. 0. ... 0. 0. 0.],talk.politics.misc
[0. 0. 0. ... 0. 0. 0.],talk.politics.mideast
[0. 0. 0. ... 0. 0. 0.],rec.sport.hockey
[0. 0. 0. ... 0. 0. 0.],sci.crypt
[0. 0. 0. ... 0. 0. 0.],talk.politics.guns
[0. 0. 0. ... 0. 0. 0.],comp.sys.ibm.pc.hardware
[0. 0. 0. ... 0. 0. 0.],soc.religion.christian
[0. 0. 0. ... 0. 0. 0.],comp.graphics
[0. 0. 0. ... 0. 0. 0.],sci.space
[0. 0. 0. ... 0. 0. 0.],sci.electronics
[0. 0. 0. ... 0. 0. 0.],rec.sport.baseball
[0. 0. 0. ... 0. 0. 0.],comp.sys.mac.hardware
[0. 0. 0. ... 0. 0. 0.],rec.sport.hockey
[0. 0. 0. ... 0. 0. 0.],comp.sys.mac.hardware
[0.         0.06786126 0.         ... 0.         0.         0.        ],comp.windows.x
[0. 0. 0. ... 0. 0. 0.],misc.forsale
[0. 0. 0. ... 0. 0. 0.],comp.windows.x
[0.10624946 0.         0.         ... 0.         0.         0.        ],rec.sport.baseball
[0. 0. 0. ... 0. 0. 0.],comp.graphics
[0. 0. 0. ... 0. 0. 0.],rec.sport.baseball
[0. 0. 0. ... 0. 0. 0.],soc.religion.christian
[0. 0. 0. ... 0. 0. 0.],talk.politics.guns
[0.         0.16228083 0.         ... 0.         0.         0.        ],comp.sys.mac.hardware
[0. 0. 0. ... 0. 0. 0.],alt.atheism
[0. 0. 0. ... 0. 0. 0.],comp.sys.ibm.pc.hardware
[0. 0. 0. ... 0. 0. 0.],soc.religion.christian
[0. 0. 0. ... 0. 0. 0.],rec.autos
[0. 0. 0. ... 0. 0. 0.],sci.electronics
[0. 0. 0. ... 0. 0. 0.],misc.forsale
[0. 0. 0. ... 0. 0. 0.],talk.politics.misc
[0. 0. 0. ... 0. 0. 0.],rec.autos
[0. 0. 0. ... 0. 0. 0.],talk.politics.guns
[0. 0. 0. ... 0. 0. 0.],rec.sport.baseball
[0. 0. 0. ... 0. 0. 0.],comp.sys.ibm.pc.hardware
[0. 0. 0. ... 0. 0. 0.],misc.forsale
[0. 0. 0. ... 0. 0. 0.],talk.politics.misc
[0. 0. 0. ... 0. 0. 0.],comp.sys.ibm.pc.hardware
[0. 0. 0. ... 0. 0. 0.],alt.atheism
[0. 0. 0. ... 0. 0. 0.],rec.sport.baseball
[0. 0. 0. ... 0. 0. 0.],rec.sport.hockey
[0. 0. 0. ... 0. 0. 0.],sci.crypt
[0. 0. 0. ... 0. 0. 0.],misc.forsale
[0. 0. 0. ... 0. 0. 0.],comp.windows.x
[0. 0. 0. ... 0. 0. 0.],alt.atheism
[0. 0. 0. ... 0. 0. 0.],talk.politics.guns
[0. 0. 0. ... 0. 0. 0.],sci.crypt
[0. 0. 0. ... 0. 0. 0.],rec.autos
[0.05454053 0.         0.         ... 0.         0.         0.        ],sci.space
[0. 0. 0. ... 0. 0. 0.],talk.politics.guns
[0. 0. 0. ... 0. 0. 0.],sci.electronics
[0. 0. 0. ... 0. 0. 0.],rec.autos
[0. 0. 0. ... 0. 0. 0.],rec.autos
[0. 0. 0. ... 0. 0. 0.],soc.religion.christian
[0. 0. 0. ... 0. 0. 0.],comp.windows.x
[0. 0. 0. ... 0. 0. 0.],comp.sys.ibm.pc.hardware
[0. 0. 0. ... 0. 0. 0.],sci.med
[0. 0. 0. ... 0. 0. 0.],rec.motorcycles
[0. 0. 0. ... 0. 0. 0.],sci.space
[0. 0. 0. ... 0. 0. 0.],talk.politics.guns
[0. 0. 0. ... 0. 0. 0.],soc.religion.christian
[0. 0. 0. ... 0. 0. 0.],sci.electronics
[0. 0. 0. ... 0. 0. 0.],misc.forsale
[0. 0. 0. ... 0. 0. 0.],comp.graphics
[0. 0. 0. ... 0. 0. 0.],comp.sys.mac.hardware
[0. 0. 0. ... 0. 0. 0.],rec.sport.hockey
[0. 0. 0. ... 0. 0. 0.],sci.crypt
[0. 0. 0. ... 0. 0. 0.],sci.med
[0. 0. 0. ... 0. 0. 0.],comp.sys.mac.hardware
[0. 0. 0. ... 0. 0. 0.],rec.motorcycles
[0. 0. 0. ... 0. 0. 0.],soc.religion.christian
[0. 0. 0. ... 0. 0. 0.],soc.religion.christian
[0. 0. 0. ... 0. 0. 0.],sci.med
[0. 0. 0. ... 0. 0. 0.],comp.windows.x
[0. 0. 0. ... 0. 0. 0.],misc.forsale
[0. 0. 0. ... 0. 0. 0.],sci.crypt
[0. 0. 0. ... 0. 0. 0.],sci.electronics
[0. 0. 0. ... 0. 0. 0.],comp.sys.ibm.pc.hardware
[0. 0. 0. ... 0. 0. 0.],sci.med
[0. 0. 0. ... 0. 0. 0.],soc.religion.christian
[0. 0. 0. ... 0. 0. 0.],comp.os.ms-windows.misc
[0.         0.10756069 0.         ... 0.         0.         0.        ],rec.autos
[0. 0. 0. ... 0. 0. 0.],rec.sport.hockey
[0. 0. 0. ... 0. 0. 0.],comp.os.ms-windows.misc
[0. 0. 0. ... 0. 0. 0.],talk.politics.misc
[0. 0. 0. ... 0. 0. 0.],misc.forsale
[0. 0. 0. ... 0. 0. 0.],comp.graphics
[0. 0. 0. ... 0. 0. 0.],comp.graphics
[0. 0. 0. ... 0. 0. 0.],rec.sport.hockey
[0. 0. 0. ... 0. 0. 0.],sci.space
[0. 0. 0. ... 0. 0. 0.],comp.sys.ibm.pc.hardware
[0. 0. 0. ... 0. 0. 0.],comp.sys.mac.hardware
[0. 0. 0. ... 0. 0. 0.],comp.windows.x
[0. 0. 0. ... 0. 0. 0.],sci.med
[0. 0. 0. ... 0. 0. 0.],soc.religion.christian
[0. 0. 0. ... 0. 0. 0.],comp.graphics
[0. 0. 0. ... 0. 0. 0.],talk.politics.mideast
[0.         0.07524896 0.         ... 0.         0.         0.        ],soc.religion.christian
[0. 0. 0. ... 0. 0. 0.],sci.electronics
[0. 0. 0. ... 0. 0. 0.],soc.religion.christian
[0. 0. 0. ... 0. 0. 0.],talk.politics.guns
[0. 0. 0. ... 0. 0. 0.],sci.electronics
[0. 0. 0. ... 0. 0. 0.],sci.space
[0. 0. 0. ... 0. 0. 0.],comp.os.ms-windows.misc
[0. 0. 0. ... 0. 0. 0.],sci.crypt
[0. 0. 0. ... 0. 0. 0.],sci.space
[0. 0. 0. ... 0. 0. 0.],sci.med
[0. 0. 0. ... 0. 0. 0.],talk.politics.misc
[0. 0. 0. ... 0. 0. 0.],soc.religion.christian
[0. 0. 0. ... 0. 0. 0.],misc.forsale
[0. 0. 0. ... 0. 0. 0.],rec.sport.hockey
[0. 0. 0. ... 0. 0. 0.],talk.politics.mideast
[0. 0. 0. ... 0. 0. 0.],sci.electronics
[0. 0. 0. ... 0. 0. 0.],talk.politics.mideast
[0. 0. 0. ... 0. 0. 0.],misc.forsale
[0. 0. 0. ... 0. 0. 0.],misc.forsale
[0. 0. 0. ... 0. 0. 0.],alt.atheism
[0. 0. 0. ... 0. 0. 0.],rec.sport.baseball
[0. 0. 0. ... 0. 0. 0.],sci.electronics
[0. 0. 0. ... 0. 0. 0.],rec.sport.baseball
[0.         0.10716457 0.         ... 0.         0.         0.        ],talk.politics.guns
[0. 0. 0. ... 0. 0. 0.],comp.sys.mac.hardware
[0. 0. 0. ... 0. 0. 0.],sci.med
[0. 0. 0. ... 0. 0. 0.],rec.autos
[0. 0. 0. ... 0. 0. 0.],rec.autos
[0. 0. 0. ... 0. 0. 0.],rec.autos
[0. 0. 0. ... 0. 0. 0.],talk.politics.mideast
[0. 0. 0. ... 0. 0. 0.],talk.politics.mideast
[0. 0. 0. ... 0. 0. 0.],talk.politics.mideast
[0. 0. 0. ... 0. 0. 0.],comp.windows.x
[0. 0. 0. ... 0. 0. 0.],rec.sport.hockey
[0. 0. 0. ... 0. 0. 0.],soc.religion.christian
[0. 0. 0. ... 0. 0. 0.],rec.sport.baseball
[0. 0. 0. ... 0. 0. 0.],rec.sport.hockey
[0. 0. 0. ... 0. 0. 0.],sci.med
[0. 0. 0. ... 0. 0. 0.],talk.politics.guns
[0. 0. 0. ... 0. 0. 0.],misc.forsale
[0. 0. 0. ... 0. 0. 0.],sci.med
[0. 0. 0. ... 0. 0. 0.],sci.crypt
[0. 0. 0. ... 0. 0. 0.],rec.autos
[0. 0. 0. ... 0. 0. 0.],sci.space
[0. 0. 0. ... 0. 0. 0.],comp.os.ms-windows.misc
[0. 0. 0. ... 0. 0. 0.],sci.electronics
[0. 0. 0. ... 0. 0. 0.],rec.sport.baseball
[0. 0. 0. ... 0. 0. 0.],comp.graphics
[0. 0. 0. ... 0. 0. 0.],sci.space
[0. 0. 0. ... 0. 0. 0.],sci.crypt
[0. 0. 0. ... 0. 0. 0.],comp.sys.ibm.pc.hardware
[0. 0. 0. ... 0. 0. 0.],sci.crypt
[0. 0. 0. ... 0. 0. 0.],comp.sys.mac.hardware
[0. 0. 0. ... 0. 0. 0.],rec.autos
[0. 0. 0. ... 0. 0. 0.],comp.windows.x
[0. 0. 0. ... 0. 0. 0.],sci.space
[0. 0. 0. ... 0. 0. 0.],rec.motorcycles
[0. 0. 0. ... 0. 0. 0.],comp.sys.ibm.pc.hardware
[0. 0. 0. ... 0. 0. 0.],talk.religion.misc
[0. 0. 0. ... 0. 0. 0.],misc.forsale
[0. 0. 0. ... 0. 0. 0.],soc.religion.christian
[0. 0. 0. ... 0. 0. 0.],alt.atheism
[0. 0. 0. ... 0. 0. 0.],comp.os.ms-windows.misc
[0. 0. 0. ... 0. 0. 0.],sci.electronics
[0. 0. 0. ... 0. 0. 0.],rec.autos
[0. 0. 0. ... 0. 0. 0.],sci.space
[0. 0. 0. ... 0. 0. 0.],talk.politics.mideast
[0. 0. 0. ... 0. 0. 0.],comp.sys.ibm.pc.hardware
[0. 0. 0. ... 0. 0. 0.],misc.forsale
[0. 0. 0. ... 0. 0. 0.],talk.politics.mideast
[0. 0. 0. ... 0. 0. 0.],comp.os.ms-windows.misc
[0. 0. 0. ... 0. 0. 0.],sci.space
[0. 0. 0. ... 0. 0. 0.],comp.sys.mac.hardware
[0. 0. 0. ... 0. 0. 0.],comp.sys.ibm.pc.hardware
[0. 0. 0. ... 0. 0. 0.],sci.electronics
[0. 0. 0. ... 0. 0. 0.],alt.atheism
[0. 0. 0. ... 0. 0. 0.],comp.graphics
[0. 0. 0. ... 0. 0. 0.],comp.sys.mac.hardware
[0. 0. 0. ... 0. 0. 0.],talk.politics.guns
[0. 0. 0. ... 0. 0. 0.],rec.autos
[0. 0. 0. ... 0. 0. 0.],rec.sport.hockey
[0. 0. 0. ... 0. 0. 0.],talk.religion.misc
[0. 0. 0. ... 0. 0. 0.],rec.sport.hockey
[0. 0. 0. ... 0. 0. 0.],rec.sport.hockey
[0. 0. 0. ... 0. 0. 0.],comp.os.ms-windows.misc
[0. 0. 0. ... 0. 0. 0.],talk.politics.mideast
[0. 0. 0. ... 0. 0. 0.],talk.politics.mideast
[0. 0. 0. ... 0. 0. 0.],comp.graphics
[0. 0. 0. ... 0. 0. 0.],misc.forsale
[0. 0. 0. ... 0. 0. 0.],talk.politics.guns
[0. 0. 0. ... 0. 0. 0.],misc.forsale
[0. 0. 0. ... 0. 0. 0.],rec.sport.hockey
[0. 0. 0. ... 0. 0. 0.],comp.sys.mac.hardware
[0. 0. 0. ... 0. 0. 0.],misc.forsale
[0. 0. 0. ... 0. 0. 0.],alt.atheism
[0. 0. 0. ... 0. 0. 0.],talk.religion.misc
[0. 0. 0. ... 0. 0. 0.],rec.sport.hockey
[0. 0. 0. ... 0. 0. 0.],misc.forsale
[0. 0. 0. ... 0. 0. 0.],rec.sport.hockey
[0.         0.06238559 0.         ... 0.         0.         0.        ],sci.med
[0. 0. 0. ... 0. 0. 0.],talk.politics.guns
[0. 0. 0. ... 0. 0. 0.],sci.electronics
[0. 0. 0. ... 0. 0. 0.],comp.windows.x
[0. 0. 0. ... 0. 0. 0.],sci.crypt
[0. 0. 0. ... 0. 0. 0.],rec.autos
[0. 0. 0. ... 0. 0. 0.],comp.sys.ibm.pc.hardware
[0. 0. 0. ... 0. 0. 0.],rec.sport.hockey
[0. 0. 0. ... 0. 0. 0.],comp.graphics
[0. 0. 0. ... 0. 0. 0.],comp.graphics
[0.         0.         0.         ... 0.         0.         0.29622048],alt.atheism
[0. 0. 0. ... 0. 0. 0.],comp.sys.mac.hardware
[0. 0. 0. ... 0. 0. 0.],sci.crypt
[0. 0. 0. ... 0. 0. 0.],rec.sport.hockey
[0. 0. 0. ... 0. 0. 0.],comp.windows.x
[0.         0.15703411 0.         ... 0.         0.         0.        ],sci.electronics
[0. 0. 0. ... 0. 0. 0.],comp.windows.x
[0. 0. 0. ... 0. 0. 0.],sci.med
[0. 0. 0. ... 0. 0. 0.],talk.politics.mideast
[0. 0. 0. ... 0. 0. 0.],comp.windows.x
[0. 0. 0. ... 0. 0. 0.],comp.windows.x
[0. 0. 0. ... 0. 0. 0.],misc.forsale
[0. 0. 0. ... 0. 0. 0.],rec.sport.hockey
[0. 0. 0. ... 0. 0. 0.],talk.politics.guns
[0. 0. 0. ... 0. 0. 0.],comp.os.ms-windows.misc
[0. 0. 0. ... 0. 0. 0.],sci.space
[0. 0. 0. ... 0. 0. 0.],rec.sport.baseball
[0. 0. 0. ... 0. 0. 0.],talk.politics.misc
[0. 0. 0. ... 0. 0. 0.],sci.space
[0. 0. 0. ... 0. 0. 0.],rec.motorcycles
[0. 0. 0. ... 0. 0. 0.],misc.forsale
[0. 0. 0. ... 0. 0. 0.],rec.autos
[0. 0. 0. ... 0. 0. 0.],rec.sport.baseball
[0. 0. 0. ... 0. 0. 0.],rec.sport.hockey
[0. 0. 0. ... 0. 0. 0.],comp.sys.ibm.pc.hardware
[0.         0.         0.         ... 0.         0.         0.15785626],sci.crypt
[0. 0. 0. ... 0. 0. 0.],rec.motorcycles
[0. 0. 0. ... 0. 0. 0.],talk.religion.misc
[0. 0. 0. ... 0. 0. 0.],rec.sport.hockey
[0. 0. 0. ... 0. 0. 0.],soc.religion.christian
[0. 0. 0. ... 0. 0. 0.],alt.atheism
[0. 0. 0. ... 0. 0. 0.],talk.religion.misc
[0. 0. 0. ... 0. 0. 0.],comp.windows.x
[0. 0. 0. ... 0. 0. 0.],rec.autos
[0. 0. 0. ... 0. 0. 0.],comp.sys.mac.hardware
[0. 0. 0. ... 0. 0. 0.],sci.med
[0. 0. 0. ... 0. 0. 0.],talk.religion.misc
[0. 0. 0. ... 0. 0. 0.],rec.sport.baseball
[0.         0.06913689 0.         ... 0.         0.         0.        ],talk.religion.misc
[0. 0. 0. ... 0. 0. 0.],rec.sport.hockey
[0. 0. 0. ... 0. 0. 0.],comp.sys.mac.hardware
[0. 0. 0. ... 0. 0. 0.],talk.politics.guns
[0. 0. 0. ... 0. 0. 0.],comp.os.ms-windows.misc
[0. 0. 0. ... 0. 0. 0.],rec.motorcycles
[0. 0. 0. ... 0. 0. 0.],talk.religion.misc
[0. 0. 0. ... 0. 0. 0.],sci.crypt
[0. 0. 0. ... 0. 0. 0.],alt.atheism
[0. 0. 0. ... 0. 0. 0.],sci.space
[0. 0. 0. ... 0. 0. 0.],sci.med
[0. 0. 0. ... 0. 0. 0.],comp.graphics
[0. 0. 0. ... 0. 0. 0.],sci.med
[0. 0. 0. ... 0. 0. 0.],comp.windows.x
[0. 0. 0. ... 0. 0. 0.],rec.sport.hockey
[0. 0. 0. ... 0. 0. 0.],talk.politics.mideast
[0. 0. 0. ... 0. 0. 0.],rec.autos
[0.        0.0559302 0.        ... 0.        0.        0.       ],rec.motorcycles
[0. 0. 0. ... 0. 0. 0.],rec.sport.baseball
[0. 0. 0. ... 0. 0. 0.],sci.crypt
[0. 0. 0. ... 0. 0. 0.],sci.electronics
[0. 0. 0. ... 0. 0. 0.],talk.politics.misc
[0. 0. 0. ... 0. 0. 0.],sci.space
[0. 0. 0. ... 0. 0. 0.],sci.space
[0. 0. 0. ... 0. 0. 0.],comp.windows.x
[0. 0. 0. ... 0. 0. 0.],soc.religion.christian
[0. 0. 0. ... 0. 0. 0.],sci.med
[0. 0. 0. ... 0. 0. 0.],comp.windows.x
[0. 0. 0. ... 0. 0. 0.],comp.sys.mac.hardware
[0. 0. 0. ... 0. 0. 0.],sci.space
[0. 0. 0. ... 0. 0. 0.],comp.os.ms-windows.misc
[0. 0. 0. ... 0. 0. 0.],comp.sys.ibm.pc.hardware
[0. 0. 0. ... 0. 0. 0.],comp.graphics
[0. 0. 0. ... 0. 0. 0.],comp.os.ms-windows.misc
[0. 0. 0. ... 0. 0. 0.],rec.sport.baseball
[0. 0. 0. ... 0. 0. 0.],comp.sys.ibm.pc.hardware
[0.         0.09354627 0.         ... 0.         0.         0.        ],rec.sport.hockey
[0. 0. 0. ... 0. 0. 0.],rec.sport.hockey
[0.         0.08828895 0.         ... 0.         0.         0.        ],rec.sport.hockey
[0. 0. 0. ... 0. 0. 0.],sci.electronics
[0.         0.13792566 0.         ... 0.         0.         0.        ],sci.electronics
[0. 0. 0. ... 0. 0. 0.],comp.sys.ibm.pc.hardware
[0. 0. 0. ... 0. 0. 0.],comp.os.ms-windows.misc
[0. 0. 0. ... 0. 0. 0.],misc.forsale
[0. 0. 0. ... 0. 0. 0.],rec.autos
[0. 0. 0. ... 0. 0. 0.],talk.politics.guns
[0. 0. 0. ... 0. 0. 0.],soc.religion.christian
[0.         0.02129477 0.         ... 0.12802934 0.         0.        ],comp.windows.x
[0.         0.15955365 0.         ... 0.         0.         0.        ],alt.atheism
[0. 0. 0. ... 0. 0. 0.],sci.crypt
[0. 0. 0. ... 0. 0. 0.],misc.forsale
[0. 0. 0. ... 0. 0. 0.],sci.med
[0. 0. 0. ... 0. 0. 0.],sci.crypt
[0. 0. 0. ... 0. 0. 0.],misc.forsale
[0. 0. 0. ... 0. 0. 0.],sci.space
[0. 0. 0. ... 0. 0. 0.],rec.sport.hockey
[0. 0. 0. ... 0. 0. 0.],comp.graphics
[0. 0. 0. ... 0. 0. 0.],rec.sport.hockey
[0. 0. 0. ... 0. 0. 0.],talk.politics.guns
[0. 0. 0. ... 0. 0. 0.],sci.crypt
[0.09483273 0.0724523  0.         ... 0.         0.         0.        ],rec.motorcycles
[0. 0. 0. ... 0. 0. 0.],comp.sys.mac.hardware
[0. 0. 0. ... 0. 0. 0.],rec.sport.hockey
[0. 0. 0. ... 0. 0. 0.],comp.sys.ibm.pc.hardware
[0. 0. 0. ... 0. 0. 0.],rec.sport.hockey
[0.1198874 0.        0.        ... 0.        0.        0.       ],sci.crypt
[0. 0. 0. ... 0. 0. 0.],misc.forsale
[0. 0. 0. ... 0. 0. 0.],sci.electronics
[0. 0. 0. ... 0. 0. 0.],sci.space
[0. 0. 0. ... 0. 0. 0.],talk.politics.mideast
[0. 0. 0. ... 0. 0. 0.],sci.electronics
[0. 0. 0. ... 0. 0. 0.],talk.politics.mideast
[0. 0. 0. ... 0. 0. 0.],comp.os.ms-windows.misc
[0. 0. 0. ... 0. 0. 0.],alt.atheism
[0. 0. 0. ... 0. 0. 0.],sci.space
[0.         0.05990526 0.         ... 0.         0.         0.        ],comp.windows.x
[0. 0. 0. ... 0. 0. 0.],comp.windows.x
[0. 0. 0. ... 0. 0. 0.],talk.politics.mideast
[0. 0. 0. ... 0. 0. 0.],alt.atheism
[0. 0. 0. ... 0. 0. 0.],talk.politics.misc
[0. 0. 0. ... 0. 0. 0.],rec.motorcycles
[0. 0. 0. ... 0. 0. 0.],sci.space
[0. 0. 0. ... 0. 0. 0.],alt.atheism
[0. 0. 0. ... 0. 0. 0.],sci.space
[0.         0.13550077 0.         ... 0.         0.         0.        ],talk.politics.guns
[0. 0. 0. ... 0. 0. 0.],sci.space
[0. 0. 0. ... 0. 0. 0.],comp.windows.x
[0. 0. 0. ... 0. 0. 0.],soc.religion.christian
[0. 0. 0. ... 0. 0. 0.],rec.sport.baseball
[0. 0. 0. ... 0. 0. 0.],rec.motorcycles
[0. 0. 0. ... 0. 0. 0.],rec.sport.hockey
[0. 0. 0. ... 0. 0. 0.],comp.os.ms-windows.misc
[0. 0. 0. ... 0. 0. 0.],sci.crypt
[0. 0. 0. ... 0. 0. 0.],soc.religion.christian
[0. 0. 0. ... 0. 0. 0.],sci.electronics
[0. 0. 0. ... 0. 0. 0.],rec.sport.baseball
[0. 0. 0. ... 0. 0. 0.],rec.autos
[0. 0. 0. ... 0. 0. 0.],rec.motorcycles
[0.         0.10095512 0.         ... 0.         0.         0.        ],rec.motorcycles
[0. 0. 0. ... 0. 0. 0.],rec.sport.hockey
[0. 0. 0. ... 0. 0. 0.],rec.motorcycles
[0. 0. 0. ... 0. 0. 0.],comp.os.ms-windows.misc
[0. 0. 0. ... 0. 0. 0.],sci.crypt
[0. 0. 0. ... 0. 0. 0.],sci.med
[0. 0. 0. ... 0. 0. 0.],alt.atheism
[0.        0.        0.        ... 0.        0.7075002 0.       ],comp.graphics
[0. 0. 0. ... 0. 0. 0.],sci.electronics
[0. 0. 0. ... 0. 0. 0.],alt.atheism
[0. 0. 0. ... 0. 0. 0.],rec.sport.hockey
[0. 0. 0. ... 0. 0. 0.],misc.forsale
[0. 0. 0. ... 0. 0. 0.],sci.electronics
[0. 0. 0. ... 0. 0. 0.],rec.autos
[0. 0. 0. ... 0. 0. 0.],comp.sys.mac.hardware
[0. 0. 0. ... 0. 0. 0.],alt.atheism
[0. 0. 0. ... 0. 0. 0.],comp.sys.mac.hardware
[0. 0. 0. ... 0. 0. 0.],sci.electronics
[0.        0.0394088 0.        ... 0.        0.        0.       ],alt.atheism
[0. 0. 0. ... 0. 0. 0.],rec.sport.hockey
[0. 0. 0. ... 0. 0. 0.],comp.sys.ibm.pc.hardware
[0. 0. 0. ... 0. 0. 0.],comp.os.ms-windows.misc
[0.         0.05603046 0.         ... 0.         0.         0.        ],comp.graphics
[0. 0. 0. ... 0. 0. 0.],sci.med
[0. 0. 0. ... 0. 0. 0.],talk.religion.misc
[0. 0. 0. ... 0. 0. 0.],misc.forsale
[0. 0. 0. ... 0. 0. 0.],rec.autos
[0. 0. 0. ... 0. 0. 0.],comp.windows.x
[0. 0. 0. ... 0. 0. 0.],comp.os.ms-windows.misc
[0. 0. 0. ... 0. 0. 0.],rec.sport.baseball
[0. 0. 0. ... 0. 0. 0.],talk.politics.mideast
[0. 0. 0. ... 0. 0. 0.],talk.politics.misc
[0. 0. 0. ... 0. 0. 0.],comp.graphics
[0. 0. 0. ... 0. 0. 0.],rec.autos
[0. 0. 0. ... 0. 0. 0.],soc.religion.christian
[0. 0. 0. ... 0. 0. 0.],rec.sport.baseball
[0. 0. 0. ... 0. 0. 0.],rec.sport.hockey
[0. 0. 0. ... 0. 0. 0.],comp.windows.x
[0. 0. 0. ... 0. 0. 0.],sci.crypt
[0. 0. 0. ... 0. 0. 0.],rec.sport.hockey
[0. 0. 0. ... 0. 0. 0.],misc.forsale
[0. 0. 0. ... 0. 0. 0.],sci.space
[0. 0. 0. ... 0. 0. 0.],talk.politics.guns
[0. 0. 0. ... 0. 0. 0.],talk.politics.mideast
[0.         0.         0.         ... 0.         0.         0.08451463],talk.politics.mideast
[0. 0. 0. ... 0. 0. 0.],comp.os.ms-windows.misc
[0. 0. 0. ... 0. 0. 0.],rec.motorcycles
[0. 0. 0. ... 0. 0. 0.],soc.religion.christian
[0. 0. 0. ... 0. 0. 0.],sci.space
[0.         0.22865587 0.         ... 0.         0.         0.        ],comp.sys.mac.hardware
[0. 0. 0. ... 0. 0. 0.],sci.space
[0. 0. 0. ... 0. 0. 0.],rec.autos
[0. 0. 0. ... 0. 0. 0.],comp.sys.ibm.pc.hardware
[0. 0. 0. ... 0. 0. 0.],rec.motorcycles
[0.         0.         0.43479697 ... 0.         0.         0.        ],rec.autos
[0. 0. 0. ... 0. 0. 0.],talk.religion.misc
[0. 0. 0. ... 0. 0. 0.],rec.sport.hockey
[0.         0.06389627 0.         ... 0.         0.         0.        ],rec.motorcycles
[0. 0. 0. ... 0. 0. 0.],comp.os.ms-windows.misc
[0. 0. 0. ... 0. 0. 0.],rec.motorcycles
[0. 0. 0. ... 0. 0. 0.],sci.med
[0. 0. 0. ... 0. 0. 0.],talk.politics.misc
[0. 0. 0. ... 0. 0. 0.],sci.crypt
[0. 0. 0. ... 0. 0. 0.],comp.os.ms-windows.misc
[0. 0. 0. ... 0. 0. 0.],talk.religion.misc
[0. 0. 0. ... 0. 0. 0.],rec.sport.hockey
[0. 0. 0. ... 0. 0. 0.],sci.space
[0. 0. 0. ... 0. 0. 0.],comp.sys.mac.hardware
[0. 0. 0. ... 0. 0. 0.],sci.space
[0. 0. 0. ... 0. 0. 0.],alt.atheism
[0.         0.         0.39462656 ... 0.         0.         0.        ],talk.politics.guns
[0. 0. 0. ... 0. 0. 0.],talk.politics.guns
[0. 0. 0. ... 0. 0. 0.],comp.sys.mac.hardware
[0. 0. 0. ... 0. 0. 0.],sci.med
[0. 0. 0. ... 0. 0. 0.],comp.graphics
[0. 0. 0. ... 0. 0. 0.],rec.sport.baseball
[0. 0. 0. ... 0. 0. 0.],comp.graphics
[0. 0. 0. ... 0. 0. 0.],sci.med
[0. 0. 0. ... 0. 0. 0.],talk.politics.mideast
[0. 0. 0. ... 0. 0. 0.],alt.atheism
[0. 0. 0. ... 0. 0. 0.],comp.windows.x
[0. 0. 0. ... 0. 0. 0.],talk.politics.misc
[0. 0. 0. ... 0. 0. 0.],sci.space
[0. 0. 0. ... 0. 0. 0.],misc.forsale
[0. 0. 0. ... 0. 0. 0.],talk.religion.misc
[0. 0. 0. ... 0. 0. 0.],sci.space
[0. 0. 0. ... 0. 0. 0.],talk.religion.misc
[0. 0. 0. ... 0. 0. 0.],comp.os.ms-windows.misc
[0. 0. 0. ... 0. 0. 0.],sci.med
[0. 0. 0. ... 0. 0. 0.],rec.autos
[0. 0. 0. ... 0. 0. 0.],comp.sys.mac.hardware
[0. 0. 0. ... 0. 0. 0.],soc.religion.christian
[0. 0. 0. ... 0. 0. 0.],comp.sys.ibm.pc.hardware
[0. 0. 0. ... 0. 0. 0.],comp.os.ms-windows.misc
[0. 0. 0. ... 0. 0. 0.],alt.atheism
[0. 0. 0. ... 0. 0. 0.],sci.med
[0. 0. 0. ... 0. 0. 0.],comp.sys.ibm.pc.hardware
[0. 0. 0. ... 0. 0. 0.],rec.motorcycles
[0. 0. 0. ... 0. 0. 0.],sci.electronics
[0. 0. 0. ... 0. 0. 0.],talk.politics.misc
[0. 0. 0. ... 0. 0. 0.],comp.windows.x
[0. 0. 0. ... 0. 0. 0.],comp.graphics
[0. 0. 0. ... 0. 0. 0.],sci.crypt
[0. 0. 0. ... 0. 0. 0.],rec.sport.hockey
[0. 0. 0. ... 0. 0. 0.],talk.politics.mideast
[0. 0. 0. ... 0. 0. 0.],talk.politics.mideast
[0. 0. 0. ... 0. 0. 0.],sci.space
[0. 0. 0. ... 0. 0. 0.],soc.religion.christian
[0. 0. 0. ... 0. 0. 0.],rec.autos
[0. 0. 0. ... 0. 0. 0.],sci.space
[0. 0. 0. ... 0. 0. 0.],sci.electronics
[0. 0. 0. ... 0. 0. 0.],sci.space
[0. 0. 0. ... 0. 0. 0.],rec.sport.hockey
[0. 0. 0. ... 0. 0. 0.],rec.sport.baseball
[0. 0. 0. ... 0. 0. 0.],comp.sys.mac.hardware
[0. 0. 0. ... 0. 0. 0.],soc.religion.christian
[0. 0. 0. ... 0. 0. 0.],sci.crypt
[0. 0. 0. ... 0. 0. 0.],sci.electronics
[0. 0. 0. ... 0. 0. 0.],talk.religion.misc
[0. 0. 0. ... 0. 0. 0.],comp.windows.x
[0. 0. 0. ... 0. 0. 0.],comp.sys.mac.hardware
[0. 0. 0. ... 0. 0. 0.],sci.crypt
[0. 0. 0. ... 0. 0. 0.],comp.graphics
[0. 0. 0. ... 0. 0. 0.],rec.autos
[0. 0. 0. ... 0. 0. 0.],talk.religion.misc
[0. 0. 0. ... 0. 0. 0.],sci.electronics
[0. 0. 0. ... 0. 0. 0.],rec.autos
[0. 0. 0. ... 0. 0. 0.],talk.politics.misc
[0. 0. 0. ... 0. 0. 0.],sci.crypt
[0. 0. 0. ... 0. 0. 0.],sci.crypt
[0. 0. 0. ... 0. 0. 0.],rec.sport.baseball
[0. 0. 0. ... 0. 0. 0.],sci.med
[0. 0. 0. ... 0. 0. 0.],comp.os.ms-windows.misc
[0. 0. 0. ... 0. 0. 0.],rec.autos
[0. 0. 0. ... 0. 0. 0.],comp.graphics
[0. 0. 0. ... 0. 0. 0.],comp.os.ms-windows.misc
[0. 0. 0. ... 0. 0. 0.],rec.sport.baseball
[0. 0. 0. ... 0. 0. 0.],talk.politics.misc
[0. 0. 0. ... 0. 0. 0.],rec.autos
[0. 0. 0. ... 0. 0. 0.],talk.politics.mideast
[0. 0. 0. ... 0. 0. 0.],talk.politics.misc
[0. 0. 0. ... 0. 0. 0.],misc.forsale
[0. 0. 0. ... 0. 0. 0.],comp.graphics
[0. 0. 0. ... 0. 0. 0.],comp.sys.ibm.pc.hardware
[0. 0. 0. ... 0. 0. 0.],comp.graphics
[0. 0. 0. ... 0. 0. 0.],talk.politics.misc
[0. 0. 0. ... 0. 0. 0.],sci.med
[0. 0. 0. ... 0. 0. 0.],rec.sport.hockey
[0. 0. 0. ... 0. 0. 0.],comp.os.ms-windows.misc
[0. 0. 0. ... 0. 0. 0.],rec.autos
[0. 0. 0. ... 0. 0. 0.],comp.graphics
[0. 0. 0. ... 0. 0. 0.],sci.crypt
[0. 0. 0. ... 0. 0. 0.],sci.med
[0. 0. 0. ... 0. 0. 0.],comp.sys.ibm.pc.hardware
[0.         0.19326456 0.         ... 0.         0.         0.        ],sci.electronics
[0. 0. 0. ... 0. 0. 0.],talk.religion.misc
[0. 0. 0. ... 0. 0. 0.],rec.autos
[0. 0. 0. ... 0. 0. 0.],misc.forsale
[0. 0. 0. ... 0. 0. 0.],soc.religion.christian
[0. 0. 0. ... 0. 0. 0.],rec.autos
[0. 0. 0. ... 0. 0. 0.],sci.crypt
[0. 0. 0. ... 0. 0. 0.],sci.med
[0. 0. 0. ... 0. 0. 0.],comp.sys.mac.hardware
[0. 0. 0. ... 0. 0. 0.],sci.crypt
[0. 0. 0. ... 0. 0. 0.],comp.os.ms-windows.misc
[0. 0. 0. ... 0. 0. 0.],rec.sport.hockey
[0. 0. 0. ... 0. 0. 0.],comp.os.ms-windows.misc
[0.         0.         0.         ... 0.         0.         0.10233114],rec.sport.hockey
[0. 0. 0. ... 0. 0. 0.],talk.politics.guns
[0.         0.10537219 0.         ... 0.         0.         0.        ],comp.sys.ibm.pc.hardware
[0. 0. 0. ... 0. 0. 0.],rec.sport.hockey
[0. 0. 0. ... 0. 0. 0.],rec.sport.hockey
[0. 0. 0. ... 0. 0. 0.],rec.sport.baseball
[0. 0. 0. ... 0. 0. 0.],sci.med
[0. 0. 0. ... 0. 0. 0.],misc.forsale
[0. 0. 0. ... 0. 0. 0.],talk.politics.mideast
[0. 0. 0. ... 0. 0. 0.],comp.os.ms-windows.misc
[0. 0. 0. ... 0. 0. 0.],sci.space
[0. 0. 0. ... 0. 0. 0.],misc.forsale
[0. 0. 0. ... 0. 0. 0.],rec.sport.hockey
[0. 0. 0. ... 0. 0. 0.],comp.graphics
[0.         0.31726253 0.         ... 0.         0.         0.        ],comp.os.ms-windows.misc
[0. 0. 0. ... 0. 0. 0.],talk.religion.misc
[0. 0. 0. ... 0. 0. 0.],rec.sport.baseball
[0. 0. 0. ... 0. 0. 0.],soc.religion.christian
[0.         0.08169354 0.         ... 0.         0.         0.        ],talk.politics.guns
[0. 0. 0. ... 0. 0. 0.],talk.politics.mideast
[0. 0. 0. ... 0. 0. 0.],comp.windows.x
[0. 0. 0. ... 0. 0. 0.],talk.politics.mideast
[0. 0. 0. ... 0. 0. 0.],talk.politics.mideast
[0. 0. 0. ... 0. 0. 0.],sci.med
[0. 0. 0. ... 0. 0. 0.],soc.religion.christian
[0. 0. 0. ... 0. 0. 0.],comp.graphics
[0. 0. 0. ... 0. 0. 0.],comp.sys.mac.hardware
[0. 0. 0. ... 0. 0. 0.],rec.sport.hockey
[0. 0. 0. ... 0. 0. 0.],misc.forsale
[0. 0. 0. ... 0. 0. 0.],comp.graphics
[0. 0. 0. ... 0. 0. 0.],comp.sys.ibm.pc.hardware
[0. 0. 0. ... 0. 0. 0.],rec.sport.baseball
[0. 0. 0. ... 0. 0. 0.],soc.religion.christian
[0. 0. 0. ... 0. 0. 0.],talk.politics.mideast
[0. 0. 0. ... 0. 0. 0.],rec.sport.baseball
[0. 0. 0. ... 0. 0. 0.],comp.sys.mac.hardware
[0. 0. 0. ... 0. 0. 0.],comp.windows.x
[0. 0. 0. ... 0. 0. 0.],sci.med
[0.         0.15958203 0.         ... 0.         0.         0.        ],sci.space
[0.        0.        0.0804774 ... 0.        0.        0.       ],talk.politics.guns
[0.       0.314904 0.       ... 0.       0.       0.      ],sci.med
[0. 0. 0. ... 0. 0. 0.],rec.autos
[0. 0. 0. ... 0. 0. 0.],rec.sport.hockey
[0. 0. 0. ... 0. 0. 0.],rec.sport.hockey
[0. 0. 0. ... 0. 0. 0.],comp.sys.mac.hardware
[0. 0. 0. ... 0. 0. 0.],rec.autos
[0. 0. 0. ... 0. 0. 0.],rec.autos
[0. 0. 0. ... 0. 0. 0.],misc.forsale
[0. 0. 0. ... 0. 0. 0.],talk.politics.misc
[0.         0.         0.         ... 0.15020138 0.         0.        ],sci.space
[0. 0. 0. ... 0. 0. 0.],comp.sys.ibm.pc.hardware
[0. 0. 0. ... 0. 0. 0.],soc.religion.christian
[0. 0. 0. ... 0. 0. 0.],sci.med
[0. 0. 0. ... 0. 0. 0.],rec.sport.baseball
[0. 0. 0. ... 0. 0. 0.],soc.religion.christian
[0. 0. 0. ... 0. 0. 0.],rec.autos
[0. 0. 0. ... 0. 0. 0.],sci.electronics
[0. 0. 0. ... 0. 0. 0.],comp.sys.mac.hardware
[0. 0. 0. ... 0. 0. 0.],talk.politics.mideast
[0. 0. 0. ... 0. 0. 0.],comp.graphics
[0. 0. 0. ... 0. 0. 0.],rec.sport.hockey
[0. 0. 0. ... 0. 0. 0.],rec.sport.baseball
[0. 0. 0. ... 0. 0. 0.],talk.politics.guns
[0.         0.07647698 0.         ... 0.         0.         0.        ],soc.religion.christian
[0. 0. 0. ... 0. 0. 0.],comp.sys.mac.hardware
[0. 0. 0. ... 0. 0. 0.],misc.forsale
[0. 0. 0. ... 0. 0. 0.],sci.space
[0. 0. 0. ... 0. 0. 0.],talk.politics.mideast
[0. 0. 0. ... 0. 0. 0.],sci.electronics
[0. 0. 0. ... 0. 0. 0.],comp.os.ms-windows.misc
[0. 0. 0. ... 0. 0. 0.],comp.sys.ibm.pc.hardware
[0. 0. 0. ... 0. 0. 0.],comp.os.ms-windows.misc
[0. 0. 0. ... 0. 0. 0.],sci.med
[0.         0.07972215 0.         ... 0.         0.         0.        ],comp.windows.x
[0. 0. 0. ... 0. 0. 0.],sci.electronics
[0. 0. 0. ... 0. 0. 0.],misc.forsale
[0. 0. 0. ... 0. 0. 0.],alt.atheism
[0. 0. 0. ... 0. 0. 0.],rec.sport.baseball
[0. 0. 0. ... 0. 0. 0.],rec.autos
[0. 0. 0. ... 0. 0. 0.],alt.atheism
[0. 0. 0. ... 0. 0. 0.],sci.crypt
[0. 0. 0. ... 0. 0. 0.],rec.motorcycles
[0. 0. 0. ... 0. 0. 0.],talk.religion.misc
[0. 0. 0. ... 0. 0. 0.],rec.sport.hockey
[0. 0. 0. ... 0. 0. 0.],comp.sys.mac.hardware
[0. 0. 0. ... 0. 0. 0.],comp.sys.ibm.pc.hardware
[0. 0. 0. ... 0. 0. 0.],comp.os.ms-windows.misc
[0. 0. 0. ... 0. 0. 0.],sci.electronics
[0. 0. 0. ... 0. 0. 0.],rec.sport.hockey
[0. 0. 0. ... 0. 0. 0.],talk.politics.mideast
[0.        0.0194407 0.        ... 0.        0.        0.       ],comp.windows.x
[0. 0. 0. ... 0. 0. 0.],sci.electronics
[0. 0. 0. ... 0. 0. 0.],comp.graphics
[0. 0. 0. ... 0. 0. 0.],misc.forsale
[0. 0. 0. ... 0. 0. 0.],rec.sport.baseball
[0. 0. 0. ... 0. 0. 0.],comp.sys.ibm.pc.hardware
[0.         0.21407755 0.         ... 0.         0.         0.        ],rec.motorcycles
[0. 0. 0. ... 0. 0. 0.],rec.motorcycles
[0. 0. 0. ... 0. 0. 0.],sci.electronics
[0.         0.         0.         ... 0.13017308 0.         0.        ],misc.forsale
[0. 0. 0. ... 0. 0. 0.],sci.crypt
[0. 0. 0. ... 0. 0. 0.],soc.religion.christian
[0. 0. 0. ... 0. 0. 0.],sci.space
[0.        0.2223219 0.        ... 0.        0.        0.       ],sci.crypt
[0. 0. 0. ... 0. 0. 0.],comp.sys.ibm.pc.hardware
[0. 0. 0. ... 0. 0. 0.],rec.sport.baseball
[0.        0.0452354 0.        ... 0.        0.        0.       ],talk.politics.misc
[0. 0. 0. ... 0. 0. 0.],alt.atheism
[0. 0. 0. ... 0. 0. 0.],talk.politics.guns
[0. 0. 0. ... 0. 0. 0.],sci.crypt
[0. 0. 0. ... 0. 0. 0.],comp.os.ms-windows.misc
[0. 0. 0. ... 0. 0. 0.],sci.crypt
[0. 0. 0. ... 0. 0. 0.],rec.sport.hockey
[0. 0. 0. ... 0. 0. 0.],talk.politics.misc
[0. 0. 0. ... 0. 0. 0.],sci.space
[0. 0. 0. ... 0. 0. 0.],comp.sys.ibm.pc.hardware
[0. 0. 0. ... 0. 0. 0.],misc.forsale
[0. 0. 0. ... 0. 0. 0.],rec.autos
[0. 0. 0. ... 0. 0. 0.],alt.atheism
[0. 0. 0. ... 0. 0. 0.],rec.autos
[0. 0. 0. ... 0. 0. 0.],sci.electronics
[0. 0. 0. ... 0. 0. 0.],sci.med
[0. 0. 0. ... 0. 0. 0.],rec.autos
[0. 0. 0. ... 0. 0. 0.],sci.crypt
[0. 0. 0. ... 0. 0. 0.],talk.politics.mideast
[0. 0. 0. ... 0. 0. 0.],rec.sport.baseball
[0. 0. 0. ... 0. 0. 0.],sci.med
[0. 0. 0. ... 0. 0. 0.],sci.electronics
[0. 0. 0. ... 0. 0. 0.],comp.graphics
[0.        0.0749216 0.        ... 0.        0.        0.       ],comp.graphics
[0. 0. 0. ... 0. 0. 0.],rec.sport.baseball
[0. 0. 0. ... 0. 0. 0.],talk.religion.misc
[0. 0. 0. ... 0. 0. 0.],comp.windows.x
[0. 0. 0. ... 0. 0. 0.],comp.sys.mac.hardware
[0. 0. 0. ... 0. 0. 0.],talk.politics.misc
[0. 0. 0. ... 0. 0. 0.],alt.atheism
[0. 0. 0. ... 0. 0. 0.],talk.politics.misc
[0. 0. 0. ... 0. 0. 0.],talk.religion.misc
[0.03847686 0.         0.         ... 0.         0.         0.        ],rec.autos
[0. 0. 0. ... 0. 0. 0.],sci.med
[0. 0. 0. ... 0. 0. 0.],sci.electronics
[0. 0. 0. ... 0. 0. 0.],comp.windows.x
[0. 0. 0. ... 0. 0. 0.],talk.religion.misc
[0. 0. 0. ... 0. 0. 0.],rec.motorcycles
[0. 0. 0. ... 0. 0. 0.],alt.atheism
[0. 0. 0. ... 0. 0. 0.],sci.med
[0. 0. 0. ... 0. 0. 0.],sci.crypt
[0. 0. 0. ... 0. 0. 0.],misc.forsale
[0. 0. 0. ... 0. 0. 0.],comp.sys.ibm.pc.hardware
[0. 0. 0. ... 0. 0. 0.],talk.religion.misc
[0. 0. 0. ... 0. 0. 0.],talk.politics.misc
[0. 0. 0. ... 0. 0. 0.],rec.autos
[0. 0. 0. ... 0. 0. 0.],misc.forsale
[0. 0. 0. ... 0. 0. 0.],comp.graphics
[0. 0. 0. ... 0. 0. 0.],comp.os.ms-windows.misc
[0.         0.05064716 0.         ... 0.         0.         0.        ],comp.graphics
[0. 0. 0. ... 0. 0. 0.],comp.sys.mac.hardware
[0. 0. 0. ... 0. 0. 0.],sci.space
[0. 0. 0. ... 0. 0. 0.],rec.motorcycles
[0. 0. 0. ... 0. 0. 0.],sci.med
[0. 0. 0. ... 0. 0. 0.],talk.religion.misc
[0. 0. 0. ... 0. 0. 0.],talk.politics.guns
[0. 0. 0. ... 0. 0. 0.],comp.graphics
[0. 0. 0. ... 0. 0. 0.],rec.sport.hockey
[0. 0. 0. ... 0. 0. 0.],sci.crypt
[0. 0. 0. ... 0. 0. 0.],rec.sport.baseball
[0. 0. 0. ... 0. 0. 0.],talk.politics.misc
[0. 0. 0. ... 0. 0. 0.],comp.sys.ibm.pc.hardware
[0. 0. 0. ... 0. 0. 0.],alt.atheism
[0. 0. 0. ... 0. 0. 0.],comp.windows.x
[0. 0. 0. ... 0. 0. 0.],comp.sys.mac.hardware
[0. 0. 0. ... 0. 0. 0.],sci.electronics
[0. 0. 0. ... 0. 0. 0.],comp.sys.ibm.pc.hardware
[0. 0. 0. ... 0. 0. 0.],rec.sport.baseball
[0. 0. 0. ... 0. 0. 0.],comp.sys.mac.hardware
[0. 0. 0. ... 0. 0. 0.],rec.motorcycles
[0. 0. 0. ... 0. 0. 0.],rec.sport.baseball
[0. 0. 0. ... 0. 0. 0.],sci.crypt
[0. 0. 0. ... 0. 0. 0.],sci.med
[0. 0. 0. ... 0. 0. 0.],comp.sys.mac.hardware
[0. 0. 0. ... 0. 0. 0.],comp.os.ms-windows.misc
[0. 0. 0. ... 0. 0. 0.],sci.med
[0. 0. 0. ... 0. 0. 0.],sci.electronics
[0. 0. 0. ... 0. 0. 0.],rec.sport.baseball
[0. 0. 0. ... 0. 0. 0.],rec.autos
[0. 0. 0. ... 0. 0. 0.],comp.os.ms-windows.misc
[0. 0. 0. ... 0. 0. 0.],misc.forsale
[0. 0. 0. ... 0. 0. 0.],talk.politics.guns
[0. 0. 0. ... 0. 0. 0.],comp.os.ms-windows.misc
[0.         0.10241299 0.         ... 0.         0.         0.        ],comp.sys.ibm.pc.hardware
[0. 0. 0. ... 0. 0. 0.],sci.med
[0. 0. 0. ... 0. 0. 0.],rec.sport.baseball
[0. 0. 0. ... 0. 0. 0.],comp.sys.mac.hardware
[0. 0. 0. ... 0. 0. 0.],sci.med
[0. 0. 0. ... 0. 0. 0.],alt.atheism
[0.         0.06904897 0.         ... 0.         0.         0.        ],sci.electronics
[0. 0. 0. ... 0. 0. 0.],sci.electronics
[0. 0. 0. ... 0. 0. 0.],sci.crypt
[0.         0.14276537 0.         ... 0.         0.         0.        ],sci.med
[0. 0. 0. ... 0. 0. 0.],sci.crypt
[0. 0. 0. ... 0. 0. 0.],rec.autos
[0. 0. 0. ... 0. 0. 0.],comp.os.ms-windows.misc
[0. 0. 0. ... 0. 0. 0.],talk.religion.misc
[0. 0. 0. ... 0. 0. 0.],sci.crypt
[0. 0. 0. ... 0. 0. 0.],comp.windows.x
[0. 0. 0. ... 0. 0. 0.],sci.crypt
[0. 0. 0. ... 0. 0. 0.],soc.religion.christian
[0. 0. 0. ... 0. 0. 0.],soc.religion.christian
[0. 0. 0. ... 0. 0. 0.],rec.sport.baseball
[0.         0.05592453 0.         ... 0.         0.         0.        ],rec.sport.hockey
[0.         0.         0.41100155 ... 0.         0.         0.        ],talk.religion.misc
[0. 0. 0. ... 0. 0. 0.],rec.autos
[0. 0. 0. ... 0. 0. 0.],rec.sport.baseball
[0. 0. 0. ... 0. 0. 0.],talk.politics.guns
[0. 0. 0. ... 0. 0. 0.],comp.graphics
[0. 0. 0. ... 0. 0. 0.],sci.crypt
[0. 0. 0. ... 0. 0. 0.],sci.med
[0. 0. 0. ... 0. 0. 0.],sci.space
[0. 0. 0. ... 0. 0. 0.],comp.windows.x
[0. 0. 0. ... 0. 0. 0.],sci.crypt
[0. 0. 0. ... 0. 0. 0.],rec.motorcycles
[0. 0. 0. ... 0. 0. 0.],comp.graphics
[0. 0. 0. ... 0. 0. 0.],misc.forsale
[0. 0. 0. ... 0. 0. 0.],alt.atheism
[0. 0. 0. ... 0. 0. 0.],comp.sys.mac.hardware
[0. 0. 0. ... 0. 0. 0.],misc.forsale
[0. 0. 0. ... 0. 0. 0.],sci.electronics
[0. 0. 0. ... 0. 0. 0.],comp.sys.ibm.pc.hardware
[0. 0. 0. ... 0. 0. 0.],comp.sys.mac.hardware
[0. 0. 0. ... 0. 0. 0.],comp.sys.ibm.pc.hardware
[0. 0. 0. ... 0. 0. 0.],comp.graphics
[0. 0. 0. ... 0. 0. 0.],rec.autos
[0. 0. 0. ... 0. 0. 0.],sci.electronics
[0. 0. 0. ... 0. 0. 0.],soc.religion.christian
[0. 0. 0. ... 0. 0. 0.],talk.politics.guns
[0. 0. 0. ... 0. 0. 0.],sci.med
[0. 0. 0. ... 0. 0. 0.],comp.sys.ibm.pc.hardware
[0. 0. 0. ... 0. 0. 0.],talk.politics.mideast
[0.         0.10512557 0.         ... 0.         0.         0.        ],sci.electronics
[0. 0. 0. ... 0. 0. 0.],rec.autos
[0. 0. 0. ... 0. 0. 0.],talk.religion.misc
[0. 0. 0. ... 0. 0. 0.],talk.politics.mideast
[0.         0.15877242 0.         ... 0.         0.         0.        ],misc.forsale
[0. 0. 0. ... 0. 0. 0.],sci.crypt
[0. 0. 0. ... 0. 0. 0.],talk.politics.misc
[0. 0. 0. ... 0. 0. 0.],comp.windows.x
[0. 0. 0. ... 0. 0. 0.],misc.forsale
[0. 0. 0. ... 0. 0. 0.],talk.politics.misc
[0. 0. 0. ... 0. 0. 0.],sci.crypt
[0. 0. 0. ... 0. 0. 0.],alt.atheism
[0. 0. 0. ... 0. 0. 0.],rec.autos
[0. 0. 0. ... 0. 0. 0.],misc.forsale
[0. 0. 0. ... 0. 0. 0.],rec.sport.baseball
[0. 0. 0. ... 0. 0. 0.],soc.religion.christian
[0. 0. 0. ... 0. 0. 0.],rec.sport.hockey
[0. 0. 0. ... 0. 0. 0.],comp.windows.x
[0. 0. 0. ... 0. 0. 0.],sci.crypt
[0. 0. 0. ... 0. 0. 0.],sci.electronics
[0. 0. 0. ... 0. 0. 0.],comp.sys.ibm.pc.hardware
[0. 0. 0. ... 0. 0. 0.],rec.sport.baseball
[0. 0. 0. ... 0. 0. 0.],comp.graphics
[0. 0. 0. ... 0. 0. 0.],sci.space
[0. 0. 0. ... 0. 0. 0.],soc.religion.christian
[0. 0. 0. ... 0. 0. 0.],alt.atheism
[0. 0. 0. ... 0. 0. 0.],sci.electronics
[0. 0. 0. ... 0. 0. 0.],comp.graphics
[0. 0. 0. ... 0. 0. 0.],comp.windows.x
[0.19038675 0.         0.         ... 0.         0.         0.        ],rec.sport.baseball
[0. 0. 0. ... 0. 0. 0.],sci.crypt
[0. 0. 0. ... 0. 0. 0.],talk.politics.mideast
[0. 0. 0. ... 0. 0. 0.],talk.politics.guns
[0. 0. 0. ... 0. 0. 0.],rec.autos
[0.         0.09896663 0.         ... 0.         0.         0.        ],comp.graphics
[0. 0. 0. ... 0. 0. 0.],soc.religion.christian
[0. 0. 0. ... 0. 0. 0.],comp.os.ms-windows.misc
[0. 0. 0. ... 0. 0. 0.],rec.autos
[0. 0. 0. ... 0. 0. 0.],talk.religion.misc
[0. 0. 0. ... 0. 0. 0.],misc.forsale
[0. 0. 0. ... 0. 0. 0.],rec.sport.baseball
[0. 0. 0. ... 0. 0. 0.],comp.os.ms-windows.misc
[0. 0. 0. ... 0. 0. 0.],rec.sport.baseball
[0. 0. 0. ... 0. 0. 0.],sci.med
[0. 0. 0. ... 0. 0. 0.],rec.autos
[0. 0. 0. ... 0. 0. 0.],sci.crypt
[0. 0. 0. ... 0. 0. 0.],rec.autos
[0. 0. 0. ... 0. 0. 0.],sci.med
[0. 0. 0. ... 0. 0. 0.],soc.religion.christian
[0. 0. 0. ... 0. 0. 0.],comp.os.ms-windows.misc
[0. 0. 0. ... 0. 0. 0.],rec.autos
[0. 0. 0. ... 0. 0. 0.],talk.religion.misc
[0. 0. 0. ... 0. 0. 0.],talk.politics.misc
[0. 0. 0. ... 0. 0. 0.],misc.forsale
[0. 0. 0. ... 0. 0. 0.],sci.crypt
[0. 0. 0. ... 0. 0. 0.],talk.religion.misc
[0. 0. 0. ... 0. 0. 0.],soc.religion.christian
[0. 0. 0. ... 0. 0. 0.],talk.politics.misc
[0. 0. 0. ... 0. 0. 0.],rec.motorcycles
[0. 0. 0. ... 0. 0. 0.],talk.politics.guns
[0. 0. 0. ... 0. 0. 0.],comp.sys.mac.hardware
[0. 0. 0. ... 0. 0. 0.],sci.electronics
[0. 0. 0. ... 0. 0. 0.],rec.sport.hockey
[0. 0. 0. ... 0. 0. 0.],comp.windows.x
[0. 0. 0. ... 0. 0. 0.],rec.autos
[0. 0. 0. ... 0. 0. 0.],talk.politics.mideast
[0. 0. 0. ... 0. 0. 0.],comp.sys.mac.hardware
[0. 0. 0. ... 0. 0. 0.],talk.politics.misc
[0. 0. 0. ... 0. 0. 0.],talk.politics.mideast
[0. 0. 0. ... 0. 0. 0.],sci.crypt
[0. 0. 0. ... 0. 0. 0.],sci.crypt
[0. 0. 0. ... 0. 0. 0.],comp.windows.x
[0. 0. 0. ... 0. 0. 0.],talk.religion.misc
[0. 0. 0. ... 0. 0. 0.],rec.sport.hockey
[0. 0. 0. ... 0. 0. 0.],misc.forsale
[0. 0. 0. ... 0. 0. 0.],comp.graphics
[0. 0. 0. ... 0. 0. 0.],comp.sys.mac.hardware
[0. 0. 0. ... 0. 0. 0.],sci.crypt
[0. 0. 0. ... 0. 0. 0.],comp.os.ms-windows.misc
[0. 0. 0. ... 0. 0. 0.],sci.electronics
[0. 0. 0. ... 0. 0. 0.],rec.sport.baseball
[0. 0. 0. ... 0. 0. 0.],talk.politics.mideast
[0. 0. 0. ... 0. 0. 0.],comp.graphics
[0. 0. 0. ... 0. 0. 0.],sci.electronics
[0. 0. 0. ... 0. 0. 0.],talk.politics.guns
[0. 0. 0. ... 0. 0. 0.],comp.sys.mac.hardware
[0. 0. 0. ... 0. 0. 0.],misc.forsale
[0. 0. 0. ... 0. 0. 0.],comp.sys.mac.hardware
[0. 0. 0. ... 0. 0. 0.],sci.crypt
[0. 0. 0. ... 0. 0. 0.],comp.sys.ibm.pc.hardware
[0. 0. 0. ... 0. 0. 0.],talk.politics.mideast
[0. 0. 0. ... 0. 0. 0.],comp.windows.x
[0. 0. 0. ... 0. 0. 0.],soc.religion.christian
[0. 0. 0. ... 0. 0. 0.],sci.crypt
[0. 0. 0. ... 0. 0. 0.],comp.windows.x
[0. 0. 0. ... 0. 0. 0.],sci.crypt
[0. 0. 0. ... 0. 0. 0.],talk.religion.misc
[0. 0. 0. ... 0. 0. 0.],comp.graphics
[0. 0. 0. ... 0. 0. 0.],rec.motorcycles
[0. 0. 0. ... 0. 0. 0.],sci.space
[0. 0. 0. ... 0. 0. 0.],rec.sport.baseball
[0. 0. 0. ... 0. 0. 0.],comp.sys.mac.hardware
[0. 0. 0. ... 0. 0. 0.],sci.electronics
[0. 0. 0. ... 0. 0. 0.],comp.sys.ibm.pc.hardware
[0. 0. 0. ... 0. 0. 0.],rec.sport.baseball
[0. 0. 0. ... 0. 0. 0.],talk.politics.mideast
[0. 0. 0. ... 0. 0. 0.],talk.politics.guns
[0. 0. 0. ... 0. 0. 0.],talk.politics.mideast
[0. 0. 0. ... 0. 0. 0.],rec.sport.hockey
[0. 0. 0. ... 0. 0. 0.],soc.religion.christian
[0. 0. 0. ... 0. 0. 0.],comp.os.ms-windows.misc
[0. 0. 0. ... 0. 0. 0.],comp.windows.x
[0. 0. 0. ... 0. 0. 0.],talk.politics.mideast
[0. 0. 0. ... 0. 0. 0.],comp.windows.x
[0. 0. 0. ... 0. 0. 0.],comp.graphics
[0. 0. 0. ... 0. 0. 0.],alt.atheism
[0. 0. 0. ... 0. 0. 0.],sci.crypt
[0. 0. 0. ... 0. 0. 0.],rec.autos
[0. 0. 0. ... 0. 0. 0.],misc.forsale
[0. 0. 0. ... 0. 0. 0.],comp.windows.x
[0.         0.33189842 0.         ... 0.         0.         0.        ],comp.sys.ibm.pc.hardware
[0. 0. 0. ... 0. 0. 0.],rec.sport.baseball
[0.        0.1245051 0.        ... 0.        0.        0.       ],comp.sys.mac.hardware
[0. 0. 0. ... 0. 0. 0.],sci.space
[0. 0. 0. ... 0. 0. 0.],talk.politics.mideast
[0. 0. 0. ... 0. 0. 0.],rec.motorcycles
[0. 0. 0. ... 0. 0. 0.],alt.atheism
[0. 0. 0. ... 0. 0. 0.],comp.sys.ibm.pc.hardware
[0. 0. 0. ... 0. 0. 0.],comp.sys.ibm.pc.hardware
[0. 0. 0. ... 0. 0. 0.],comp.graphics
[0. 0. 0. ... 0. 0. 0.],sci.crypt
[0. 0. 0. ... 0. 0. 0.],alt.atheism
[0. 0. 0. ... 0. 0. 0.],rec.motorcycles
[0. 0. 0. ... 0. 0. 0.],rec.motorcycles
[0. 0. 0. ... 0. 0. 0.],sci.med
[0. 0. 0. ... 0. 0. 0.],comp.os.ms-windows.misc
[0. 0. 0. ... 0. 0. 0.],comp.windows.x
[0.         0.09168983 0.         ... 0.         0.         0.        ],sci.space
[0. 0. 0. ... 0. 0. 0.],sci.med
[0. 0. 0. ... 0. 0. 0.],comp.sys.mac.hardware
[0. 0. 0. ... 0. 0. 0.],rec.motorcycles
[0. 0. 0. ... 0. 0. 0.],comp.os.ms-windows.misc
[0. 0. 0. ... 0. 0. 0.],comp.os.ms-windows.misc
[0. 0. 0. ... 0. 0. 0.],talk.politics.guns
[0. 0. 0. ... 0. 0. 0.],rec.sport.hockey
[0. 0. 0. ... 0. 0. 0.],sci.space
[0. 0. 0. ... 0. 0. 0.],comp.sys.mac.hardware
[0. 0. 0. ... 0. 0. 0.],comp.sys.ibm.pc.hardware
[0. 0. 0. ... 0. 0. 0.],comp.windows.x
[0. 0. 0. ... 0. 0. 0.],sci.electronics
[0. 0. 0. ... 0. 0. 0.],soc.religion.christian
[0.19018139 0.         0.         ... 0.         0.         0.        ],sci.electronics
[0. 0. 0. ... 0. 0. 0.],comp.graphics
[0. 0. 0. ... 0. 0. 0.],sci.electronics
[0. 0. 0. ... 0. 0. 0.],comp.sys.mac.hardware
[0. 0. 0. ... 0. 0. 0.],misc.forsale
[0. 0. 0. ... 0. 0. 0.],rec.autos
[0. 0. 0. ... 0. 0. 0.],rec.sport.baseball
[0.         0.10957065 0.         ... 0.         0.         0.        ],rec.sport.hockey
[0. 0. 0. ... 0. 0. 0.],rec.motorcycles
[0. 0. 0. ... 0. 0. 0.],sci.space
[0. 0. 0. ... 0. 0. 0.],comp.windows.x
[0. 0. 0. ... 0. 0. 0.],comp.sys.mac.hardware
[0. 0. 0. ... 0. 0. 0.],sci.electronics
[0. 0. 0. ... 0. 0. 0.],talk.politics.mideast
[0. 0. 0. ... 0. 0. 0.],comp.windows.x
[0. 0. 0. ... 0. 0. 0.],rec.sport.baseball
[0. 0. 0. ... 0. 0. 0.],rec.sport.hockey
[0. 0. 0. ... 0. 0. 0.],comp.os.ms-windows.misc
[0. 0. 0. ... 0. 0. 0.],sci.med
[0. 0. 0. ... 0. 0. 0.],sci.crypt
[0. 0. 0. ... 0. 0. 0.],sci.space
[0. 0. 0. ... 0. 0. 0.],sci.crypt
[0. 0. 0. ... 0. 0. 0.],alt.atheism
[0. 0. 0. ... 0. 0. 0.],rec.sport.baseball
[0. 0. 0. ... 0. 0. 0.],comp.graphics
[0. 0. 0. ... 0. 0. 0.],misc.forsale
[0.         0.13836853 0.         ... 0.         0.         0.        ],comp.windows.x
[0. 0. 0. ... 0. 0. 0.],rec.motorcycles
[0. 0. 0. ... 0. 0. 0.],sci.crypt
[0. 0. 0. ... 0. 0. 0.],sci.space
[0. 0. 0. ... 0. 0. 0.],rec.autos
[0. 0. 0. ... 0. 0. 0.],misc.forsale
[0. 0. 0. ... 0. 0. 0.],rec.sport.baseball
[0. 0. 0. ... 0. 0. 0.],sci.med
[0. 0. 0. ... 0. 0. 0.],sci.med
[0. 0. 0. ... 0. 0. 0.],rec.autos
[0. 0. 0. ... 0. 0. 0.],talk.politics.mideast
[0. 0. 0. ... 0. 0. 0.],sci.crypt
[0. 0. 0. ... 0. 0. 0.],sci.space
[0. 0. 0. ... 0. 0. 0.],sci.crypt
[0. 0. 0. ... 0. 0. 0.],rec.motorcycles
[0. 0. 0. ... 0. 0. 0.],rec.sport.baseball
[0. 0. 0. ... 0. 0. 0.],rec.sport.hockey
[0. 0. 0. ... 0. 0. 0.],talk.politics.mideast
[0. 0. 0. ... 0. 0. 0.],sci.electronics
[0. 0. 0. ... 0. 0. 0.],sci.crypt
[0. 0. 0. ... 0. 0. 0.],rec.sport.baseball
[0. 0. 0. ... 0. 0. 0.],comp.os.ms-windows.misc
[0. 0. 0. ... 0. 0. 0.],talk.politics.misc
[0. 0. 0. ... 0. 0. 0.],comp.sys.ibm.pc.hardware
[0. 0. 0. ... 0. 0. 0.],sci.med
[0. 0. 0. ... 0. 0. 0.],alt.atheism
[0. 0. 0. ... 0. 0. 0.],alt.atheism
[0.14863246 0.         0.         ... 0.         0.         0.        ],comp.graphics
[0. 0. 0. ... 0. 0. 0.],comp.graphics
[0. 0. 0. ... 0. 0. 0.],sci.crypt
[0. 0. 0. ... 0. 0. 0.],sci.electronics
[0. 0. 0. ... 0. 0. 0.],sci.electronics
[0. 0. 0. ... 0. 0. 0.],sci.electronics
[0. 0. 0. ... 0. 0. 0.],comp.sys.ibm.pc.hardware
[0. 0. 0. ... 0. 0. 0.],talk.politics.misc
[0. 0. 0. ... 0. 0. 0.],sci.med
[0. 0. 0. ... 0. 0. 0.],rec.motorcycles
[0. 0. 0. ... 0. 0. 0.],talk.politics.mideast
[0. 0. 0. ... 0. 0. 0.],comp.windows.x
[0. 0. 0. ... 0. 0. 0.],sci.crypt
[0. 0. 0. ... 0. 0. 0.],sci.space
[0. 0. 0. ... 0. 0. 0.],rec.sport.hockey
[0. 0. 0. ... 0. 0. 0.],comp.graphics
[0. 0. 0. ... 0. 0. 0.],talk.politics.mideast
[0. 0. 0. ... 0. 0. 0.],rec.sport.hockey
[0. 0. 0. ... 0. 0. 0.],talk.religion.misc
[0. 0. 0. ... 0. 0. 0.],rec.motorcycles
[0. 0. 0. ... 0. 0. 0.],talk.politics.misc
[0. 0. 0. ... 0. 0. 0.],comp.os.ms-windows.misc
[0. 0. 0. ... 0. 0. 0.],comp.graphics
[0. 0. 0. ... 0. 0. 0.],talk.politics.guns
[0. 0. 0. ... 0. 0. 0.],sci.space
[0. 0. 0. ... 0. 0. 0.],misc.forsale
[0. 0. 0. ... 0. 0. 0.],sci.space
[0. 0. 0. ... 0. 0. 0.],talk.politics.guns
[0. 0. 0. ... 0. 0. 0.],sci.med
[0. 0. 0. ... 0. 0. 0.],talk.politics.mideast
[0. 0. 0. ... 0. 0. 0.],sci.space
[0. 0. 0. ... 0. 0. 0.],comp.sys.mac.hardware
[0. 0. 0. ... 0. 0. 0.],sci.med
[0. 0. 0. ... 0. 0. 0.],alt.atheism
[0. 0. 0. ... 0. 0. 0.],sci.med
[0. 0. 0. ... 0. 0. 0.],comp.sys.mac.hardware
[0. 0. 0. ... 0. 0. 0.],comp.windows.x
[0. 0. 0. ... 0. 0. 0.],comp.sys.ibm.pc.hardware
[0. 0. 0. ... 0. 0. 0.],comp.windows.x
[0. 0. 0. ... 0. 0. 0.],rec.autos
[0. 0. 0. ... 0. 0. 0.],rec.autos
[0. 0. 0. ... 0. 0. 0.],comp.sys.mac.hardware
[0. 0. 0. ... 0. 0. 0.],comp.os.ms-windows.misc
[0. 0. 0. ... 0. 0. 0.],rec.sport.hockey
[0. 0. 0. ... 0. 0. 0.],rec.motorcycles
[0. 0. 0. ... 0. 0. 0.],talk.religion.misc
[0. 0. 0. ... 0. 0. 0.],comp.sys.mac.hardware
[0.31361604 0.         0.         ... 0.         0.         0.        ],comp.os.ms-windows.misc
[0. 0. 0. ... 0. 0. 0.],comp.sys.ibm.pc.hardware
[0. 0. 0. ... 0. 0. 0.],sci.electronics
[0. 0. 0. ... 0. 0. 0.],talk.religion.misc
[0. 0. 0. ... 0. 0. 0.],sci.electronics
[0. 0. 0. ... 0. 0. 0.],comp.windows.x
[0. 0. 0. ... 0. 0. 0.],rec.sport.hockey
[0.         0.17386137 0.         ... 0.         0.         0.        ],talk.politics.guns
[0. 0. 0. ... 0. 0. 0.],rec.sport.baseball
[0.         0.04542524 0.         ... 0.         0.         0.        ],talk.politics.mideast
[0.        0.0456079 0.        ... 0.        0.        0.       ],rec.sport.hockey
[0. 0. 0. ... 0. 0. 0.],misc.forsale
[0. 0. 0. ... 0. 0. 0.],alt.atheism
[0. 0. 0. ... 0. 0. 0.],rec.sport.hockey
[0. 0. 0. ... 0. 0. 0.],comp.windows.x
[0. 0. 0. ... 0. 0. 0.],sci.electronics
[0.        0.0913395 0.        ... 0.        0.        0.       ],misc.forsale
[0.         0.05869831 0.         ... 0.         0.         0.        ],misc.forsale
[0. 0. 0. ... 0. 0. 0.],comp.sys.mac.hardware
[0. 0. 0. ... 0. 0. 0.],rec.motorcycles
[0.         0.02307939 0.         ... 0.         0.         0.        ],comp.windows.x
[0. 0. 0. ... 0. 0. 0.],talk.politics.misc
[0.         0.15469947 0.         ... 0.         0.         0.        ],comp.sys.ibm.pc.hardware
[0. 0. 0. ... 0. 0. 0.],sci.med
[0. 0. 0. ... 0. 0. 0.],misc.forsale
[0. 0. 0. ... 0. 0. 0.],sci.med
[0. 0. 0. ... 0. 0. 0.],rec.sport.hockey
[0. 0. 0. ... 0. 0. 0.],sci.med
[0. 0. 0. ... 0. 0. 0.],comp.sys.mac.hardware
[0. 0. 0. ... 0. 0. 0.],alt.atheism
[0. 0. 0. ... 0. 0. 0.],misc.forsale
[0. 0. 0. ... 0. 0. 0.],rec.autos
[0. 0. 0. ... 0. 0. 0.],comp.sys.mac.hardware
[0. 0. 0. ... 0. 0. 0.],sci.crypt
[0. 0. 0. ... 0. 0. 0.],soc.religion.christian
[0. 0. 0. ... 0. 0. 0.],rec.motorcycles
[0. 0. 0. ... 0. 0. 0.],sci.crypt
[0.         0.10160223 0.         ... 0.         0.         0.        ],sci.electronics
[0. 0. 0. ... 0. 0. 0.],comp.windows.x
[0. 0. 0. ... 0. 0. 0.],sci.crypt
[0. 0. 0. ... 0. 0. 0.],misc.forsale
[0. 0. 0. ... 0. 0. 0.],misc.forsale
[0. 0. 0. ... 0. 0. 0.],comp.sys.mac.hardware
[0. 0. 0. ... 0. 0. 0.],soc.religion.christian
[0. 0. 0. ... 0. 0. 0.],comp.os.ms-windows.misc
[0. 0. 0. ... 0. 0. 0.],rec.autos
[0. 0. 0. ... 0. 0. 0.],talk.politics.guns
[0. 0. 0. ... 0. 0. 0.],sci.med
[0. 0. 0. ... 0. 0. 0.],comp.graphics
[0. 0. 0. ... 0. 0. 0.],misc.forsale
[0. 0. 0. ... 0. 0. 0.],rec.motorcycles
[0. 0. 0. ... 0. 0. 0.],rec.sport.hockey
[0. 0. 0. ... 0. 0. 0.],sci.space
[0. 0. 0. ... 0. 0. 0.],sci.crypt
[0. 0. 0. ... 0. 0. 0.],rec.motorcycles
[0. 0. 0. ... 0. 0. 0.],misc.forsale
[0. 0. 0. ... 0. 0. 0.],soc.religion.christian
[0. 0. 0. ... 0. 0. 0.],talk.politics.guns
[0. 0. 0. ... 0. 0. 0.],comp.os.ms-windows.misc
[0. 0. 0. ... 0. 0. 0.],comp.sys.ibm.pc.hardware
[0. 0. 0. ... 0. 0. 0.],comp.windows.x
[0. 0. 0. ... 0. 0. 0.],soc.religion.christian
[0. 0. 0. ... 0. 0. 0.],misc.forsale
[0. 0. 0. ... 0. 0. 0.],rec.motorcycles
[0. 0. 0. ... 0. 0. 0.],comp.sys.mac.hardware
[0. 0. 0. ... 0. 0. 0.],soc.religion.christian
[0. 0. 0. ... 0. 0. 0.],soc.religion.christian
[0. 0. 0. ... 0. 0. 0.],comp.os.ms-windows.misc
[0. 0. 0. ... 0. 0. 0.],soc.religion.christian
[0. 0. 0. ... 0. 0. 0.],sci.crypt
[0. 0. 0. ... 0. 0. 0.],rec.motorcycles
[0. 0. 0. ... 0. 0. 0.],sci.med
[0. 0. 0. ... 0. 0. 0.],comp.sys.ibm.pc.hardware
[0. 0. 0. ... 0. 0. 0.],talk.politics.guns
[0. 0. 0. ... 0. 0. 0.],sci.space
[0. 0. 0. ... 0. 0. 0.],rec.motorcycles
[0. 0. 0. ... 0. 0. 0.],sci.med
[0. 0. 0. ... 0. 0. 0.],talk.religion.misc
[0. 0. 0. ... 0. 0. 0.],misc.forsale
[0. 0. 0. ... 0. 0. 0.],sci.space
[0. 0. 0. ... 0. 0. 0.],rec.sport.baseball
[0. 0. 0. ... 0. 0. 0.],sci.med
[0. 0. 0. ... 0. 0. 0.],soc.religion.christian
[0. 0. 0. ... 0. 0. 0.],misc.forsale
[0. 0. 0. ... 0. 0. 0.],rec.sport.baseball
[0. 0. 0. ... 0. 0. 0.],rec.sport.baseball
[0. 0. 0. ... 0. 0. 0.],comp.graphics
[0. 0. 0. ... 0. 0. 0.],rec.sport.baseball
[0. 0. 0. ... 0. 0. 0.],comp.sys.mac.hardware
[0. 0. 0. ... 0. 0. 0.],talk.politics.mideast
[0. 0. 0. ... 0. 0. 0.],talk.politics.guns
[0. 0. 0. ... 0. 0. 0.],soc.religion.christian
[0.         0.01902438 0.         ... 0.         0.         0.        ],comp.windows.x
[0. 0. 0. ... 0. 0. 0.],sci.med
[0. 0. 0. ... 0. 0. 0.],comp.graphics
[0. 0. 0. ... 0. 0. 0.],comp.os.ms-windows.misc
[0. 0. 0. ... 0. 0. 0.],misc.forsale
[0. 0. 0. ... 0. 0. 0.],comp.os.ms-windows.misc
[0. 0. 0. ... 0. 0. 0.],comp.sys.mac.hardware
[0. 0. 0. ... 0. 0. 0.],sci.space
[0. 0. 0. ... 0. 0. 0.],rec.sport.hockey
[0. 0. 0. ... 0. 0. 0.],talk.politics.mideast
[0. 0. 0. ... 0. 0. 0.],rec.motorcycles
[0. 0. 0. ... 0. 0. 0.],comp.os.ms-windows.misc
[0. 0. 0. ... 0. 0. 0.],comp.windows.x
[0. 0. 0. ... 0. 0. 0.],talk.religion.misc
[0. 0. 0. ... 0. 0. 0.],sci.space
[0. 0. 0. ... 0. 0. 0.],comp.windows.x
[0. 0. 0. ... 0. 0. 0.],talk.politics.guns
[0. 0. 0. ... 0. 0. 0.],soc.religion.christian
[0. 0. 0. ... 0. 0. 0.],comp.windows.x
[0. 0. 0. ... 0. 0. 0.],comp.sys.mac.hardware
[0. 0. 0. ... 0. 0. 0.],talk.politics.misc
[0. 0. 0. ... 0. 0. 0.],rec.sport.baseball
[0. 0. 0. ... 0. 0. 0.],comp.sys.ibm.pc.hardware
[0. 0. 0. ... 0. 0. 0.],soc.religion.christian
[0. 0. 0. ... 0. 0. 0.],comp.graphics
[0.         0.14048847 0.         ... 0.         0.         0.        ],comp.sys.ibm.pc.hardware
[0. 0. 0. ... 0. 0. 0.],comp.sys.mac.hardware
[0. 0. 0. ... 0. 0. 0.],rec.motorcycles
[0. 0. 0. ... 0. 0. 0.],rec.motorcycles
[0. 0. 0. ... 0. 0. 0.],sci.space
[0. 0. 0. ... 0. 0. 0.],rec.motorcycles
[0. 0. 0. ... 0. 0. 0.],rec.sport.baseball
[0. 0. 0. ... 0. 0. 0.],rec.sport.hockey
[0. 0. 0. ... 0. 0. 0.],talk.politics.mideast
[0. 0. 0. ... 0. 0. 0.],comp.sys.ibm.pc.hardware
[0.         0.         0.         ... 0.         0.05288672 0.        ],sci.crypt
[0. 0. 0. ... 0. 0. 0.],talk.politics.mideast
[0. 0. 0. ... 0. 0. 0.],rec.autos
[0. 0. 0. ... 0. 0. 0.],rec.autos
[0. 0. 0. ... 0. 0. 0.],comp.os.ms-windows.misc
[0. 0. 0. ... 0. 0. 0.],sci.electronics
[0. 0. 0. ... 0. 0. 0.],comp.sys.ibm.pc.hardware
[0. 0. 0. ... 0. 0. 0.],talk.politics.mideast
[0. 0. 0. ... 0. 0. 0.],rec.sport.hockey
[0. 0. 0. ... 0. 0. 0.],rec.sport.hockey
[0. 0. 0. ... 0. 0. 0.],comp.sys.mac.hardware
[0. 0. 0. ... 0. 0. 0.],soc.religion.christian
[0. 0. 0. ... 0. 0. 0.],sci.electronics
[0. 0. 0. ... 0. 0. 0.],sci.space
[0. 0. 0. ... 0. 0. 0.],comp.sys.mac.hardware
[0. 0. 0. ... 0. 0. 0.],sci.crypt
