tfidf_vector,class_name
[0.         0.         0.         ... 0.05842454 0.         0.        ],sci.electronics
[0.         0.         0.         ... 0.04901357 0.         0.        ],soc.religion.christian
[0. 0. 0. ... 0. 0. 0.],alt.atheism
[0. 0. 0. ... 0. 0. 0.],sci.crypt
[0. 0. 0. ... 0. 0. 0.],talk.politics.guns
[0. 0. 0. ... 0. 0. 0.],rec.sport.hockey
[0. 0. 0. ... 0. 0. 0.],rec.motorcycles
[0.         0.         0.         ... 0.01260198 0.         0.        ],talk.politics.mideast
[0. 0. 0. ... 0. 0. 0.],comp.sys.ibm.pc.hardware
[0. 0. 0. ... 0. 0. 0.],comp.windows.x
[0.23452868 0.         0.         ... 0.         0.         0.        ],sci.med
[0.         0.         0.         ... 0.03306951 0.         0.        ],talk.politics.guns
[0. 0. 0. ... 0. 0. 0.],rec.sport.baseball
[0.         0.02725457 0.         ... 0.         0.         0.        ],alt.atheism
[0.         0.         0.         ... 0.04730458 0.         0.        ],talk.politics.mideast
[0.         0.         0.10393581 ... 0.         0.         0.        ],comp.windows.x
[0.         0.         0.         ... 0.03419303 0.         0.        ],rec.sport.hockey
[0.         0.09188293 0.         ... 0.05781876 0.         0.        ],sci.electronics
[0. 0. 0. ... 0. 0. 0.],comp.sys.ibm.pc.hardware
[0. 0. 0. ... 0. 0. 0.],comp.sys.mac.hardware
[0. 0. 0. ... 0. 0. 0.],sci.space
[0. 0. 0. ... 0. 0. 0.],comp.os.ms-windows.misc
[0.        0.        0.        ... 0.1635375 0.        0.       ],rec.sport.baseball
[0. 0. 0. ... 0. 0. 0.],comp.os.ms-windows.misc
[0.         0.         0.         ... 0.06765565 0.         0.        ],sci.med
[0. 0. 0. ... 0. 0. 0.],sci.space
[0. 0. 0. ... 0. 0. 0.],sci.space
[0. 0. 0. ... 0. 0. 0.],sci.space
[0.         0.         0.         ... 0.08801491 0.         0.        ],soc.religion.christian
[0.         0.         0.         ... 0.06442733 0.         0.        ],sci.crypt
[0. 0. 0. ... 0. 0. 0.],rec.sport.baseball
[0. 0. 0. ... 0. 0. 0.],comp.windows.x
[0. 0. 0. ... 0. 0. 0.],talk.religion.misc
[0. 0. 0. ... 0. 0. 0.],talk.politics.mideast
[0. 0. 0. ... 0. 0. 0.],talk.politics.guns
[0. 0. 0. ... 0. 0. 0.],rec.autos
[0. 0. 0. ... 0. 0. 0.],talk.politics.mideast
[0.         0.         0.         ... 0.02525397 0.         0.        ],comp.sys.ibm.pc.hardware
[0.         0.         0.         ... 0.08742806 0.         0.        ],comp.graphics
[0.         0.         0.         ... 0.01606613 0.         0.        ],sci.crypt
[0.         0.         0.         ... 0.08538104 0.         0.        ],soc.religion.christian
[0. 0. 0. ... 0. 0. 0.],talk.politics.guns
[0. 0. 0. ... 0. 0. 0.],talk.politics.mideast
[0. 0. 0. ... 0. 0. 0.],comp.os.ms-windows.misc
[0. 0. 0. ... 0. 0. 0.],comp.os.ms-windows.misc
[0.         0.         0.         ... 0.08331821 0.         0.        ],sci.space
[0. 0. 0. ... 0. 0. 0.],sci.space
[0.         0.         0.         ... 0.05418104 0.         0.        ],talk.politics.guns
[0. 0. 0. ... 0. 0. 0.],rec.motorcycles
[0. 0. 0. ... 0. 0. 0.],comp.sys.mac.hardware
[0. 0. 0. ... 0. 0. 0.],misc.forsale
[0. 0. 0. ... 0. 0. 0.],comp.sys.mac.hardware
[0. 0. 0. ... 0. 0. 0.],talk.politics.mideast
[0. 0. 0. ... 0. 0. 0.],sci.space
[0. 0. 0. ... 0. 0. 0.],sci.space
[0. 0. 0. ... 0. 0. 0.],sci.electronics
[0. 0. 0. ... 0. 0. 0.],rec.sport.hockey
[0. 0. 0. ... 0. 0. 0.],sci.med
[0. 0. 0. ... 0. 0. 0.],rec.motorcycles
[0.0312332  0.         0.12932536 ... 0.         0.         0.        ],sci.space
[0. 0. 0. ... 0. 0. 0.],sci.med
[0. 0. 0. ... 0. 0. 0.],sci.electronics
[0. 0. 0. ... 0. 0. 0.],sci.electronics
[0. 0. 0. ... 0. 0. 0.],talk.politics.mideast
[0. 0. 0. ... 0. 0. 0.],comp.os.ms-windows.misc
[0.        0.        0.        ... 0.0312699 0.        0.       ],sci.crypt
[0. 0. 0. ... 0. 0. 0.],rec.sport.baseball
[0. 0. 0. ... 0. 0. 0.],sci.crypt
[0.         0.03680568 0.         ... 0.         0.07719269 0.        ],sci.med
[0. 0. 0. ... 0. 0. 0.],sci.electronics
[0.         0.03891632 0.         ... 0.02857015 0.         0.        ],rec.autos
[0.         0.         0.         ... 0.15265413 0.         0.        ],talk.politics.mideast
[0. 0. 0. ... 0. 0. 0.],rec.motorcycles
[0.         0.10569344 0.         ... 0.05542436 0.         0.        ],rec.autos
[0. 0. 0. ... 0. 0. 0.],rec.sport.baseball
[0. 0. 0. ... 0. 0. 0.],sci.med
[0.         0.         0.         ... 0.03915787 0.         0.        ],soc.religion.christian
[0.         0.08121834 0.         ... 0.         0.         0.        ],talk.religion.misc
[0. 0. 0. ... 0. 0. 0.],sci.crypt
[0. 0. 0. ... 0. 0. 0.],sci.electronics
[0.         0.         0.         ... 0.01564532 0.         0.        ],sci.electronics
[0.         0.         0.         ... 0.06586867 0.         0.        ],talk.politics.guns
[0. 0. 0. ... 0. 0. 0.],comp.sys.mac.hardware
[0. 0. 0. ... 0. 0. 0.],talk.politics.misc
[0. 0. 0. ... 0. 0. 0.],sci.space
[0. 0. 0. ... 0. 0. 0.],soc.religion.christian
[0. 0. 0. ... 0. 0. 0.],rec.autos
[0. 0. 0. ... 0. 0. 0.],comp.sys.ibm.pc.hardware
[0.         0.         0.         ... 0.04985184 0.         0.        ],comp.graphics
[0. 0. 0. ... 0. 0. 0.],comp.sys.ibm.pc.hardware
[0.         0.         0.         ... 0.07061448 0.         0.        ],talk.religion.misc
[0.         0.         0.         ... 0.02955403 0.         0.        ],soc.religion.christian
[0. 0. 0. ... 0. 0. 0.],comp.sys.ibm.pc.hardware
[0. 0. 0. ... 0. 0. 0.],misc.forsale
[0.         0.         0.         ... 0.16477599 0.         0.        ],sci.med
[0. 0. 0. ... 0. 0. 0.],soc.religion.christian
[0. 0. 0. ... 0. 0. 0.],comp.sys.mac.hardware
[0.        0.        0.        ... 0.0604893 0.        0.       ],sci.med
[0. 0. 0. ... 0. 0. 0.],comp.windows.x
[0. 0. 0. ... 0. 0. 0.],rec.autos
[0.         0.         0.07620886 ... 0.         0.         0.        ],sci.space
[0.         0.         0.         ... 0.14409607 0.         0.        ],talk.politics.guns
[0.         0.         0.         ... 0.03819097 0.         0.        ],rec.autos
[0. 0. 0. ... 0. 0. 0.],soc.religion.christian
[0. 0. 0. ... 0. 0. 0.],comp.sys.mac.hardware
[0.         0.         0.         ... 0.02454427 0.         0.        ],talk.politics.guns
[0. 0. 0. ... 0. 0. 0.],misc.forsale
[0.         0.         0.         ... 0.         0.08048017 0.        ],rec.autos
[0. 0. 0. ... 0. 0. 0.],misc.forsale
[0.12512646 0.         0.         ... 0.         0.         0.        ],alt.atheism
[0. 0. 0. ... 0. 0. 0.],talk.politics.mideast
[0. 0. 0. ... 0. 0. 0.],comp.graphics
[0. 0. 0. ... 0. 0. 0.],soc.religion.christian
[0. 0. 0. ... 0. 0. 0.],comp.os.ms-windows.misc
[0. 0. 0. ... 0. 0. 0.],talk.politics.misc
[0.         0.         0.         ... 0.04226127 0.         0.        ],sci.crypt
[0. 0. 0. ... 0. 0. 0.],sci.electronics
[0. 0. 0. ... 0. 0. 0.],comp.os.ms-windows.misc
[0. 0. 0. ... 0. 0. 0.],misc.forsale
[0. 0. 0. ... 0. 0. 0.],sci.electronics
[0. 0. 0. ... 0. 0. 0.],talk.religion.misc
[0. 0. 0. ... 0. 0. 0.],misc.forsale
[0. 0. 0. ... 0. 0. 0.],talk.politics.mideast
[0. 0. 0. ... 0. 0. 0.],comp.sys.mac.hardware
[0.         0.         0.         ... 0.28781558 0.0959272  0.        ],talk.politics.mideast
[0. 0. 0. ... 0. 0. 0.],talk.politics.misc
[0. 0. 0. ... 0. 0. 0.],comp.sys.mac.hardware
[0. 0. 0. ... 0. 0. 0.],sci.crypt
[0. 0. 0. ... 0. 0. 0.],comp.sys.mac.hardware
[0.         0.         0.         ... 0.02796096 0.         0.        ],soc.religion.christian
[0. 0. 0. ... 0. 0. 0.],sci.electronics
[0. 0. 0. ... 0. 0. 0.],talk.politics.guns
[0. 0. 0. ... 0. 0. 0.],comp.sys.ibm.pc.hardware
[0.         0.02833604 0.         ... 0.         0.         0.        ],talk.politics.mideast
[0. 0. 0. ... 0. 0. 0.],sci.space
[0. 0. 0. ... 0. 0. 0.],talk.politics.guns
[0.         0.         0.         ... 0.02673055 0.         0.        ],comp.graphics
[0. 0. 0. ... 0. 0. 0.],comp.sys.ibm.pc.hardware
[0. 0. 0. ... 0. 0. 0.],sci.space
[0.         0.         0.         ... 0.11801904 0.         0.        ],talk.politics.mideast
[0.09357892 0.         0.         ... 0.15066098 0.         0.        ],talk.religion.misc
[0.         0.28219504 0.         ... 0.         0.         0.        ],misc.forsale
[0. 0. 0. ... 0. 0. 0.],sci.crypt
[0.09318845 0.         0.         ... 0.         0.         0.        ],rec.motorcycles
[0. 0. 0. ... 0. 0. 0.],sci.med
[0.         0.         0.         ... 0.05158664 0.         0.        ],soc.religion.christian
[0. 0. 0. ... 0. 0. 0.],comp.graphics
[0.         0.         0.         ... 0.08491052 0.         0.        ],rec.sport.hockey
[0. 0. 0. ... 0. 0. 0.],soc.religion.christian
[0. 0. 0. ... 0. 0. 0.],comp.os.ms-windows.misc
[0. 0. 0. ... 0. 0. 0.],sci.crypt
[0. 0. 0. ... 0. 0. 0.],sci.med
[0.         0.         0.         ... 0.06200662 0.         0.        ],sci.electronics
[0.         0.         0.02195639 ... 0.         0.         0.        ],talk.politics.misc
[0.         0.         0.         ... 0.04018234 0.         0.        ],talk.politics.misc
[0. 0. 0. ... 0. 0. 0.],talk.politics.misc
[0.         0.         0.         ... 0.02900238 0.         0.        ],rec.sport.hockey
[0.        0.        0.        ... 0.0491481 0.        0.       ],alt.atheism
[0.         0.         0.         ... 0.03546394 0.         0.        ],sci.electronics
[0.         0.         0.         ... 0.05420236 0.         0.        ],alt.atheism
[0. 0. 0. ... 0. 0. 0.],sci.electronics
[0.         0.15198675 0.         ... 0.         0.0796906  0.        ],rec.sport.baseball
[0. 0. 0. ... 0. 0. 0.],alt.atheism
[0.        0.        0.0566247 ... 0.        0.        0.       ],sci.crypt
[0. 0. 0. ... 0. 0. 0.],rec.sport.hockey
[0. 0. 0. ... 0. 0. 0.],sci.space
[0. 0. 0. ... 0. 0. 0.],talk.religion.misc
[0. 0. 0. ... 0. 0. 0.],sci.electronics
[0. 0. 0. ... 0. 0. 0.],sci.electronics
[0. 0. 0. ... 0. 0. 0.],soc.religion.christian
[0.         0.         0.         ... 0.05761488 0.         0.        ],rec.sport.hockey
[0. 0. 0. ... 0. 0. 0.],rec.motorcycles
[0.         0.         0.         ... 0.11765142 0.         0.        ],talk.politics.misc
[0. 0. 0. ... 0. 0. 0.],comp.windows.x
[0. 0. 0. ... 0. 0. 0.],talk.politics.guns
[0. 0. 0. ... 0. 0. 0.],alt.atheism
[0.         0.         0.         ... 0.11955348 0.         0.        ],sci.electronics
[0.         0.         0.         ... 0.04119128 0.08237283 0.        ],talk.politics.misc
[0.08141564 0.         0.         ... 0.         0.         0.        ],soc.religion.christian
[0. 0. 0. ... 0. 0. 0.],misc.forsale
[0. 0. 0. ... 0. 0. 0.],talk.politics.guns
[0. 0. 0. ... 0. 0. 0.],sci.med
[0. 0. 0. ... 0. 0. 0.],talk.religion.misc
[0. 0. 0. ... 0. 0. 0.],talk.politics.guns
[0.         0.         0.         ... 0.07215852 0.         0.        ],comp.os.ms-windows.misc
[0. 0. 0. ... 0. 0. 0.],sci.med
[0.        0.        0.        ... 0.1891772 0.        0.       ],sci.med
[0.         0.         0.         ... 0.03930755 0.         0.        ],comp.windows.x
[0.         0.         0.         ... 0.08662104 0.08661081 0.        ],soc.religion.christian
[0. 0. 0. ... 0. 0. 0.],sci.electronics
[0.       0.       0.       ... 0.       0.       0.114837],soc.religion.christian
[0. 0. 0. ... 0. 0. 0.],comp.sys.ibm.pc.hardware
[0. 0. 0. ... 0. 0. 0.],comp.graphics
[0. 0. 0. ... 0. 0. 0.],talk.politics.guns
[0. 0. 0. ... 0. 0. 0.],rec.motorcycles
[0. 0. 0. ... 0. 0. 0.],comp.windows.x
[0.         0.         0.         ... 0.01978134 0.         0.        ],rec.sport.baseball
[0. 0. 0. ... 0. 0. 0.],rec.motorcycles
[0. 0. 0. ... 0. 0. 0.],misc.forsale
[0. 0. 0. ... 0. 0. 0.],comp.graphics
[0. 0. 0. ... 0. 0. 0.],comp.sys.ibm.pc.hardware
[0.         0.         0.         ... 0.06491375 0.         0.        ],soc.religion.christian
[0. 0. 0. ... 0. 0. 0.],sci.med
[0.         0.         0.         ... 0.05108028 0.02553713 0.        ],sci.med
[0. 0. 0. ... 0. 0. 0.],sci.med
[0. 0. 0. ... 0. 0. 0.],talk.politics.misc
[0.         0.         0.         ... 0.06033347 0.         0.        ],rec.sport.hockey
[0. 0. 0. ... 0. 0. 0.],comp.os.ms-windows.misc
[0.         0.         0.         ... 0.01608682 0.         0.        ],alt.atheism
[0.         0.         0.         ... 0.04085429 0.         0.        ],sci.space
[0.         0.         0.         ... 0.04746532 0.         0.        ],comp.sys.ibm.pc.hardware
[0. 0. 0. ... 0. 0. 0.],comp.sys.mac.hardware
[0. 0. 0. ... 0. 0. 0.],alt.atheism
[0.         0.         0.         ... 0.04297231 0.         0.        ],talk.politics.guns
[0. 0. 0. ... 0. 0. 0.],talk.politics.mideast
[0.         0.         0.         ... 0.02973555 0.         0.        ],sci.space
[0. 0. 0. ... 0. 0. 0.],sci.crypt
[0. 0. 0. ... 0. 0. 0.],rec.autos
[0.         0.         0.         ... 0.14390156 0.         0.        ],comp.sys.mac.hardware
[0.         0.         0.         ... 0.04988109 0.         0.        ],misc.forsale
[0. 0. 0. ... 0. 0. 0.],rec.sport.hockey
[0.         0.         0.04466957 ... 0.06079045 0.         0.        ],alt.atheism
[0. 0. 0. ... 0. 0. 0.],comp.os.ms-windows.misc
[0. 0. 0. ... 0. 0. 0.],rec.sport.hockey
[0. 0. 0. ... 0. 0. 0.],talk.politics.guns
[0.         0.         0.         ... 0.06597316 0.         0.        ],sci.med
[0. 0. 0. ... 0. 0. 0.],rec.sport.baseball
[0.         0.         0.         ... 0.09529797 0.         0.        ],rec.sport.hockey
[0.         0.21640649 0.         ... 0.         0.         0.        ],misc.forsale
[0. 0. 0. ... 0. 0. 0.],rec.autos
[0. 0. 0. ... 0. 0. 0.],sci.crypt
[0.         0.         0.         ... 0.07569338 0.         0.        ],sci.med
[0.         0.         0.         ... 0.07196755 0.         0.        ],comp.sys.mac.hardware
[0. 0. 0. ... 0. 0. 0.],comp.graphics
[0. 0. 0. ... 0. 0. 0.],rec.motorcycles
[0. 0. 0. ... 0. 0. 0.],talk.politics.mideast
[0. 0. 0. ... 0. 0. 0.],comp.sys.mac.hardware
[0. 0. 0. ... 0. 0. 0.],rec.sport.hockey
[0. 0. 0. ... 0. 0. 0.],alt.atheism
[0. 0. 0. ... 0. 0. 0.],misc.forsale
[0. 0. 0. ... 0. 0. 0.],talk.politics.mideast
[0.         0.         0.13039009 ... 0.         0.         0.        ],talk.politics.guns
[0. 0. 0. ... 0. 0. 0.],comp.os.ms-windows.misc
[0. 0. 0. ... 0. 0. 0.],sci.crypt
[0. 0. 0. ... 0. 0. 0.],comp.sys.ibm.pc.hardware
[0. 0. 0. ... 0. 0. 0.],comp.sys.ibm.pc.hardware
[0.         0.         0.         ... 0.10690446 0.         0.        ],rec.autos
[0. 0. 0. ... 0. 0. 0.],rec.sport.baseball
[0.         0.         0.         ... 0.01693195 0.         0.        ],comp.graphics
[0. 0. 0. ... 0. 0. 0.],talk.politics.mideast
[0. 0. 0. ... 0. 0. 0.],comp.windows.x
[0.         0.         0.         ... 0.03323113 0.         0.        ],rec.autos
[0. 0. 0. ... 0. 0. 0.],talk.politics.guns
[0.         0.05326367 0.         ... 0.         0.         0.        ],comp.sys.ibm.pc.hardware
[0.         0.         0.         ... 0.06616425 0.         0.        ],rec.sport.hockey
[0.         0.         0.         ... 0.03333166 0.         0.        ],rec.autos
[0. 0. 0. ... 0. 0. 0.],comp.sys.mac.hardware
[0. 0. 0. ... 0. 0. 0.],comp.graphics
[0. 0. 0. ... 0. 0. 0.],talk.politics.mideast
[0.         0.         0.         ... 0.02497172 0.         0.        ],comp.sys.mac.hardware
[0.         0.         0.         ... 0.04847615 0.         0.        ],talk.politics.misc
[0. 0. 0. ... 0. 0. 0.],sci.space
[0. 0. 0. ... 0. 0. 0.],rec.sport.baseball
[0. 0. 0. ... 0. 0. 0.],soc.religion.christian
[0. 0. 0. ... 0. 0. 0.],sci.med
[0. 0. 0. ... 0. 0. 0.],misc.forsale
[0. 0. 0. ... 0. 0. 0.],sci.med
[0.         0.23630769 0.         ... 0.         0.         0.        ],rec.motorcycles
[0. 0. 0. ... 0. 0. 0.],rec.autos
[0. 0. 0. ... 0. 0. 0.],rec.motorcycles
[0. 0. 0. ... 0. 0. 0.],rec.autos
[0. 0. 0. ... 0. 0. 0.],comp.os.ms-windows.misc
[0. 0. 0. ... 0. 0. 0.],comp.windows.x
[0. 0. 0. ... 0. 0. 0.],talk.politics.mideast
[0.         0.         0.         ... 0.07701907 0.         0.        ],sci.med
[0. 0. 0. ... 0. 0. 0.],rec.motorcycles
[0. 0. 0. ... 0. 0. 0.],soc.religion.christian
[0. 0. 0. ... 0. 0. 0.],comp.os.ms-windows.misc
[0.         0.         0.         ... 0.05814783 0.         0.        ],rec.autos
[0. 0. 0. ... 0. 0. 0.],talk.politics.mideast
[0. 0. 0. ... 0. 0. 0.],rec.autos
[0. 0. 0. ... 0. 0. 0.],comp.sys.mac.hardware
[0. 0. 0. ... 0. 0. 0.],sci.crypt
[0. 0. 0. ... 0. 0. 0.],comp.graphics
[0.         0.         0.         ... 0.07191103 0.         0.        ],rec.motorcycles
[0. 0. 0. ... 0. 0. 0.],rec.motorcycles
[0. 0. 0. ... 0. 0. 0.],sci.space
[0. 0. 0. ... 0. 0. 0.],rec.sport.baseball
[0.06130647 0.         0.         ... 0.0329009  0.         0.        ],talk.politics.guns
[0. 0. 0. ... 0. 0. 0.],rec.motorcycles
[0. 0. 0. ... 0. 0. 0.],sci.crypt
[0.         0.         0.         ... 0.09642479 0.         0.        ],rec.motorcycles
[0. 0. 0. ... 0. 0. 0.],soc.religion.christian
[0. 0. 0. ... 0. 0. 0.],comp.windows.x
[0. 0. 0. ... 0. 0. 0.],sci.med
[0.         0.         0.         ... 0.05401354 0.         0.        ],comp.sys.ibm.pc.hardware
[0. 0. 0. ... 0. 0. 0.],sci.space
[0. 0. 0. ... 0. 0. 0.],sci.crypt
[0. 0. 0. ... 0. 0. 0.],sci.electronics
[0.         0.04357824 0.         ... 0.0228519  0.         0.        ],comp.sys.mac.hardware
[0. 0. 0. ... 0. 0. 0.],rec.autos
[0.         0.         0.         ... 0.         0.08665061 0.        ],comp.os.ms-windows.misc
[0. 0. 0. ... 0. 0. 0.],comp.sys.mac.hardware
[0.02116639 0.         0.         ... 0.         0.         0.        ],misc.forsale
[0. 0. 0. ... 0. 0. 0.],comp.sys.mac.hardware
[0. 0. 0. ... 0. 0. 0.],sci.med
[0. 0. 0. ... 0. 0. 0.],talk.politics.guns
[0. 0. 0. ... 0. 0. 0.],misc.forsale
[0. 0. 0. ... 0. 0. 0.],soc.religion.christian
[0. 0. 0. ... 0. 0. 0.],sci.crypt
[0.         0.         0.         ... 0.25462926 0.1697328  0.        ],rec.sport.baseball
[0. 0. 0. ... 0. 0. 0.],sci.electronics
[0. 0. 0. ... 0. 0. 0.],comp.graphics
[0. 0. 0. ... 0. 0. 0.],alt.atheism
[0.         0.         0.         ... 0.04013189 0.         0.        ],alt.atheism
[0. 0. 0. ... 0. 0. 0.],talk.religion.misc
[0. 0. 0. ... 0. 0. 0.],comp.os.ms-windows.misc
[0. 0. 0. ... 0. 0. 0.],comp.windows.x
[0. 0. 0. ... 0. 0. 0.],talk.politics.guns
[0.         0.         0.         ... 0.04351238 0.         0.        ],rec.sport.hockey
[0. 0. 0. ... 0. 0. 0.],rec.motorcycles
[0. 0. 0. ... 0. 0. 0.],sci.med
[0. 0. 0. ... 0. 0. 0.],rec.autos
[0. 0. 0. ... 0. 0. 0.],soc.religion.christian
[0. 0. 0. ... 0. 0. 0.],rec.motorcycles
[0. 0. 0. ... 0. 0. 0.],talk.politics.mideast
[0. 0. 0. ... 0. 0. 0.],sci.med
[0.         0.08726288 0.         ... 0.         0.         0.        ],sci.crypt
[0.         0.         0.         ... 0.06823285 0.         0.        ],comp.windows.x
[0. 0. 0. ... 0. 0. 0.],comp.sys.mac.hardware
[0.         0.         0.         ... 0.04666176 0.         0.        ],rec.sport.hockey
[0. 0. 0. ... 0. 0. 0.],comp.sys.mac.hardware
[0. 0. 0. ... 0. 0. 0.],comp.sys.mac.hardware
[0. 0. 0. ... 0. 0. 0.],talk.politics.guns
[0.         0.         0.         ... 0.04470757 0.         0.        ],comp.windows.x
[0. 0. 0. ... 0. 0. 0.],talk.politics.mideast
[0. 0. 0. ... 0. 0. 0.],talk.politics.misc
[0. 0. 0. ... 0. 0. 0.],comp.windows.x
[0. 0. 0. ... 0. 0. 0.],sci.electronics
[0. 0. 0. ... 0. 0. 0.],rec.sport.baseball
[0. 0. 0. ... 0. 0. 0.],comp.sys.mac.hardware
[0.         0.         0.         ... 0.15776005 0.         0.        ],comp.sys.ibm.pc.hardware
[0.         0.         0.         ... 0.06484016 0.         0.        ],comp.graphics
[0. 0. 0. ... 0. 0. 0.],talk.politics.mideast
[0.         0.         0.         ... 0.11417992 0.         0.        ],soc.religion.christian
[0.         0.09285499 0.         ... 0.         0.         0.        ],rec.autos
[0.         0.         0.         ... 0.18761923 0.         0.        ],rec.motorcycles
[0. 0. 0. ... 0. 0. 0.],rec.autos
[0. 0. 0. ... 0. 0. 0.],comp.sys.mac.hardware
[0. 0. 0. ... 0. 0. 0.],rec.motorcycles
[0. 0. 0. ... 0. 0. 0.],comp.graphics
[0. 0. 0. ... 0. 0. 0.],misc.forsale
[0. 0. 0. ... 0. 0. 0.],sci.med
[0. 0. 0. ... 0. 0. 0.],rec.sport.hockey
[0.         0.         0.         ... 0.09220726 0.         0.        ],rec.sport.baseball
[0. 0. 0. ... 0. 0. 0.],sci.electronics
[0. 0. 0. ... 0. 0. 0.],alt.atheism
[0. 0. 0. ... 0. 0. 0.],talk.politics.mideast
[0.         0.         0.         ... 0.         0.06434697 0.        ],rec.sport.hockey
[0. 0. 0. ... 0. 0. 0.],sci.crypt
[0. 0. 0. ... 0. 0. 0.],comp.graphics
[0.         0.         0.         ... 0.02620422 0.         0.        ],misc.forsale
[0.         0.10519201 0.         ... 0.         0.         0.        ],sci.med
[0. 0. 0. ... 0. 0. 0.],comp.sys.ibm.pc.hardware
[0. 0. 0. ... 0. 0. 0.],rec.sport.baseball
[0. 0. 0. ... 0. 0. 0.],sci.space
[0.         0.         0.         ... 0.00489961 0.         0.        ],sci.crypt
[0. 0. 0. ... 0. 0. 0.],sci.med
[0. 0. 0. ... 0. 0. 0.],rec.autos
[0. 0. 0. ... 0. 0. 0.],rec.sport.hockey
[0. 0. 0. ... 0. 0. 0.],comp.graphics
[0. 0. 0. ... 0. 0. 0.],soc.religion.christian
[0.83370922 0.         0.         ... 0.         0.         0.        ],sci.electronics
[0. 0. 0. ... 0. 0. 0.],sci.electronics
[0. 0. 0. ... 0. 0. 0.],sci.space
[0. 0. 0. ... 0. 0. 0.],comp.os.ms-windows.misc
[0. 0. 0. ... 0. 0. 0.],sci.electronics
[0. 0. 0. ... 0. 0. 0.],talk.politics.guns
[0.         0.         0.         ... 0.05651627 0.         0.        ],sci.crypt
[0. 0. 0. ... 0. 0. 0.],talk.politics.mideast
[0. 0. 0. ... 0. 0. 0.],talk.religion.misc
[0.         0.         0.         ... 0.13173267 0.         0.        ],comp.os.ms-windows.misc
[0.         0.         0.         ... 0.         0.06581924 0.        ],sci.space
[0. 0. 0. ... 0. 0. 0.],talk.politics.guns
[0.        0.        0.1001207 ... 0.        0.        0.       ],talk.politics.guns
[0.         0.         0.         ... 0.02524194 0.         0.        ],rec.motorcycles
[0.        0.0812683 0.        ... 0.        0.        0.       ],misc.forsale
[0.         0.         0.         ... 0.03097599 0.         0.        ],misc.forsale
[0. 0. 0. ... 0. 0. 0.],sci.electronics
[0. 0. 0. ... 0. 0. 0.],rec.sport.hockey
[0.         0.         0.08653643 ... 0.         0.         0.        ],alt.atheism
[0. 0. 0. ... 0. 0. 0.],rec.motorcycles
[0.         0.         0.         ... 0.08444594 0.         0.        ],talk.religion.misc
[0. 0. 0. ... 0. 0. 0.],sci.crypt
[0.         0.         0.         ... 0.05123918 0.10246626 0.        ],talk.religion.misc
[0. 0. 0. ... 0. 0. 0.],rec.autos
[0. 0. 0. ... 0. 0. 0.],comp.os.ms-windows.misc
[0. 0. 0. ... 0. 0. 0.],talk.religion.misc
[0.         0.         0.         ... 0.03712028 0.         0.        ],talk.religion.misc
[0. 0. 0. ... 0. 0. 0.],comp.os.ms-windows.misc
[0. 0. 0. ... 0. 0. 0.],comp.sys.ibm.pc.hardware
[0. 0. 0. ... 0. 0. 0.],comp.sys.ibm.pc.hardware
[0. 0. 0. ... 0. 0. 0.],rec.sport.baseball
[0. 0. 0. ... 0. 0. 0.],rec.autos
[0. 0. 0. ... 0. 0. 0.],rec.sport.hockey
[0. 0. 0. ... 0. 0. 0.],rec.autos
[0. 0. 0. ... 0. 0. 0.],rec.motorcycles
[0. 0. 0. ... 0. 0. 0.],rec.sport.hockey
[0. 0. 0. ... 0. 0. 0.],rec.motorcycles
[0. 0. 0. ... 0. 0. 0.],talk.religion.misc
[0. 0. 0. ... 0. 0. 0.],soc.religion.christian
[0. 0. 0. ... 0. 0. 0.],sci.electronics
[0.         0.         0.         ... 0.05010033 0.         0.        ],misc.forsale
[0. 0. 0. ... 0. 0. 0.],sci.space
[0. 0. 0. ... 0. 0. 0.],sci.electronics
[0. 0. 0. ... 0. 0. 0.],rec.sport.hockey
[0. 0. 0. ... 0. 0. 0.],comp.graphics
[0. 0. 0. ... 0. 0. 0.],rec.autos
[0. 0. 0. ... 0. 0. 0.],rec.sport.hockey
[0. 0. 0. ... 0. 0. 0.],comp.sys.mac.hardware
[0. 0. 0. ... 0. 0. 0.],rec.sport.hockey
[0.         0.         0.08167571 ... 0.0370506  0.         0.        ],misc.forsale
[0.         0.         0.05761366 ... 0.         0.         0.        ],misc.forsale
[0.         0.         0.         ... 0.04027712 0.         0.        ],talk.politics.guns
[0. 0. 0. ... 0. 0. 0.],misc.forsale
[0. 0. 0. ... 0. 0. 0.],talk.politics.mideast
[0. 0. 0. ... 0. 0. 0.],sci.space
[0. 0. 0. ... 0. 0. 0.],sci.crypt
[0. 0. 0. ... 0. 0. 0.],talk.politics.misc
[0. 0. 0. ... 0. 0. 0.],talk.politics.misc
[0. 0. 0. ... 0. 0. 0.],comp.windows.x
[0. 0. 0. ... 0. 0. 0.],soc.religion.christian
[0. 0. 0. ... 0. 0. 0.],alt.atheism
[0. 0. 0. ... 0. 0. 0.],rec.sport.hockey
[0. 0. 0. ... 0. 0. 0.],rec.motorcycles
[0. 0. 0. ... 0. 0. 0.],rec.sport.hockey
[0. 0. 0. ... 0. 0. 0.],comp.os.ms-windows.misc
[0. 0. 0. ... 0. 0. 0.],rec.sport.hockey
[0.         0.         0.         ... 0.16876307 0.         0.        ],sci.electronics
[0. 0. 0. ... 0. 0. 0.],comp.sys.mac.hardware
[0. 0. 0. ... 0. 0. 0.],talk.politics.mideast
[0.         0.         0.         ... 0.02357302 0.         0.        ],comp.sys.mac.hardware
[0. 0. 0. ... 0. 0. 0.],sci.crypt
[0.         0.         0.         ... 0.02620303 0.         0.        ],rec.sport.hockey
[0.08836066 0.         0.         ... 0.         0.         0.        ],alt.atheism
[0. 0. 0. ... 0. 0. 0.],rec.sport.hockey
[0.        0.        0.        ... 0.0579512 0.        0.       ],talk.religion.misc
[0.         0.         0.         ... 0.05258536 0.         0.        ],alt.atheism
[0. 0. 0. ... 0. 0. 0.],sci.space
[0. 0. 0. ... 0. 0. 0.],rec.autos
[0.         0.         0.         ... 0.03397185 0.         0.        ],sci.space
[0. 0. 0. ... 0. 0. 0.],misc.forsale
[0. 0. 0. ... 0. 0. 0.],sci.electronics
[0. 0. 0. ... 0. 0. 0.],comp.sys.ibm.pc.hardware
[0. 0. 0. ... 0. 0. 0.],misc.forsale
[0. 0. 0. ... 0. 0. 0.],soc.religion.christian
[0. 0. 0. ... 0. 0. 0.],comp.windows.x
[0. 0. 0. ... 0. 0. 0.],sci.space
[0.02572035 0.         0.         ... 0.         0.         0.        ],misc.forsale
[0. 0. 0. ... 0. 0. 0.],comp.sys.mac.hardware
[0. 0. 0. ... 0. 0. 0.],soc.religion.christian
[0. 0. 0. ... 0. 0. 0.],comp.windows.x
[0. 0. 0. ... 0. 0. 0.],misc.forsale
[0. 0. 0. ... 0. 0. 0.],comp.sys.ibm.pc.hardware
[0. 0. 0. ... 0. 0. 0.],comp.windows.x
[0. 0. 0. ... 0. 0. 0.],rec.sport.baseball
[0.         0.         0.         ... 0.03565028 0.         0.        ],talk.politics.mideast
[0.         0.         0.         ... 0.01463307 0.         0.        ],rec.autos
[0.         0.         0.         ... 0.13630548 0.         0.        ],talk.politics.guns
[0. 0. 0. ... 0. 0. 0.],rec.autos
[0. 0. 0. ... 0. 0. 0.],rec.autos
[0.         0.         0.         ... 0.01648322 0.         0.        ],rec.autos
[0.26984789 0.         0.         ... 0.         0.         0.        ],soc.religion.christian
[0. 0. 0. ... 0. 0. 0.],comp.windows.x
[0. 0. 0. ... 0. 0. 0.],comp.sys.mac.hardware
[0. 0. 0. ... 0. 0. 0.],talk.religion.misc
[0. 0. 0. ... 0. 0. 0.],talk.politics.guns
[0. 0. 0. ... 0. 0. 0.],comp.sys.ibm.pc.hardware
[0. 0. 0. ... 0. 0. 0.],rec.autos
[0. 0. 0. ... 0. 0. 0.],soc.religion.christian
[0. 0. 0. ... 0. 0. 0.],comp.sys.ibm.pc.hardware
[0. 0. 0. ... 0. 0. 0.],talk.politics.mideast
[0. 0. 0. ... 0. 0. 0.],comp.sys.mac.hardware
[0.         0.         0.         ... 0.08750243 0.         0.        ],rec.sport.hockey
[0. 0. 0. ... 0. 0. 0.],talk.politics.mideast
[0. 0. 0. ... 0. 0. 0.],soc.religion.christian
[0.11004087 0.         0.         ... 0.05905485 0.         0.        ],comp.sys.mac.hardware
[0.         0.         0.         ... 0.04122804 0.         0.        ],alt.atheism
[0. 0. 0. ... 0. 0. 0.],rec.motorcycles
[0. 0. 0. ... 0. 0. 0.],rec.sport.hockey
[0.       0.090608 0.       ... 0.       0.       0.      ],rec.autos
[0.         0.         0.         ... 0.00908771 0.         0.        ],rec.sport.hockey
[0. 0. 0. ... 0. 0. 0.],soc.religion.christian
[0. 0. 0. ... 0. 0. 0.],sci.electronics
[0.         0.         0.         ... 0.01887437 0.03774429 0.        ],rec.autos
[0.         0.         0.         ... 0.04624229 0.         0.        ],talk.politics.misc
[0.         0.         0.         ... 0.05480869 0.         0.        ],misc.forsale
[0. 0. 0. ... 0. 0. 0.],rec.autos
[0.04942443 0.         0.07796138 ... 0.         0.         0.        ],rec.autos
[0.11649768 0.         0.         ... 0.         0.         0.        ],rec.sport.hockey
[0. 0. 0. ... 0. 0. 0.],talk.politics.mideast
[0. 0. 0. ... 0. 0. 0.],rec.sport.baseball
[0.0499573 0.        0.        ... 0.        0.        0.       ],sci.crypt
[0.         0.02619244 0.         ... 0.         0.         0.        ],rec.autos
[0. 0. 0. ... 0. 0. 0.],sci.electronics
[0.         0.         0.         ... 0.06847001 0.         0.        ],sci.med
[0. 0. 0. ... 0. 0. 0.],comp.graphics
[0.         0.         0.         ... 0.12012319 0.         0.        ],comp.os.ms-windows.misc
[0.         0.         0.         ... 0.06458129 0.         0.        ],sci.crypt
[0.         0.         0.         ... 0.04695058 0.         0.        ],comp.os.ms-windows.misc
[0. 0. 0. ... 0. 0. 0.],sci.crypt
[0. 0. 0. ... 0. 0. 0.],sci.electronics
[0.         0.         0.         ... 0.06283824 0.         0.        ],comp.sys.ibm.pc.hardware
[0. 0. 0. ... 0. 0. 0.],comp.graphics
[0.01114452 0.01140539 0.         ... 0.01794255 0.         0.        ],alt.atheism
[0. 0. 0. ... 0. 0. 0.],talk.politics.mideast
[0.         0.         0.03950613 ... 0.01792119 0.         0.        ],rec.sport.hockey
[0.         0.         0.         ... 0.08044001 0.         0.        ],sci.crypt
[0. 0. 0. ... 0. 0. 0.],talk.politics.guns
[0. 0. 0. ... 0. 0. 0.],talk.politics.guns
[0. 0. 0. ... 0. 0. 0.],sci.space
[0.         0.         0.05844011 ... 0.         0.         0.        ],alt.atheism
[0.         0.         0.         ... 0.08961613 0.         0.        ],sci.electronics
[0.         0.         0.         ... 0.06460362 0.         0.        ],rec.sport.baseball
[0. 0. 0. ... 0. 0. 0.],comp.sys.mac.hardware
[0.         0.         0.         ... 0.20381615 0.         0.        ],sci.med
[0. 0. 0. ... 0. 0. 0.],soc.religion.christian
[0.         0.         0.05687649 ... 0.         0.         0.        ],sci.crypt
[0. 0. 0. ... 0. 0. 0.],misc.forsale
[0. 0. 0. ... 0. 0. 0.],comp.windows.x
[0. 0. 0. ... 0. 0. 0.],talk.politics.mideast
[0.05425875 0.         0.06419023 ... 0.         0.         0.        ],talk.politics.guns
[0.         0.         0.         ... 0.05152578 0.         0.        ],sci.space
[0. 0. 0. ... 0. 0. 0.],talk.politics.mideast
[0.         0.         0.         ... 0.04172431 0.         0.        ],comp.sys.mac.hardware
[0. 0. 0. ... 0. 0. 0.],alt.atheism
[0.         0.         0.         ... 0.08858155 0.         0.        ],comp.sys.ibm.pc.hardware
[0.         0.         0.         ... 0.10562605 0.         0.        ],comp.graphics
[0. 0. 0. ... 0. 0. 0.],talk.politics.misc
[0. 0. 0. ... 0. 0. 0.],comp.windows.x
[0. 0. 0. ... 0. 0. 0.],sci.med
[0. 0. 0. ... 0. 0. 0.],rec.sport.hockey
[0.         0.         0.         ... 0.04501836 0.         0.        ],rec.sport.hockey
[0. 0. 0. ... 0. 0. 0.],rec.sport.hockey
[0. 0. 0. ... 0. 0. 0.],rec.sport.hockey
[0.         0.         0.03108364 ... 0.03525122 0.         0.        ],rec.sport.baseball
[0. 0. 0. ... 0. 0. 0.],sci.space
[0. 0. 0. ... 0. 0. 0.],comp.windows.x
[0.42112443 0.         0.         ... 0.         0.         0.        ],rec.sport.baseball
[0. 0. 0. ... 0. 0. 0.],comp.os.ms-windows.misc
[0.         0.         0.         ... 0.04951206 0.         0.        ],alt.atheism
[0. 0. 0. ... 0. 0. 0.],comp.graphics
[0. 0. 0. ... 0. 0. 0.],talk.politics.mideast
[0. 0. 0. ... 0. 0. 0.],sci.electronics
[0.         0.         0.         ... 0.11394413 0.         0.        ],sci.space
[0. 0. 0. ... 0. 0. 0.],rec.autos
[0. 0. 0. ... 0. 0. 0.],comp.os.ms-windows.misc
[0. 0. 0. ... 0. 0. 0.],rec.sport.baseball
[0.         0.         0.         ... 0.05575948 0.         0.        ],talk.politics.misc
[0.         0.         0.         ... 0.04240766 0.         0.        ],misc.forsale
[0.         0.         0.         ... 0.03761627 0.         0.        ],sci.electronics
[0. 0. 0. ... 0. 0. 0.],rec.motorcycles
[0. 0. 0. ... 0. 0. 0.],talk.politics.misc
[0.         0.         0.         ... 0.04406739 0.         0.        ],rec.motorcycles
[0. 0. 0. ... 0. 0. 0.],sci.electronics
[0. 0. 0. ... 0. 0. 0.],talk.religion.misc
[0.02803988 0.         0.03317228 ... 0.         0.         0.        ],soc.religion.christian
[0. 0. 0. ... 0. 0. 0.],comp.windows.x
[0. 0. 0. ... 0. 0. 0.],talk.religion.misc
[0. 0. 0. ... 0. 0. 0.],alt.atheism
[0. 0. 0. ... 0. 0. 0.],rec.autos
[0.         0.         0.         ... 0.         0.01564019 0.        ],sci.electronics
[0.02933857 0.         0.         ... 0.01574492 0.         0.        ],comp.sys.ibm.pc.hardware
[0.         0.         0.         ... 0.10871979 0.         0.        ],talk.politics.mideast
[0.         0.         0.         ... 0.08100475 0.         0.        ],talk.politics.guns
[0.         0.         0.         ... 0.04343216 0.         0.        ],talk.politics.guns
[0. 0. 0. ... 0. 0. 0.],rec.autos
[0.         0.         0.         ... 0.03798941 0.         0.        ],rec.sport.hockey
[0. 0. 0. ... 0. 0. 0.],talk.politics.mideast
[0. 0. 0. ... 0. 0. 0.],rec.sport.baseball
[0.         0.         0.         ... 0.03570696 0.         0.        ],comp.os.ms-windows.misc
[0. 0. 0. ... 0. 0. 0.],rec.sport.hockey
[0. 0. 0. ... 0. 0. 0.],misc.forsale
[0.01971297 0.         0.         ... 0.         0.         0.        ],rec.sport.baseball
[0. 0. 0. ... 0. 0. 0.],rec.autos
[0.         0.14529608 0.         ... 0.03809575 0.         0.        ],comp.graphics
[0. 0. 0. ... 0. 0. 0.],rec.motorcycles
[0.         0.         0.         ... 0.02307094 0.         0.        ],rec.autos
[0. 0. 0. ... 0. 0. 0.],sci.med
[0. 0. 0. ... 0. 0. 0.],sci.med
[0.         0.         0.         ... 0.04933159 0.         0.        ],sci.med
[0. 0. 0. ... 0. 0. 0.],rec.motorcycles
[0. 0. 0. ... 0. 0. 0.],talk.politics.mideast
[0. 0. 0. ... 0. 0. 0.],comp.sys.mac.hardware
[0. 0. 0. ... 0. 0. 0.],rec.autos
[0. 0. 0. ... 0. 0. 0.],sci.electronics
[0. 0. 0. ... 0. 0. 0.],rec.autos
[0.         0.         0.         ... 0.04845058 0.         0.        ],comp.windows.x
[0. 0. 0. ... 0. 0. 0.],rec.sport.hockey
[0.         0.         0.         ... 0.05317312 0.         0.        ],misc.forsale
[0. 0. 0. ... 0. 0. 0.],comp.os.ms-windows.misc
[0. 0. 0. ... 0. 0. 0.],rec.autos
[0. 0. 0. ... 0. 0. 0.],talk.religion.misc
[0. 0. 0. ... 0. 0. 0.],soc.religion.christian
[0. 0. 0. ... 0. 0. 0.],talk.religion.misc
[0. 0. 0. ... 0. 0. 0.],comp.graphics
[0. 0. 0. ... 0. 0. 0.],comp.graphics
[0.         0.         0.         ... 0.04747829 0.         0.        ],comp.graphics
[0.         0.         0.         ... 0.05360983 0.         0.        ],rec.sport.hockey
[0. 0. 0. ... 0. 0. 0.],soc.religion.christian
[0. 0. 0. ... 0. 0. 0.],sci.space
[0.06263857 0.         0.         ... 0.03361579 0.         0.        ],talk.politics.guns
[0. 0. 0. ... 0. 0. 0.],talk.politics.misc
[0.         0.         0.         ... 0.07427538 0.         0.        ],sci.electronics
[0.02368203 0.         0.         ... 0.01270926 0.         0.        ],talk.religion.misc
[0. 0. 0. ... 0. 0. 0.],talk.politics.guns
[0.         0.         0.         ... 0.09288709 0.         0.        ],comp.sys.ibm.pc.hardware
[0. 0. 0. ... 0. 0. 0.],misc.forsale
[0. 0. 0. ... 0. 0. 0.],sci.space
[0. 0. 0. ... 0. 0. 0.],comp.os.ms-windows.misc
[0.         0.         0.         ... 0.05615111 0.         0.        ],sci.med
[0.05796991 0.         0.         ... 0.0311103  0.         0.        ],sci.space
[0. 0. 0. ... 0. 0. 0.],comp.sys.ibm.pc.hardware
[0. 0. 0. ... 0. 0. 0.],talk.politics.misc
[0. 0. 0. ... 0. 0. 0.],rec.motorcycles
[0. 0. 0. ... 0. 0. 0.],rec.motorcycles
[0. 0. 0. ... 0. 0. 0.],talk.religion.misc
[0. 0. 0. ... 0. 0. 0.],talk.politics.guns
[0. 0. 0. ... 0. 0. 0.],sci.crypt
[0.         0.         0.         ... 0.04894464 0.         0.        ],comp.sys.ibm.pc.hardware
[0. 0. 0. ... 0. 0. 0.],comp.sys.ibm.pc.hardware
[0.         0.         0.         ... 0.02422501 0.         0.        ],talk.politics.misc
[0.         0.         0.         ... 0.06137318 0.         0.        ],sci.space
[0. 0. 0. ... 0. 0. 0.],rec.autos
[0.         0.         0.         ... 0.01523587 0.         0.        ],sci.crypt
[0.         0.         0.         ... 0.11926537 0.         0.        ],talk.politics.guns
[0.         0.         0.         ... 0.07842397 0.         0.        ],comp.windows.x
[0.         0.         0.         ... 0.27951039 0.         0.        ],comp.sys.ibm.pc.hardware
[0. 0. 0. ... 0. 0. 0.],talk.politics.guns
[0. 0. 0. ... 0. 0. 0.],talk.politics.misc
[0. 0. 0. ... 0. 0. 0.],rec.autos
[0. 0. 0. ... 0. 0. 0.],rec.sport.baseball
[0.         0.         0.         ... 0.04527897 0.         0.        ],rec.autos
[0.        0.        0.        ... 0.0579427 0.        0.       ],comp.sys.mac.hardware
[0.         0.         0.         ... 0.01752089 0.         0.        ],sci.electronics
[0. 0. 0. ... 0. 0. 0.],sci.electronics
[0. 0. 0. ... 0. 0. 0.],sci.crypt
[0.         0.         0.         ... 0.09604127 0.         0.        ],comp.sys.ibm.pc.hardware
[0. 0. 0. ... 0. 0. 0.],sci.med
[0. 0. 0. ... 0. 0. 0.],rec.autos
[0. 0. 0. ... 0. 0. 0.],rec.sport.baseball
[0. 0. 0. ... 0. 0. 0.],rec.sport.hockey
[0. 0. 0. ... 0. 0. 0.],talk.politics.guns
[0. 0. 0. ... 0. 0. 0.],talk.politics.misc
[0. 0. 0. ... 0. 0. 0.],talk.politics.guns
[0.        0.        0.        ... 0.0476326 0.        0.       ],rec.sport.baseball
[0.         0.         0.         ... 0.02872048 0.02871709 0.        ],soc.religion.christian
[0. 0. 0. ... 0. 0. 0.],comp.sys.mac.hardware
[0. 0. 0. ... 0. 0. 0.],rec.sport.baseball
[0.         0.         0.         ... 0.02173448 0.         0.        ],rec.motorcycles
[0.         0.         0.         ... 0.         0.         0.21843172],rec.motorcycles
[0.         0.         0.         ... 0.04512461 0.         0.        ],rec.motorcycles
[0. 0. 0. ... 0. 0. 0.],rec.sport.baseball
[0.         0.         0.         ... 0.07576719 0.         0.        ],rec.motorcycles
[0. 0. 0. ... 0. 0. 0.],rec.autos
[0. 0. 0. ... 0. 0. 0.],sci.med
[0. 0. 0. ... 0. 0. 0.],talk.religion.misc
[0.         0.         0.         ... 0.07105552 0.         0.        ],rec.sport.baseball
[0.         0.         0.         ... 0.18445771 0.         0.        ],comp.graphics
[0. 0. 0. ... 0. 0. 0.],rec.motorcycles
[0.         0.         0.         ... 0.         0.03200573 0.        ],misc.forsale
[0. 0. 0. ... 0. 0. 0.],alt.atheism
[0. 0. 0. ... 0. 0. 0.],talk.politics.misc
[0.         0.         0.         ... 0.19210947 0.07683472 0.        ],rec.sport.baseball
[0.07431394 0.03802675 0.         ... 0.         0.         0.        ],misc.forsale
[0. 0. 0. ... 0. 0. 0.],rec.sport.baseball
[0. 0. 0. ... 0. 0. 0.],sci.electronics
[0. 0. 0. ... 0. 0. 0.],sci.electronics
[0. 0. 0. ... 0. 0. 0.],sci.space
[0. 0. 0. ... 0. 0. 0.],talk.politics.mideast
[0. 0. 0. ... 0. 0. 0.],sci.med
[0. 0. 0. ... 0. 0. 0.],sci.space
[0. 0. 0. ... 0. 0. 0.],talk.politics.mideast
[0. 0. 0. ... 0. 0. 0.],misc.forsale
[0. 0. 0. ... 0. 0. 0.],talk.politics.guns
[0. 0. 0. ... 0. 0. 0.],rec.motorcycles
[0. 0. 0. ... 0. 0. 0.],comp.windows.x
[0. 0. 0. ... 0. 0. 0.],comp.windows.x
[0. 0. 0. ... 0. 0. 0.],sci.electronics
[0.         0.         0.         ... 0.03508853 0.         0.        ],sci.med
[0. 0. 0. ... 0. 0. 0.],sci.space
[0.         0.         0.         ... 0.06424069 0.         0.        ],rec.autos
[0.         0.         0.         ... 0.10198836 0.         0.        ],misc.forsale
[0. 0. 0. ... 0. 0. 0.],rec.motorcycles
[0. 0. 0. ... 0. 0. 0.],sci.med
[0.15589792 0.         0.         ... 0.         0.         0.        ],comp.os.ms-windows.misc
[0. 0. 0. ... 0. 0. 0.],sci.space
[0. 0. 0. ... 0. 0. 0.],talk.politics.mideast
[0.         0.         0.         ... 0.         0.         0.25302934],soc.religion.christian
[0.         0.         0.         ... 0.07531662 0.         0.        ],sci.med
[0.         0.         0.         ... 0.11752411 0.03357435 0.        ],comp.graphics
[0.         0.         0.         ... 0.06395971 0.         0.        ],talk.politics.mideast
[0. 0. 0. ... 0. 0. 0.],comp.os.ms-windows.misc
[0. 0. 0. ... 0. 0. 0.],comp.graphics
[0. 0. 0. ... 0. 0. 0.],rec.motorcycles
[0. 0. 0. ... 0. 0. 0.],talk.politics.mideast
[0. 0. 0. ... 0. 0. 0.],comp.windows.x
[0.02118996 0.         0.         ... 0.         0.         0.        ],talk.politics.mideast
[0. 0. 0. ... 0. 0. 0.],talk.politics.guns
[0.         0.         0.         ... 0.03084117 0.         0.        ],sci.space
[0.         0.         0.         ... 0.05623815 0.11246302 0.        ],talk.politics.misc
[0. 0. 0. ... 0. 0. 0.],rec.autos
[0.         0.         0.         ... 0.04297274 0.         0.        ],comp.graphics
[0. 0. 0. ... 0. 0. 0.],rec.sport.hockey
[0. 0. 0. ... 0. 0. 0.],comp.graphics
[0. 0. 0. ... 0. 0. 0.],comp.os.ms-windows.misc
[0. 0. 0. ... 0. 0. 0.],comp.sys.mac.hardware
[0.20822003 0.21309408 0.         ... 0.         0.         0.        ],soc.religion.christian
[0. 0. 0. ... 0. 0. 0.],comp.graphics
[0. 0. 0. ... 0. 0. 0.],talk.politics.misc
[0. 0. 0. ... 0. 0. 0.],comp.os.ms-windows.misc
[0. 0. 0. ... 0. 0. 0.],comp.sys.mac.hardware
[0. 0. 0. ... 0. 0. 0.],alt.atheism
[0.         0.         0.         ... 0.         0.03139646 0.        ],comp.sys.mac.hardware
[0.         0.         0.         ... 0.07431416 0.         0.        ],talk.politics.mideast
[0. 0. 0. ... 0. 0. 0.],misc.forsale
[0. 0. 0. ... 0. 0. 0.],sci.electronics
[0.05040414 0.         0.         ... 0.02705003 0.         0.        ],talk.politics.guns
[0.         0.         0.         ... 0.03284494 0.         0.        ],sci.med
[0.         0.03172535 0.         ... 0.06654555 0.         0.        ],misc.forsale
[0. 0. 0. ... 0. 0. 0.],sci.crypt
[0. 0. 0. ... 0. 0. 0.],sci.crypt
[0.         0.         0.         ... 0.02162803 0.         0.        ],rec.motorcycles
[0. 0. 0. ... 0. 0. 0.],talk.politics.mideast
[0.         0.         0.         ... 0.01275578 0.         0.        ],comp.sys.ibm.pc.hardware
[0. 0. 0. ... 0. 0. 0.],rec.motorcycles
[0. 0. 0. ... 0. 0. 0.],rec.autos
[0. 0. 0. ... 0. 0. 0.],comp.windows.x
[0. 0. 0. ... 0. 0. 0.],rec.sport.hockey
[0. 0. 0. ... 0. 0. 0.],misc.forsale
[0.         0.         0.0524261  ... 0.02378209 0.         0.        ],talk.politics.guns
[0. 0. 0. ... 0. 0. 0.],talk.politics.misc
[0.        0.        0.        ... 0.1103093 0.0827222 0.       ],comp.os.ms-windows.misc
[0. 0. 0. ... 0. 0. 0.],rec.sport.hockey
[0. 0. 0. ... 0. 0. 0.],misc.forsale
[0.         0.         0.         ... 0.02091962 0.         0.        ],rec.autos
[0. 0. 0. ... 0. 0. 0.],talk.politics.mideast
[0.         0.         0.         ... 0.05861943 0.         0.        ],soc.religion.christian
[0.         0.         0.06398173 ... 0.         0.         0.        ],comp.sys.ibm.pc.hardware
[0. 0. 0. ... 0. 0. 0.],sci.space
[0.         0.00645344 0.         ... 0.00676821 0.         0.        ],alt.atheism
[0.         0.         0.         ... 0.04161783 0.         0.        ],soc.religion.christian
[0. 0. 0. ... 0. 0. 0.],soc.religion.christian
[0. 0. 0. ... 0. 0. 0.],talk.politics.guns
[0. 0. 0. ... 0. 0. 0.],rec.sport.baseball
[0. 0. 0. ... 0. 0. 0.],misc.forsale
[0. 0. 0. ... 0. 0. 0.],comp.sys.mac.hardware
[0.         0.         0.         ... 0.04317146 0.         0.        ],rec.autos
[0. 0. 0. ... 0. 0. 0.],talk.religion.misc
[0.02811335 0.         0.         ... 0.01508739 0.         0.        ],comp.sys.mac.hardware
[0.         0.         0.         ... 0.02124153 0.         0.        ],comp.sys.mac.hardware
[0.         0.         0.         ... 0.05199405 0.         0.        ],comp.sys.ibm.pc.hardware
[0. 0. 0. ... 0. 0. 0.],talk.politics.mideast
[0. 0. 0. ... 0. 0. 0.],sci.med
[0. 0. 0. ... 0. 0. 0.],rec.motorcycles
[0. 0. 0. ... 0. 0. 0.],talk.politics.guns
[0.         0.         0.         ... 0.04086129 0.         0.        ],misc.forsale
[0. 0. 0. ... 0. 0. 0.],comp.sys.ibm.pc.hardware
[0.         0.         0.         ... 0.05796472 0.         0.        ],talk.politics.mideast
[0.77601282 0.         0.         ... 0.0198313  0.         0.        ],talk.politics.mideast
[0. 0. 0. ... 0. 0. 0.],rec.motorcycles
[0.         0.04338828 0.         ... 0.06825687 0.         0.        ],comp.sys.mac.hardware
[0. 0. 0. ... 0. 0. 0.],sci.electronics
[0.         0.         0.09711785 ... 0.08811126 0.         0.        ],rec.sport.baseball
[0. 0. 0. ... 0. 0. 0.],talk.politics.guns
[0. 0. 0. ... 0. 0. 0.],comp.graphics
[0.         0.         0.         ... 0.07604547 0.         0.        ],rec.sport.hockey
[0. 0. 0. ... 0. 0. 0.],comp.os.ms-windows.misc
[0. 0. 0. ... 0. 0. 0.],comp.graphics
[0.         0.         0.         ... 0.03519622 0.         0.        ],rec.sport.baseball
[0. 0. 0. ... 0. 0. 0.],rec.sport.hockey
[0.        0.        0.        ... 0.0475732 0.        0.       ],rec.sport.hockey
[0.2292706 0.        0.        ... 0.0058591 0.        0.       ],talk.politics.guns
[0. 0. 0. ... 0. 0. 0.],rec.autos
[0. 0. 0. ... 0. 0. 0.],rec.motorcycles
[0. 0. 0. ... 0. 0. 0.],sci.space
[0.        0.0509854 0.        ... 0.        0.        0.       ],rec.motorcycles
[0.         0.         0.07048126 ... 0.         0.         0.        ],talk.politics.misc
[0.        0.        0.        ... 0.0542463 0.        0.       ],rec.sport.baseball
[0. 0. 0. ... 0. 0. 0.],sci.electronics
[0. 0. 0. ... 0. 0. 0.],talk.politics.misc
[0. 0. 0. ... 0. 0. 0.],talk.politics.misc
[0. 0. 0. ... 0. 0. 0.],talk.politics.mideast
[0. 0. 0. ... 0. 0. 0.],sci.electronics
[0.09205479 0.         0.         ... 0.09880477 0.         0.1270217 ],sci.space
[0.09160828 0.09375266 0.         ... 0.         0.         0.        ],comp.graphics
[0.         0.         0.         ... 0.10224699 0.         0.        ],comp.sys.ibm.pc.hardware
[0. 0. 0. ... 0. 0. 0.],talk.politics.guns
[0.         0.         0.         ... 0.03941712 0.         0.        ],comp.sys.ibm.pc.hardware
[0.         0.         0.         ... 0.10254424 0.         0.        ],rec.sport.baseball
[0. 0. 0. ... 0. 0. 0.],comp.windows.x
[0. 0. 0. ... 0. 0. 0.],comp.sys.ibm.pc.hardware
[0. 0. 0. ... 0. 0. 0.],soc.religion.christian
[0. 0. 0. ... 0. 0. 0.],comp.sys.mac.hardware
[0. 0. 0. ... 0. 0. 0.],rec.motorcycles
[0.05099844 0.         0.         ... 0.02736897 0.         0.        ],sci.space
[0.      0.      0.      ... 0.02638 0.      0.     ],sci.electronics
[0.         0.         0.         ... 0.08204178 0.         0.        ],rec.sport.baseball
[0. 0. 0. ... 0. 0. 0.],talk.politics.misc
[0. 0. 0. ... 0. 0. 0.],talk.politics.misc
[0. 0. 0. ... 0. 0. 0.],talk.politics.misc
[0. 0. 0. ... 0. 0. 0.],comp.sys.ibm.pc.hardware
[0. 0. 0. ... 0. 0. 0.],sci.med
[0. 0. 0. ... 0. 0. 0.],sci.crypt
[0. 0. 0. ... 0. 0. 0.],sci.space
[0. 0. 0. ... 0. 0. 0.],misc.forsale
[0. 0. 0. ... 0. 0. 0.],misc.forsale
[0.         0.         0.         ... 0.01442108 0.         0.        ],rec.motorcycles
[0.         0.03907673 0.         ... 0.06147409 0.         0.        ],rec.sport.hockey
[0.         0.         0.         ... 0.03989225 0.         0.        ],comp.windows.x
[0.         0.02011111 0.         ... 0.02109205 0.         0.        ],sci.electronics
[0. 0. 0. ... 0. 0. 0.],misc.forsale
[0. 0. 0. ... 0. 0. 0.],sci.electronics
[0. 0. 0. ... 0. 0. 0.],sci.space
[0. 0. 0. ... 0. 0. 0.],comp.windows.x
[0. 0. 0. ... 0. 0. 0.],rec.autos
[0.         0.         0.         ... 0.09939953 0.         0.        ],rec.sport.baseball
[0. 0. 0. ... 0. 0. 0.],alt.atheism
[0. 0. 0. ... 0. 0. 0.],rec.sport.hockey
[0. 0. 0. ... 0. 0. 0.],comp.sys.mac.hardware
[0. 0. 0. ... 0. 0. 0.],rec.sport.baseball
[0. 0. 0. ... 0. 0. 0.],comp.sys.mac.hardware
[0. 0. 0. ... 0. 0. 0.],sci.med
[0.         0.         0.         ... 0.05258417 0.         0.        ],talk.politics.guns
[0. 0. 0. ... 0. 0. 0.],comp.graphics
[0. 0. 0. ... 0. 0. 0.],talk.politics.guns
[0.         0.         0.         ... 0.08144752 0.         0.        ],rec.sport.baseball
[0. 0. 0. ... 0. 0. 0.],comp.sys.mac.hardware
[0. 0. 0. ... 0. 0. 0.],alt.atheism
[0. 0. 0. ... 0. 0. 0.],sci.crypt
[0. 0. 0. ... 0. 0. 0.],sci.crypt
[0.         0.         0.         ... 0.08649842 0.         0.        ],comp.sys.ibm.pc.hardware
[0. 0. 0. ... 0. 0. 0.],misc.forsale
[0. 0. 0. ... 0. 0. 0.],comp.sys.mac.hardware
[0. 0. 0. ... 0. 0. 0.],sci.crypt
[0.         0.         0.         ... 0.06841414 0.         0.        ],comp.windows.x
[0.1813476 0.        0.        ... 0.        0.        0.       ],talk.politics.mideast
[0. 0. 0. ... 0. 0. 0.],talk.politics.mideast
[0. 0. 0. ... 0. 0. 0.],soc.religion.christian
[0. 0. 0. ... 0. 0. 0.],comp.sys.mac.hardware
[0. 0. 0. ... 0. 0. 0.],sci.crypt
[0. 0. 0. ... 0. 0. 0.],misc.forsale
[0. 0. 0. ... 0. 0. 0.],comp.sys.mac.hardware
[0.01932284 0.         0.         ... 0.0207397  0.         0.        ],sci.space
[0.         0.         0.         ... 0.06174195 0.         0.        ],alt.atheism
[0. 0. 0. ... 0. 0. 0.],comp.os.ms-windows.misc
[0. 0. 0. ... 0. 0. 0.],sci.med
[0. 0. 0. ... 0. 0. 0.],alt.atheism
[0.         0.         0.         ... 0.03749059 0.         0.        ],comp.sys.ibm.pc.hardware
[0. 0. 0. ... 0. 0. 0.],sci.space
[0.         0.         0.         ... 0.05360583 0.         0.        ],rec.motorcycles
[0. 0. 0. ... 0. 0. 0.],rec.sport.hockey
[0. 0. 0. ... 0. 0. 0.],misc.forsale
[0. 0. 0. ... 0. 0. 0.],rec.sport.hockey
[0. 0. 0. ... 0. 0. 0.],talk.politics.mideast
[0. 0. 0. ... 0. 0. 0.],sci.electronics
[0. 0. 0. ... 0. 0. 0.],talk.politics.guns
[0. 0. 0. ... 0. 0. 0.],comp.graphics
[0. 0. 0. ... 0. 0. 0.],misc.forsale
[0.         0.         0.         ... 0.18310843 0.         0.        ],comp.os.ms-windows.misc
[0. 0. 0. ... 0. 0. 0.],sci.electronics
[0. 0. 0. ... 0. 0. 0.],sci.space
[0. 0. 0. ... 0. 0. 0.],comp.sys.ibm.pc.hardware
[0. 0. 0. ... 0. 0. 0.],comp.os.ms-windows.misc
[0. 0. 0. ... 0. 0. 0.],sci.crypt
[0.         0.         0.         ... 0.05037255 0.         0.        ],comp.windows.x
[0. 0. 0. ... 0. 0. 0.],sci.space
[0.         0.         0.         ... 0.03548003 0.         0.        ],comp.windows.x
[0. 0. 0. ... 0. 0. 0.],comp.graphics
[0. 0. 0. ... 0. 0. 0.],alt.atheism
[0. 0. 0. ... 0. 0. 0.],soc.religion.christian
[0. 0. 0. ... 0. 0. 0.],rec.sport.hockey
[0. 0. 0. ... 0. 0. 0.],comp.sys.ibm.pc.hardware
[0.         0.         0.         ... 0.01910126 0.         0.        ],soc.religion.christian
[0.25115685 0.         0.         ... 0.0898577  0.         0.        ],talk.politics.misc
[0.         0.         0.         ... 0.03700466 0.         0.        ],talk.religion.misc
[0. 0. 0. ... 0. 0. 0.],sci.crypt
[0. 0. 0. ... 0. 0. 0.],misc.forsale
[0. 0. 0. ... 0. 0. 0.],comp.os.ms-windows.misc
[0. 0. 0. ... 0. 0. 0.],comp.graphics
[0.         0.         0.         ... 0.04374345 0.         0.        ],sci.crypt
[0.         0.         0.         ... 0.06664635 0.         0.        ],rec.motorcycles
[0.         0.         0.         ... 0.04771353 0.         0.        ],comp.os.ms-windows.misc
[0. 0. 0. ... 0. 0. 0.],misc.forsale
[0.         0.         0.         ... 0.25769379 0.         0.        ],sci.med
[0. 0. 0. ... 0. 0. 0.],talk.politics.guns
[0.         0.         0.         ... 0.10718921 0.         0.        ],alt.atheism
[0. 0. 0. ... 0. 0. 0.],comp.graphics
[0.         0.26651362 0.         ... 0.         0.         0.        ],talk.politics.misc
[0. 0. 0. ... 0. 0. 0.],rec.motorcycles
[0.         0.         0.         ... 0.10469896 0.         0.        ],alt.atheism
[0. 0. 0. ... 0. 0. 0.],rec.motorcycles
[0. 0. 0. ... 0. 0. 0.],misc.forsale
[0. 0. 0. ... 0. 0. 0.],talk.religion.misc
[0.         0.         0.         ... 0.06209104 0.         0.        ],misc.forsale
[0.12420552 0.         0.         ... 0.         0.         0.        ],sci.crypt
[0.         0.         0.         ... 0.03774488 0.         0.        ],rec.sport.baseball
[0. 0. 0. ... 0. 0. 0.],talk.politics.misc
[0. 0. 0. ... 0. 0. 0.],talk.politics.guns
[0. 0. 0. ... 0. 0. 0.],rec.autos
[0. 0. 0. ... 0. 0. 0.],misc.forsale
[0.         0.         0.         ... 0.05216093 0.         0.        ],alt.atheism
[0. 0. 0. ... 0. 0. 0.],comp.sys.ibm.pc.hardware
[0.         0.00968407 0.         ... 0.03046925 0.00677015 0.        ],misc.forsale
[0.         0.         0.         ... 0.06357621 0.         0.        ],alt.atheism
[0.         0.         0.         ... 0.04605711 0.         0.        ],alt.atheism
[0.         0.         0.         ... 0.07708725 0.         0.        ],comp.sys.ibm.pc.hardware
[0. 0. 0. ... 0. 0. 0.],talk.politics.guns
[0.         0.         0.         ... 0.06090963 0.         0.        ],talk.politics.mideast
[0.         0.         0.         ... 0.00428091 0.         0.        ],sci.electronics
[0. 0. 0. ... 0. 0. 0.],talk.politics.mideast
[0. 0. 0. ... 0. 0. 0.],comp.sys.mac.hardware
[0.         0.         0.         ... 0.12590801 0.         0.        ],comp.graphics
[0.         0.         0.         ... 0.08939403 0.         0.        ],rec.sport.baseball
[0.         0.12674173 0.         ... 0.         0.         0.        ],talk.politics.misc
[0. 0. 0. ... 0. 0. 0.],sci.crypt
[0. 0. 0. ... 0. 0. 0.],comp.os.ms-windows.misc
[0. 0. 0. ... 0. 0. 0.],rec.motorcycles
[0.        0.        0.        ... 0.0193032 0.        0.       ],rec.sport.baseball
[0. 0. 0. ... 0. 0. 0.],rec.sport.hockey
[0. 0. 0. ... 0. 0. 0.],sci.med
[0. 0. 0. ... 0. 0. 0.],sci.med
[0. 0. 0. ... 0. 0. 0.],comp.graphics
[0. 0. 0. ... 0. 0. 0.],rec.autos
[0. 0. 0. ... 0. 0. 0.],comp.sys.mac.hardware
[0. 0. 0. ... 0. 0. 0.],misc.forsale
[0.         0.         0.         ... 0.10043065 0.         0.        ],sci.space
[0. 0. 0. ... 0. 0. 0.],alt.atheism
[0. 0. 0. ... 0. 0. 0.],alt.atheism
[0.1072218 0.        0.        ... 0.        0.        0.       ],sci.med
[0.2980343  0.         0.         ... 0.07997197 0.         0.        ],rec.autos
[0.         0.         0.         ... 0.06648093 0.         0.        ],sci.med
[0.         0.         0.         ... 0.05233086 0.         0.        ],talk.politics.mideast
[0. 0. 0. ... 0. 0. 0.],comp.sys.mac.hardware
[0. 0. 0. ... 0. 0. 0.],talk.politics.misc
[0. 0. 0. ... 0. 0. 0.],comp.graphics
[0. 0. 0. ... 0. 0. 0.],comp.sys.mac.hardware
[0.         0.         0.04689172 ... 0.08508608 0.         0.        ],comp.sys.mac.hardware
[0. 0. 0. ... 0. 0. 0.],rec.sport.baseball
[0.016125 0.       0.       ... 0.       0.       0.      ],soc.religion.christian
[0.         0.         0.         ... 0.10302334 0.         0.        ],comp.windows.x
[0. 0. 0. ... 0. 0. 0.],talk.religion.misc
[0. 0. 0. ... 0. 0. 0.],soc.religion.christian
[0.         0.         0.         ... 0.09500881 0.         0.        ],sci.electronics
[0. 0. 0. ... 0. 0. 0.],talk.politics.misc
[0. 0. 0. ... 0. 0. 0.],alt.atheism
[0. 0. 0. ... 0. 0. 0.],talk.politics.guns
[0. 0. 0. ... 0. 0. 0.],comp.graphics
[0.         0.         0.         ... 0.04494671 0.         0.        ],rec.sport.hockey
[0. 0. 0. ... 0. 0. 0.],comp.sys.mac.hardware
[0.         0.         0.         ... 0.02596787 0.         0.        ],rec.sport.hockey
[0. 0. 0. ... 0. 0. 0.],comp.graphics
[0. 0. 0. ... 0. 0. 0.],rec.sport.hockey
[0. 0. 0. ... 0. 0. 0.],comp.os.ms-windows.misc
[0. 0. 0. ... 0. 0. 0.],talk.politics.guns
[0. 0. 0. ... 0. 0. 0.],rec.motorcycles
[0. 0. 0. ... 0. 0. 0.],rec.sport.baseball
[0.         0.         0.         ... 0.04988398 0.         0.        ],rec.autos
[0. 0. 0. ... 0. 0. 0.],misc.forsale
[0. 0. 0. ... 0. 0. 0.],alt.atheism
[0.07169034 0.         0.         ... 0.15389416 0.         0.        ],comp.sys.ibm.pc.hardware
[0. 0. 0. ... 0. 0. 0.],rec.sport.baseball
[0. 0. 0. ... 0. 0. 0.],soc.religion.christian
[0. 0. 0. ... 0. 0. 0.],rec.sport.hockey
[0. 0. 0. ... 0. 0. 0.],sci.electronics
[0. 0. 0. ... 0. 0. 0.],alt.atheism
[0. 0. 0. ... 0. 0. 0.],comp.os.ms-windows.misc
[0. 0. 0. ... 0. 0. 0.],comp.graphics
[0. 0. 0. ... 0. 0. 0.],rec.motorcycles
[0. 0. 0. ... 0. 0. 0.],comp.sys.mac.hardware
[0.         0.         0.         ... 0.06927795 0.         0.        ],comp.graphics
[0.         0.         0.         ... 0.08387635 0.         0.        ],sci.electronics
[0. 0. 0. ... 0. 0. 0.],rec.sport.hockey
[0.         0.         0.         ... 0.02472231 0.         0.        ],rec.sport.hockey
[0.         0.         0.         ... 0.0462314  0.01540865 0.        ],rec.autos
[0. 0. 0. ... 0. 0. 0.],misc.forsale
[0.19777856 0.         0.05849495 ... 0.         0.         0.        ],comp.os.ms-windows.misc
[0. 0. 0. ... 0. 0. 0.],rec.sport.hockey
[0.         0.         0.         ... 0.05769601 0.         0.        ],talk.religion.misc
[0.         0.         0.         ... 0.16707407 0.         0.        ],comp.sys.ibm.pc.hardware
[0. 0. 0. ... 0. 0. 0.],comp.windows.x
[0. 0. 0. ... 0. 0. 0.],rec.motorcycles
[0. 0. 0. ... 0. 0. 0.],soc.religion.christian
[0. 0. 0. ... 0. 0. 0.],sci.crypt
[0. 0. 0. ... 0. 0. 0.],rec.motorcycles
[0. 0. 0. ... 0. 0. 0.],rec.motorcycles
[0. 0. 0. ... 0. 0. 0.],alt.atheism
[0. 0. 0. ... 0. 0. 0.],comp.sys.ibm.pc.hardware
[0. 0. 0. ... 0. 0. 0.],sci.med
[0.        0.        0.        ... 0.0731997 0.        0.       ],comp.windows.x
[0. 0. 0. ... 0. 0. 0.],alt.atheism
[0. 0. 0. ... 0. 0. 0.],talk.politics.misc
[0.        0.        0.        ... 0.0093958 0.        0.       ],rec.autos
[0. 0. 0. ... 0. 0. 0.],talk.politics.misc
[0.        0.        0.        ... 0.0153768 0.        0.       ],sci.electronics
[0. 0. 0. ... 0. 0. 0.],talk.politics.mideast
[0.         0.         0.         ... 0.02433553 0.         0.        ],misc.forsale
[0.05166648 0.         0.         ... 0.02772748 0.         0.        ],comp.sys.mac.hardware
[0.        0.        0.        ... 0.0218466 0.        0.       ],comp.sys.ibm.pc.hardware
[0.         0.         0.         ... 0.         0.15045482 0.        ],sci.crypt
[0. 0. 0. ... 0. 0. 0.],misc.forsale
[0.         0.         0.         ... 0.10898577 0.         0.        ],talk.politics.guns
[0. 0. 0. ... 0. 0. 0.],rec.motorcycles
[0. 0. 0. ... 0. 0. 0.],rec.sport.hockey
[0. 0. 0. ... 0. 0. 0.],soc.religion.christian
[0. 0. 0. ... 0. 0. 0.],alt.atheism
[0. 0. 0. ... 0. 0. 0.],talk.politics.mideast
[0. 0. 0. ... 0. 0. 0.],rec.sport.hockey
[0.         0.         0.         ... 0.12355443 0.         0.        ],sci.space
[0.         0.         0.         ... 0.09577099 0.         0.        ],rec.motorcycles
[0. 0. 0. ... 0. 0. 0.],rec.sport.baseball
[0.         0.         0.         ... 0.15476103 0.         0.        ],sci.space
[0.         0.         0.         ... 0.05851929 0.         0.        ],sci.space
[0.         0.         0.         ... 0.18454646 0.         0.        ],talk.religion.misc
[0.         0.         0.         ... 0.13918491 0.         0.        ],talk.religion.misc
[0.         0.         0.         ... 0.03895443 0.         0.        ],sci.med
[0. 0. 0. ... 0. 0. 0.],sci.med
[0.         0.         0.         ... 0.         0.11835356 0.        ],sci.crypt
[0.         0.         0.         ... 0.12392753 0.         0.        ],alt.atheism
[0.         0.         0.         ... 0.26514009 0.         0.        ],rec.autos
[0. 0. 0. ... 0. 0. 0.],sci.space
[0. 0. 0. ... 0. 0. 0.],comp.sys.mac.hardware
[0. 0. 0. ... 0. 0. 0.],sci.med
[0.37820093 0.         0.         ... 0.         0.         0.        ],rec.motorcycles
[0. 0. 0. ... 0. 0. 0.],talk.religion.misc
[0.        0.        0.        ... 0.0239089 0.        0.       ],talk.politics.mideast
[0. 0. 0. ... 0. 0. 0.],rec.motorcycles
[0. 0. 0. ... 0. 0. 0.],comp.graphics
[0. 0. 0. ... 0. 0. 0.],rec.motorcycles
[0. 0. 0. ... 0. 0. 0.],rec.sport.hockey
[0. 0. 0. ... 0. 0. 0.],comp.windows.x
[0. 0. 0. ... 0. 0. 0.],sci.crypt
[0. 0. 0. ... 0. 0. 0.],talk.religion.misc
[0.         0.         0.         ... 0.04879802 0.         0.        ],soc.religion.christian
[0. 0. 0. ... 0. 0. 0.],comp.windows.x
[0. 0. 0. ... 0. 0. 0.],comp.graphics
[0.         0.         0.         ... 0.         0.03302597 0.        ],comp.graphics
[0.         0.         0.         ... 0.02755771 0.         0.        ],rec.autos
[0. 0. 0. ... 0. 0. 0.],rec.motorcycles
[0. 0. 0. ... 0. 0. 0.],comp.sys.mac.hardware
[0.         0.         0.         ... 0.15577211 0.         0.        ],soc.religion.christian
[0. 0. 0. ... 0. 0. 0.],rec.sport.baseball
[0. 0. 0. ... 0. 0. 0.],comp.graphics
[0.         0.         0.         ... 0.05823959 0.         0.        ],soc.religion.christian
[0.         0.         0.06010783 ... 0.13633376 0.         0.        ],sci.electronics
[0. 0. 0. ... 0. 0. 0.],comp.os.ms-windows.misc
[0. 0. 0. ... 0. 0. 0.],rec.motorcycles
[0. 0. 0. ... 0. 0. 0.],talk.politics.mideast
[0. 0. 0. ... 0. 0. 0.],sci.space
[0. 0. 0. ... 0. 0. 0.],comp.os.ms-windows.misc
[0. 0. 0. ... 0. 0. 0.],soc.religion.christian
[0. 0. 0. ... 0. 0. 0.],sci.electronics
[0.        0.        0.        ... 0.1080212 0.        0.       ],comp.windows.x
[0. 0. 0. ... 0. 0. 0.],misc.forsale
[0. 0. 0. ... 0. 0. 0.],comp.windows.x
[0. 0. 0. ... 0. 0. 0.],sci.crypt
[0. 0. 0. ... 0. 0. 0.],rec.autos
[0.         0.         0.         ... 0.08165005 0.         0.        ],sci.electronics
[0. 0. 0. ... 0. 0. 0.],talk.politics.guns
[0.         0.08227279 0.         ... 0.         0.         0.        ],soc.religion.christian
[0. 0. 0. ... 0. 0. 0.],sci.med
[0. 0. 0. ... 0. 0. 0.],rec.sport.baseball
[0. 0. 0. ... 0. 0. 0.],rec.motorcycles
[0. 0. 0. ... 0. 0. 0.],comp.graphics
[0.       0.       0.069825 ... 0.       0.       0.      ],comp.sys.mac.hardware
[0. 0. 0. ... 0. 0. 0.],comp.graphics
[0.         0.         0.         ... 0.04128467 0.         0.        ],sci.electronics
[0. 0. 0. ... 0. 0. 0.],comp.sys.ibm.pc.hardware
[0. 0. 0. ... 0. 0. 0.],rec.sport.baseball
[0. 0. 0. ... 0. 0. 0.],soc.religion.christian
[0. 0. 0. ... 0. 0. 0.],comp.sys.ibm.pc.hardware
[0. 0. 0. ... 0. 0. 0.],sci.med
[0. 0. 0. ... 0. 0. 0.],sci.med
[0.         0.         0.         ... 0.04284684 0.         0.        ],misc.forsale
[0. 0. 0. ... 0. 0. 0.],rec.autos
[0.         0.         0.         ... 0.05588219 0.         0.        ],sci.electronics
[0.         0.07427694 0.         ... 0.07789986 0.         0.        ],rec.sport.hockey
[0. 0. 0. ... 0. 0. 0.],soc.religion.christian
[0. 0. 0. ... 0. 0. 0.],sci.med
[0. 0. 0. ... 0. 0. 0.],comp.windows.x
[0. 0. 0. ... 0. 0. 0.],misc.forsale
[0. 0. 0. ... 0. 0. 0.],sci.med
[0. 0. 0. ... 0. 0. 0.],soc.religion.christian
[0. 0. 0. ... 0. 0. 0.],sci.electronics
[0.         0.         0.         ... 0.09165587 0.         0.        ],sci.space
[0.         0.         0.         ... 0.03001128 0.         0.        ],rec.motorcycles
[0. 0. 0. ... 0. 0. 0.],rec.sport.hockey
[0.         0.         0.         ... 0.12833574 0.02851569 0.        ],rec.sport.hockey
[0. 0. 0. ... 0. 0. 0.],talk.politics.guns
[0. 0. 0. ... 0. 0. 0.],alt.atheism
[0. 0. 0. ... 0. 0. 0.],comp.windows.x
[0. 0. 0. ... 0. 0. 0.],comp.graphics
[0.         0.         0.         ... 0.02871681 0.         0.        ],rec.motorcycles
[0.         0.         0.         ... 0.20217813 0.         0.        ],sci.electronics
[0. 0. 0. ... 0. 0. 0.],soc.religion.christian
[0.         0.         0.         ... 0.03900912 0.         0.        ],sci.space
[0.         0.         0.         ... 0.03245181 0.         0.        ],comp.windows.x
[0. 0. 0. ... 0. 0. 0.],rec.sport.baseball
[0. 0. 0. ... 0. 0. 0.],sci.space
[0.         0.         0.         ... 0.04742249 0.         0.        ],sci.electronics
[0.08056394 0.         0.         ... 0.         0.         0.        ],sci.space
[0. 0. 0. ... 0. 0. 0.],sci.space
[0.         0.         0.         ... 0.19627145 0.         0.        ],comp.os.ms-windows.misc
[0.10615525 0.         0.         ... 0.         0.         0.        ],sci.crypt
[0.         0.         0.         ... 0.03995013 0.         0.        ],comp.sys.ibm.pc.hardware
[0. 0. 0. ... 0. 0. 0.],sci.med
[0. 0. 0. ... 0. 0. 0.],sci.electronics
[0. 0. 0. ... 0. 0. 0.],talk.politics.misc
[0. 0. 0. ... 0. 0. 0.],comp.sys.ibm.pc.hardware
[0.         0.         0.         ... 0.04780636 0.         0.        ],comp.windows.x
[0. 0. 0. ... 0. 0. 0.],soc.religion.christian
[0. 0. 0. ... 0. 0. 0.],comp.sys.mac.hardware
[0.         0.         0.         ... 0.06522873 0.         0.        ],rec.autos
[0.         0.07141282 0.         ... 0.03744802 0.07488719 0.        ],talk.politics.guns
[0. 0. 0. ... 0. 0. 0.],rec.autos
[0.04984752 0.         0.         ... 0.2140105  0.         0.        ],comp.windows.x
[0.         0.         0.         ... 0.05654214 0.         0.        ],comp.sys.ibm.pc.hardware
[0. 0. 0. ... 0. 0. 0.],talk.politics.guns
[0.         0.         0.00951696 ... 0.05180621 0.         0.        ],comp.windows.x
[0.         0.         0.         ... 0.02369612 0.         0.        ],misc.forsale
[0. 0. 0. ... 0. 0. 0.],rec.sport.baseball
[0. 0. 0. ... 0. 0. 0.],comp.graphics
[0. 0. 0. ... 0. 0. 0.],sci.electronics
[0.         0.         0.         ... 0.02269364 0.         0.        ],sci.crypt
[0.        0.        0.        ... 0.0526854 0.        0.       ],talk.politics.mideast
[0. 0. 0. ... 0. 0. 0.],comp.sys.mac.hardware
[0.         0.         0.04186696 ... 0.07596853 0.         0.        ],comp.graphics
[0.         0.         0.         ... 0.03102986 0.         0.        ],sci.med
[0. 0. 0. ... 0. 0. 0.],comp.graphics
[0. 0. 0. ... 0. 0. 0.],misc.forsale
[0. 0. 0. ... 0. 0. 0.],talk.politics.guns
[0. 0. 0. ... 0. 0. 0.],sci.crypt
[0.         0.         0.         ... 0.02407407 0.         0.        ],talk.politics.guns
[0. 0. 0. ... 0. 0. 0.],rec.sport.hockey
[0. 0. 0. ... 0. 0. 0.],comp.os.ms-windows.misc
[0.         0.         0.08723577 ... 0.         0.         0.        ],sci.space
[0. 0. 0. ... 0. 0. 0.],sci.electronics
[0.         0.         0.         ... 0.06539152 0.         0.        ],alt.atheism
[0.         0.         0.         ... 0.04886803 0.         0.12564779],alt.atheism
[0. 0. 0. ... 0. 0. 0.],sci.med
[0. 0. 0. ... 0. 0. 0.],rec.sport.hockey
[0.         0.         0.17929701 ... 0.08133461 0.         0.        ],rec.sport.hockey
[0. 0. 0. ... 0. 0. 0.],comp.sys.ibm.pc.hardware
[0. 0. 0. ... 0. 0. 0.],talk.politics.misc
[0.         0.         0.12201577 ... 0.         0.         0.        ],talk.politics.guns
[0.         0.         0.         ... 0.04143006 0.         0.        ],rec.autos
[0. 0. 0. ... 0. 0. 0.],talk.politics.guns
[0. 0. 0. ... 0. 0. 0.],comp.os.ms-windows.misc
[0. 0. 0. ... 0. 0. 0.],comp.sys.mac.hardware
[0. 0. 0. ... 0. 0. 0.],talk.politics.mideast
[0.         0.         0.         ... 0.03432988 0.         0.        ],rec.sport.hockey
[0. 0. 0. ... 0. 0. 0.],talk.religion.misc
[0. 0. 0. ... 0. 0. 0.],comp.sys.ibm.pc.hardware
[0.         0.         0.         ... 0.20481959 0.         0.        ],rec.motorcycles
[0. 0. 0. ... 0. 0. 0.],comp.sys.mac.hardware
[0. 0. 0. ... 0. 0. 0.],comp.graphics
[0.         0.         0.         ... 0.         0.09222865 0.        ],rec.sport.hockey
[0.        0.        0.        ... 0.0645119 0.        0.       ],comp.os.ms-windows.misc
[0. 0. 0. ... 0. 0. 0.],talk.politics.guns
[0. 0. 0. ... 0. 0. 0.],sci.space
[0.         0.         0.         ... 0.08265209 0.         0.        ],misc.forsale
[0.         0.         0.         ... 0.03344262 0.         0.        ],comp.sys.mac.hardware
[0. 0. 0. ... 0. 0. 0.],soc.religion.christian
[0. 0. 0. ... 0. 0. 0.],talk.religion.misc
[0.         0.         0.         ... 0.02446365 0.         0.        ],rec.sport.hockey
[0. 0. 0. ... 0. 0. 0.],rec.sport.hockey
[0. 0. 0. ... 0. 0. 0.],comp.os.ms-windows.misc
[0.        0.        0.        ... 0.0580237 0.        0.       ],sci.space
[0.08079044 0.         0.         ... 0.13007168 0.         0.        ],talk.politics.guns
[0. 0. 0. ... 0. 0. 0.],sci.crypt
[0. 0. 0. ... 0. 0. 0.],soc.religion.christian
[0. 0. 0. ... 0. 0. 0.],talk.politics.misc
[0.         0.         0.02374869 ... 0.         0.         0.        ],comp.graphics
[0.         0.         0.         ... 0.04328285 0.         0.        ],talk.politics.misc
[0. 0. 0. ... 0. 0. 0.],comp.sys.ibm.pc.hardware
[0. 0. 0. ... 0. 0. 0.],sci.med
[0. 0. 0. ... 0. 0. 0.],rec.sport.hockey
[0.11886569 0.         0.         ... 0.1275816  0.         0.        ],rec.motorcycles
[0. 0. 0. ... 0. 0. 0.],sci.space
[0.64475222 0.         0.0586744  ... 0.         0.         0.        ],talk.politics.misc
[0. 0. 0. ... 0. 0. 0.],comp.graphics
[0.         0.         0.         ... 0.06861955 0.         0.        ],soc.religion.christian
[0.         0.         0.         ... 0.16188995 0.         0.        ],sci.med
[0. 0. 0. ... 0. 0. 0.],talk.politics.misc
[0.         0.         0.         ... 0.00792532 0.         0.        ],rec.autos
[0. 0. 0. ... 0. 0. 0.],rec.sport.baseball
[0. 0. 0. ... 0. 0. 0.],rec.sport.baseball
[0.01862068 0.         0.         ... 0.         0.         0.        ],talk.religion.misc
[0.12065197 0.         0.         ... 0.06474943 0.         0.        ],comp.os.ms-windows.misc
[0.         0.         0.         ... 0.07530719 0.         0.        ],alt.atheism
[0. 0. 0. ... 0. 0. 0.],comp.windows.x
[0. 0. 0. ... 0. 0. 0.],talk.politics.misc
[0. 0. 0. ... 0. 0. 0.],comp.windows.x
[0.         0.         0.         ... 0.04858784 0.         0.        ],rec.sport.baseball
[0. 0. 0. ... 0. 0. 0.],sci.crypt
[0.         0.         0.         ... 0.03542767 0.         0.        ],sci.med
[0.         0.         0.         ... 0.08968861 0.         0.        ],soc.religion.christian
[0. 0. 0. ... 0. 0. 0.],talk.politics.misc
[0. 0. 0. ... 0. 0. 0.],rec.sport.hockey
[0. 0. 0. ... 0. 0. 0.],comp.sys.ibm.pc.hardware
[0. 0. 0. ... 0. 0. 0.],comp.windows.x
[0. 0. 0. ... 0. 0. 0.],talk.politics.misc
[0. 0. 0. ... 0. 0. 0.],talk.politics.mideast
[0. 0. 0. ... 0. 0. 0.],misc.forsale
[0.0140657  0.         0.         ... 0.12077661 0.01509529 0.        ],comp.os.ms-windows.misc
[0. 0. 0. ... 0. 0. 0.],talk.politics.mideast
[0. 0. 0. ... 0. 0. 0.],comp.windows.x
[0. 0. 0. ... 0. 0. 0.],talk.politics.guns
[0. 0. 0. ... 0. 0. 0.],comp.sys.ibm.pc.hardware
[0. 0. 0. ... 0. 0. 0.],talk.politics.misc
[0. 0. 0. ... 0. 0. 0.],soc.religion.christian
[0. 0. 0. ... 0. 0. 0.],comp.os.ms-windows.misc
[0. 0. 0. ... 0. 0. 0.],sci.electronics
[0.         0.         0.         ... 0.05497277 0.         0.        ],talk.politics.misc
[0. 0. 0. ... 0. 0. 0.],comp.sys.mac.hardware
[0. 0. 0. ... 0. 0. 0.],comp.sys.ibm.pc.hardware
[0. 0. 0. ... 0. 0. 0.],misc.forsale
[0. 0. 0. ... 0. 0. 0.],talk.politics.mideast
[0. 0. 0. ... 0. 0. 0.],comp.sys.mac.hardware
[0. 0. 0. ... 0. 0. 0.],soc.religion.christian
[0. 0. 0. ... 0. 0. 0.],alt.atheism
[0. 0. 0. ... 0. 0. 0.],rec.autos
[0. 0. 0. ... 0. 0. 0.],sci.med
[0.         0.         0.         ... 0.03208831 0.06416904 0.        ],sci.med
[0.        0.        0.        ... 0.0219247 0.        0.       ],rec.motorcycles
[0.         0.         0.         ... 0.07430829 0.         0.        ],rec.sport.baseball
[0. 0. 0. ... 0. 0. 0.],comp.os.ms-windows.misc
[0. 0. 0. ... 0. 0. 0.],misc.forsale
[0. 0. 0. ... 0. 0. 0.],comp.sys.mac.hardware
[0. 0. 0. ... 0. 0. 0.],sci.space
[0. 0. 0. ... 0. 0. 0.],sci.space
[0. 0. 0. ... 0. 0. 0.],sci.space
[0.         0.         0.         ... 0.06984159 0.         0.26936141],sci.electronics
[0. 0. 0. ... 0. 0. 0.],comp.sys.ibm.pc.hardware
[0.        0.        0.        ... 0.0733845 0.        0.       ],sci.crypt
[0.04654711 0.         0.         ... 0.12490053 0.         0.        ],alt.atheism
[0. 0. 0. ... 0. 0. 0.],sci.electronics
[0.         0.         0.         ... 0.10391557 0.06926887 0.        ],comp.os.ms-windows.misc
[0. 0. 0. ... 0. 0. 0.],comp.sys.ibm.pc.hardware
[0.         0.         0.         ... 0.0551571  0.11030118 0.        ],talk.politics.misc
[0. 0. 0. ... 0. 0. 0.],comp.sys.ibm.pc.hardware
[0. 0. 0. ... 0. 0. 0.],sci.med
[0. 0. 0. ... 0. 0. 0.],comp.os.ms-windows.misc
[0. 0. 0. ... 0. 0. 0.],sci.electronics
[0. 0. 0. ... 0. 0. 0.],sci.space
[0. 0. 0. ... 0. 0. 0.],talk.religion.misc
[0.         0.         0.         ... 0.07115173 0.         0.        ],talk.politics.mideast
[0. 0. 0. ... 0. 0. 0.],rec.sport.baseball
[0. 0. 0. ... 0. 0. 0.],rec.motorcycles
[0. 0. 0. ... 0. 0. 0.],sci.med
[0. 0. 0. ... 0. 0. 0.],rec.sport.baseball
[0.        0.        0.        ... 0.0403032 0.        0.       ],talk.politics.mideast
[0. 0. 0. ... 0. 0. 0.],sci.space
[0.         0.         0.         ... 0.01291567 0.         0.        ],sci.med
[0. 0. 0. ... 0. 0. 0.],rec.autos
[0.         0.         0.         ... 0.04836651 0.         0.        ],sci.crypt
[0.         0.         0.         ... 0.02559395 0.         0.        ],comp.os.ms-windows.misc
[0. 0. 0. ... 0. 0. 0.],soc.religion.christian
[0.18068035 0.         0.42750391 ... 0.         0.         0.        ],talk.politics.misc
[0. 0. 0. ... 0. 0. 0.],rec.sport.baseball
[0. 0. 0. ... 0. 0. 0.],comp.windows.x
[0. 0. 0. ... 0. 0. 0.],sci.crypt
[0. 0. 0. ... 0. 0. 0.],rec.sport.baseball
[0.         0.         0.         ... 0.01050619 0.         0.        ],comp.os.ms-windows.misc
[0. 0. 0. ... 0. 0. 0.],talk.politics.mideast
[0. 0. 0. ... 0. 0. 0.],rec.autos
[0. 0. 0. ... 0. 0. 0.],sci.space
[0.         0.         0.         ... 0.02380606 0.         0.        ],sci.med
[0.         0.         0.         ... 0.03850667 0.03850213 0.        ],comp.windows.x
[0.         0.         0.         ... 0.05314355 0.         0.        ],rec.sport.hockey
[0. 0. 0. ... 0. 0. 0.],soc.religion.christian
[0.         0.         0.         ... 0.06929096 0.         0.        ],talk.politics.guns
[0. 0. 0. ... 0. 0. 0.],comp.os.ms-windows.misc
[0. 0. 0. ... 0. 0. 0.],rec.sport.baseball
[0. 0. 0. ... 0. 0. 0.],comp.windows.x
[0. 0. 0. ... 0. 0. 0.],soc.religion.christian
[0.         0.         0.         ... 0.08434257 0.08433261 0.        ],rec.sport.hockey
[0.        0.0766531 0.        ... 0.        0.        0.       ],sci.crypt
[0. 0. 0. ... 0. 0. 0.],rec.autos
[0. 0. 0. ... 0. 0. 0.],rec.autos
[0.         0.         0.         ... 0.01467328 0.         0.        ],alt.atheism
[0. 0. 0. ... 0. 0. 0.],talk.religion.misc
[0.         0.         0.         ... 0.01131767 0.00754422 0.        ],comp.sys.ibm.pc.hardware
[0. 0. 0. ... 0. 0. 0.],sci.crypt
[0. 0. 0. ... 0. 0. 0.],talk.politics.mideast
[0. 0. 0. ... 0. 0. 0.],talk.politics.mideast
[0.        0.        0.        ... 0.0878038 0.        0.       ],sci.med
[0.         0.         0.06619709 ... 0.06005805 0.         0.        ],talk.politics.mideast
[0. 0. 0. ... 0. 0. 0.],comp.sys.ibm.pc.hardware
[0. 0. 0. ... 0. 0. 0.],talk.religion.misc
[0.         0.         0.         ... 0.04757589 0.         0.        ],sci.crypt
[0. 0. 0. ... 0. 0. 0.],sci.space
[0. 0. 0. ... 0. 0. 0.],alt.atheism
[0.         0.         0.         ... 0.03875859 0.         0.        ],rec.autos
[0.         0.         0.05784026 ... 0.         0.         0.        ],rec.motorcycles
[0.22375902 0.22899681 0.         ... 0.         0.         0.        ],comp.sys.ibm.pc.hardware
[0. 0. 0. ... 0. 0. 0.],rec.sport.hockey
[0.         0.         0.         ... 0.23485557 0.         0.        ],rec.sport.hockey
[0. 0. 0. ... 0. 0. 0.],comp.sys.ibm.pc.hardware
[0.         0.         0.         ... 0.05086851 0.         0.        ],sci.electronics
[0.26580271 0.         0.         ... 0.         0.         0.        ],comp.windows.x
[0.         0.         0.         ... 0.07492933 0.         0.        ],sci.space
[0. 0. 0. ... 0. 0. 0.],comp.graphics
[0.         0.12240533 0.         ... 0.         0.         0.        ],comp.windows.x
[0.        0.        0.        ... 0.0519631 0.        0.       ],sci.med
[0. 0. 0. ... 0. 0. 0.],alt.atheism
[0.         0.         0.         ... 0.03634804 0.         0.        ],sci.electronics
[0. 0. 0. ... 0. 0. 0.],sci.space
[0. 0. 0. ... 0. 0. 0.],talk.politics.guns
[0. 0. 0. ... 0. 0. 0.],soc.religion.christian
[0. 0. 0. ... 0. 0. 0.],sci.med
[0. 0. 0. ... 0. 0. 0.],rec.motorcycles
[0. 0. 0. ... 0. 0. 0.],sci.space
[0. 0. 0. ... 0. 0. 0.],sci.space
[0. 0. 0. ... 0. 0. 0.],sci.electronics
[0.         0.02426257 0.         ... 0.         0.         0.        ],talk.politics.mideast
[0. 0. 0. ... 0. 0. 0.],soc.religion.christian
[0.        0.        0.        ... 0.0429136 0.        0.       ],comp.sys.ibm.pc.hardware
[0. 0. 0. ... 0. 0. 0.],comp.sys.ibm.pc.hardware
[0. 0. 0. ... 0. 0. 0.],rec.sport.hockey
[0. 0. 0. ... 0. 0. 0.],comp.os.ms-windows.misc
[0.04010405 0.         0.         ... 0.02152235 0.         0.        ],rec.motorcycles
[0.         0.         0.         ... 0.11187568 0.         0.        ],sci.crypt
[0.12048107 0.12330132 0.         ... 0.         0.         0.        ],rec.sport.baseball
[0.         0.         0.         ... 0.11070182 0.         0.        ],comp.sys.mac.hardware
[0. 0. 0. ... 0. 0. 0.],rec.autos
[0. 0. 0. ... 0. 0. 0.],rec.sport.hockey
[0. 0. 0. ... 0. 0. 0.],rec.autos
[0. 0. 0. ... 0. 0. 0.],sci.crypt
[0. 0. 0. ... 0. 0. 0.],rec.motorcycles
[0. 0. 0. ... 0. 0. 0.],talk.religion.misc
[0. 0. 0. ... 0. 0. 0.],misc.forsale
[0. 0. 0. ... 0. 0. 0.],talk.politics.guns
[0.         0.         0.         ... 0.04881152 0.         0.        ],rec.autos
[0. 0. 0. ... 0. 0. 0.],rec.sport.hockey
[0. 0. 0. ... 0. 0. 0.],soc.religion.christian
[0. 0. 0. ... 0. 0. 0.],talk.religion.misc
[0.         0.15865505 0.         ... 0.08319679 0.         0.        ],rec.motorcycles
[0. 0. 0. ... 0. 0. 0.],talk.politics.misc
[0. 0. 0. ... 0. 0. 0.],rec.autos
[0. 0. 0. ... 0. 0. 0.],talk.politics.misc
[0.         0.25908656 0.         ... 0.         0.         0.        ],comp.windows.x
[0. 0. 0. ... 0. 0. 0.],sci.space
[0.07779874 0.         0.         ... 0.04175169 0.         0.        ],rec.autos
[0. 0. 0. ... 0. 0. 0.],misc.forsale
[0. 0. 0. ... 0. 0. 0.],rec.motorcycles
[0. 0. 0. ... 0. 0. 0.],sci.med
[0. 0. 0. ... 0. 0. 0.],comp.os.ms-windows.misc
[0.        0.        0.        ... 0.0414117 0.        0.       ],soc.religion.christian
[0. 0. 0. ... 0. 0. 0.],comp.windows.x
[0.03644471 0.         0.         ... 0.01955852 0.         0.        ],comp.sys.ibm.pc.hardware
[0.         0.         0.         ... 0.06240329 0.         0.        ],rec.motorcycles
[0. 0. 0. ... 0. 0. 0.],talk.politics.mideast
[0. 0. 0. ... 0. 0. 0.],comp.os.ms-windows.misc
[0. 0. 0. ... 0. 0. 0.],sci.med
[0.        0.        0.        ... 0.0702425 0.        0.       ],comp.sys.mac.hardware
[0. 0. 0. ... 0. 0. 0.],sci.electronics
[0. 0. 0. ... 0. 0. 0.],comp.os.ms-windows.misc
[0.         0.         0.         ... 0.01335924 0.         0.        ],comp.sys.mac.hardware
[0. 0. 0. ... 0. 0. 0.],sci.electronics
[0. 0. 0. ... 0. 0. 0.],comp.os.ms-windows.misc
[0.         0.         0.         ... 0.05159522 0.         0.        ],misc.forsale
[0. 0. 0. ... 0. 0. 0.],talk.politics.misc
[0. 0. 0. ... 0. 0. 0.],misc.forsale
[0. 0. 0. ... 0. 0. 0.],misc.forsale
[0.         0.06962925 0.         ... 0.         0.         0.        ],misc.forsale
[0.         0.         0.         ... 0.02222051 0.         0.        ],talk.religion.misc
[0.         0.         0.12296001 ... 0.         0.         0.        ],sci.electronics
[0. 0. 0. ... 0. 0. 0.],comp.sys.mac.hardware
[0. 0. 0. ... 0. 0. 0.],rec.sport.baseball
[0. 0. 0. ... 0. 0. 0.],talk.politics.misc
[0. 0. 0. ... 0. 0. 0.],talk.politics.guns
[0. 0. 0. ... 0. 0. 0.],comp.graphics
[0.         0.         0.         ... 0.         0.04434624 0.        ],talk.politics.guns
[0.         0.         0.         ... 0.04334164 0.         0.        ],misc.forsale
[0.         0.         0.         ... 0.04774031 0.         0.        ],soc.religion.christian
[0. 0. 0. ... 0. 0. 0.],alt.atheism
[0.         0.         0.         ... 0.05566628 0.         0.        ],talk.politics.misc
[0. 0. 0. ... 0. 0. 0.],talk.religion.misc
[0.         0.         0.         ... 0.07108293 0.         0.        ],sci.crypt
[0. 0. 0. ... 0. 0. 0.],soc.religion.christian
[0. 0. 0. ... 0. 0. 0.],sci.electronics
[0.         0.         0.         ... 0.03598779 0.         0.        ],talk.politics.guns
[0.         0.         0.         ... 0.14474952 0.         0.        ],rec.autos
[0.         0.         0.         ... 0.13527868 0.03864649 0.        ],sci.crypt
[0.         0.04256211 0.         ... 0.         0.         0.        ],comp.sys.mac.hardware
[0.        0.        0.        ... 0.1175618 0.        0.       ],comp.windows.x
[0. 0. 0. ... 0. 0. 0.],alt.atheism
[0. 0. 0. ... 0. 0. 0.],rec.motorcycles
[0. 0. 0. ... 0. 0. 0.],rec.autos
[0.         0.         0.         ... 0.07195038 0.         0.        ],sci.electronics
[0. 0. 0. ... 0. 0. 0.],misc.forsale
[0. 0. 0. ... 0. 0. 0.],comp.sys.ibm.pc.hardware
[0. 0. 0. ... 0. 0. 0.],rec.sport.hockey
[0.         0.         0.         ... 0.04678037 0.         0.        ],talk.politics.misc
[0. 0. 0. ... 0. 0. 0.],rec.autos
[0. 0. 0. ... 0. 0. 0.],comp.sys.mac.hardware
[0. 0. 0. ... 0. 0. 0.],rec.sport.baseball
[0.         0.         0.         ... 0.09651537 0.         0.        ],sci.med
[0. 0. 0. ... 0. 0. 0.],comp.sys.mac.hardware
[0. 0. 0. ... 0. 0. 0.],comp.os.ms-windows.misc
[0.         0.         0.         ... 0.04555567 0.         0.        ],rec.sport.hockey
[0. 0. 0. ... 0. 0. 0.],sci.med
[0. 0. 0. ... 0. 0. 0.],comp.sys.ibm.pc.hardware
[0.07410672 0.         0.         ... 0.01988516 0.         0.        ],sci.crypt
[0. 0. 0. ... 0. 0. 0.],sci.space
[0. 0. 0. ... 0. 0. 0.],misc.forsale
[0.         0.         0.         ... 0.10076121 0.         0.        ],talk.politics.misc
[0. 0. 0. ... 0. 0. 0.],talk.politics.misc
[0. 0. 0. ... 0. 0. 0.],sci.med
[0. 0. 0. ... 0. 0. 0.],sci.electronics
[0. 0. 0. ... 0. 0. 0.],sci.space
[0. 0. 0. ... 0. 0. 0.],sci.electronics
[0. 0. 0. ... 0. 0. 0.],sci.space
[0. 0. 0. ... 0. 0. 0.],rec.sport.hockey
[0. 0. 0. ... 0. 0. 0.],sci.crypt
[0. 0. 0. ... 0. 0. 0.],sci.space
[0. 0. 0. ... 0. 0. 0.],rec.sport.baseball
[0.         0.         0.         ... 0.04519913 0.         0.        ],sci.crypt
[0. 0. 0. ... 0. 0. 0.],sci.crypt
[0. 0. 0. ... 0. 0. 0.],talk.politics.guns
[0. 0. 0. ... 0. 0. 0.],comp.graphics
[0.         0.         0.         ... 0.06054294 0.         0.        ],comp.sys.mac.hardware
[0. 0. 0. ... 0. 0. 0.],alt.atheism
[0. 0. 0. ... 0. 0. 0.],comp.graphics
[0. 0. 0. ... 0. 0. 0.],comp.sys.ibm.pc.hardware
[0. 0. 0. ... 0. 0. 0.],rec.sport.hockey
[0.         0.         0.         ... 0.11562097 0.         0.        ],rec.sport.baseball
[0. 0. 0. ... 0. 0. 0.],soc.religion.christian
[0. 0. 0. ... 0. 0. 0.],sci.space
[0. 0. 0. ... 0. 0. 0.],comp.windows.x
[0. 0. 0. ... 0. 0. 0.],comp.os.ms-windows.misc
[0. 0. 0. ... 0. 0. 0.],comp.sys.ibm.pc.hardware
[0.         0.         0.         ... 0.03403249 0.         0.        ],alt.atheism
[0. 0. 0. ... 0. 0. 0.],talk.politics.misc
[0. 0. 0. ... 0. 0. 0.],talk.religion.misc
[0. 0. 0. ... 0. 0. 0.],rec.autos
[0.         0.         0.         ... 0.03656605 0.         0.        ],talk.politics.mideast
[0. 0. 0. ... 0. 0. 0.],talk.religion.misc
[0. 0. 0. ... 0. 0. 0.],rec.sport.hockey
[0.         0.         0.         ... 0.06229115 0.         0.        ],comp.sys.mac.hardware
[0. 0. 0. ... 0. 0. 0.],rec.sport.baseball
[0.         0.         0.         ... 0.05305439 0.         0.        ],talk.politics.misc
[0.12866687 0.         0.         ... 0.         0.         0.        ],comp.sys.ibm.pc.hardware
[0. 0. 0. ... 0. 0. 0.],comp.sys.ibm.pc.hardware
[0. 0. 0. ... 0. 0. 0.],rec.autos
[0. 0. 0. ... 0. 0. 0.],soc.religion.christian
[0. 0. 0. ... 0. 0. 0.],talk.politics.guns
[0. 0. 0. ... 0. 0. 0.],soc.religion.christian
[0.01483464 0.         0.00438749 ... 0.02189331 0.         0.        ],comp.sys.ibm.pc.hardware
[0. 0. 0. ... 0. 0. 0.],alt.atheism
[0.         0.         0.         ... 0.02310718 0.         0.        ],comp.os.ms-windows.misc
[0.         0.         0.         ... 0.0891862  0.03567027 0.        ],comp.graphics
[0.         0.08557122 0.         ... 0.         0.         0.        ],soc.religion.christian
[0. 0. 0. ... 0. 0. 0.],rec.motorcycles
[0.         0.         0.         ... 0.07764262 0.         0.        ],comp.sys.mac.hardware
[0. 0. 0. ... 0. 0. 0.],rec.sport.hockey
[0.         0.         0.         ... 0.05075006 0.         0.        ],talk.politics.mideast
[0.         0.         0.         ... 0.02261407 0.         0.        ],sci.crypt
[0.        0.        0.        ... 0.0557049 0.        0.       ],sci.med
[0.         0.         0.         ... 0.02893146 0.         0.        ],comp.sys.ibm.pc.hardware
[0. 0. 0. ... 0. 0. 0.],rec.autos
[0. 0. 0. ... 0. 0. 0.],sci.space
[0. 0. 0. ... 0. 0. 0.],sci.med
[0.         0.         0.         ... 0.07315154 0.         0.        ],talk.politics.mideast
[0.         0.         0.         ... 0.04325031 0.         0.        ],talk.politics.misc
[0. 0. 0. ... 0. 0. 0.],talk.politics.guns
[0. 0. 0. ... 0. 0. 0.],rec.sport.baseball
[0. 0. 0. ... 0. 0. 0.],talk.politics.guns
[0. 0. 0. ... 0. 0. 0.],sci.electronics
[0. 0. 0. ... 0. 0. 0.],misc.forsale
[0.         0.         0.         ... 0.03835098 0.         0.        ],comp.os.ms-windows.misc
[0.        0.        0.        ... 0.1551331 0.        0.       ],comp.graphics
[0. 0. 0. ... 0. 0. 0.],talk.religion.misc
[0. 0. 0. ... 0. 0. 0.],misc.forsale
[0. 0. 0. ... 0. 0. 0.],comp.os.ms-windows.misc
[0. 0. 0. ... 0. 0. 0.],misc.forsale
[0. 0. 0. ... 0. 0. 0.],rec.motorcycles
[0. 0. 0. ... 0. 0. 0.],rec.sport.baseball
[0. 0. 0. ... 0. 0. 0.],rec.sport.baseball
[0. 0. 0. ... 0. 0. 0.],comp.graphics
[0. 0. 0. ... 0. 0. 0.],comp.windows.x
[0. 0. 0. ... 0. 0. 0.],comp.os.ms-windows.misc
[0.         0.         0.         ... 0.05023296 0.         0.        ],sci.space
[0. 0. 0. ... 0. 0. 0.],rec.motorcycles
[0.         0.         0.         ... 0.01937335 0.         0.        ],misc.forsale
[0.         0.         0.         ... 0.07367188 0.         0.        ],comp.graphics
[0.        0.        0.        ... 0.0507141 0.        0.       ],sci.space
[0. 0. 0. ... 0. 0. 0.],sci.med
[0.         0.         0.         ... 0.0633934  0.06338591 0.        ],sci.med
[0.         0.         0.         ... 0.08031603 0.         0.        ],rec.sport.hockey
[0. 0. 0. ... 0. 0. 0.],soc.religion.christian
[0. 0. 0. ... 0. 0. 0.],misc.forsale
[0.         0.         0.         ... 0.04170433 0.         0.        ],rec.motorcycles
[0.         0.         0.         ... 0.07327698 0.07326833 0.        ],sci.space
[0.19408327 0.         0.         ... 0.         0.         0.        ],talk.politics.guns
[0. 0. 0. ... 0. 0. 0.],soc.religion.christian
[0.         0.         0.         ... 0.04894627 0.         0.        ],misc.forsale
[0. 0. 0. ... 0. 0. 0.],sci.med
[0.         0.         0.         ... 0.15280403 0.         0.        ],sci.crypt
[0. 0. 0. ... 0. 0. 0.],talk.religion.misc
[0.         0.         0.01293282 ... 0.09386754 0.         0.        ],comp.sys.mac.hardware
[0. 0. 0. ... 0. 0. 0.],talk.politics.guns
[0. 0. 0. ... 0. 0. 0.],comp.graphics
[0.         0.         0.         ... 0.08293412 0.         0.        ],sci.electronics
[0. 0. 0. ... 0. 0. 0.],sci.crypt
[0.         0.08737725 0.         ... 0.01527319 0.         0.        ],talk.politics.mideast
[0. 0. 0. ... 0. 0. 0.],rec.sport.baseball
[0.         0.         0.16400272 ... 0.         0.         0.        ],sci.crypt
[0. 0. 0. ... 0. 0. 0.],comp.graphics
[0. 0. 0. ... 0. 0. 0.],rec.motorcycles
[0. 0. 0. ... 0. 0. 0.],comp.sys.ibm.pc.hardware
[0. 0. 0. ... 0. 0. 0.],sci.crypt
[0. 0. 0. ... 0. 0. 0.],comp.sys.ibm.pc.hardware
[0. 0. 0. ... 0. 0. 0.],rec.autos
[0.         0.         0.         ... 0.05197219 0.         0.        ],comp.graphics
[0.         0.         0.         ... 0.04057216 0.         0.        ],rec.sport.hockey
[0.         0.         0.         ... 0.10462648 0.         0.        ],rec.autos
[0. 0. 0. ... 0. 0. 0.],comp.os.ms-windows.misc
[0. 0. 0. ... 0. 0. 0.],rec.autos
[0. 0. 0. ... 0. 0. 0.],talk.politics.misc
[0.         0.         0.         ... 0.06911052 0.         0.        ],sci.med
[0.13517229 0.         0.         ... 0.         0.         0.        ],comp.sys.ibm.pc.hardware
[0.         0.02052209 0.         ... 0.05380767 0.         0.        ],talk.religion.misc
[0. 0. 0. ... 0. 0. 0.],talk.politics.guns
[0.         0.         0.         ... 0.02451207 0.04901835 0.        ],alt.atheism
[0.         0.         0.         ... 0.14761111 0.         0.        ],comp.windows.x
[0.         0.         0.         ... 0.09428391 0.         0.        ],rec.autos
[0.        0.0824113 0.        ... 0.        0.        0.       ],sci.med
[0.         0.         0.         ... 0.03761464 0.         0.        ],talk.politics.guns
[0. 0. 0. ... 0. 0. 0.],comp.sys.mac.hardware
[0. 0. 0. ... 0. 0. 0.],talk.politics.mideast
[0.21385366 0.         0.         ... 0.         0.         0.        ],sci.space
[0. 0. 0. ... 0. 0. 0.],sci.electronics
[0.         0.         0.         ... 0.08651426 0.         0.        ],comp.graphics
[0. 0. 0. ... 0. 0. 0.],comp.sys.mac.hardware
[0.02275423 0.         0.01345957 ... 0.06716242 0.         0.02354805],talk.politics.misc
[0. 0. 0. ... 0. 0. 0.],alt.atheism
[0. 0. 0. ... 0. 0. 0.],sci.space
[0.         0.         0.         ... 0.05573726 0.         0.        ],comp.graphics
[0. 0. 0. ... 0. 0. 0.],talk.politics.guns
[0. 0. 0. ... 0. 0. 0.],talk.religion.misc
[0.        0.        0.        ... 0.1266407 0.        0.       ],rec.autos
[0. 0. 0. ... 0. 0. 0.],rec.sport.hockey
[0.00693381 0.         0.01640594 ... 0.00372112 0.         0.10524372],rec.sport.baseball
[0. 0. 0. ... 0. 0. 0.],sci.electronics
[0.         0.         0.         ... 0.01763724 0.         0.        ],comp.graphics
[0.         0.         0.         ... 0.05259604 0.         0.        ],sci.crypt
[0. 0. 0. ... 0. 0. 0.],sci.space
[0.         0.         0.         ... 0.         0.06972438 0.        ],sci.med
[0. 0. 0. ... 0. 0. 0.],rec.autos
[0.        0.        0.        ... 0.0653173 0.        0.       ],comp.sys.ibm.pc.hardware
[0.06082217 0.06224591 0.         ... 0.         0.         0.        ],sci.electronics
[0. 0. 0. ... 0. 0. 0.],comp.os.ms-windows.misc
[0.         0.         0.         ... 0.07608234 0.         0.        ],comp.sys.mac.hardware
[0. 0. 0. ... 0. 0. 0.],sci.crypt
[0. 0. 0. ... 0. 0. 0.],soc.religion.christian
[0. 0. 0. ... 0. 0. 0.],sci.space
[0. 0. 0. ... 0. 0. 0.],talk.politics.guns
[0.11721444 0.         0.         ... 0.         0.         0.        ],talk.politics.misc
[0.         0.         0.         ... 0.04309567 0.         0.        ],sci.med
[0. 0. 0. ... 0. 0. 0.],talk.politics.misc
[0.03536359 0.         0.         ... 0.01897832 0.         0.        ],rec.motorcycles
[0. 0. 0. ... 0. 0. 0.],talk.politics.misc
[0. 0. 0. ... 0. 0. 0.],alt.atheism
[0.         0.         0.         ... 0.05803283 0.         0.        ],rec.motorcycles
[0.         0.         0.         ... 0.03149599 0.06298455 0.        ],rec.sport.hockey
[0.         0.         0.         ... 0.02874563 0.         0.        ],soc.religion.christian
[0. 0. 0. ... 0. 0. 0.],talk.religion.misc
[0.02156268 0.         0.0255095  ... 0.12729079 0.         0.05950649],sci.med
[0. 0. 0. ... 0. 0. 0.],misc.forsale
[0. 0. 0. ... 0. 0. 0.],soc.religion.christian
[0. 0. 0. ... 0. 0. 0.],rec.autos
[0. 0. 0. ... 0. 0. 0.],talk.religion.misc
[0.72423178 0.         0.         ... 0.         0.         0.        ],misc.forsale
[0. 0. 0. ... 0. 0. 0.],comp.windows.x
[0. 0. 0. ... 0. 0. 0.],soc.religion.christian
[0.        0.        0.        ... 0.0591847 0.        0.       ],sci.med
[0.         0.         0.         ... 0.04016531 0.         0.        ],comp.sys.ibm.pc.hardware
[0. 0. 0. ... 0. 0. 0.],talk.religion.misc
[0. 0. 0. ... 0. 0. 0.],rec.sport.baseball
[0. 0. 0. ... 0. 0. 0.],sci.space
[0.         0.         0.         ... 0.03970404 0.         0.        ],talk.politics.misc
[0.         0.         0.         ... 0.03464905 0.         0.        ],rec.sport.baseball
[0. 0. 0. ... 0. 0. 0.],comp.windows.x
[0. 0. 0. ... 0. 0. 0.],comp.graphics
[0. 0. 0. ... 0. 0. 0.],comp.os.ms-windows.misc
[0.        0.        0.        ... 0.1435171 0.        0.       ],alt.atheism
[0. 0. 0. ... 0. 0. 0.],talk.politics.mideast
[0. 0. 0. ... 0. 0. 0.],comp.windows.x
[0. 0. 0. ... 0. 0. 0.],sci.med
[0. 0. 0. ... 0. 0. 0.],rec.sport.baseball
[0.        0.        0.        ... 0.0752702 0.        0.       ],rec.sport.baseball
[0. 0. 0. ... 0. 0. 0.],talk.politics.guns
[0.18795968 0.         0.         ... 0.         0.         0.        ],sci.med
[0. 0. 0. ... 0. 0. 0.],comp.graphics
[0.         0.         0.         ... 0.07605107 0.         0.        ],sci.electronics
[0. 0. 0. ... 0. 0. 0.],comp.os.ms-windows.misc
[0. 0. 0. ... 0. 0. 0.],comp.sys.ibm.pc.hardware
[0.         0.         0.         ... 0.02847427 0.         0.        ],comp.sys.ibm.pc.hardware
[0.         0.         0.         ... 0.07327029 0.14652328 0.        ],soc.religion.christian
[0.         0.         0.         ... 0.11632111 0.         0.        ],comp.sys.mac.hardware
[0.         0.         0.         ... 0.07117768 0.         0.        ],soc.religion.christian
[0. 0. 0. ... 0. 0. 0.],comp.sys.ibm.pc.hardware
[0. 0. 0. ... 0. 0. 0.],rec.motorcycles
[0. 0. 0. ... 0. 0. 0.],soc.religion.christian
[0.         0.06559394 0.         ... 0.         0.         0.        ],comp.os.ms-windows.misc
[0.07815331 0.         0.         ... 0.         0.         0.        ],comp.windows.x
[0. 0. 0. ... 0. 0. 0.],talk.politics.mideast
[0.         0.         0.         ... 0.12492393 0.         0.        ],sci.med
[0. 0. 0. ... 0. 0. 0.],talk.politics.misc
[0.         0.         0.         ... 0.03050228 0.         0.        ],rec.autos
[0. 0. 0. ... 0. 0. 0.],talk.politics.mideast
[0.23773611 0.         0.         ... 0.04252805 0.         0.        ],sci.electronics
[0. 0. 0. ... 0. 0. 0.],rec.sport.hockey
[0. 0. 0. ... 0. 0. 0.],sci.med
[0. 0. 0. ... 0. 0. 0.],alt.atheism
[0.         0.         0.         ... 0.02664977 0.         0.        ],comp.os.ms-windows.misc
[0. 0. 0. ... 0. 0. 0.],comp.graphics
[0.         0.         0.         ... 0.05481965 0.         0.        ],rec.autos
[0. 0. 0. ... 0. 0. 0.],sci.electronics
[0. 0. 0. ... 0. 0. 0.],talk.politics.guns
[0. 0. 0. ... 0. 0. 0.],comp.os.ms-windows.misc
[0. 0. 0. ... 0. 0. 0.],comp.sys.mac.hardware
[0.         0.         0.         ... 0.05930281 0.         0.        ],sci.med
[0.        0.        0.        ... 0.0320067 0.        0.       ],rec.motorcycles
[0. 0. 0. ... 0. 0. 0.],rec.autos
[0.         0.         0.         ... 0.12983977 0.         0.        ],rec.autos
[0. 0. 0. ... 0. 0. 0.],talk.religion.misc
[0. 0. 0. ... 0. 0. 0.],talk.religion.misc
[0.         0.08761109 0.         ... 0.         0.         0.        ],talk.politics.guns
[0. 0. 0. ... 0. 0. 0.],alt.atheism
[0. 0. 0. ... 0. 0. 0.],comp.windows.x
[0. 0. 0. ... 0. 0. 0.],comp.os.ms-windows.misc
[0. 0. 0. ... 0. 0. 0.],rec.autos
[0. 0. 0. ... 0. 0. 0.],sci.electronics
[0.         0.         0.         ... 0.05016623 0.         0.        ],talk.politics.guns
[0. 0. 0. ... 0. 0. 0.],soc.religion.christian
[0.         0.         0.         ... 0.08710074 0.08709046 0.        ],misc.forsale
[0.         0.         0.         ... 0.06994188 0.         0.        ],talk.religion.misc
[0. 0. 0. ... 0. 0. 0.],rec.autos
[0. 0. 0. ... 0. 0. 0.],misc.forsale
[0. 0. 0. ... 0. 0. 0.],comp.windows.x
[0. 0. 0. ... 0. 0. 0.],comp.windows.x
[0. 0. 0. ... 0. 0. 0.],sci.crypt
[0. 0. 0. ... 0. 0. 0.],comp.sys.mac.hardware
[0.         0.         0.         ... 0.03248972 0.         0.        ],comp.windows.x
[0. 0. 0. ... 0. 0. 0.],talk.politics.misc
[0. 0. 0. ... 0. 0. 0.],talk.politics.mideast
[0. 0. 0. ... 0. 0. 0.],talk.politics.mideast
[0.         0.         0.         ... 0.01264152 0.02528006 0.        ],talk.politics.guns
[0.         0.         0.         ... 0.04645966 0.         0.        ],comp.sys.mac.hardware
[0.         0.         0.         ... 0.03464533 0.         0.        ],talk.politics.misc
[0. 0. 0. ... 0. 0. 0.],comp.graphics
[0. 0. 0. ... 0. 0. 0.],sci.space
[0.         0.         0.         ... 0.05735162 0.         0.        ],sci.crypt
[0. 0. 0. ... 0. 0. 0.],rec.sport.baseball
[0.         0.         0.         ... 0.03688196 0.         0.        ],rec.motorcycles
[0. 0. 0. ... 0. 0. 0.],sci.crypt
[0.         0.12835087 0.         ... 0.         0.         0.        ],comp.os.ms-windows.misc
[0. 0. 0. ... 0. 0. 0.],comp.sys.ibm.pc.hardware
[0. 0. 0. ... 0. 0. 0.],comp.os.ms-windows.misc
[0. 0. 0. ... 0. 0. 0.],comp.graphics
[0.         0.         0.         ... 0.04254064 0.         0.        ],rec.sport.hockey
[0. 0. 0. ... 0. 0. 0.],sci.space
[0.         0.         0.         ... 0.06327479 0.         0.        ],misc.forsale
[0. 0. 0. ... 0. 0. 0.],comp.graphics
[0.         0.         0.         ... 0.07989589 0.         0.        ],comp.sys.mac.hardware
[0. 0. 0. ... 0. 0. 0.],talk.politics.guns
[0.         0.         0.         ... 0.21251155 0.         0.        ],comp.sys.ibm.pc.hardware
[0. 0. 0. ... 0. 0. 0.],sci.space
[0.         0.         0.         ... 0.         0.06875568 0.        ],talk.politics.guns
[0.         0.         0.         ... 0.06709572 0.13417559 0.        ],misc.forsale
[0. 0. 0. ... 0. 0. 0.],talk.politics.guns
[0. 0. 0. ... 0. 0. 0.],comp.sys.ibm.pc.hardware
[0. 0. 0. ... 0. 0. 0.],sci.space
[0. 0. 0. ... 0. 0. 0.],comp.sys.mac.hardware
[0. 0. 0. ... 0. 0. 0.],comp.sys.ibm.pc.hardware
[0. 0. 0. ... 0. 0. 0.],talk.politics.mideast
[0.10746857 0.         0.         ... 0.         0.11533516 0.        ],comp.windows.x
[0. 0. 0. ... 0. 0. 0.],rec.sport.hockey
[0. 0. 0. ... 0. 0. 0.],sci.med
[0. 0. 0. ... 0. 0. 0.],rec.autos
[0.         0.         0.         ... 0.02912908 0.         0.        ],talk.politics.guns
[0. 0. 0. ... 0. 0. 0.],comp.sys.ibm.pc.hardware
[0. 0. 0. ... 0. 0. 0.],comp.sys.mac.hardware
[0.         0.12027913 0.         ... 0.         0.         0.        ],comp.sys.ibm.pc.hardware
[0.         0.         0.         ... 0.05046667 0.         0.        ],alt.atheism
[0. 0. 0. ... 0. 0. 0.],talk.politics.mideast
[0.        0.        0.        ... 0.0362395 0.        0.       ],comp.os.ms-windows.misc
[0. 0. 0. ... 0. 0. 0.],misc.forsale
[0. 0. 0. ... 0. 0. 0.],talk.politics.guns
[0. 0. 0. ... 0. 0. 0.],talk.politics.guns
[0. 0. 0. ... 0. 0. 0.],comp.sys.mac.hardware
[0.0344788  0.         0.         ... 0.03700698 0.         0.        ],comp.graphics
[0.         0.         0.         ... 0.18229118 0.         0.        ],comp.sys.ibm.pc.hardware
[0. 0. 0. ... 0. 0. 0.],talk.politics.misc
[0. 0. 0. ... 0. 0. 0.],rec.motorcycles
[0. 0. 0. ... 0. 0. 0.],rec.motorcycles
[0.         0.         0.         ... 0.02693678 0.         0.        ],rec.sport.baseball
[0. 0. 0. ... 0. 0. 0.],sci.med
[0.         0.07559252 0.         ... 0.0396398  0.         0.        ],soc.religion.christian
[0. 0. 0. ... 0. 0. 0.],sci.electronics
[0.         0.         0.         ... 0.10075014 0.         0.        ],alt.atheism
[0. 0. 0. ... 0. 0. 0.],comp.sys.ibm.pc.hardware
[0. 0. 0. ... 0. 0. 0.],sci.space
[0. 0. 0. ... 0. 0. 0.],rec.motorcycles
[0. 0. 0. ... 0. 0. 0.],misc.forsale
[0. 0. 0. ... 0. 0. 0.],sci.med
[0. 0. 0. ... 0. 0. 0.],sci.med
[0. 0. 0. ... 0. 0. 0.],rec.sport.baseball
[0.         0.         0.         ... 0.03164552 0.         0.        ],soc.religion.christian
[0. 0. 0. ... 0. 0. 0.],talk.politics.mideast
[0. 0. 0. ... 0. 0. 0.],talk.politics.mideast
[0. 0. 0. ... 0. 0. 0.],talk.religion.misc
[0. 0. 0. ... 0. 0. 0.],talk.politics.misc
[0.         0.         0.         ... 0.03484048 0.         0.        ],comp.os.ms-windows.misc
[0. 0. 0. ... 0. 0. 0.],sci.crypt
[0. 0. 0. ... 0. 0. 0.],sci.crypt
[0.07478361 0.         0.         ... 0.         0.         0.        ],comp.windows.x
[0.         0.         0.         ... 0.06073454 0.         0.        ],misc.forsale
[0. 0. 0. ... 0. 0. 0.],soc.religion.christian
[0. 0. 0. ... 0. 0. 0.],soc.religion.christian
[0. 0. 0. ... 0. 0. 0.],talk.politics.mideast
[0. 0. 0. ... 0. 0. 0.],rec.motorcycles
[0.         0.         0.         ... 0.01545643 0.         0.        ],talk.politics.mideast
[0. 0. 0. ... 0. 0. 0.],sci.crypt
[0. 0. 0. ... 0. 0. 0.],talk.politics.guns
[0.         0.         0.         ... 0.10535949 0.         0.        ],comp.sys.mac.hardware
[0. 0. 0. ... 0. 0. 0.],talk.politics.guns
[0. 0. 0. ... 0. 0. 0.],talk.politics.misc
[0.        0.        0.        ... 0.0299949 0.        0.       ],soc.religion.christian
[0.         0.         0.         ... 0.05224308 0.         0.        ],talk.politics.guns
[0.         0.         0.         ... 0.07925713 0.         0.        ],rec.autos
[0.         0.         0.         ... 0.09321685 0.         0.        ],talk.politics.mideast
[0.06637454 0.         0.         ... 0.07124149 0.         0.        ],comp.windows.x
[0. 0. 0. ... 0. 0. 0.],talk.politics.misc
[0. 0. 0. ... 0. 0. 0.],talk.politics.misc
[0. 0. 0. ... 0. 0. 0.],talk.politics.mideast
[0.         0.         0.         ... 0.05622822 0.         0.        ],rec.sport.hockey
[0. 0. 0. ... 0. 0. 0.],alt.atheism
[0. 0. 0. ... 0. 0. 0.],comp.sys.ibm.pc.hardware
[0. 0. 0. ... 0. 0. 0.],soc.religion.christian
[0.        0.        0.        ... 0.0338336 0.        0.       ],talk.religion.misc
[0. 0. 0. ... 0. 0. 0.],rec.sport.hockey
[0. 0. 0. ... 0. 0. 0.],comp.graphics
[0.         0.         0.         ... 0.         0.06042126 0.        ],talk.politics.misc
[0. 0. 0. ... 0. 0. 0.],comp.sys.ibm.pc.hardware
[0. 0. 0. ... 0. 0. 0.],soc.religion.christian
[0. 0. 0. ... 0. 0. 0.],talk.politics.mideast
[0. 0. 0. ... 0. 0. 0.],talk.religion.misc
[0.         0.04943068 0.         ... 0.         0.         0.        ],sci.electronics
[0. 0. 0. ... 0. 0. 0.],talk.politics.guns
[0. 0. 0. ... 0. 0. 0.],sci.space
[0. 0. 0. ... 0. 0. 0.],comp.sys.mac.hardware
[0. 0. 0. ... 0. 0. 0.],talk.politics.guns
[0.         0.         0.         ... 0.06611205 0.         0.        ],rec.sport.baseball
[0. 0. 0. ... 0. 0. 0.],comp.graphics
[0. 0. 0. ... 0. 0. 0.],talk.politics.mideast
[0. 0. 0. ... 0. 0. 0.],misc.forsale
[0.         0.         0.         ... 0.02870664 0.         0.        ],comp.graphics
[0. 0. 0. ... 0. 0. 0.],misc.forsale
[0. 0. 0. ... 0. 0. 0.],comp.sys.mac.hardware
[0. 0. 0. ... 0. 0. 0.],comp.graphics
[0. 0. 0. ... 0. 0. 0.],comp.sys.ibm.pc.hardware
[0. 0. 0. ... 0. 0. 0.],rec.sport.hockey
[0. 0. 0. ... 0. 0. 0.],talk.religion.misc
[0. 0. 0. ... 0. 0. 0.],rec.autos
[0.         0.         0.         ... 0.12321549 0.         0.        ],misc.forsale
[0. 0. 0. ... 0. 0. 0.],talk.politics.mideast
[0. 0. 0. ... 0. 0. 0.],rec.sport.baseball
[0. 0. 0. ... 0. 0. 0.],sci.space
[0.         0.         0.         ... 0.05840495 0.         0.        ],misc.forsale
[0. 0. 0. ... 0. 0. 0.],comp.sys.mac.hardware
[0. 0. 0. ... 0. 0. 0.],soc.religion.christian
[0. 0. 0. ... 0. 0. 0.],rec.motorcycles
[0. 0. 0. ... 0. 0. 0.],talk.politics.guns
[0. 0. 0. ... 0. 0. 0.],sci.crypt
[0.         0.         0.         ... 0.04459866 0.         0.        ],soc.religion.christian
[0.         0.         0.         ... 0.06850636 0.         0.        ],comp.os.ms-windows.misc
[0.         0.         0.         ... 0.02843323 0.         0.        ],comp.os.ms-windows.misc
[0. 0. 0. ... 0. 0. 0.],comp.sys.mac.hardware
[0. 0. 0. ... 0. 0. 0.],comp.graphics
[0. 0. 0. ... 0. 0. 0.],rec.sport.hockey
[0. 0. 0. ... 0. 0. 0.],talk.politics.guns
[0. 0. 0. ... 0. 0. 0.],rec.autos
[0. 0. 0. ... 0. 0. 0.],soc.religion.christian
[0. 0. 0. ... 0. 0. 0.],rec.autos
[0. 0. 0. ... 0. 0. 0.],talk.politics.guns
[0. 0. 0. ... 0. 0. 0.],sci.space
[0. 0. 0. ... 0. 0. 0.],misc.forsale
[0.         0.         0.         ... 0.04128174 0.         0.        ],sci.med
[0. 0. 0. ... 0. 0. 0.],rec.sport.hockey
[0. 0. 0. ... 0. 0. 0.],sci.med
[0. 0. 0. ... 0. 0. 0.],comp.os.ms-windows.misc
[0. 0. 0. ... 0. 0. 0.],misc.forsale
[0. 0. 0. ... 0. 0. 0.],comp.os.ms-windows.misc
[0. 0. 0. ... 0. 0. 0.],sci.electronics
[0.         0.15650952 0.         ... 0.         0.         0.        ],comp.windows.x
[0. 0. 0. ... 0. 0. 0.],comp.sys.mac.hardware
[0.         0.         0.         ... 0.15260274 0.         0.        ],sci.electronics
[0. 0. 0. ... 0. 0. 0.],rec.autos
[0. 0. 0. ... 0. 0. 0.],talk.religion.misc
[0. 0. 0. ... 0. 0. 0.],comp.sys.ibm.pc.hardware
[0.        0.        0.        ... 0.0687483 0.        0.       ],rec.motorcycles
[0. 0. 0. ... 0. 0. 0.],rec.autos
[0. 0. 0. ... 0. 0. 0.],rec.sport.baseball
[0. 0. 0. ... 0. 0. 0.],talk.politics.mideast
[0. 0. 0. ... 0. 0. 0.],rec.sport.baseball
[0. 0. 0. ... 0. 0. 0.],misc.forsale
[0.         0.         0.         ... 0.05461038 0.         0.        ],sci.med
[0.         0.         0.         ... 0.03738558 0.         0.        ],talk.politics.guns
[0. 0. 0. ... 0. 0. 0.],rec.sport.baseball
[0. 0. 0. ... 0. 0. 0.],misc.forsale
[0. 0. 0. ... 0. 0. 0.],rec.sport.baseball
[0. 0. 0. ... 0. 0. 0.],sci.crypt
[0.         0.         0.08216792 ... 0.03727388 0.         0.        ],comp.sys.ibm.pc.hardware
[0. 0. 0. ... 0. 0. 0.],comp.windows.x
[0. 0. 0. ... 0. 0. 0.],comp.graphics
[0. 0. 0. ... 0. 0. 0.],comp.windows.x
[0.         0.         0.01136404 ... 0.02062031 0.         0.        ],sci.med
[0. 0. 0. ... 0. 0. 0.],sci.space
[0. 0. 0. ... 0. 0. 0.],sci.med
[0.         0.         0.         ... 0.05820374 0.         0.        ],rec.sport.hockey
[0. 0. 0. ... 0. 0. 0.],talk.politics.guns
[0. 0. 0. ... 0. 0. 0.],soc.religion.christian
[0. 0. 0. ... 0. 0. 0.],talk.politics.guns
[0. 0. 0. ... 0. 0. 0.],sci.electronics
[0. 0. 0. ... 0. 0. 0.],talk.religion.misc
[0. 0. 0. ... 0. 0. 0.],comp.graphics
[0. 0. 0. ... 0. 0. 0.],talk.politics.mideast
[0.         0.         0.         ... 0.04840233 0.         0.        ],talk.politics.misc
[0. 0. 0. ... 0. 0. 0.],rec.sport.hockey
[0.         0.         0.         ... 0.06675293 0.13349011 0.        ],rec.sport.hockey
[0. 0. 0. ... 0. 0. 0.],sci.electronics
[0. 0. 0. ... 0. 0. 0.],sci.crypt
[0. 0. 0. ... 0. 0. 0.],sci.space
[0.         0.         0.         ... 0.04687823 0.         0.        ],comp.os.ms-windows.misc
[0.         0.         0.         ... 0.10167449 0.         0.        ],talk.religion.misc
[0.         0.         0.         ... 0.11429977 0.         0.        ],sci.electronics
[0. 0. 0. ... 0. 0. 0.],misc.forsale
[0. 0. 0. ... 0. 0. 0.],rec.autos
[0. 0. 0. ... 0. 0. 0.],misc.forsale
[0.         0.04952321 0.         ... 0.01298468 0.         0.        ],rec.sport.hockey
[0. 0. 0. ... 0. 0. 0.],alt.atheism
[0.         0.         0.         ... 0.11301663 0.02054605 0.        ],talk.politics.guns
[0. 0. 0. ... 0. 0. 0.],alt.atheism
[0. 0. 0. ... 0. 0. 0.],comp.graphics
[0.         0.         0.         ... 0.02183845 0.04367174 0.        ],comp.sys.mac.hardware
[0. 0. 0. ... 0. 0. 0.],rec.sport.hockey
[0. 0. 0. ... 0. 0. 0.],comp.windows.x
[0.         0.         0.14600599 ... 0.         0.         0.        ],sci.electronics
[0.         0.         0.         ... 0.02568995 0.         0.        ],comp.os.ms-windows.misc
[0. 0. 0. ... 0. 0. 0.],sci.crypt
[0.        0.        0.        ... 0.0436899 0.        0.       ],alt.atheism
[0. 0. 0. ... 0. 0. 0.],misc.forsale
[0.03415108 0.03495049 0.         ... 0.07331046 0.         0.        ],rec.autos
[0.         0.         0.         ... 0.01763758 0.         0.        ],comp.graphics
[0. 0. 0. ... 0. 0. 0.],rec.autos
[0. 0. 0. ... 0. 0. 0.],rec.motorcycles
[0. 0. 0. ... 0. 0. 0.],misc.forsale
[0. 0. 0. ... 0. 0. 0.],alt.atheism
[0. 0. 0. ... 0. 0. 0.],rec.autos
[0. 0. 0. ... 0. 0. 0.],misc.forsale
[0. 0. 0. ... 0. 0. 0.],comp.os.ms-windows.misc
[0. 0. 0. ... 0. 0. 0.],sci.crypt
[0.         0.         0.         ... 0.04255339 0.         0.        ],comp.graphics
[0. 0. 0. ... 0. 0. 0.],sci.crypt
[0. 0. 0. ... 0. 0. 0.],sci.crypt
[0. 0. 0. ... 0. 0. 0.],soc.religion.christian
[0. 0. 0. ... 0. 0. 0.],talk.politics.mideast
[0. 0. 0. ... 0. 0. 0.],comp.sys.mac.hardware
[0.         0.         0.         ... 0.02013082 0.         0.        ],comp.windows.x
[0.         0.         0.         ... 0.04134152 0.         0.        ],comp.windows.x
[0. 0. 0. ... 0. 0. 0.],rec.motorcycles
[0.         0.11427554 0.         ... 0.         0.         0.        ],talk.religion.misc
[0. 0. 0. ... 0. 0. 0.],sci.space
[0. 0. 0. ... 0. 0. 0.],rec.autos
[0. 0. 0. ... 0. 0. 0.],rec.sport.hockey
[0. 0. 0. ... 0. 0. 0.],comp.graphics
[0. 0. 0. ... 0. 0. 0.],rec.autos
[0. 0. 0. ... 0. 0. 0.],soc.religion.christian
[0. 0. 0. ... 0. 0. 0.],sci.med
[0. 0. 0. ... 0. 0. 0.],sci.electronics
[0. 0. 0. ... 0. 0. 0.],sci.crypt
[0. 0. 0. ... 0. 0. 0.],soc.religion.christian
[0.         0.         0.         ... 0.04886249 0.         0.        ],rec.sport.hockey
[0.         0.         0.         ... 0.02482417 0.         0.        ],sci.med
[0. 0. 0. ... 0. 0. 0.],talk.politics.guns
[0. 0. 0. ... 0. 0. 0.],comp.os.ms-windows.misc
[0.        0.        0.        ... 0.2235737 0.        0.       ],rec.sport.baseball
[0. 0. 0. ... 0. 0. 0.],misc.forsale
[0. 0. 0. ... 0. 0. 0.],talk.politics.misc
[0. 0. 0. ... 0. 0. 0.],talk.politics.mideast
[0.         0.03761609 0.         ... 0.01972542 0.         0.        ],comp.os.ms-windows.misc
[0.         0.         0.         ... 0.07227207 0.         0.        ],sci.crypt
[0.         0.         0.         ... 0.07568282 0.15134778 0.        ],soc.religion.christian
[0. 0. 0. ... 0. 0. 0.],comp.graphics
[0.         0.05918923 0.         ... 0.         0.         0.        ],talk.politics.guns
[0.        0.        0.        ... 0.0415032 0.        0.       ],soc.religion.christian
[0.         0.         0.         ... 0.04346637 0.         0.        ],talk.politics.misc
[0.         0.         0.         ... 0.08078496 0.         0.        ],talk.politics.misc
[0.         0.         0.         ... 0.11281303 0.         0.        ],rec.sport.baseball
[0.         0.         0.         ... 0.03427128 0.         0.        ],rec.motorcycles
[0. 0. 0. ... 0. 0. 0.],comp.windows.x
[0.         0.         0.         ... 0.06198124 0.         0.        ],talk.politics.mideast
[0. 0. 0. ... 0. 0. 0.],alt.atheism
[0. 0. 0. ... 0. 0. 0.],comp.graphics
[0.         0.         0.         ... 0.12428445 0.         0.        ],comp.sys.ibm.pc.hardware
[0. 0. 0. ... 0. 0. 0.],talk.politics.misc
[0. 0. 0. ... 0. 0. 0.],comp.windows.x
[0. 0. 0. ... 0. 0. 0.],soc.religion.christian
[0. 0. 0. ... 0. 0. 0.],sci.crypt
[0. 0. 0. ... 0. 0. 0.],comp.windows.x
[0. 0. 0. ... 0. 0. 0.],comp.os.ms-windows.misc
[0. 0. 0. ... 0. 0. 0.],sci.med
[0. 0. 0. ... 0. 0. 0.],talk.politics.guns
[0. 0. 0. ... 0. 0. 0.],sci.electronics
[0. 0. 0. ... 0. 0. 0.],comp.graphics
[0. 0. 0. ... 0. 0. 0.],comp.sys.mac.hardware
[0.         0.07807819 0.         ... 0.08188651 0.         0.        ],comp.sys.mac.hardware
[0. 0. 0. ... 0. 0. 0.],sci.med
[0. 0. 0. ... 0. 0. 0.],soc.religion.christian
[0. 0. 0. ... 0. 0. 0.],comp.windows.x
[0.         0.         0.         ... 0.07587537 0.         0.        ],comp.os.ms-windows.misc
[0. 0. 0. ... 0. 0. 0.],comp.sys.mac.hardware
[0.         0.         0.         ... 0.05553711 0.         0.        ],sci.med
[0. 0. 0. ... 0. 0. 0.],alt.atheism
[0.         0.         0.         ... 0.13823882 0.         0.        ],rec.autos
[0. 0. 0. ... 0. 0. 0.],comp.sys.ibm.pc.hardware
[0.         0.         0.         ... 0.15056666 0.         0.        ],soc.religion.christian
[0. 0. 0. ... 0. 0. 0.],rec.autos
[0.         0.         0.         ... 0.04186501 0.         0.        ],sci.crypt
[0. 0. 0. ... 0. 0. 0.],talk.politics.guns
[0. 0. 0. ... 0. 0. 0.],comp.sys.ibm.pc.hardware
[0. 0. 0. ... 0. 0. 0.],sci.med
[0. 0. 0. ... 0. 0. 0.],rec.autos
[0.         0.         0.         ... 0.06262423 0.         0.        ],rec.motorcycles
[0.06004254 0.         0.         ... 0.0322226  0.         0.        ],alt.atheism
[0. 0. 0. ... 0. 0. 0.],alt.atheism
[0.         0.         0.         ... 0.15755684 0.         0.        ],sci.electronics
[0. 0. 0. ... 0. 0. 0.],rec.autos
[0. 0. 0. ... 0. 0. 0.],comp.windows.x
[0. 0. 0. ... 0. 0. 0.],rec.motorcycles
[0.0174932  0.         0.         ... 0.00938795 0.         0.        ],comp.sys.ibm.pc.hardware
[0.         0.         0.         ... 0.07589408 0.         0.        ],sci.crypt
[0. 0. 0. ... 0. 0. 0.],rec.sport.hockey
[0.         0.         0.         ... 0.03073781 0.         0.        ],rec.sport.baseball
[0. 0. 0. ... 0. 0. 0.],soc.religion.christian
[0. 0. 0. ... 0. 0. 0.],talk.politics.guns
[0. 0. 0. ... 0. 0. 0.],alt.atheism
[0.         0.         0.         ... 0.03978521 0.         0.        ],rec.motorcycles
[0. 0. 0. ... 0. 0. 0.],talk.politics.mideast
[0.         0.         0.         ... 0.11070708 0.         0.        ],rec.motorcycles
[0. 0. 0. ... 0. 0. 0.],talk.politics.mideast
[0.         0.         0.         ... 0.07338873 0.         0.        ],sci.med
[0. 0. 0. ... 0. 0. 0.],comp.sys.ibm.pc.hardware
[0. 0. 0. ... 0. 0. 0.],comp.sys.ibm.pc.hardware
[0.         0.         0.         ... 0.03648701 0.         0.        ],rec.sport.baseball
[0. 0. 0. ... 0. 0. 0.],misc.forsale
[0. 0. 0. ... 0. 0. 0.],comp.sys.ibm.pc.hardware
[0.         0.         0.         ... 0.01815243 0.         0.        ],misc.forsale
[0. 0. 0. ... 0. 0. 0.],sci.med
[0. 0. 0. ... 0. 0. 0.],talk.politics.mideast
[0. 0. 0. ... 0. 0. 0.],rec.motorcycles
[0.         0.         0.         ... 0.04441305 0.         0.        ],comp.os.ms-windows.misc
[0. 0. 0. ... 0. 0. 0.],rec.sport.baseball
[0. 0. 0. ... 0. 0. 0.],comp.sys.mac.hardware
[0.         0.         0.         ... 0.15795114 0.15793249 0.        ],comp.graphics
[0. 0. 0. ... 0. 0. 0.],talk.politics.misc
[0. 0. 0. ... 0. 0. 0.],talk.politics.mideast
[0. 0. 0. ... 0. 0. 0.],sci.med
[0. 0. 0. ... 0. 0. 0.],rec.autos
[0.         0.         0.         ... 0.         0.         0.05133034],sci.electronics
[0. 0. 0. ... 0. 0. 0.],soc.religion.christian
[0. 0. 0. ... 0. 0. 0.],rec.sport.hockey
[0. 0. 0. ... 0. 0. 0.],misc.forsale
[0. 0. 0. ... 0. 0. 0.],sci.med
[0. 0. 0. ... 0. 0. 0.],sci.space
[0.         0.         0.         ... 0.01746208 0.         0.        ],talk.politics.mideast
[0. 0. 0. ... 0. 0. 0.],comp.windows.x
[0. 0. 0. ... 0. 0. 0.],misc.forsale
[0.         0.         0.         ... 0.03286093 0.         0.        ],sci.med
[0. 0. 0. ... 0. 0. 0.],talk.religion.misc
[0. 0. 0. ... 0. 0. 0.],comp.windows.x
[0.         0.         0.         ... 0.05547052 0.         0.        ],comp.os.ms-windows.misc
[0. 0. 0. ... 0. 0. 0.],talk.politics.misc
[0. 0. 0. ... 0. 0. 0.],rec.sport.baseball
[0.        0.        0.        ... 0.0605453 0.        0.       ],sci.electronics
[0. 0. 0. ... 0. 0. 0.],sci.space
[0. 0. 0. ... 0. 0. 0.],alt.atheism
[0. 0. 0. ... 0. 0. 0.],comp.sys.mac.hardware
[0. 0. 0. ... 0. 0. 0.],rec.sport.baseball
[0. 0. 0. ... 0. 0. 0.],sci.med
[0. 0. 0. ... 0. 0. 0.],misc.forsale
[0. 0. 0. ... 0. 0. 0.],alt.atheism
[0. 0. 0. ... 0. 0. 0.],comp.graphics
[0. 0. 0. ... 0. 0. 0.],comp.sys.ibm.pc.hardware
[0.         0.         0.         ... 0.16130183 0.         0.        ],comp.graphics
[0.         0.         0.         ... 0.04689895 0.         0.        ],sci.crypt
[0. 0. 0. ... 0. 0. 0.],sci.med
[0.         0.         0.         ... 0.04905393 0.         0.        ],sci.space
[0.         0.         0.         ... 0.01493854 0.         0.        ],comp.sys.ibm.pc.hardware
[0.         0.         0.         ... 0.06535242 0.         0.        ],comp.os.ms-windows.misc
[0. 0. 0. ... 0. 0. 0.],talk.politics.mideast
[0. 0. 0. ... 0. 0. 0.],rec.sport.hockey
[0.         0.         0.         ... 0.08911767 0.         0.        ],misc.forsale
[0.         0.         0.         ... 0.07942506 0.05294379 0.        ],comp.graphics
[0.         0.         0.         ... 0.06568598 0.         0.        ],rec.sport.hockey
[0. 0. 0. ... 0. 0. 0.],misc.forsale
[0. 0. 0. ... 0. 0. 0.],rec.sport.baseball
[0.         0.         0.         ... 0.02945943 0.         0.        ],soc.religion.christian
[0. 0. 0. ... 0. 0. 0.],talk.religion.misc
[0.         0.         0.         ... 0.         0.06239766 0.        ],talk.politics.misc
[0. 0. 0. ... 0. 0. 0.],alt.atheism
[0. 0. 0. ... 0. 0. 0.],soc.religion.christian
[0. 0. 0. ... 0. 0. 0.],rec.sport.baseball
[0.         0.         0.         ... 0.03145216 0.         0.        ],soc.religion.christian
[0. 0. 0. ... 0. 0. 0.],talk.politics.guns
[0. 0. 0. ... 0. 0. 0.],comp.windows.x
[0.         0.         0.         ... 0.06761439 0.         0.        ],rec.motorcycles
[0. 0. 0. ... 0. 0. 0.],comp.sys.mac.hardware
[0. 0. 0. ... 0. 0. 0.],rec.sport.hockey
[0. 0. 0. ... 0. 0. 0.],talk.politics.misc
[0. 0. 0. ... 0. 0. 0.],rec.motorcycles
[0. 0. 0. ... 0. 0. 0.],rec.motorcycles
[0.         0.         0.         ... 0.02625792 0.         0.        ],sci.space
[0.         0.19004179 0.         ... 0.         0.         0.        ],sci.crypt
[0. 0. 0. ... 0. 0. 0.],sci.electronics
[0.         0.         0.         ... 0.05147197 0.         0.        ],rec.motorcycles
[0. 0. 0. ... 0. 0. 0.],talk.politics.misc
[0. 0. 0. ... 0. 0. 0.],misc.forsale
[0.06024368 0.         0.         ... 0.06466109 0.         0.        ],rec.sport.hockey
[0.         0.         0.         ... 0.01125421 0.         0.        ],soc.religion.christian
[0. 0. 0. ... 0. 0. 0.],talk.politics.guns
[0. 0. 0. ... 0. 0. 0.],rec.motorcycles
[0. 0. 0. ... 0. 0. 0.],alt.atheism
[0.        0.        0.        ... 0.0797897 0.        0.       ],comp.windows.x
[0. 0. 0. ... 0. 0. 0.],comp.windows.x
[0. 0. 0. ... 0. 0. 0.],rec.autos
[0. 0. 0. ... 0. 0. 0.],comp.sys.ibm.pc.hardware
[0. 0. 0. ... 0. 0. 0.],talk.politics.mideast
[0.         0.         0.         ... 0.04048783 0.         0.        ],talk.politics.mideast
[0.         0.         0.         ... 0.         0.13456919 0.        ],comp.sys.ibm.pc.hardware
[0. 0. 0. ... 0. 0. 0.],soc.religion.christian
[0.         0.         0.         ... 0.12692354 0.         0.        ],alt.atheism
[0.         0.         0.         ... 0.06730929 0.         0.        ],sci.crypt
[0. 0. 0. ... 0. 0. 0.],sci.crypt
[0. 0. 0. ... 0. 0. 0.],rec.sport.baseball
[0. 0. 0. ... 0. 0. 0.],talk.politics.guns
[0.035267   0.03609253 0.         ... 0.         0.         0.        ],sci.space
[0. 0. 0. ... 0. 0. 0.],sci.electronics
[0. 0. 0. ... 0. 0. 0.],soc.religion.christian
[0.         0.         0.         ... 0.15330463 0.         0.        ],comp.os.ms-windows.misc
[0.62016329 0.         0.         ... 0.         0.         0.        ],alt.atheism
[0. 0. 0. ... 0. 0. 0.],talk.politics.guns
[0.         0.         0.         ... 0.02981666 0.         0.        ],comp.windows.x
[0.        0.        0.        ... 0.0991124 0.        0.       ],sci.electronics
[0. 0. 0. ... 0. 0. 0.],talk.politics.mideast
[0. 0. 0. ... 0. 0. 0.],rec.autos
[0.05553318 0.         0.         ... 0.         0.05959815 0.        ],rec.motorcycles
[0. 0. 0. ... 0. 0. 0.],rec.sport.hockey
[0. 0. 0. ... 0. 0. 0.],talk.politics.mideast
[0. 0. 0. ... 0. 0. 0.],alt.atheism
[0. 0. 0. ... 0. 0. 0.],sci.electronics
[0. 0. 0. ... 0. 0. 0.],comp.sys.ibm.pc.hardware
[0.         0.         0.         ... 0.03581232 0.         0.        ],comp.sys.mac.hardware
[0.         0.01033129 0.         ... 0.02708802 0.         0.        ],rec.motorcycles
[0. 0. 0. ... 0. 0. 0.],sci.electronics
[0. 0. 0. ... 0. 0. 0.],comp.os.ms-windows.misc
[0. 0. 0. ... 0. 0. 0.],talk.politics.guns
[0. 0. 0. ... 0. 0. 0.],sci.crypt
[0. 0. 0. ... 0. 0. 0.],comp.windows.x
[0. 0. 0. ... 0. 0. 0.],rec.sport.hockey
[0. 0. 0. ... 0. 0. 0.],sci.crypt
[0.         0.         0.         ... 0.06727502 0.         0.        ],soc.religion.christian
[0.         0.         0.         ... 0.07920779 0.         0.        ],sci.space
[0.        0.        0.        ... 0.0657235 0.        0.       ],rec.sport.hockey
[0. 0. 0. ... 0. 0. 0.],sci.med
[0.         0.         0.         ... 0.10726198 0.         0.        ],sci.med
[0. 0. 0. ... 0. 0. 0.],comp.os.ms-windows.misc
[0.         0.         0.         ... 0.         0.07577545 0.        ],comp.windows.x
[0.         0.         0.         ... 0.08491691 0.         0.        ],rec.sport.hockey
[0.         0.         0.         ... 0.13038592 0.08691369 0.        ],misc.forsale
[0. 0. 0. ... 0. 0. 0.],talk.religion.misc
[0.         0.         0.         ... 0.03230317 0.         0.        ],comp.sys.ibm.pc.hardware
[0. 0. 0. ... 0. 0. 0.],rec.sport.baseball
[0. 0. 0. ... 0. 0. 0.],soc.religion.christian
[0. 0. 0. ... 0. 0. 0.],talk.politics.guns
[0.         0.         0.         ... 0.14511096 0.         0.        ],soc.religion.christian
[0. 0. 0. ... 0. 0. 0.],sci.med
[0.         0.         0.         ... 0.04467105 0.         0.        ],comp.graphics
[0.07147924 0.         0.         ... 0.         0.         0.        ],comp.sys.ibm.pc.hardware
[0.         0.         0.         ... 0.08619937 0.         0.        ],comp.sys.mac.hardware
[0.02079268 0.         0.         ... 0.01115866 0.         0.        ],alt.atheism
[0.         0.         0.         ... 0.07362794 0.         0.        ],misc.forsale
[0. 0. 0. ... 0. 0. 0.],comp.sys.ibm.pc.hardware
[0. 0. 0. ... 0. 0. 0.],comp.graphics
[0. 0. 0. ... 0. 0. 0.],talk.religion.misc
[0.         0.         0.         ... 0.04493817 0.08986573 0.        ],sci.space
[0.         0.         0.         ... 0.06311061 0.         0.        ],talk.politics.guns
[0. 0. 0. ... 0. 0. 0.],rec.sport.hockey
[0. 0. 0. ... 0. 0. 0.],comp.os.ms-windows.misc
[0.         0.         0.         ... 0.04906499 0.         0.        ],sci.space
[0. 0. 0. ... 0. 0. 0.],talk.religion.misc
[0. 0. 0. ... 0. 0. 0.],rec.sport.baseball
[0.         0.         0.         ... 0.02150291 0.         0.        ],talk.politics.mideast
[0.         0.         0.         ... 0.06060141 0.         0.        ],comp.windows.x
[0. 0. 0. ... 0. 0. 0.],sci.crypt
[0. 0. 0. ... 0. 0. 0.],comp.sys.mac.hardware
[0.        0.        0.        ... 0.0744834 0.        0.       ],sci.space
[0. 0. 0. ... 0. 0. 0.],misc.forsale
[0.        0.        0.        ... 0.0420101 0.        0.       ],comp.windows.x
[0. 0. 0. ... 0. 0. 0.],sci.med
[0. 0. 0. ... 0. 0. 0.],alt.atheism
[0. 0. 0. ... 0. 0. 0.],rec.sport.hockey
[0. 0. 0. ... 0. 0. 0.],sci.med
[0.         0.         0.         ... 0.07261371 0.         0.        ],talk.politics.mideast
[0.         0.10309223 0.         ... 0.         0.         0.        ],talk.religion.misc
[0. 0. 0. ... 0. 0. 0.],rec.motorcycles
[0. 0. 0. ... 0. 0. 0.],comp.windows.x
[0. 0. 0. ... 0. 0. 0.],rec.autos
[0. 0. 0. ... 0. 0. 0.],rec.sport.baseball
[0. 0. 0. ... 0. 0. 0.],comp.os.ms-windows.misc
[0.         0.         0.         ... 0.03969259 0.         0.        ],soc.religion.christian
[0. 0. 0. ... 0. 0. 0.],comp.sys.ibm.pc.hardware
[0.         0.         0.         ... 0.12471566 0.         0.        ],soc.religion.christian
[0.         0.         0.         ... 0.05781111 0.         0.        ],rec.sport.baseball
[0.20573809 0.         0.         ... 0.036804   0.         0.        ],soc.religion.christian
[0. 0. 0. ... 0. 0. 0.],rec.motorcycles
[0.         0.         0.         ... 0.03032097 0.         0.        ],comp.sys.ibm.pc.hardware
[0. 0. 0. ... 0. 0. 0.],talk.politics.guns
[0.14356527 0.         0.         ... 0.01926154 0.         0.        ],soc.religion.christian
[0. 0. 0. ... 0. 0. 0.],talk.religion.misc
[0. 0. 0. ... 0. 0. 0.],rec.sport.baseball
[0.         0.         0.         ... 0.04501548 0.         0.        ],misc.forsale
[0. 0. 0. ... 0. 0. 0.],misc.forsale
[0. 0. 0. ... 0. 0. 0.],comp.sys.mac.hardware
[0. 0. 0. ... 0. 0. 0.],rec.autos
[0.         0.         0.         ... 0.16631467 0.         0.        ],rec.motorcycles
[0. 0. 0. ... 0. 0. 0.],rec.sport.hockey
[0. 0. 0. ... 0. 0. 0.],rec.sport.baseball
[0.         0.         0.         ... 0.05457654 0.         0.        ],comp.sys.ibm.pc.hardware
[0. 0. 0. ... 0. 0. 0.],comp.windows.x
[0.         0.         0.         ... 0.06630325 0.         0.        ],rec.autos
[0. 0. 0. ... 0. 0. 0.],comp.os.ms-windows.misc
[0.         0.         0.         ... 0.03304961 0.         0.        ],comp.sys.mac.hardware
[0.         0.         0.         ... 0.01413292 0.         0.        ],sci.crypt
[0. 0. 0. ... 0. 0. 0.],rec.autos
[0.        0.        0.        ... 0.0519878 0.        0.       ],comp.os.ms-windows.misc
[0. 0. 0. ... 0. 0. 0.],comp.windows.x
[0.         0.09793832 0.         ... 0.05135767 0.         0.        ],sci.crypt
[0.         0.         0.         ... 0.08645355 0.         0.        ],sci.med
[0.21034817 0.         0.         ... 0.05644302 0.         0.        ],talk.politics.guns
[0. 0. 0. ... 0. 0. 0.],sci.med
[0. 0. 0. ... 0. 0. 0.],sci.electronics
[0.         0.         0.         ... 0.07027036 0.         0.        ],comp.windows.x
[0. 0. 0. ... 0. 0. 0.],sci.electronics
[0.07221537 0.         0.         ... 0.07751061 0.         0.        ],comp.sys.mac.hardware
[0. 0. 0. ... 0. 0. 0.],talk.politics.misc
[0.         0.         0.         ... 0.06591383 0.         0.        ],comp.sys.ibm.pc.hardware
[0. 0. 0. ... 0. 0. 0.],comp.sys.ibm.pc.hardware
[0. 0. 0. ... 0. 0. 0.],rec.motorcycles
[0. 0. 0. ... 0. 0. 0.],rec.sport.hockey
[0. 0. 0. ... 0. 0. 0.],misc.forsale
[0. 0. 0. ... 0. 0. 0.],sci.crypt
[0.         0.18574822 0.         ... 0.         0.         0.        ],rec.sport.hockey
[0.         0.         0.         ... 0.04165977 0.         0.        ],talk.politics.guns
[0. 0. 0. ... 0. 0. 0.],comp.sys.ibm.pc.hardware
[0.         0.         0.         ... 0.03569002 0.         0.        ],comp.sys.mac.hardware
[0.         0.06155661 0.         ... 0.         0.         0.        ],talk.politics.guns
[0.06964349 0.         0.         ... 0.         0.         0.        ],comp.windows.x
[0. 0. 0. ... 0. 0. 0.],sci.electronics
[0.      0.      0.      ... 0.04049 0.      0.     ],comp.os.ms-windows.misc
[0.         0.0820406  0.         ... 0.02151055 0.         0.        ],rec.sport.hockey
[0.         0.         0.         ... 0.01551446 0.03102526 0.        ],comp.sys.ibm.pc.hardware
[0. 0. 0. ... 0. 0. 0.],sci.space
[0. 0. 0. ... 0. 0. 0.],rec.motorcycles
[0.         0.03863496 0.         ... 0.00675323 0.         0.        ],comp.sys.mac.hardware
[0. 0. 0. ... 0. 0. 0.],soc.religion.christian
[0.         0.         0.         ... 0.08289368 0.         0.        ],sci.electronics
[0. 0. 0. ... 0. 0. 0.],comp.windows.x
[0. 0. 0. ... 0. 0. 0.],talk.politics.guns
[0.         0.         0.         ... 0.06554249 0.         0.        ],comp.windows.x
[0.         0.         0.         ... 0.01814083 0.         0.        ],sci.med
[0. 0. 0. ... 0. 0. 0.],rec.autos
[0. 0. 0. ... 0. 0. 0.],alt.atheism
[0. 0. 0. ... 0. 0. 0.],soc.religion.christian
[0. 0. 0. ... 0. 0. 0.],soc.religion.christian
[0. 0. 0. ... 0. 0. 0.],misc.forsale
[0.         0.         0.         ... 0.01621211 0.         0.        ],sci.electronics
[0. 0. 0. ... 0. 0. 0.],rec.motorcycles
[0. 0. 0. ... 0. 0. 0.],comp.sys.mac.hardware
[0. 0. 0. ... 0. 0. 0.],misc.forsale
[0. 0. 0. ... 0. 0. 0.],rec.sport.baseball
[0. 0. 0. ... 0. 0. 0.],talk.politics.misc
[0. 0. 0. ... 0. 0. 0.],comp.graphics
[0. 0. 0. ... 0. 0. 0.],rec.sport.baseball
[0. 0. 0. ... 0. 0. 0.],comp.graphics
[0. 0. 0. ... 0. 0. 0.],rec.sport.hockey
[0.         0.         0.         ... 0.02437001 0.         0.        ],comp.os.ms-windows.misc
[0. 0. 0. ... 0. 0. 0.],comp.windows.x
[0. 0. 0. ... 0. 0. 0.],comp.os.ms-windows.misc
[0. 0. 0. ... 0. 0. 0.],sci.med
[0. 0. 0. ... 0. 0. 0.],sci.med
[0.        0.        0.        ... 0.0278635 0.        0.       ],comp.graphics
[0.         0.         0.         ... 0.04267363 0.         0.        ],rec.sport.hockey
[0.        0.        0.        ... 0.0209458 0.        0.       ],comp.sys.mac.hardware
[0. 0. 0. ... 0. 0. 0.],misc.forsale
[0. 0. 0. ... 0. 0. 0.],sci.crypt
[0. 0. 0. ... 0. 0. 0.],sci.med
[0. 0. 0. ... 0. 0. 0.],sci.crypt
[0.         0.         0.         ... 0.08882077 0.         0.        ],rec.sport.baseball
[0. 0. 0. ... 0. 0. 0.],misc.forsale
[0.         0.         0.         ... 0.23544637 0.         0.        ],sci.crypt
[0. 0. 0. ... 0. 0. 0.],comp.os.ms-windows.misc
[0.         0.         0.         ... 0.15043666 0.         0.        ],comp.sys.ibm.pc.hardware
[0. 0. 0. ... 0. 0. 0.],sci.crypt
[0.         0.         0.         ... 0.05369057 0.         0.        ],sci.med
[0. 0. 0. ... 0. 0. 0.],misc.forsale
[0. 0. 0. ... 0. 0. 0.],comp.sys.mac.hardware
[0.         0.         0.         ... 0.04568742 0.         0.        ],sci.crypt
[0.         0.         0.         ... 0.11599923 0.         0.        ],sci.med
[0. 0. 0. ... 0. 0. 0.],sci.space
[0.         0.         0.         ... 0.10758513 0.         0.27661914],comp.graphics
[0.18341829 0.         0.         ... 0.09843378 0.         0.        ],talk.politics.misc
[0. 0. 0. ... 0. 0. 0.],rec.sport.baseball
[0. 0. 0. ... 0. 0. 0.],alt.atheism
[0. 0. 0. ... 0. 0. 0.],comp.sys.mac.hardware
[0.         0.         0.         ... 0.03804636 0.         0.        ],comp.sys.mac.hardware
[0.         0.         0.         ... 0.04769075 0.03179008 0.        ],comp.os.ms-windows.misc
[0. 0. 0. ... 0. 0. 0.],misc.forsale
[0.         0.         0.         ... 0.02116091 0.         0.        ],comp.sys.mac.hardware
[0. 0. 0. ... 0. 0. 0.],comp.os.ms-windows.misc
[0.        0.        0.        ... 0.1576174 0.        0.       ],comp.os.ms-windows.misc
[0. 0. 0. ... 0. 0. 0.],alt.atheism
[0. 0. 0. ... 0. 0. 0.],sci.crypt
[0.10244372 0.         0.         ... 0.         0.         0.        ],talk.politics.mideast
[0.         0.         0.         ... 0.03234063 0.         0.        ],talk.politics.misc
[0. 0. 0. ... 0. 0. 0.],sci.med
[0.         0.         0.         ... 0.03469057 0.         0.        ],misc.forsale
[0.        0.        0.        ... 0.        0.        0.1021227],sci.crypt
[0.         0.         0.         ... 0.08819949 0.         0.        ],talk.politics.mideast
[0. 0. 0. ... 0. 0. 0.],comp.sys.ibm.pc.hardware
[0. 0. 0. ... 0. 0. 0.],sci.crypt
[0. 0. 0. ... 0. 0. 0.],sci.med
[0.         0.         0.         ... 0.02600132 0.         0.        ],rec.motorcycles
[0. 0. 0. ... 0. 0. 0.],sci.electronics
[0. 0. 0. ... 0. 0. 0.],sci.space
[0.18503063 0.         0.         ... 0.         0.         0.        ],comp.graphics
[0.         0.         0.         ... 0.01824325 0.03648219 0.        ],talk.politics.misc
[0.         0.         0.         ... 0.08108286 0.         0.        ],sci.crypt
[0. 0. 0. ... 0. 0. 0.],rec.sport.hockey
[0. 0. 0. ... 0. 0. 0.],comp.windows.x
[0. 0. 0. ... 0. 0. 0.],rec.autos
[0. 0. 0. ... 0. 0. 0.],rec.sport.baseball
[0.         0.         0.01585726 ... 0.03596668 0.         0.        ],sci.electronics
[0.         0.         0.         ... 0.10447184 0.         0.        ],sci.med
[0. 0. 0. ... 0. 0. 0.],soc.religion.christian
[0. 0. 0. ... 0. 0. 0.],alt.atheism
[0. 0. 0. ... 0. 0. 0.],rec.motorcycles
[0.         0.         0.         ... 0.04420808 0.         0.        ],comp.graphics
[0.         0.         0.         ... 0.02193719 0.         0.        ],talk.religion.misc
[0. 0. 0. ... 0. 0. 0.],comp.sys.mac.hardware
[0. 0. 0. ... 0. 0. 0.],sci.space
[0.         0.         0.         ... 0.03784658 0.         0.        ],talk.politics.mideast
[0. 0. 0. ... 0. 0. 0.],rec.sport.hockey
[0.         0.         0.         ... 0.04607166 0.         0.        ],rec.sport.hockey
[0. 0. 0. ... 0. 0. 0.],talk.religion.misc
[0. 0. 0. ... 0. 0. 0.],rec.sport.baseball
[0.        0.1708981 0.        ... 0.        0.        0.       ],sci.crypt
[0. 0. 0. ... 0. 0. 0.],sci.crypt
[0. 0. 0. ... 0. 0. 0.],rec.motorcycles
[0. 0. 0. ... 0. 0. 0.],talk.politics.mideast
[0. 0. 0. ... 0. 0. 0.],rec.motorcycles
[0. 0. 0. ... 0. 0. 0.],sci.space
[0.         0.         0.         ... 0.01701806 0.         0.        ],talk.politics.mideast
[0.03455376 0.         0.         ... 0.         0.         0.        ],comp.sys.mac.hardware
[0.        0.        0.        ... 0.0551125 0.        0.       ],misc.forsale
[0.         0.         0.08740197 ... 0.03964821 0.07928706 0.        ],rec.sport.hockey
[0. 0. 0. ... 0. 0. 0.],sci.space
[0.         0.         0.         ... 0.04304421 0.         0.        ],talk.politics.mideast
[0. 0. 0. ... 0. 0. 0.],sci.electronics
[0. 0. 0. ... 0. 0. 0.],rec.autos
[0. 0. 0. ... 0. 0. 0.],talk.politics.misc
[0.         0.         0.         ... 0.02519607 0.         0.06478327],soc.religion.christian
[0.         0.         0.         ... 0.07630527 0.         0.        ],talk.politics.mideast
[0. 0. 0. ... 0. 0. 0.],sci.crypt
[0. 0. 0. ... 0. 0. 0.],sci.crypt
[0. 0. 0. ... 0. 0. 0.],comp.sys.mac.hardware
[0.02551248 0.         0.         ... 0.0136916  0.         0.        ],comp.graphics
[0. 0. 0. ... 0. 0. 0.],rec.sport.baseball
[0.         0.         0.15267635 ... 0.         0.         0.        ],rec.sport.baseball
[0.         0.         0.         ... 0.19094423 0.         0.        ],comp.graphics
[0. 0. 0. ... 0. 0. 0.],talk.politics.misc
[0. 0. 0. ... 0. 0. 0.],soc.religion.christian
[0. 0. 0. ... 0. 0. 0.],misc.forsale
[0. 0. 0. ... 0. 0. 0.],comp.sys.mac.hardware
[0. 0. 0. ... 0. 0. 0.],comp.windows.x
[0.         0.         0.         ... 0.02366175 0.         0.        ],alt.atheism
[0.         0.         0.         ... 0.06676525 0.         0.        ],rec.sport.baseball
[0. 0. 0. ... 0. 0. 0.],talk.politics.guns
[0.         0.27002173 0.         ... 0.04719871 0.         0.        ],soc.religion.christian
[0. 0. 0. ... 0. 0. 0.],talk.politics.misc
[0. 0. 0. ... 0. 0. 0.],comp.windows.x
[0. 0. 0. ... 0. 0. 0.],sci.space
[0. 0. 0. ... 0. 0. 0.],comp.windows.x
[0. 0. 0. ... 0. 0. 0.],talk.politics.guns
[0.         0.         0.         ... 0.02075006 0.         0.        ],rec.autos
[0.10913371 0.         0.         ... 0.         0.         0.        ],misc.forsale
[0. 0. 0. ... 0. 0. 0.],comp.os.ms-windows.misc
[0. 0. 0. ... 0. 0. 0.],comp.graphics
[0. 0. 0. ... 0. 0. 0.],sci.crypt
[0.10934356 0.11190309 0.         ... 0.         0.         0.        ],sci.crypt
[0. 0. 0. ... 0. 0. 0.],comp.sys.mac.hardware
[0. 0. 0. ... 0. 0. 0.],sci.crypt
[0. 0. 0. ... 0. 0. 0.],rec.motorcycles
[0. 0. 0. ... 0. 0. 0.],soc.religion.christian
[0.         0.         0.         ... 0.15036388 0.         0.        ],talk.politics.mideast
[0. 0. 0. ... 0. 0. 0.],rec.motorcycles
[0. 0. 0. ... 0. 0. 0.],misc.forsale
[0. 0. 0. ... 0. 0. 0.],rec.motorcycles
[0. 0. 0. ... 0. 0. 0.],comp.windows.x
[0. 0. 0. ... 0. 0. 0.],talk.religion.misc
[0.         0.         0.         ... 0.04968566 0.         0.        ],rec.sport.hockey
[0. 0. 0. ... 0. 0. 0.],comp.sys.ibm.pc.hardware
[0. 0. 0. ... 0. 0. 0.],soc.religion.christian
[0. 0. 0. ... 0. 0. 0.],sci.med
[0. 0. 0. ... 0. 0. 0.],sci.med
[0.         0.         0.         ... 0.00659151 0.         0.        ],rec.autos
[0. 0. 0. ... 0. 0. 0.],rec.sport.baseball
[0. 0. 0. ... 0. 0. 0.],sci.med
[0. 0. 0. ... 0. 0. 0.],sci.space
[0.         0.         0.         ... 0.02904638 0.         0.        ],sci.space
[0.         0.         0.08734773 ... 0.0396236  0.         0.        ],rec.sport.baseball
[0.         0.08246002 0.         ... 0.06918565 0.01729437 0.        ],comp.sys.mac.hardware
[0.         0.         0.         ... 0.03821762 0.         0.        ],comp.windows.x
[0. 0. 0. ... 0. 0. 0.],rec.sport.baseball
[0. 0. 0. ... 0. 0. 0.],comp.sys.mac.hardware
[0.         0.03003248 0.         ... 0.         0.         0.        ],misc.forsale
[0.00326852 0.         0.         ... 0.06139317 0.00701553 0.        ],comp.sys.ibm.pc.hardware
[0. 0. 0. ... 0. 0. 0.],comp.os.ms-windows.misc
[0. 0. 0. ... 0. 0. 0.],soc.religion.christian
[0.         0.         0.         ... 0.03780711 0.         0.        ],talk.politics.guns
[0.         0.         0.         ... 0.05564498 0.         0.        ],sci.crypt
[0.         0.         0.         ... 0.04858694 0.         0.        ],comp.sys.mac.hardware
[0. 0. 0. ... 0. 0. 0.],rec.autos
[0.06073865 0.         0.         ... 0.         0.         0.        ],sci.crypt
[0. 0. 0. ... 0. 0. 0.],misc.forsale
[0. 0. 0. ... 0. 0. 0.],talk.politics.guns
[0. 0. 0. ... 0. 0. 0.],rec.autos
[0. 0. 0. ... 0. 0. 0.],comp.graphics
[0. 0. 0. ... 0. 0. 0.],comp.os.ms-windows.misc
[0. 0. 0. ... 0. 0. 0.],comp.graphics
[0.         0.         0.         ... 0.05530878 0.         0.        ],sci.space
[0. 0. 0. ... 0. 0. 0.],rec.autos
[0. 0. 0. ... 0. 0. 0.],talk.politics.misc
[0. 0. 0. ... 0. 0. 0.],talk.politics.guns
[0. 0. 0. ... 0. 0. 0.],sci.med
[0. 0. 0. ... 0. 0. 0.],sci.electronics
[0. 0. 0. ... 0. 0. 0.],comp.graphics
[0.11443891 0.         0.         ... 0.         0.         0.        ],misc.forsale
[0.         0.10129077 0.         ... 0.09295239 0.         0.        ],rec.sport.baseball
[0. 0. 0. ... 0. 0. 0.],rec.motorcycles
[0. 0. 0. ... 0. 0. 0.],sci.space
[0. 0. 0. ... 0. 0. 0.],talk.religion.misc
[0. 0. 0. ... 0. 0. 0.],sci.electronics
[0. 0. 0. ... 0. 0. 0.],rec.autos
[0.         0.         0.         ... 0.02792857 0.         0.        ],soc.religion.christian
[0.         0.18610134 0.         ... 0.         0.         0.        ],talk.politics.misc
[0. 0. 0. ... 0. 0. 0.],comp.os.ms-windows.misc
[0.         0.         0.         ... 0.02352549 0.04704543 0.        ],sci.crypt
[0. 0. 0. ... 0. 0. 0.],comp.sys.mac.hardware
[0. 0. 0. ... 0. 0. 0.],comp.sys.ibm.pc.hardware
[0. 0. 0. ... 0. 0. 0.],rec.motorcycles
[0. 0. 0. ... 0. 0. 0.],alt.atheism
[0. 0. 0. ... 0. 0. 0.],misc.forsale
[0.         0.         0.         ... 0.04449995 0.         0.        ],sci.crypt
[0.        0.        0.        ... 0.1205857 0.        0.       ],talk.politics.mideast
[0.         0.         0.         ... 0.05616791 0.         0.        ],comp.sys.ibm.pc.hardware
[0. 0. 0. ... 0. 0. 0.],rec.sport.baseball
[0. 0. 0. ... 0. 0. 0.],rec.motorcycles
[0.06382894 0.06532306 0.         ... 0.         0.         0.        ],comp.os.ms-windows.misc
[0.         0.         0.         ... 0.12593863 0.         0.        ],sci.crypt
[0. 0. 0. ... 0. 0. 0.],alt.atheism
[0.         0.         0.         ... 0.04814714 0.         0.        ],sci.crypt
[0.         0.         0.         ... 0.05045277 0.         0.        ],rec.sport.baseball
[0.02715273 0.25009496 0.         ... 0.         0.         0.        ],sci.crypt
[0.         0.         0.14154441 ... 0.06420888 0.         0.        ],rec.motorcycles
[0.         0.         0.         ... 0.17649773 0.         0.        ],rec.sport.baseball
[0. 0. 0. ... 0. 0. 0.],sci.electronics
[0. 0. 0. ... 0. 0. 0.],soc.religion.christian
[0. 0. 0. ... 0. 0. 0.],sci.crypt
[0.         0.         0.         ... 0.06836791 0.         0.        ],misc.forsale
[0. 0. 0. ... 0. 0. 0.],soc.religion.christian
[0. 0. 0. ... 0. 0. 0.],talk.politics.misc
[0. 0. 0. ... 0. 0. 0.],rec.autos
[0.         0.         0.         ... 0.09976822 0.         0.        ],sci.med
[0. 0. 0. ... 0. 0. 0.],rec.autos
[0. 0. 0. ... 0. 0. 0.],rec.motorcycles
[0.         0.         0.         ... 0.03577253 0.07153661 0.        ],sci.med
[0. 0. 0. ... 0. 0. 0.],comp.sys.mac.hardware
[0.05481435 0.         0.         ... 0.02941683 0.         0.        ],rec.autos
[0. 0. 0. ... 0. 0. 0.],comp.windows.x
[0. 0. 0. ... 0. 0. 0.],comp.sys.mac.hardware
[0. 0. 0. ... 0. 0. 0.],comp.sys.mac.hardware
[0. 0. 0. ... 0. 0. 0.],soc.religion.christian
[0. 0. 0. ... 0. 0. 0.],sci.space
[0.         0.         0.         ... 0.02823203 0.         0.        ],soc.religion.christian
[0.         0.         0.         ... 0.03682028 0.         0.        ],comp.sys.ibm.pc.hardware
[0. 0. 0. ... 0. 0. 0.],sci.med
[0.         0.         0.         ... 0.02784985 0.         0.        ],comp.sys.ibm.pc.hardware
[0. 0. 0. ... 0. 0. 0.],alt.atheism
[0.         0.         0.         ... 0.03257864 0.         0.        ],comp.os.ms-windows.misc
[0.         0.         0.         ... 0.03642398 0.         0.        ],comp.sys.ibm.pc.hardware
[0.         0.         0.         ... 0.02694877 0.         0.        ],rec.sport.hockey
[0. 0. 0. ... 0. 0. 0.],comp.graphics
[0.         0.         0.         ... 0.02785658 0.         0.        ],rec.sport.hockey
[0. 0. 0. ... 0. 0. 0.],alt.atheism
[0. 0. 0. ... 0. 0. 0.],sci.space
[0. 0. 0. ... 0. 0. 0.],rec.sport.hockey
[0. 0. 0. ... 0. 0. 0.],sci.electronics
[0. 0. 0. ... 0. 0. 0.],soc.religion.christian
[0. 0. 0. ... 0. 0. 0.],soc.religion.christian
[0.         0.07272593 0.         ... 0.0381366  0.         0.        ],rec.sport.baseball
[0.         0.         0.         ... 0.03212912 0.         0.        ],comp.sys.mac.hardware
[0. 0. 0. ... 0. 0. 0.],comp.sys.mac.hardware
[0.         0.         0.         ... 0.08464551 0.         0.        ],talk.politics.misc
[0.         0.07383339 0.         ... 0.03871733 0.         0.        ],talk.politics.misc
[0. 0. 0. ... 0. 0. 0.],rec.sport.hockey
[0. 0. 0. ... 0. 0. 0.],talk.religion.misc
[0.         0.         0.         ... 0.03751606 0.         0.        ],comp.windows.x
[0.         0.         0.         ... 0.03517215 0.         0.        ],rec.sport.baseball
[0. 0. 0. ... 0. 0. 0.],rec.motorcycles
[0. 0. 0. ... 0. 0. 0.],comp.sys.ibm.pc.hardware
[0. 0. 0. ... 0. 0. 0.],sci.electronics
[0. 0. 0. ... 0. 0. 0.],comp.sys.ibm.pc.hardware
[0.         0.         0.         ... 0.06123199 0.         0.        ],rec.sport.baseball
[0. 0. 0. ... 0. 0. 0.],talk.politics.mideast
[0. 0. 0. ... 0. 0. 0.],soc.religion.christian
[0.         0.         0.         ... 0.02897774 0.         0.        ],rec.sport.baseball
[0.         0.         0.         ... 0.11030568 0.         0.        ],talk.politics.guns
[0.         0.         0.         ... 0.05558573 0.         0.        ],rec.sport.hockey
[0.         0.         0.         ... 0.02762897 0.         0.        ],rec.sport.hockey
[0. 0. 0. ... 0. 0. 0.],rec.autos
[0.59935735 0.         0.         ... 0.         0.         0.        ],comp.graphics
[0. 0. 0. ... 0. 0. 0.],rec.motorcycles
[0. 0. 0. ... 0. 0. 0.],rec.sport.baseball
[0. 0. 0. ... 0. 0. 0.],comp.sys.mac.hardware
[0. 0. 0. ... 0. 0. 0.],sci.med
[0.       0.       0.       ... 0.052704 0.       0.      ],soc.religion.christian
[0.         0.         0.         ... 0.04822962 0.         0.        ],talk.politics.mideast
[0.         0.         0.         ... 0.07627048 0.         0.        ],sci.med
[0.         0.         0.         ... 0.05865774 0.         0.        ],rec.motorcycles
[0. 0. 0. ... 0. 0. 0.],sci.med
[0.         0.         0.         ... 0.05522474 0.         0.        ],soc.religion.christian
[0. 0. 0. ... 0. 0. 0.],alt.atheism
[0. 0. 0. ... 0. 0. 0.],sci.electronics
[0. 0. 0. ... 0. 0. 0.],comp.sys.mac.hardware
[0.         0.         0.         ... 0.02880168 0.         0.        ],rec.sport.baseball
[0. 0. 0. ... 0. 0. 0.],soc.religion.christian
[0. 0. 0. ... 0. 0. 0.],sci.electronics
[0. 0. 0. ... 0. 0. 0.],rec.sport.baseball
[0. 0. 0. ... 0. 0. 0.],sci.space
[0. 0. 0. ... 0. 0. 0.],sci.electronics
[0.         0.         0.         ... 0.         0.         0.08381252],talk.politics.mideast
[0. 0. 0. ... 0. 0. 0.],talk.politics.guns
[0. 0. 0. ... 0. 0. 0.],talk.religion.misc
[0. 0. 0. ... 0. 0. 0.],comp.windows.x
[0.12929598 0.         0.         ... 0.06938835 0.         0.        ],talk.politics.mideast
[0.         0.         0.         ... 0.04911061 0.09820963 0.        ],comp.os.ms-windows.misc
[0. 0. 0. ... 0. 0. 0.],comp.sys.mac.hardware
[0. 0. 0. ... 0. 0. 0.],comp.sys.mac.hardware
[0. 0. 0. ... 0. 0. 0.],sci.electronics
[0. 0. 0. ... 0. 0. 0.],misc.forsale
[0. 0. 0. ... 0. 0. 0.],comp.sys.ibm.pc.hardware
[0. 0. 0. ... 0. 0. 0.],talk.religion.misc
[0. 0. 0. ... 0. 0. 0.],talk.politics.mideast
[0.         0.         0.         ... 0.04865048 0.         0.        ],talk.politics.misc
[0.         0.         0.         ... 0.12107062 0.         0.        ],talk.politics.guns
[0. 0. 0. ... 0. 0. 0.],talk.politics.mideast
[0. 0. 0. ... 0. 0. 0.],comp.sys.mac.hardware
[0. 0. 0. ... 0. 0. 0.],rec.sport.hockey
[0. 0. 0. ... 0. 0. 0.],rec.sport.baseball
[0.         0.         0.         ... 0.09137591 0.18273025 0.        ],sci.space
[0. 0. 0. ... 0. 0. 0.],talk.politics.guns
[0. 0. 0. ... 0. 0. 0.],misc.forsale
[0. 0. 0. ... 0. 0. 0.],comp.sys.mac.hardware
[0.         0.04820222 0.         ... 0.         0.         0.        ],talk.religion.misc
[0.         0.         0.         ... 0.10269314 0.         0.        ],talk.politics.misc
[0. 0. 0. ... 0. 0. 0.],rec.motorcycles
[0. 0. 0. ... 0. 0. 0.],sci.crypt
[0.         0.         0.         ... 0.14388166 0.         0.        ],rec.sport.hockey
[0.         0.         0.         ... 0.07378432 0.         0.        ],rec.sport.hockey
[0. 0. 0. ... 0. 0. 0.],sci.med
[0. 0. 0. ... 0. 0. 0.],sci.crypt
[0. 0. 0. ... 0. 0. 0.],talk.politics.misc
[0.         0.         0.         ... 0.02535371 0.         0.        ],sci.electronics
[0.         0.         0.         ... 0.08164467 0.         0.        ],talk.politics.misc
[0.         0.         0.         ... 0.07396357 0.         0.        ],talk.religion.misc
[0.         0.         0.         ... 0.04834136 0.         0.        ],rec.sport.baseball
[0. 0. 0. ... 0. 0. 0.],sci.space
[0. 0. 0. ... 0. 0. 0.],comp.sys.ibm.pc.hardware
[0. 0. 0. ... 0. 0. 0.],misc.forsale
[0. 0. 0. ... 0. 0. 0.],comp.graphics
[0.         0.         0.         ... 0.02670025 0.         0.        ],alt.atheism
[0. 0. 0. ... 0. 0. 0.],sci.med
[0. 0. 0. ... 0. 0. 0.],comp.os.ms-windows.misc
[0. 0. 0. ... 0. 0. 0.],sci.space
[0.        0.        0.        ... 0.0338698 0.        0.       ],rec.motorcycles
[0. 0. 0. ... 0. 0. 0.],rec.sport.hockey
[0. 0. 0. ... 0. 0. 0.],sci.space
[0. 0. 0. ... 0. 0. 0.],comp.graphics
[0. 0. 0. ... 0. 0. 0.],comp.sys.ibm.pc.hardware
[0. 0. 0. ... 0. 0. 0.],rec.sport.baseball
[0. 0. 0. ... 0. 0. 0.],talk.politics.misc
[0. 0. 0. ... 0. 0. 0.],talk.politics.mideast
[0. 0. 0. ... 0. 0. 0.],talk.politics.mideast
[0. 0. 0. ... 0. 0. 0.],rec.motorcycles
[0. 0. 0. ... 0. 0. 0.],comp.os.ms-windows.misc
[0.         0.         0.         ... 0.04759085 0.         0.        ],sci.crypt
[0. 0. 0. ... 0. 0. 0.],rec.sport.baseball
[0. 0. 0. ... 0. 0. 0.],comp.graphics
[0. 0. 0. ... 0. 0. 0.],rec.sport.hockey
[0.         0.         0.         ... 0.03478186 0.         0.        ],comp.sys.mac.hardware
[0.        0.        0.        ... 0.0834461 0.        0.       ],comp.sys.ibm.pc.hardware
[0. 0. 0. ... 0. 0. 0.],talk.religion.misc
[0.         0.         0.         ... 0.03854225 0.         0.        ],comp.sys.ibm.pc.hardware
[0. 0. 0. ... 0. 0. 0.],comp.os.ms-windows.misc
[0.48969629 0.         0.         ... 0.0876006  0.         0.        ],comp.graphics
[0. 0. 0. ... 0. 0. 0.],sci.space
[0. 0. 0. ... 0. 0. 0.],misc.forsale
[0.         0.         0.         ... 0.         0.         0.10084958],soc.religion.christian
[0. 0. 0. ... 0. 0. 0.],sci.electronics
[0. 0. 0. ... 0. 0. 0.],comp.sys.ibm.pc.hardware
[0. 0. 0. ... 0. 0. 0.],sci.crypt
[0. 0. 0. ... 0. 0. 0.],talk.politics.mideast
[0. 0. 0. ... 0. 0. 0.],comp.sys.ibm.pc.hardware
[0. 0. 0. ... 0. 0. 0.],talk.politics.guns
[0.         0.         0.         ... 0.06764174 0.         0.        ],comp.sys.ibm.pc.hardware
[0.         0.06199416 0.         ... 0.03250899 0.         0.        ],misc.forsale
[0. 0. 0. ... 0. 0. 0.],sci.med
[0.         0.         0.         ... 0.03049785 0.         0.        ],sci.med
[0.         0.         0.         ... 0.00888469 0.         0.        ],rec.motorcycles
[0.         0.         0.         ... 0.05358204 0.         0.        ],talk.religion.misc
[0. 0. 0. ... 0. 0. 0.],comp.graphics
[0.         0.         0.         ... 0.05941943 0.         0.        ],rec.autos
[0.         0.         0.         ... 0.06928819 0.         0.        ],alt.atheism
[0. 0. 0. ... 0. 0. 0.],talk.politics.mideast
[0.1093277 0.        0.        ... 0.        0.        0.       ],comp.windows.x
[0. 0. 0. ... 0. 0. 0.],sci.med
[0. 0. 0. ... 0. 0. 0.],comp.os.ms-windows.misc
[0.         0.         0.         ... 0.03570612 0.         0.        ],rec.sport.baseball
[0.         0.         0.07080977 ... 0.         0.         0.        ],comp.os.ms-windows.misc
[0. 0. 0. ... 0. 0. 0.],soc.religion.christian
[0. 0. 0. ... 0. 0. 0.],sci.med
[0. 0. 0. ... 0. 0. 0.],rec.sport.baseball
[0. 0. 0. ... 0. 0. 0.],soc.religion.christian
[0.        0.        0.        ... 0.0643408 0.        0.       ],talk.politics.mideast
[0. 0. 0. ... 0. 0. 0.],rec.autos
[0. 0. 0. ... 0. 0. 0.],sci.electronics
[0.         0.         0.         ... 0.02828657 0.         0.        ],comp.sys.ibm.pc.hardware
[0. 0. 0. ... 0. 0. 0.],soc.religion.christian
[0. 0. 0. ... 0. 0. 0.],talk.politics.misc
[0.         0.         0.         ... 0.07642519 0.         0.        ],talk.politics.guns
[0.         0.         0.         ... 0.07212706 0.         0.        ],rec.autos
[0.         0.         0.         ... 0.04943769 0.         0.        ],soc.religion.christian
[0. 0. 0. ... 0. 0. 0.],rec.sport.hockey
[0.         0.         0.         ... 0.00770456 0.         0.0198097 ],talk.politics.mideast
[0.         0.         0.         ... 0.04441215 0.         0.        ],comp.graphics
[0. 0. 0. ... 0. 0. 0.],soc.religion.christian
[0.         0.02745859 0.         ... 0.         0.         0.        ],rec.sport.hockey
[0. 0. 0. ... 0. 0. 0.],talk.politics.mideast
[0. 0. 0. ... 0. 0. 0.],comp.windows.x
[0.         0.23759988 0.         ... 0.06229725 0.         0.        ],talk.politics.guns
[0. 0. 0. ... 0. 0. 0.],rec.sport.baseball
[0. 0. 0. ... 0. 0. 0.],sci.med
[0. 0. 0. ... 0. 0. 0.],comp.os.ms-windows.misc
[0.         0.         0.         ... 0.05211923 0.         0.        ],comp.sys.mac.hardware
[0.         0.         0.         ... 0.07088102 0.         0.        ],sci.space
[0. 0. 0. ... 0. 0. 0.],comp.sys.ibm.pc.hardware
[0. 0. 0. ... 0. 0. 0.],sci.crypt
[0.05536798 0.         0.         ... 0.         0.         0.        ],comp.sys.ibm.pc.hardware
[0. 0. 0. ... 0. 0. 0.],rec.sport.baseball
[0. 0. 0. ... 0. 0. 0.],rec.autos
[0. 0. 0. ... 0. 0. 0.],comp.sys.ibm.pc.hardware
[0.         0.         0.         ... 0.04086463 0.         0.        ],talk.politics.mideast
[0.         0.         0.         ... 0.04817244 0.         0.        ],sci.med
[0. 0. 0. ... 0. 0. 0.],misc.forsale
[0. 0. 0. ... 0. 0. 0.],sci.electronics
[0.         0.         0.         ... 0.04222778 0.         0.        ],sci.space
[0. 0. 0. ... 0. 0. 0.],rec.autos
[0.        0.        0.        ... 0.0800113 0.        0.       ],sci.med
[0.         0.         0.         ... 0.07893151 0.         0.        ],rec.autos
[0.         0.         0.         ... 0.05397177 0.         0.        ],talk.politics.misc
[0. 0. 0. ... 0. 0. 0.],sci.crypt
[0. 0. 0. ... 0. 0. 0.],alt.atheism
[0. 0. 0. ... 0. 0. 0.],comp.windows.x
[0.         0.         0.         ... 0.10568588 0.         0.        ],rec.motorcycles
[0. 0. 0. ... 0. 0. 0.],rec.sport.hockey
[0.         0.         0.         ... 0.03213909 0.         0.        ],rec.autos
[0. 0. 0. ... 0. 0. 0.],soc.religion.christian
[0.         0.         0.         ... 0.04710224 0.         0.        ],rec.motorcycles
[0. 0. 0. ... 0. 0. 0.],comp.graphics
[0. 0. 0. ... 0. 0. 0.],rec.sport.baseball
[0. 0. 0. ... 0. 0. 0.],comp.sys.ibm.pc.hardware
[0. 0. 0. ... 0. 0. 0.],sci.crypt
[0.         0.         0.         ... 0.25395834 0.         0.        ],comp.os.ms-windows.misc
[0. 0. 0. ... 0. 0. 0.],alt.atheism
[0. 0. 0. ... 0. 0. 0.],sci.med
[0. 0. 0. ... 0. 0. 0.],talk.politics.mideast
[0. 0. 0. ... 0. 0. 0.],comp.windows.x
[0.         0.         0.         ... 0.         0.06074425 0.        ],comp.graphics
[0. 0. 0. ... 0. 0. 0.],talk.politics.guns
[0. 0. 0. ... 0. 0. 0.],talk.politics.guns
[0. 0. 0. ... 0. 0. 0.],comp.sys.mac.hardware
[0. 0. 0. ... 0. 0. 0.],talk.politics.guns
[0. 0. 0. ... 0. 0. 0.],alt.atheism
[0. 0. 0. ... 0. 0. 0.],rec.motorcycles
[0.         0.         0.10706003 ... 0.04856571 0.         0.        ],rec.autos
[0. 0. 0. ... 0. 0. 0.],comp.sys.mac.hardware
[0. 0. 0. ... 0. 0. 0.],sci.med
[0. 0. 0. ... 0. 0. 0.],sci.electronics
[0. 0. 0. ... 0. 0. 0.],misc.forsale
[0.146873 0.       0.       ... 0.       0.       0.      ],misc.forsale
[0. 0. 0. ... 0. 0. 0.],soc.religion.christian
[0. 0. 0. ... 0. 0. 0.],talk.politics.misc
[0. 0. 0. ... 0. 0. 0.],comp.sys.mac.hardware
[0. 0. 0. ... 0. 0. 0.],rec.sport.hockey
[0.28202023 0.         0.         ... 0.         0.         0.        ],rec.motorcycles
[0.         0.         0.         ... 0.02189323 0.         0.        ],talk.politics.misc
[0.        0.        0.        ... 0.0470928 0.        0.       ],soc.religion.christian
[0. 0. 0. ... 0. 0. 0.],talk.politics.guns
[0.         0.         0.         ... 0.05729025 0.11456698 0.        ],alt.atheism
[0. 0. 0. ... 0. 0. 0.],rec.motorcycles
[0.         0.         0.         ... 0.03456828 0.         0.        ],rec.autos
[0. 0. 0. ... 0. 0. 0.],sci.crypt
[0. 0. 0. ... 0. 0. 0.],talk.politics.guns
[0. 0. 0. ... 0. 0. 0.],talk.politics.misc
[0.        0.        0.        ... 0.0249471 0.        0.       ],talk.politics.guns
[0. 0. 0. ... 0. 0. 0.],sci.crypt
[0. 0. 0. ... 0. 0. 0.],rec.autos
[0. 0. 0. ... 0. 0. 0.],comp.graphics
[0. 0. 0. ... 0. 0. 0.],sci.med
[0. 0. 0. ... 0. 0. 0.],sci.electronics
[0. 0. 0. ... 0. 0. 0.],sci.crypt
[0.         0.2762182  0.         ... 0.05793819 0.         0.        ],sci.med
[0. 0. 0. ... 0. 0. 0.],comp.os.ms-windows.misc
[0. 0. 0. ... 0. 0. 0.],misc.forsale
[0.         0.         0.         ... 0.12431135 0.         0.        ],rec.sport.hockey
[0.         0.         0.         ... 0.03426943 0.         0.        ],sci.med
[0. 0. 0. ... 0. 0. 0.],sci.med
[0.         0.         0.         ... 0.05897148 0.         0.        ],rec.autos
[0. 0. 0. ... 0. 0. 0.],rec.sport.hockey
[0. 0. 0. ... 0. 0. 0.],talk.politics.mideast
[0. 0. 0. ... 0. 0. 0.],rec.motorcycles
[0. 0. 0. ... 0. 0. 0.],sci.crypt
[0. 0. 0. ... 0. 0. 0.],talk.politics.mideast
[0. 0. 0. ... 0. 0. 0.],comp.os.ms-windows.misc
[0. 0. 0. ... 0. 0. 0.],sci.crypt
[0. 0. 0. ... 0. 0. 0.],rec.sport.hockey
[0.         0.         0.         ... 0.07547273 0.         0.        ],comp.sys.mac.hardware
[0.         0.         0.         ... 0.04674636 0.         0.        ],talk.politics.guns
[0. 0. 0. ... 0. 0. 0.],comp.os.ms-windows.misc
[0. 0. 0. ... 0. 0. 0.],sci.space
[0. 0. 0. ... 0. 0. 0.],sci.electronics
[0. 0. 0. ... 0. 0. 0.],comp.os.ms-windows.misc
[0. 0. 0. ... 0. 0. 0.],talk.religion.misc
[0. 0. 0. ... 0. 0. 0.],sci.med
[0. 0. 0. ... 0. 0. 0.],talk.politics.guns
[0. 0. 0. ... 0. 0. 0.],rec.sport.hockey
[0. 0. 0. ... 0. 0. 0.],comp.os.ms-windows.misc
[0. 0. 0. ... 0. 0. 0.],comp.os.ms-windows.misc
[0. 0. 0. ... 0. 0. 0.],sci.space
[0. 0. 0. ... 0. 0. 0.],comp.windows.x
[0. 0. 0. ... 0. 0. 0.],rec.autos
[0. 0. 0. ... 0. 0. 0.],comp.os.ms-windows.misc
[0.         0.         0.         ... 0.04394929 0.         0.        ],rec.motorcycles
[0. 0. 0. ... 0. 0. 0.],sci.crypt
[0. 0. 0. ... 0. 0. 0.],comp.os.ms-windows.misc
[0.         0.         0.         ... 0.03579128 0.         0.        ],sci.electronics
[0. 0. 0. ... 0. 0. 0.],rec.autos
[0. 0. 0. ... 0. 0. 0.],comp.windows.x
[0. 0. 0. ... 0. 0. 0.],comp.sys.mac.hardware
[0.         0.         0.         ... 0.12501463 0.         0.        ],rec.sport.hockey
[0. 0. 0. ... 0. 0. 0.],sci.space
[0. 0. 0. ... 0. 0. 0.],comp.sys.mac.hardware
[0. 0. 0. ... 0. 0. 0.],sci.crypt
[0.         0.         0.         ... 0.07492704 0.         0.        ],rec.motorcycles
[0. 0. 0. ... 0. 0. 0.],sci.space
[0.         0.         0.         ... 0.08769146 0.         0.        ],sci.electronics
[0. 0. 0. ... 0. 0. 0.],comp.sys.ibm.pc.hardware
[0.         0.         0.         ... 0.08022344 0.         0.        ],talk.politics.mideast
[0.         0.         0.         ... 0.06575028 0.         0.        ],sci.electronics
[0. 0. 0. ... 0. 0. 0.],rec.sport.baseball
[0. 0. 0. ... 0. 0. 0.],rec.sport.hockey
[0. 0. 0. ... 0. 0. 0.],soc.religion.christian
[0.         0.         0.         ... 0.09582959 0.         0.        ],comp.graphics
[0.         0.         0.         ... 0.10231182 0.         0.        ],comp.sys.ibm.pc.hardware
[0. 0. 0. ... 0. 0. 0.],talk.politics.guns
[0. 0. 0. ... 0. 0. 0.],talk.politics.misc
[0.         0.         0.         ... 0.07561353 0.         0.        ],rec.sport.hockey
[0. 0. 0. ... 0. 0. 0.],talk.religion.misc
[0.         0.         0.         ... 0.03685797 0.         0.        ],sci.electronics
[0. 0. 0. ... 0. 0. 0.],soc.religion.christian
[0. 0. 0. ... 0. 0. 0.],comp.sys.ibm.pc.hardware
[0. 0. 0. ... 0. 0. 0.],talk.politics.misc
[0. 0. 0. ... 0. 0. 0.],comp.os.ms-windows.misc
[0. 0. 0. ... 0. 0. 0.],rec.sport.hockey
[0. 0. 0. ... 0. 0. 0.],talk.politics.guns
[0. 0. 0. ... 0. 0. 0.],rec.sport.hockey
[0. 0. 0. ... 0. 0. 0.],comp.sys.mac.hardware
[0. 0. 0. ... 0. 0. 0.],alt.atheism
[0. 0. 0. ... 0. 0. 0.],misc.forsale
[0. 0. 0. ... 0. 0. 0.],talk.politics.misc
[0. 0. 0. ... 0. 0. 0.],talk.religion.misc
[0.         0.         0.         ... 0.02099674 0.         0.        ],rec.sport.hockey
[0.        0.        0.        ... 0.0175546 0.        0.       ],sci.med
[0. 0. 0. ... 0. 0. 0.],comp.windows.x
[0. 0. 0. ... 0. 0. 0.],sci.med
[0. 0. 0. ... 0. 0. 0.],sci.med
[0.         0.         0.         ... 0.05286208 0.         0.        ],rec.autos
[0. 0. 0. ... 0. 0. 0.],comp.windows.x
[0. 0. 0. ... 0. 0. 0.],talk.politics.guns
[0. 0. 0. ... 0. 0. 0.],comp.sys.mac.hardware
[0. 0. 0. ... 0. 0. 0.],sci.med
[0.         0.         0.         ... 0.18383665 0.         0.        ],comp.os.ms-windows.misc
[0. 0. 0. ... 0. 0. 0.],talk.politics.misc
[0. 0. 0. ... 0. 0. 0.],talk.religion.misc
[0.         0.         0.         ... 0.05538467 0.         0.        ],sci.electronics
[0. 0. 0. ... 0. 0. 0.],sci.med
[0.         0.         0.         ... 0.01627854 0.01085108 0.        ],talk.politics.mideast
[0. 0. 0. ... 0. 0. 0.],sci.space
[0.         0.08115587 0.         ... 0.         0.         0.        ],sci.electronics
[0. 0. 0. ... 0. 0. 0.],rec.autos
[0.         0.         0.         ... 0.08590788 0.         0.        ],comp.os.ms-windows.misc
[0.30944399 0.         0.         ... 0.         0.         0.        ],comp.sys.mac.hardware
[0.         0.         0.         ... 0.05786607 0.         0.        ],rec.sport.hockey
[0. 0. 0. ... 0. 0. 0.],soc.religion.christian
[0.         0.         0.         ... 0.04227995 0.         0.        ],comp.windows.x
[0.         0.         0.         ... 0.14348007 0.         0.        ],sci.space
[0. 0. 0. ... 0. 0. 0.],sci.space
[0. 0. 0. ... 0. 0. 0.],rec.sport.hockey
[0.11506734 0.         0.         ... 0.         0.         0.        ],comp.graphics
[0. 0. 0. ... 0. 0. 0.],rec.sport.baseball
[0. 0. 0. ... 0. 0. 0.],rec.autos
[0.         0.         0.         ... 0.08144115 0.         0.        ],sci.electronics
[0. 0. 0. ... 0. 0. 0.],comp.graphics
[0. 0. 0. ... 0. 0. 0.],talk.religion.misc
[0. 0. 0. ... 0. 0. 0.],rec.sport.hockey
[0.         0.         0.         ... 0.09546414 0.         0.        ],sci.crypt
[0. 0. 0. ... 0. 0. 0.],comp.graphics
[0. 0. 0. ... 0. 0. 0.],talk.politics.misc
[0. 0. 0. ... 0. 0. 0.],comp.os.ms-windows.misc
[0.         0.         0.         ... 0.07527571 0.         0.        ],comp.graphics
[0. 0. 0. ... 0. 0. 0.],comp.os.ms-windows.misc
[0. 0. 0. ... 0. 0. 0.],rec.sport.hockey
[0. 0. 0. ... 0. 0. 0.],sci.med
[0.         0.         0.         ... 0.03108159 0.         0.        ],comp.graphics
[0. 0. 0. ... 0. 0. 0.],sci.med
[0. 0. 0. ... 0. 0. 0.],rec.autos
[0.         0.         0.         ... 0.02470971 0.         0.        ],rec.sport.hockey
[0.         0.         0.         ... 0.03489702 0.         0.        ],sci.med
[0.         0.         0.         ... 0.08439961 0.         0.        ],alt.atheism
[0. 0. 0. ... 0. 0. 0.],sci.space
[0. 0. 0. ... 0. 0. 0.],sci.med
[0. 0. 0. ... 0. 0. 0.],talk.religion.misc
[0.         0.         0.         ... 0.02335081 0.         0.        ],talk.politics.mideast
[0. 0. 0. ... 0. 0. 0.],talk.politics.mideast
[0.         0.3232667  0.         ... 0.06356893 0.         0.        ],talk.politics.guns
[0. 0. 0. ... 0. 0. 0.],sci.med
[0.         0.         0.         ... 0.06615255 0.         0.        ],soc.religion.christian
[0. 0. 0. ... 0. 0. 0.],rec.sport.hockey
[0. 0. 0. ... 0. 0. 0.],talk.politics.mideast
[0. 0. 0. ... 0. 0. 0.],talk.religion.misc
[0.         0.         0.         ... 0.02339101 0.         0.        ],comp.sys.mac.hardware
[0. 0. 0. ... 0. 0. 0.],sci.space
[0. 0. 0. ... 0. 0. 0.],rec.sport.hockey
[0.         0.         0.         ... 0.04660264 0.         0.        ],comp.os.ms-windows.misc
[0. 0. 0. ... 0. 0. 0.],misc.forsale
[0. 0. 0. ... 0. 0. 0.],rec.autos
[0.         0.         0.         ... 0.03331196 0.         0.        ],soc.religion.christian
[0.         0.         0.         ... 0.06789501 0.         0.        ],talk.politics.mideast
[0. 0. 0. ... 0. 0. 0.],rec.sport.baseball
[0.         0.         0.         ... 0.03089334 0.         0.        ],comp.graphics
[0. 0. 0. ... 0. 0. 0.],comp.sys.ibm.pc.hardware
[0. 0. 0. ... 0. 0. 0.],comp.graphics
[0. 0. 0. ... 0. 0. 0.],sci.electronics
[0.         0.         0.         ... 0.04202604 0.         0.        ],rec.sport.hockey
[0.         0.         0.         ... 0.05370387 0.         0.        ],soc.religion.christian
[0.         0.         0.01317784 ... 0.01195574 0.         0.        ],comp.windows.x
[0.         0.         0.         ... 0.02064807 0.         0.        ],rec.autos
[0. 0. 0. ... 0. 0. 0.],rec.sport.baseball
[0. 0. 0. ... 0. 0. 0.],rec.autos
[0. 0. 0. ... 0. 0. 0.],rec.autos
[0. 0. 0. ... 0. 0. 0.],alt.atheism
[0. 0. 0. ... 0. 0. 0.],sci.med
[0. 0. 0. ... 0. 0. 0.],rec.motorcycles
[0. 0. 0. ... 0. 0. 0.],talk.politics.guns
[0. 0. 0. ... 0. 0. 0.],talk.politics.mideast
[0. 0. 0. ... 0. 0. 0.],comp.os.ms-windows.misc
[0. 0. 0. ... 0. 0. 0.],rec.sport.hockey
[0.         0.         0.         ... 0.04945403 0.         0.        ],talk.religion.misc
[0.         0.         0.         ... 0.03208974 0.         0.        ],comp.windows.x
[0. 0. 0. ... 0. 0. 0.],comp.windows.x
[0.         0.         0.         ... 0.04472369 0.         0.        ],talk.politics.guns
[0. 0. 0. ... 0. 0. 0.],comp.sys.ibm.pc.hardware
[0. 0. 0. ... 0. 0. 0.],rec.motorcycles
[0.         0.04946915 0.         ... 0.         0.         0.        ],rec.sport.baseball
[0.         0.         0.         ... 0.06826897 0.         0.17553081],soc.religion.christian
[0. 0. 0. ... 0. 0. 0.],rec.motorcycles
[0.16057548 0.         0.27138159 ... 0.         0.         0.        ],sci.electronics
[0. 0. 0. ... 0. 0. 0.],sci.space
[0.         0.         0.         ... 0.09948585 0.         0.        ],soc.religion.christian
[0.         0.14068558 0.         ... 0.         0.         0.        ],sci.electronics
[0.         0.         0.         ... 0.05960112 0.         0.        ],talk.politics.mideast
[0. 0. 0. ... 0. 0. 0.],talk.politics.guns
[0. 0. 0. ... 0. 0. 0.],rec.sport.hockey
[0.        0.        0.        ... 0.0373805 0.        0.       ],sci.crypt
[0. 0. 0. ... 0. 0. 0.],soc.religion.christian
[0.         0.         0.         ... 0.05991879 0.         0.        ],talk.religion.misc
[0.         0.         0.         ... 0.12938575 0.         0.        ],rec.sport.hockey
[0. 0. 0. ... 0. 0. 0.],comp.windows.x
[0. 0. 0. ... 0. 0. 0.],comp.sys.ibm.pc.hardware
[0. 0. 0. ... 0. 0. 0.],rec.sport.hockey
[0.         0.         0.         ... 0.02506407 0.         0.        ],soc.religion.christian
[0. 0. 0. ... 0. 0. 0.],comp.sys.mac.hardware
[0. 0. 0. ... 0. 0. 0.],talk.politics.misc
[0.         0.07317112 0.         ... 0.         0.         0.        ],soc.religion.christian
[0. 0. 0. ... 0. 0. 0.],talk.religion.misc
[0.         0.         0.         ... 0.06880709 0.         0.        ],misc.forsale
[0. 0. 0. ... 0. 0. 0.],rec.autos
[0.         0.         0.         ... 0.03781972 0.         0.        ],sci.space
[0. 0. 0. ... 0. 0. 0.],talk.politics.guns
[0. 0. 0. ... 0. 0. 0.],comp.os.ms-windows.misc
[0. 0. 0. ... 0. 0. 0.],sci.electronics
[0. 0. 0. ... 0. 0. 0.],alt.atheism
[0.         0.         0.         ... 0.04914276 0.03930956 0.        ],comp.sys.mac.hardware
[0. 0. 0. ... 0. 0. 0.],talk.politics.misc
[0. 0. 0. ... 0. 0. 0.],talk.politics.mideast
[0.         0.         0.         ... 0.09738718 0.         0.        ],comp.windows.x
[0. 0. 0. ... 0. 0. 0.],misc.forsale
[0. 0. 0. ... 0. 0. 0.],rec.sport.baseball
[0.         0.         0.         ... 0.03716456 0.         0.        ],alt.atheism
[0. 0. 0. ... 0. 0. 0.],sci.electronics
[0. 0. 0. ... 0. 0. 0.],rec.sport.hockey
[0.         0.         0.         ... 0.10872367 0.         0.        ],rec.autos
[0. 0. 0. ... 0. 0. 0.],comp.os.ms-windows.misc
[0. 0. 0. ... 0. 0. 0.],alt.atheism
[0. 0. 0. ... 0. 0. 0.],rec.sport.hockey
[0.         0.         0.         ... 0.05237951 0.         0.        ],talk.politics.misc
[0. 0. 0. ... 0. 0. 0.],rec.motorcycles
[0. 0. 0. ... 0. 0. 0.],rec.motorcycles
[0.         0.         0.         ... 0.04657053 0.         0.        ],sci.electronics
[0. 0. 0. ... 0. 0. 0.],sci.electronics
[0. 0. 0. ... 0. 0. 0.],rec.autos
[0.         0.14982848 0.         ... 0.         0.         0.        ],comp.sys.ibm.pc.hardware
[0.         0.         0.         ... 0.02812536 0.         0.        ],talk.politics.misc
[0. 0. 0. ... 0. 0. 0.],comp.os.ms-windows.misc
[0. 0. 0. ... 0. 0. 0.],comp.sys.ibm.pc.hardware
[0.         0.         0.         ... 0.09494692 0.         0.        ],rec.motorcycles
[0. 0. 0. ... 0. 0. 0.],rec.autos
[0.         0.         0.         ... 0.         0.         0.13081338],comp.graphics
[0.         0.         0.         ... 0.06827165 0.         0.        ],alt.atheism
[0. 0. 0. ... 0. 0. 0.],comp.os.ms-windows.misc
[0.         0.         0.         ... 0.05720975 0.03813533 0.        ],talk.politics.misc
[0. 0. 0. ... 0. 0. 0.],comp.os.ms-windows.misc
[0. 0. 0. ... 0. 0. 0.],rec.motorcycles
[0. 0. 0. ... 0. 0. 0.],sci.crypt
[0. 0. 0. ... 0. 0. 0.],sci.med
[0.         0.         0.         ... 0.05021101 0.         0.        ],comp.windows.x
[0. 0. 0. ... 0. 0. 0.],rec.autos
[0. 0. 0. ... 0. 0. 0.],comp.os.ms-windows.misc
[0. 0. 0. ... 0. 0. 0.],sci.electronics
[0. 0. 0. ... 0. 0. 0.],sci.crypt
[0. 0. 0. ... 0. 0. 0.],rec.sport.baseball
[0. 0. 0. ... 0. 0. 0.],comp.sys.ibm.pc.hardware
[0. 0. 0. ... 0. 0. 0.],comp.windows.x
[0.         0.         0.         ... 0.05972507 0.         0.        ],comp.os.ms-windows.misc
[0.         0.         0.         ... 0.04025444 0.         0.        ],talk.politics.mideast
[0. 0. 0. ... 0. 0. 0.],rec.sport.baseball
[0. 0. 0. ... 0. 0. 0.],sci.crypt
[0. 0. 0. ... 0. 0. 0.],talk.politics.mideast
[0. 0. 0. ... 0. 0. 0.],rec.sport.hockey
[0. 0. 0. ... 0. 0. 0.],comp.windows.x
[0.09928562 0.         0.         ... 0.         0.         0.        ],comp.os.ms-windows.misc
[0.         0.         0.         ... 0.06266732 0.         0.        ],sci.electronics
[0.         0.         0.         ... 0.04484642 0.         0.        ],comp.os.ms-windows.misc
[0.         0.         0.         ... 0.03253295 0.         0.        ],talk.politics.mideast
[0.         0.         0.0331625  ... 0.01504352 0.         0.        ],sci.space
[0.         0.         0.         ... 0.06531934 0.         0.        ],rec.autos
[0.         0.         0.         ... 0.06649414 0.         0.        ],sci.crypt
[0.         0.         0.         ... 0.09090992 0.04544959 0.        ],talk.politics.mideast
[0. 0. 0. ... 0. 0. 0.],rec.motorcycles
[0.         0.         0.         ... 0.04721496 0.         0.        ],sci.crypt
[0. 0. 0. ... 0. 0. 0.],rec.motorcycles
[0. 0. 0. ... 0. 0. 0.],comp.sys.ibm.pc.hardware
[0. 0. 0. ... 0. 0. 0.],talk.religion.misc
[0. 0. 0. ... 0. 0. 0.],alt.atheism
[0. 0. 0. ... 0. 0. 0.],sci.electronics
[0. 0. 0. ... 0. 0. 0.],talk.politics.mideast
[0. 0. 0. ... 0. 0. 0.],talk.politics.guns
[0. 0. 0. ... 0. 0. 0.],talk.politics.misc
[0. 0. 0. ... 0. 0. 0.],sci.crypt
[0. 0. 0. ... 0. 0. 0.],comp.graphics
[0. 0. 0. ... 0. 0. 0.],sci.electronics
[0.         0.         0.10340622 ... 0.         0.         0.        ],rec.motorcycles
[0. 0. 0. ... 0. 0. 0.],talk.politics.guns
[0. 0. 0. ... 0. 0. 0.],rec.sport.baseball
[0. 0. 0. ... 0. 0. 0.],rec.autos
[0. 0. 0. ... 0. 0. 0.],comp.windows.x
[0. 0. 0. ... 0. 0. 0.],comp.os.ms-windows.misc
[0.         0.         0.         ... 0.07363789 0.         0.        ],comp.sys.ibm.pc.hardware
[0.        0.0734108 0.        ... 0.        0.        0.       ],talk.politics.mideast
[0. 0. 0. ... 0. 0. 0.],alt.atheism
[0. 0. 0. ... 0. 0. 0.],comp.windows.x
[0. 0. 0. ... 0. 0. 0.],soc.religion.christian
[0. 0. 0. ... 0. 0. 0.],soc.religion.christian
[0.         0.         0.         ... 0.03897051 0.         0.        ],talk.politics.mideast
[0. 0. 0. ... 0. 0. 0.],misc.forsale
[0.         0.35877824 0.         ... 0.07055211 0.         0.        ],misc.forsale
[0. 0. 0. ... 0. 0. 0.],comp.windows.x
[0. 0. 0. ... 0. 0. 0.],comp.windows.x
[0. 0. 0. ... 0. 0. 0.],misc.forsale
[0. 0. 0. ... 0. 0. 0.],rec.autos
[0. 0. 0. ... 0. 0. 0.],sci.crypt
[0.24316012 0.         0.         ... 0.         0.         0.        ],comp.graphics
[0. 0. 0. ... 0. 0. 0.],comp.os.ms-windows.misc
[0. 0. 0. ... 0. 0. 0.],misc.forsale
[0. 0. 0. ... 0. 0. 0.],comp.os.ms-windows.misc
[0. 0. 0. ... 0. 0. 0.],comp.sys.ibm.pc.hardware
[0. 0. 0. ... 0. 0. 0.],comp.graphics
[0. 0. 0. ... 0. 0. 0.],comp.sys.ibm.pc.hardware
[0. 0. 0. ... 0. 0. 0.],comp.windows.x
[0.         0.         0.         ... 0.11062267 0.         0.        ],comp.windows.x
[0.09251892 0.         0.         ... 0.14895439 0.         0.        ],comp.windows.x
[0. 0. 0. ... 0. 0. 0.],rec.motorcycles
[0. 0. 0. ... 0. 0. 0.],talk.politics.mideast
[0. 0. 0. ... 0. 0. 0.],alt.atheism
[0. 0. 0. ... 0. 0. 0.],talk.religion.misc
[0. 0. 0. ... 0. 0. 0.],rec.motorcycles
[0. 0. 0. ... 0. 0. 0.],sci.space
[0. 0. 0. ... 0. 0. 0.],comp.sys.ibm.pc.hardware
[0. 0. 0. ... 0. 0. 0.],rec.sport.baseball
[0. 0. 0. ... 0. 0. 0.],comp.sys.ibm.pc.hardware
[0. 0. 0. ... 0. 0. 0.],sci.space
[0. 0. 0. ... 0. 0. 0.],talk.religion.misc
[0. 0. 0. ... 0. 0. 0.],soc.religion.christian
[0. 0. 0. ... 0. 0. 0.],sci.electronics
[0.         0.         0.         ... 0.09464616 0.         0.        ],sci.med
[0. 0. 0. ... 0. 0. 0.],talk.politics.mideast
[0. 0. 0. ... 0. 0. 0.],sci.med
[0.         0.         0.         ... 0.05141794 0.         0.        ],rec.motorcycles
[0. 0. 0. ... 0. 0. 0.],sci.electronics
[0. 0. 0. ... 0. 0. 0.],sci.space
[0. 0. 0. ... 0. 0. 0.],sci.electronics
[0.10972835 0.         0.         ... 0.         0.11776035 0.        ],misc.forsale
[0.         0.         0.         ... 0.03494892 0.         0.        ],rec.motorcycles
[0. 0. 0. ... 0. 0. 0.],misc.forsale
[0. 0. 0. ... 0. 0. 0.],sci.med
[0. 0. 0. ... 0. 0. 0.],sci.crypt
[0.        0.        0.        ... 0.0423888 0.        0.       ],sci.space
[0.         0.         0.         ... 0.         0.05290234 0.        ],sci.space
[0.         0.         0.         ... 0.03817736 0.         0.        ],comp.sys.mac.hardware
[0. 0. 0. ... 0. 0. 0.],talk.politics.mideast
[0. 0. 0. ... 0. 0. 0.],sci.space
[0. 0. 0. ... 0. 0. 0.],rec.sport.baseball
[0. 0. 0. ... 0. 0. 0.],talk.politics.guns
[0. 0. 0. ... 0. 0. 0.],rec.sport.baseball
[0. 0. 0. ... 0. 0. 0.],rec.sport.hockey
[0. 0. 0. ... 0. 0. 0.],sci.crypt
[0.         0.         0.         ... 0.06053792 0.         0.        ],talk.politics.mideast
[0. 0. 0. ... 0. 0. 0.],rec.sport.hockey
[0. 0. 0. ... 0. 0. 0.],rec.motorcycles
[0.07952929 0.         0.         ... 0.04268042 0.         0.        ],misc.forsale
[0. 0. 0. ... 0. 0. 0.],sci.med
[0. 0. 0. ... 0. 0. 0.],sci.med
[0.         0.         0.         ... 0.         0.         0.65684445],talk.politics.mideast
[0.        0.        0.        ... 0.0284924 0.        0.       ],rec.motorcycles
[0.         0.         0.         ... 0.         0.         0.16736558],soc.religion.christian
[0. 0. 0. ... 0. 0. 0.],soc.religion.christian
[0. 0. 0. ... 0. 0. 0.],comp.sys.mac.hardware
[0. 0. 0. ... 0. 0. 0.],misc.forsale
[0. 0. 0. ... 0. 0. 0.],comp.graphics
[0.        0.        0.        ... 0.0330015 0.        0.       ],rec.sport.baseball
[0. 0. 0. ... 0. 0. 0.],comp.sys.ibm.pc.hardware
[0.         0.         0.         ... 0.03605437 0.         0.        ],comp.os.ms-windows.misc
[0. 0. 0. ... 0. 0. 0.],sci.electronics
[0.         0.         0.         ... 0.04501009 0.         0.        ],rec.motorcycles
[0. 0. 0. ... 0. 0. 0.],talk.politics.guns
[0.         0.         0.         ... 0.11336414 0.         0.        ],rec.motorcycles
[0.         0.         0.         ... 0.03555809 0.         0.        ],talk.politics.mideast
[0.         0.         0.         ... 0.0831784  0.08316858 0.        ],comp.graphics
[0. 0. 0. ... 0. 0. 0.],talk.politics.guns
[0. 0. 0. ... 0. 0. 0.],comp.graphics
[0. 0. 0. ... 0. 0. 0.],comp.graphics
[0.        0.        0.        ... 0.0572573 0.        0.       ],talk.politics.misc
[0. 0. 0. ... 0. 0. 0.],sci.med
[0. 0. 0. ... 0. 0. 0.],rec.autos
[0.         0.06455896 0.         ... 0.         0.         0.        ],rec.sport.baseball
[0.         0.         0.         ... 0.15946721 0.05798123 0.        ],talk.politics.misc
[0. 0. 0. ... 0. 0. 0.],comp.windows.x
[0. 0. 0. ... 0. 0. 0.],sci.crypt
[0.         0.         0.08357575 ... 0.         0.07581609 0.        ],rec.sport.hockey
[0. 0. 0. ... 0. 0. 0.],comp.sys.mac.hardware
[0. 0. 0. ... 0. 0. 0.],misc.forsale
[0. 0. 0. ... 0. 0. 0.],rec.sport.baseball
[0. 0. 0. ... 0. 0. 0.],talk.politics.guns
[0. 0. 0. ... 0. 0. 0.],sci.space
[0.         0.         0.         ... 0.02755195 0.         0.        ],sci.electronics
[0. 0. 0. ... 0. 0. 0.],comp.graphics
[0. 0. 0. ... 0. 0. 0.],comp.sys.mac.hardware
[0.         0.         0.         ... 0.05276582 0.         0.        ],soc.religion.christian
[0. 0. 0. ... 0. 0. 0.],talk.politics.misc
[0.         0.         0.         ... 0.05569371 0.         0.        ],rec.autos
[0. 0. 0. ... 0. 0. 0.],comp.windows.x
[0. 0. 0. ... 0. 0. 0.],sci.med
[0. 0. 0. ... 0. 0. 0.],talk.politics.guns
[0. 0. 0. ... 0. 0. 0.],talk.religion.misc
[0.         0.         0.         ... 0.07918738 0.         0.        ],talk.politics.guns
[0.         0.         0.         ... 0.02605668 0.         0.        ],sci.med
[0. 0. 0. ... 0. 0. 0.],rec.sport.hockey
[0.         0.11135061 0.         ... 0.         0.         0.        ],soc.religion.christian
[0. 0. 0. ... 0. 0. 0.],sci.space
[0. 0. 0. ... 0. 0. 0.],sci.crypt
[0.         0.         0.         ... 0.03780545 0.         0.        ],talk.politics.misc
[0. 0. 0. ... 0. 0. 0.],rec.sport.baseball
[0. 0. 0. ... 0. 0. 0.],rec.autos
[0. 0. 0. ... 0. 0. 0.],sci.crypt
[0. 0. 0. ... 0. 0. 0.],comp.graphics
[0.       0.       0.086728 ... 0.       0.       0.      ],talk.religion.misc
[0. 0. 0. ... 0. 0. 0.],comp.os.ms-windows.misc
[0. 0. 0. ... 0. 0. 0.],rec.sport.baseball
[0. 0. 0. ... 0. 0. 0.],alt.atheism
[0. 0. 0. ... 0. 0. 0.],rec.motorcycles
[0. 0. 0. ... 0. 0. 0.],comp.windows.x
[0.        0.        0.        ... 0.0561331 0.        0.       ],sci.med
[0.         0.         0.         ... 0.05702812 0.         0.        ],sci.space
[0. 0. 0. ... 0. 0. 0.],comp.sys.ibm.pc.hardware
[0. 0. 0. ... 0. 0. 0.],comp.sys.ibm.pc.hardware
[0.14492506 0.         0.         ... 0.         0.         0.        ],sci.space
[0. 0. 0. ... 0. 0. 0.],rec.autos
[0. 0. 0. ... 0. 0. 0.],sci.med
[0. 0. 0. ... 0. 0. 0.],rec.sport.hockey
[0. 0. 0. ... 0. 0. 0.],comp.sys.mac.hardware
[0. 0. 0. ... 0. 0. 0.],talk.politics.misc
[0. 0. 0. ... 0. 0. 0.],sci.space
[0.         0.         0.         ... 0.08967806 0.         0.        ],comp.os.ms-windows.misc
[0. 0. 0. ... 0. 0. 0.],misc.forsale
[0. 0. 0. ... 0. 0. 0.],talk.politics.guns
[0.         0.         0.         ... 0.06106566 0.         0.        ],talk.politics.guns
[0.         0.05686583 0.         ... 0.02981975 0.         0.        ],talk.religion.misc
[0. 0. 0. ... 0. 0. 0.],talk.religion.misc
[0. 0. 0. ... 0. 0. 0.],sci.electronics
[0. 0. 0. ... 0. 0. 0.],rec.autos
[0.         0.         0.         ... 0.05864367 0.         0.        ],sci.med
[0.         0.         0.         ... 0.02021994 0.         0.        ],rec.sport.hockey
[0. 0. 0. ... 0. 0. 0.],comp.sys.ibm.pc.hardware
[0. 0. 0. ... 0. 0. 0.],talk.politics.misc
[0. 0. 0. ... 0. 0. 0.],talk.politics.mideast
[0.         0.         0.         ... 0.05544512 0.         0.        ],sci.space
[0.         0.         0.         ... 0.06470333 0.         0.        ],talk.politics.guns
[0. 0. 0. ... 0. 0. 0.],rec.autos
[0. 0. 0. ... 0. 0. 0.],comp.os.ms-windows.misc
[0.         0.         0.         ... 0.09018886 0.         0.        ],talk.politics.mideast
[0. 0. 0. ... 0. 0. 0.],comp.graphics
[0.         0.         0.         ... 0.07204297 0.         0.        ],comp.sys.ibm.pc.hardware
[0. 0. 0. ... 0. 0. 0.],sci.space
[0.         0.         0.         ... 0.07059918 0.         0.        ],comp.sys.ibm.pc.hardware
[0. 0. 0. ... 0. 0. 0.],rec.sport.hockey
[0. 0. 0. ... 0. 0. 0.],alt.atheism
[0.         0.         0.08347876 ... 0.         0.         0.        ],rec.autos
[0. 0. 0. ... 0. 0. 0.],rec.autos
[0. 0. 0. ... 0. 0. 0.],rec.sport.baseball
[0. 0. 0. ... 0. 0. 0.],rec.sport.hockey
[0.         0.         0.         ... 0.05119008 0.         0.        ],comp.os.ms-windows.misc
[0. 0. 0. ... 0. 0. 0.],comp.sys.mac.hardware
[0.         0.08870611 0.         ... 0.09303282 0.         0.        ],sci.space
[0.         0.07129625 0.         ... 0.03738689 0.         0.        ],comp.sys.ibm.pc.hardware
[0. 0. 0. ... 0. 0. 0.],talk.politics.mideast
[0.        0.        0.        ... 0.0593439 0.        0.       ],sci.electronics
[0. 0. 0. ... 0. 0. 0.],talk.politics.misc
[0. 0. 0. ... 0. 0. 0.],comp.os.ms-windows.misc
[0. 0. 0. ... 0. 0. 0.],sci.electronics
[0. 0. 0. ... 0. 0. 0.],rec.sport.hockey
[0. 0. 0. ... 0. 0. 0.],comp.sys.mac.hardware
[0. 0. 0. ... 0. 0. 0.],rec.motorcycles
[0.         0.         0.03022474 ... 0.         0.         0.        ],talk.politics.mideast
[0. 0. 0. ... 0. 0. 0.],rec.sport.baseball
[0. 0. 0. ... 0. 0. 0.],comp.windows.x
[0. 0. 0. ... 0. 0. 0.],comp.sys.ibm.pc.hardware
[0.         0.         0.         ... 0.09903923 0.         0.        ],sci.electronics
[0. 0. 0. ... 0. 0. 0.],sci.med
[0. 0. 0. ... 0. 0. 0.],misc.forsale
[0. 0. 0. ... 0. 0. 0.],alt.atheism
[0. 0. 0. ... 0. 0. 0.],talk.religion.misc
[0.         0.         0.         ... 0.02371952 0.         0.        ],sci.electronics
[0. 0. 0. ... 0. 0. 0.],talk.politics.guns
[0. 0. 0. ... 0. 0. 0.],sci.crypt
[0. 0. 0. ... 0. 0. 0.],sci.electronics
[0. 0. 0. ... 0. 0. 0.],rec.sport.baseball
[0. 0. 0. ... 0. 0. 0.],talk.politics.mideast
[0.         0.         0.         ... 0.02569825 0.         0.        ],soc.religion.christian
[0. 0. 0. ... 0. 0. 0.],sci.space
[0.         0.         0.         ... 0.01737983 0.         0.        ],talk.politics.guns
[0.32470324 0.         0.         ... 0.         0.         0.        ],comp.sys.ibm.pc.hardware
[0.         0.         0.         ... 0.03637062 0.07273265 0.        ],sci.space
[0. 0. 0. ... 0. 0. 0.],sci.space
[0. 0. 0. ... 0. 0. 0.],rec.sport.hockey
[0. 0. 0. ... 0. 0. 0.],sci.electronics
[0.         0.         0.         ... 0.04517797 0.         0.        ],soc.religion.christian
[0.         0.         0.08474041 ... 0.         0.         0.        ],rec.motorcycles
[0. 0. 0. ... 0. 0. 0.],talk.politics.mideast
[0. 0. 0. ... 0. 0. 0.],comp.windows.x
[0.        0.        0.        ... 0.0783618 0.        0.       ],talk.politics.mideast
[0.        0.        0.        ... 0.0514574 0.        0.       ],sci.electronics
[0.         0.         0.         ... 0.05172301 0.         0.        ],misc.forsale
[0.22716954 0.         0.13437525 ... 0.         0.         0.        ],talk.politics.misc
[0. 0. 0. ... 0. 0. 0.],rec.motorcycles
[0.         0.         0.         ... 0.07734209 0.         0.        ],misc.forsale
[0. 0. 0. ... 0. 0. 0.],rec.sport.baseball
[0. 0. 0. ... 0. 0. 0.],talk.politics.misc
[0.         0.         0.         ... 0.07626858 0.         0.        ],talk.politics.guns
[0. 0. 0. ... 0. 0. 0.],sci.space
[0.         0.         0.         ... 0.04376819 0.         0.        ],sci.crypt
[0. 0. 0. ... 0. 0. 0.],sci.electronics
[0.06714253 0.06871422 0.         ... 0.         0.         0.        ],rec.sport.baseball
[0.         0.00669021 0.         ... 0.0105248  0.         0.00902033],sci.crypt
[0.         0.         0.         ... 0.22753304 0.         0.        ],comp.graphics
[0.         0.         0.         ... 0.08616537 0.         0.        ],misc.forsale
[0. 0. 0. ... 0. 0. 0.],rec.sport.hockey
[0.         0.02199073 0.         ... 0.02306335 0.         0.        ],sci.crypt
[0.         0.         0.         ... 0.06349017 0.         0.        ],sci.space
[0. 0. 0. ... 0. 0. 0.],talk.politics.guns
[0.         0.02562135 0.         ... 0.04030658 0.         0.        ],rec.motorcycles
[0.         0.         0.         ... 0.12598653 0.         0.        ],sci.electronics
[0. 0. 0. ... 0. 0. 0.],talk.politics.guns
[0. 0. 0. ... 0. 0. 0.],talk.religion.misc
[0.         0.         0.         ... 0.01866812 0.         0.        ],rec.sport.hockey
[0. 0. 0. ... 0. 0. 0.],talk.politics.misc
[0.         0.         0.         ... 0.02903857 0.         0.        ],rec.sport.baseball
[0.         0.         0.         ... 0.02913956 0.         0.        ],comp.windows.x
[0. 0. 0. ... 0. 0. 0.],rec.autos
[0. 0. 0. ... 0. 0. 0.],sci.space
[0.         0.         0.         ... 0.05057083 0.         0.        ],sci.crypt
[0. 0. 0. ... 0. 0. 0.],comp.graphics
[0. 0. 0. ... 0. 0. 0.],sci.med
[0.         0.         0.         ... 0.04537957 0.         0.        ],rec.motorcycles
[0.        0.        0.        ... 0.0642719 0.        0.       ],sci.electronics
[0. 0. 0. ... 0. 0. 0.],comp.graphics
[0. 0. 0. ... 0. 0. 0.],comp.sys.ibm.pc.hardware
[0. 0. 0. ... 0. 0. 0.],rec.sport.baseball
[0. 0. 0. ... 0. 0. 0.],comp.windows.x
[0. 0. 0. ... 0. 0. 0.],rec.autos
[0.         0.         0.         ... 0.02839491 0.         0.        ],talk.politics.misc
[0.         0.         0.         ... 0.08498029 0.         0.        ],soc.religion.christian
[0.02547646 0.         0.         ... 0.05468908 0.         0.        ],rec.sport.hockey
[0. 0. 0. ... 0. 0. 0.],sci.crypt
[0.         0.         0.         ... 0.04159963 0.         0.        ],talk.religion.misc
[0. 0. 0. ... 0. 0. 0.],soc.religion.christian
[0. 0. 0. ... 0. 0. 0.],rec.autos
[0. 0. 0. ... 0. 0. 0.],rec.sport.hockey
[0.         0.         0.23459912 ... 0.         0.         0.        ],sci.electronics
[0. 0. 0. ... 0. 0. 0.],talk.politics.mideast
[0. 0. 0. ... 0. 0. 0.],comp.windows.x
[0.         0.         0.         ... 0.02670889 0.         0.        ],talk.politics.misc
[0. 0. 0. ... 0. 0. 0.],comp.os.ms-windows.misc
[0.         0.         0.         ... 0.09131984 0.         0.        ],sci.crypt
[0. 0. 0. ... 0. 0. 0.],sci.med
[0. 0. 0. ... 0. 0. 0.],sci.electronics
[0.         0.         0.         ... 0.24672992 0.         0.        ],rec.sport.hockey
[0. 0. 0. ... 0. 0. 0.],talk.politics.guns
[0.         0.         0.         ... 0.17348495 0.         0.        ],sci.electronics
[0. 0. 0. ... 0. 0. 0.],sci.electronics
[0.         0.         0.         ... 0.05655187 0.         0.        ],rec.sport.hockey
[0. 0. 0. ... 0. 0. 0.],rec.motorcycles
[0.07105759 0.         0.         ... 0.         0.         0.        ],talk.religion.misc
[0. 0. 0. ... 0. 0. 0.],comp.os.ms-windows.misc
[0.         0.         0.         ... 0.07835146 0.         0.        ],comp.graphics
[0. 0. 0. ... 0. 0. 0.],comp.graphics
[0. 0. 0. ... 0. 0. 0.],rec.motorcycles
[0.         0.         0.         ... 0.09356328 0.         0.        ],talk.politics.mideast
[0. 0. 0. ... 0. 0. 0.],sci.med
[0. 0. 0. ... 0. 0. 0.],sci.med
[0.         0.         0.         ... 0.04064971 0.         0.        ],misc.forsale
[0. 0. 0. ... 0. 0. 0.],comp.os.ms-windows.misc
[0. 0. 0. ... 0. 0. 0.],sci.crypt
[0.13085718 0.         0.         ... 0.         0.         0.        ],comp.sys.ibm.pc.hardware
[0. 0. 0. ... 0. 0. 0.],comp.sys.mac.hardware
[0. 0. 0. ... 0. 0. 0.],rec.autos
[0. 0. 0. ... 0. 0. 0.],comp.os.ms-windows.misc
[0.         0.         0.         ... 0.07742466 0.         0.        ],talk.politics.mideast
[0.13065517 0.         0.         ... 0.         0.         0.        ],misc.forsale
[0. 0. 0. ... 0. 0. 0.],comp.os.ms-windows.misc
[0.         0.11673255 0.         ... 0.         0.         0.        ],comp.windows.x
[0. 0. 0. ... 0. 0. 0.],alt.atheism
[0.         0.         0.         ... 0.04180067 0.         0.        ],rec.sport.hockey
[0.         0.         0.         ... 0.04484298 0.         0.        ],sci.med
[0.         0.         0.         ... 0.06498464 0.         0.        ],comp.graphics
[0. 0. 0. ... 0. 0. 0.],talk.politics.guns
[0.05070634 0.         0.         ... 0.         0.         0.        ],comp.sys.ibm.pc.hardware
[0. 0. 0. ... 0. 0. 0.],alt.atheism
[0.         0.13165555 0.         ... 0.08629821 0.         0.        ],rec.motorcycles
[0.         0.11300928 0.         ... 0.07901426 0.         0.        ],soc.religion.christian
[0. 0. 0. ... 0. 0. 0.],rec.sport.hockey
[0. 0. 0. ... 0. 0. 0.],comp.os.ms-windows.misc
[0.         0.         0.         ... 0.06247504 0.02082256 0.        ],sci.crypt
[0. 0. 0. ... 0. 0. 0.],rec.autos
[0. 0. 0. ... 0. 0. 0.],rec.sport.hockey
[0. 0. 0. ... 0. 0. 0.],alt.atheism
[0.         0.         0.         ... 0.04456751 0.04456225 0.        ],talk.politics.mideast
[0.         0.         0.         ... 0.07183411 0.         0.        ],talk.politics.guns
[0. 0. 0. ... 0. 0. 0.],talk.politics.misc
[0. 0. 0. ... 0. 0. 0.],rec.sport.hockey
[0. 0. 0. ... 0. 0. 0.],comp.windows.x
[0. 0. 0. ... 0. 0. 0.],talk.politics.mideast
[0.         0.         0.         ... 0.06481925 0.         0.        ],rec.sport.hockey
[0. 0. 0. ... 0. 0. 0.],soc.religion.christian
[0.         0.         0.         ... 0.04551619 0.         0.        ],sci.med
[0.         0.         0.         ... 0.08122521 0.         0.        ],talk.politics.mideast
[0.         0.         0.         ... 0.01318768 0.         0.10172313],comp.windows.x
[0. 0. 0. ... 0. 0. 0.],rec.sport.baseball
[0. 0. 0. ... 0. 0. 0.],comp.os.ms-windows.misc
[0. 0. 0. ... 0. 0. 0.],talk.politics.mideast
[0. 0. 0. ... 0. 0. 0.],sci.electronics
[0.         0.         0.         ... 0.08353097 0.         0.        ],sci.crypt
[0.         0.         0.         ... 0.13543593 0.         0.        ],rec.sport.baseball
[0. 0. 0. ... 0. 0. 0.],rec.motorcycles
[0. 0. 0. ... 0. 0. 0.],talk.politics.mideast
[0.         0.         0.         ... 0.03328446 0.         0.        ],talk.politics.mideast
[0. 0. 0. ... 0. 0. 0.],rec.motorcycles
[0. 0. 0. ... 0. 0. 0.],talk.politics.mideast
[0. 0. 0. ... 0. 0. 0.],misc.forsale
[0.15354895 0.         0.18165445 ... 0.         0.         0.        ],talk.politics.misc
[0. 0. 0. ... 0. 0. 0.],sci.crypt
[0. 0. 0. ... 0. 0. 0.],sci.med
[0. 0. 0. ... 0. 0. 0.],talk.politics.guns
[0. 0. 0. ... 0. 0. 0.],comp.sys.ibm.pc.hardware
[0. 0. 0. ... 0. 0. 0.],sci.electronics
[0. 0. 0. ... 0. 0. 0.],talk.politics.mideast
[0. 0. 0. ... 0. 0. 0.],rec.sport.hockey
[0. 0. 0. ... 0. 0. 0.],talk.politics.guns
[0.         0.         0.         ... 0.08109761 0.         0.        ],comp.windows.x
[0. 0. 0. ... 0. 0. 0.],comp.sys.mac.hardware
[0.        0.        0.        ... 0.1088409 0.        0.       ],comp.graphics
[0.         0.         0.         ... 0.10899375 0.         0.        ],comp.sys.mac.hardware
[0. 0. 0. ... 0. 0. 0.],rec.sport.baseball
[0.         0.11660739 0.         ... 0.0611475  0.04076019 0.        ],talk.politics.mideast
[0. 0. 0. ... 0. 0. 0.],sci.crypt
[0. 0. 0. ... 0. 0. 0.],sci.crypt
[0. 0. 0. ... 0. 0. 0.],rec.sport.hockey
[0. 0. 0. ... 0. 0. 0.],misc.forsale
[0. 0. 0. ... 0. 0. 0.],rec.motorcycles
[0. 0. 0. ... 0. 0. 0.],comp.sys.mac.hardware
[0. 0. 0. ... 0. 0. 0.],talk.politics.mideast
[0.         0.         0.         ... 0.05664394 0.         0.        ],comp.os.ms-windows.misc
[0. 0. 0. ... 0. 0. 0.],misc.forsale
[0.         0.06227469 0.         ... 0.         0.         0.        ],sci.crypt
[0. 0. 0. ... 0. 0. 0.],talk.religion.misc
[0. 0. 0. ... 0. 0. 0.],talk.politics.misc
[0. 0. 0. ... 0. 0. 0.],talk.politics.misc
[0.         0.05508423 0.         ... 0.         0.         0.        ],comp.os.ms-windows.misc
[0.        0.        0.        ... 0.1352842 0.        0.       ],comp.os.ms-windows.misc
[0. 0. 0. ... 0. 0. 0.],comp.sys.ibm.pc.hardware
[0.         0.         0.         ... 0.08869985 0.         0.        ],comp.sys.mac.hardware
[0.         0.04230507 0.         ... 0.         0.04436329 0.        ],comp.graphics
[0. 0. 0. ... 0. 0. 0.],comp.graphics
[0. 0. 0. ... 0. 0. 0.],rec.sport.baseball
[0.         0.         0.         ... 0.04160114 0.         0.        ],rec.motorcycles
[0. 0. 0. ... 0. 0. 0.],comp.sys.mac.hardware
[0. 0. 0. ... 0. 0. 0.],rec.sport.baseball
[0. 0. 0. ... 0. 0. 0.],talk.politics.mideast
[0.01033741 0.         0.         ... 0.0055477  0.         0.        ],sci.space
[0. 0. 0. ... 0. 0. 0.],comp.graphics
[0. 0. 0. ... 0. 0. 0.],sci.crypt
[0.         0.01224865 0.         ... 0.         0.         0.        ],rec.sport.hockey
[0.         0.         0.         ... 0.17086461 0.0488127  0.        ],sci.med
[0.         0.         0.         ... 0.06044879 0.06044165 0.        ],misc.forsale
[0. 0. 0. ... 0. 0. 0.],sci.crypt
[0.         0.         0.         ... 0.06257234 0.         0.        ],sci.med
[0. 0. 0. ... 0. 0. 0.],sci.space
[0. 0. 0. ... 0. 0. 0.],comp.windows.x
[0. 0. 0. ... 0. 0. 0.],talk.religion.misc
[0. 0. 0. ... 0. 0. 0.],sci.crypt
[0.        0.        0.        ... 0.1044496 0.        0.       ],rec.autos
[0. 0. 0. ... 0. 0. 0.],talk.politics.misc
[0. 0. 0. ... 0. 0. 0.],comp.os.ms-windows.misc
[0. 0. 0. ... 0. 0. 0.],talk.politics.misc
[0.         0.         0.         ... 0.01597757 0.         0.        ],sci.med
[0.10938815 0.         0.         ... 0.         0.         0.        ],alt.atheism
[0.         0.06879132 0.         ... 0.         0.         0.        ],sci.med
[0. 0. 0. ... 0. 0. 0.],comp.os.ms-windows.misc
[0.         0.09113843 0.         ... 0.         0.         0.        ],comp.os.ms-windows.misc
[0.         0.         0.         ... 0.24977459 0.         0.        ],sci.med
[0.         0.         0.         ... 0.05673308 0.         0.        ],alt.atheism
[0. 0. 0. ... 0. 0. 0.],rec.motorcycles
[0. 0. 0. ... 0. 0. 0.],soc.religion.christian
[0. 0. 0. ... 0. 0. 0.],sci.electronics
[0. 0. 0. ... 0. 0. 0.],soc.religion.christian
[0.        0.        0.        ... 0.0719922 0.        0.       ],talk.politics.guns
[0.         0.         0.         ... 0.06209281 0.         0.        ],comp.os.ms-windows.misc
[0.         0.         0.         ... 0.04617377 0.         0.        ],sci.crypt
[0.         0.14847234 0.         ... 0.         0.         0.        ],sci.med
[0. 0. 0. ... 0. 0. 0.],talk.politics.guns
[0.         0.10623047 0.         ... 0.         0.         0.        ],rec.sport.baseball
[0.         0.         0.         ... 0.18420347 0.         0.        ],rec.sport.baseball
[0. 0. 0. ... 0. 0. 0.],comp.sys.mac.hardware
[0.         0.         0.         ... 0.06855155 0.         0.        ],sci.crypt
[0.         0.         0.         ... 0.04774437 0.         0.        ],talk.politics.mideast
[0. 0. 0. ... 0. 0. 0.],comp.graphics
[0.         0.         0.         ... 0.04089664 0.         0.        ],sci.space
[0. 0. 0. ... 0. 0. 0.],rec.sport.hockey
[0.         0.08795025 0.         ... 0.         0.         0.        ],sci.electronics
[0. 0. 0. ... 0. 0. 0.],sci.med
[0. 0. 0. ... 0. 0. 0.],comp.graphics
[0. 0. 0. ... 0. 0. 0.],sci.electronics
[0. 0. 0. ... 0. 0. 0.],talk.politics.misc
[0. 0. 0. ... 0. 0. 0.],talk.politics.guns
[0. 0. 0. ... 0. 0. 0.],rec.autos
[0. 0. 0. ... 0. 0. 0.],comp.windows.x
[0. 0. 0. ... 0. 0. 0.],alt.atheism
[0.         0.         0.         ... 0.         0.         0.10257913],comp.sys.mac.hardware
[0. 0. 0. ... 0. 0. 0.],soc.religion.christian
[0.         0.         0.         ... 0.07837278 0.         0.        ],rec.motorcycles
[0. 0. 0. ... 0. 0. 0.],talk.politics.misc
[0. 0. 0. ... 0. 0. 0.],rec.motorcycles
[0. 0. 0. ... 0. 0. 0.],sci.crypt
[0.         0.         0.         ... 0.09432554 0.         0.        ],talk.politics.guns
[0. 0. 0. ... 0. 0. 0.],comp.os.ms-windows.misc
[0.         0.         0.         ... 0.03193286 0.         0.        ],comp.sys.ibm.pc.hardware
[0. 0. 0. ... 0. 0. 0.],comp.sys.ibm.pc.hardware
[0. 0. 0. ... 0. 0. 0.],comp.os.ms-windows.misc
[0. 0. 0. ... 0. 0. 0.],sci.med
[0.         0.         0.         ... 0.05781579 0.         0.        ],comp.sys.mac.hardware
[0.         0.         0.         ... 0.01329382 0.         0.        ],talk.politics.guns
[0.        0.        0.        ... 0.0616184 0.        0.       ],sci.crypt
[0. 0. 0. ... 0. 0. 0.],comp.os.ms-windows.misc
[0. 0. 0. ... 0. 0. 0.],sci.crypt
[0. 0. 0. ... 0. 0. 0.],talk.politics.mideast
[0. 0. 0. ... 0. 0. 0.],rec.autos
[0. 0. 0. ... 0. 0. 0.],comp.sys.mac.hardware
[0. 0. 0. ... 0. 0. 0.],comp.windows.x
[0.         0.         0.         ... 0.02804805 0.         0.        ],misc.forsale
[0.         0.         0.         ... 0.         0.         0.23335257],rec.autos
[0. 0. 0. ... 0. 0. 0.],rec.autos
[0. 0. 0. ... 0. 0. 0.],misc.forsale
[0. 0. 0. ... 0. 0. 0.],sci.electronics
[0. 0. 0. ... 0. 0. 0.],comp.os.ms-windows.misc
[0. 0. 0. ... 0. 0. 0.],sci.crypt
[0. 0. 0. ... 0. 0. 0.],sci.crypt
[0. 0. 0. ... 0. 0. 0.],rec.sport.baseball
[0.         0.13278069 0.         ... 0.00994694 0.         0.        ],sci.space
[0. 0. 0. ... 0. 0. 0.],sci.crypt
[0.         0.         0.         ... 0.04743459 0.         0.        ],alt.atheism
[0. 0. 0. ... 0. 0. 0.],sci.space
[0.         0.         0.         ... 0.04802864 0.         0.        ],comp.windows.x
[0.         0.         0.         ... 0.01207569 0.         0.        ],comp.windows.x
[0.         0.09054648 0.         ... 0.         0.         0.        ],talk.politics.misc
[0.         0.         0.         ... 0.12462515 0.         0.        ],sci.electronics
[0. 0. 0. ... 0. 0. 0.],rec.sport.baseball
[0.         0.         0.         ... 0.03114289 0.         0.        ],talk.politics.mideast
[0.         0.         0.         ... 0.06320644 0.         0.        ],comp.sys.mac.hardware
[0. 0. 0. ... 0. 0. 0.],rec.sport.hockey
[0.         0.         0.         ... 0.02803517 0.         0.        ],talk.politics.mideast
[0. 0. 0. ... 0. 0. 0.],sci.crypt
[0.         0.         0.         ... 0.01258184 0.         0.        ],misc.forsale
[0.         0.         0.         ... 0.03875249 0.         0.        ],sci.med
[0. 0. 0. ... 0. 0. 0.],misc.forsale
[0. 0. 0. ... 0. 0. 0.],sci.med
[0. 0. 0. ... 0. 0. 0.],talk.politics.mideast
[0.         0.         0.         ... 0.05761698 0.         0.        ],rec.sport.baseball
[0.         0.         0.         ... 0.07485464 0.         0.        ],alt.atheism
[0. 0. 0. ... 0. 0. 0.],rec.motorcycles
[0. 0. 0. ... 0. 0. 0.],sci.electronics
[0.         0.         0.         ... 0.08195278 0.         0.        ],sci.space
[0.         0.         0.         ... 0.05757806 0.         0.        ],sci.electronics
[0.         0.         0.         ... 0.05824464 0.         0.        ],talk.politics.mideast
[0. 0. 0. ... 0. 0. 0.],comp.windows.x
[0. 0. 0. ... 0. 0. 0.],misc.forsale
[0. 0. 0. ... 0. 0. 0.],comp.windows.x
[0. 0. 0. ... 0. 0. 0.],comp.sys.mac.hardware
[0. 0. 0. ... 0. 0. 0.],rec.sport.hockey
[0. 0. 0. ... 0. 0. 0.],misc.forsale
[0. 0. 0. ... 0. 0. 0.],comp.sys.ibm.pc.hardware
[0.         0.         0.         ... 0.04684434 0.         0.        ],misc.forsale
[0.         0.         0.06187679 ... 0.11227682 0.11226356 0.        ],rec.motorcycles
[0.         0.         0.         ... 0.04492403 0.         0.        ],soc.religion.christian
[0. 0. 0. ... 0. 0. 0.],misc.forsale
[0. 0. 0. ... 0. 0. 0.],comp.sys.mac.hardware
[0. 0. 0. ... 0. 0. 0.],comp.os.ms-windows.misc
[0.         0.         0.         ... 0.01846128 0.         0.        ],talk.politics.misc
[0. 0. 0. ... 0. 0. 0.],talk.politics.guns
[0. 0. 0. ... 0. 0. 0.],rec.sport.baseball
[0.         0.         0.         ... 0.08031209 0.         0.        ],rec.sport.hockey
[0.         0.         0.         ... 0.03335841 0.         0.        ],rec.sport.baseball
[0. 0. 0. ... 0. 0. 0.],rec.sport.baseball
[0. 0. 0. ... 0. 0. 0.],rec.autos
[0. 0. 0. ... 0. 0. 0.],talk.politics.guns
[0. 0. 0. ... 0. 0. 0.],sci.electronics
[0.         0.01826344 0.         ... 0.01915425 0.         0.        ],sci.med
[0.00353507 0.00361782 0.         ... 0.06260568 0.00379384 0.        ],sci.crypt
[0. 0. 0. ... 0. 0. 0.],sci.space
[0. 0. 0. ... 0. 0. 0.],comp.os.ms-windows.misc
[0. 0. 0. ... 0. 0. 0.],rec.sport.baseball
[0. 0. 0. ... 0. 0. 0.],rec.autos
[0.         0.01191558 0.         ... 0.04373871 0.         0.        ],comp.os.ms-windows.misc
[0. 0. 0. ... 0. 0. 0.],misc.forsale
[0.         0.01998113 0.         ... 0.         0.         0.        ],misc.forsale
[0. 0. 0. ... 0. 0. 0.],sci.crypt
[0.         0.         0.13824832 ... 0.03135683 0.         0.        ],rec.sport.baseball
[0.         0.         0.         ... 0.29876935 0.         0.        ],misc.forsale
[0. 0. 0. ... 0. 0. 0.],comp.graphics
[0. 0. 0. ... 0. 0. 0.],talk.politics.misc
[0. 0. 0. ... 0. 0. 0.],sci.med
[0.         0.         0.         ... 0.03490131 0.         0.        ],soc.religion.christian
[0.29109195 0.         0.         ... 0.         0.         0.        ],comp.sys.mac.hardware
[0. 0. 0. ... 0. 0. 0.],rec.autos
[0. 0. 0. ... 0. 0. 0.],comp.windows.x
[0.         0.         0.         ... 0.04124629 0.         0.        ],talk.religion.misc
[0. 0. 0. ... 0. 0. 0.],talk.politics.misc
[0. 0. 0. ... 0. 0. 0.],comp.os.ms-windows.misc
[0.        0.        0.        ... 0.        0.        0.1149264],sci.crypt
[0. 0. 0. ... 0. 0. 0.],sci.space
[0. 0. 0. ... 0. 0. 0.],sci.space
[0. 0. 0. ... 0. 0. 0.],rec.sport.hockey
[0. 0. 0. ... 0. 0. 0.],comp.sys.ibm.pc.hardware
[0. 0. 0. ... 0. 0. 0.],talk.politics.guns
[0.         0.         0.         ... 0.         0.         0.10340076],comp.sys.ibm.pc.hardware
[0.         0.         0.         ... 0.02493906 0.         0.        ],misc.forsale
[0. 0. 0. ... 0. 0. 0.],comp.os.ms-windows.misc
[0. 0. 0. ... 0. 0. 0.],talk.politics.mideast
[0. 0. 0. ... 0. 0. 0.],rec.sport.baseball
[0. 0. 0. ... 0. 0. 0.],rec.motorcycles
[0. 0. 0. ... 0. 0. 0.],rec.autos
[0. 0. 0. ... 0. 0. 0.],rec.sport.hockey
[0.         0.         0.         ... 0.05850467 0.         0.        ],comp.windows.x
[0. 0. 0. ... 0. 0. 0.],misc.forsale
[0. 0. 0. ... 0. 0. 0.],comp.sys.ibm.pc.hardware
[0. 0. 0. ... 0. 0. 0.],sci.space
[0.         0.         0.         ... 0.03622309 0.         0.        ],soc.religion.christian
[0.         0.         0.01916451 ... 0.01738721 0.         0.        ],rec.motorcycles
[0. 0. 0. ... 0. 0. 0.],sci.crypt
[0. 0. 0. ... 0. 0. 0.],sci.crypt
[0.         0.         0.         ... 0.08665586 0.         0.        ],talk.religion.misc
[0. 0. 0. ... 0. 0. 0.],rec.motorcycles
[0.         0.         0.         ... 0.05079068 0.         0.        ],talk.politics.guns
[0. 0. 0. ... 0. 0. 0.],comp.graphics
[0. 0. 0. ... 0. 0. 0.],sci.med
[0. 0. 0. ... 0. 0. 0.],rec.autos
[0. 0. 0. ... 0. 0. 0.],sci.crypt
[0.         0.         0.         ... 0.04923105 0.         0.        ],talk.politics.misc
[0. 0. 0. ... 0. 0. 0.],comp.os.ms-windows.misc
[0. 0. 0. ... 0. 0. 0.],comp.windows.x
[0. 0. 0. ... 0. 0. 0.],rec.autos
[0.         0.         0.         ... 0.03035157 0.         0.        ],talk.politics.guns
[0.         0.         0.         ... 0.06403243 0.         0.        ],talk.politics.guns
[0.         0.         0.         ... 0.04736837 0.         0.        ],talk.politics.mideast
[0.11023894 0.         0.         ... 0.         0.         0.        ],rec.motorcycles
[0.         0.         0.         ... 0.07213435 0.         0.        ],comp.os.ms-windows.misc
[0.         0.         0.         ... 0.05119424 0.         0.        ],rec.sport.baseball
[0. 0. 0. ... 0. 0. 0.],rec.sport.baseball
[0. 0. 0. ... 0. 0. 0.],sci.med
[0. 0. 0. ... 0. 0. 0.],comp.sys.mac.hardware
[0. 0. 0. ... 0. 0. 0.],talk.politics.mideast
[0. 0. 0. ... 0. 0. 0.],comp.os.ms-windows.misc
[0.         0.         0.         ... 0.         0.01236944 0.        ],alt.atheism
[0.         0.12463282 0.         ... 0.         0.         0.        ],talk.politics.misc
[0.         0.         0.         ... 0.05493349 0.         0.        ],alt.atheism
[0. 0. 0. ... 0. 0. 0.],comp.windows.x
[0.         0.         0.         ... 0.08515385 0.         0.        ],alt.atheism
[0.         0.00702702 0.         ... 0.00736976 0.         0.        ],sci.med
[0. 0. 0. ... 0. 0. 0.],sci.med
[0. 0. 0. ... 0. 0. 0.],rec.autos
[0.07011812 0.         0.         ... 0.         0.         0.        ],sci.space
[0.         0.         0.         ... 0.01474954 0.         0.        ],talk.politics.mideast
[0. 0. 0. ... 0. 0. 0.],talk.politics.guns
[0. 0. 0. ... 0. 0. 0.],rec.autos
[0. 0. 0. ... 0. 0. 0.],talk.politics.guns
[0. 0. 0. ... 0. 0. 0.],comp.windows.x
[0. 0. 0. ... 0. 0. 0.],sci.med
[0. 0. 0. ... 0. 0. 0.],talk.politics.mideast
[0. 0. 0. ... 0. 0. 0.],talk.politics.guns
[0. 0. 0. ... 0. 0. 0.],soc.religion.christian
[0.         0.         0.05375551 ... 0.02438515 0.         0.        ],talk.politics.guns
[0. 0. 0. ... 0. 0. 0.],rec.autos
[0.         0.         0.         ... 0.05613647 0.         0.        ],sci.crypt
[0. 0. 0. ... 0. 0. 0.],sci.space
[0. 0. 0. ... 0. 0. 0.],misc.forsale
[0.         0.         0.         ... 0.05997659 0.         0.        ],alt.atheism
[0. 0. 0. ... 0. 0. 0.],comp.sys.mac.hardware
[0. 0. 0. ... 0. 0. 0.],comp.sys.mac.hardware
[0.11520216 0.         0.         ... 0.03091236 0.         0.        ],sci.electronics
[0. 0. 0. ... 0. 0. 0.],talk.politics.mideast
[0.         0.         0.         ... 0.04845533 0.         0.        ],sci.crypt
[0. 0. 0. ... 0. 0. 0.],sci.space
[0. 0. 0. ... 0. 0. 0.],comp.windows.x
[0. 0. 0. ... 0. 0. 0.],soc.religion.christian
[0. 0. 0. ... 0. 0. 0.],talk.politics.misc
[0.         0.         0.         ... 0.09747247 0.         0.        ],soc.religion.christian
[0. 0. 0. ... 0. 0. 0.],alt.atheism
[0. 0. 0. ... 0. 0. 0.],talk.politics.guns
[0.         0.         0.         ... 0.04421358 0.         0.        ],rec.autos
[0. 0. 0. ... 0. 0. 0.],comp.os.ms-windows.misc
[0.         0.         0.         ... 0.04264408 0.0852781  0.        ],talk.politics.mideast
[0.         0.00244009 0.00282069 ... 0.01791375 0.0025588  0.        ],comp.windows.x
[0. 0. 0. ... 0. 0. 0.],rec.sport.baseball
[0. 0. 0. ... 0. 0. 0.],rec.sport.baseball
[0. 0. 0. ... 0. 0. 0.],rec.sport.hockey
[0. 0. 0. ... 0. 0. 0.],talk.politics.misc
[0.         0.12121747 0.         ... 0.         0.         0.        ],soc.religion.christian
[0.35956165 0.         0.         ... 0.         0.         0.        ],rec.motorcycles
[0. 0. 0. ... 0. 0. 0.],sci.crypt
[0. 0. 0. ... 0. 0. 0.],talk.politics.guns
[0. 0. 0. ... 0. 0. 0.],talk.politics.guns
[0. 0. 0. ... 0. 0. 0.],rec.sport.baseball
[0. 0. 0. ... 0. 0. 0.],sci.med
[0.         0.         0.         ... 0.06039259 0.         0.        ],sci.crypt
[0. 0. 0. ... 0. 0. 0.],talk.politics.mideast
[0. 0. 0. ... 0. 0. 0.],comp.windows.x
[0. 0. 0. ... 0. 0. 0.],comp.sys.mac.hardware
[0.21584828 0.         0.26879684 ... 0.         0.         0.        ],rec.autos
[0. 0. 0. ... 0. 0. 0.],alt.atheism
[0. 0. 0. ... 0. 0. 0.],talk.politics.misc
[0. 0. 0. ... 0. 0. 0.],rec.sport.baseball
[0. 0. 0. ... 0. 0. 0.],sci.crypt
[0.        0.        0.        ... 0.0839417 0.        0.       ],talk.politics.mideast
[0. 0. 0. ... 0. 0. 0.],talk.religion.misc
[0. 0. 0. ... 0. 0. 0.],rec.autos
[0.         0.         0.         ... 0.11075099 0.04429517 0.        ],rec.sport.hockey
[0.         0.         0.         ... 0.06230749 0.         0.        ],rec.autos
[0.         0.         0.         ... 0.06698598 0.         0.        ],talk.politics.mideast
[0. 0. 0. ... 0. 0. 0.],rec.sport.baseball
[0.         0.         0.         ... 0.01858027 0.         0.        ],comp.sys.ibm.pc.hardware
[0.         0.         0.         ... 0.10820114 0.         0.        ],sci.crypt
[0. 0. 0. ... 0. 0. 0.],rec.sport.hockey
[0.         0.06488174 0.         ... 0.0170116  0.         0.        ],sci.space
[0. 0. 0. ... 0. 0. 0.],talk.politics.misc
[0. 0. 0. ... 0. 0. 0.],rec.motorcycles
[0.         0.         0.         ... 0.         0.         0.43504847],rec.autos
[0.10844987 0.         0.         ... 0.         0.         0.        ],sci.crypt
[0.         0.         0.         ... 0.02750303 0.         0.        ],rec.sport.baseball
[0. 0. 0. ... 0. 0. 0.],comp.os.ms-windows.misc
[0. 0. 0. ... 0. 0. 0.],misc.forsale
[0. 0. 0. ... 0. 0. 0.],rec.sport.baseball
[0. 0. 0. ... 0. 0. 0.],comp.windows.x
[0. 0. 0. ... 0. 0. 0.],sci.space
[0.         0.         0.         ... 0.02666208 0.         0.        ],misc.forsale
[0. 0. 0. ... 0. 0. 0.],rec.motorcycles
[0. 0. 0. ... 0. 0. 0.],misc.forsale
[0. 0. 0. ... 0. 0. 0.],soc.religion.christian
[0.         0.         0.         ... 0.04562089 0.         0.        ],talk.politics.guns
[0. 0. 0. ... 0. 0. 0.],sci.electronics
[0. 0. 0. ... 0. 0. 0.],misc.forsale
[0. 0. 0. ... 0. 0. 0.],misc.forsale
[0.01148323 0.         0.         ... 0.01848787 0.         0.        ],soc.religion.christian
[0. 0. 0. ... 0. 0. 0.],rec.sport.baseball
[0.         0.35739688 0.         ... 0.0937073  0.         0.        ],sci.crypt
[0. 0. 0. ... 0. 0. 0.],rec.sport.baseball
[0.         0.         0.         ... 0.01905014 0.         0.        ],comp.graphics
[0.39141036 0.         0.         ... 0.         0.         0.        ],sci.crypt
[0.         0.         0.         ... 0.03170082 0.         0.        ],sci.space
[0. 0. 0. ... 0. 0. 0.],talk.politics.mideast
[0. 0. 0. ... 0. 0. 0.],talk.religion.misc
[0. 0. 0. ... 0. 0. 0.],sci.electronics
[0. 0. 0. ... 0. 0. 0.],soc.religion.christian
[0. 0. 0. ... 0. 0. 0.],sci.crypt
[0.         0.         0.         ... 0.02665714 0.         0.        ],comp.sys.mac.hardware
[0. 0. 0. ... 0. 0. 0.],talk.politics.guns
[0.         0.         0.         ... 0.08628277 0.         0.        ],comp.os.ms-windows.misc
[0.         0.         0.         ... 0.06706046 0.         0.        ],sci.crypt
[0.         0.         0.         ... 0.05349421 0.         0.        ],talk.politics.misc
[0.         0.         0.03553853 ... 0.06448547 0.         0.        ],rec.sport.baseball
[0. 0. 0. ... 0. 0. 0.],comp.os.ms-windows.misc
[0. 0. 0. ... 0. 0. 0.],alt.atheism
[0. 0. 0. ... 0. 0. 0.],comp.sys.ibm.pc.hardware
[0.06957825 0.         0.         ... 0.         0.         0.        ],misc.forsale
[0. 0. 0. ... 0. 0. 0.],comp.windows.x
[0.         0.         0.         ... 0.07759404 0.         0.        ],sci.electronics
[0. 0. 0. ... 0. 0. 0.],sci.crypt
[0. 0. 0. ... 0. 0. 0.],comp.sys.ibm.pc.hardware
[0.        0.        0.        ... 0.0327212 0.        0.       ],talk.politics.mideast
[0. 0. 0. ... 0. 0. 0.],alt.atheism
[0.         0.         0.         ... 0.04778976 0.         0.        ],sci.crypt
[0. 0. 0. ... 0. 0. 0.],sci.electronics
[0. 0. 0. ... 0. 0. 0.],rec.motorcycles
[0. 0. 0. ... 0. 0. 0.],comp.windows.x
[0.         0.02774632 0.         ... 0.03273712 0.         0.        ],talk.politics.mideast
[0. 0. 0. ... 0. 0. 0.],sci.crypt
[0. 0. 0. ... 0. 0. 0.],comp.sys.ibm.pc.hardware
[0. 0. 0. ... 0. 0. 0.],comp.windows.x
[0.15720018 0.         0.         ... 0.         0.         0.        ],rec.sport.baseball
[0.01259979 0.         0.         ... 0.         0.         0.        ],comp.sys.ibm.pc.hardware
[0. 0. 0. ... 0. 0. 0.],sci.space
[0. 0. 0. ... 0. 0. 0.],talk.religion.misc
[0. 0. 0. ... 0. 0. 0.],rec.autos
[0. 0. 0. ... 0. 0. 0.],comp.sys.mac.hardware
[0. 0. 0. ... 0. 0. 0.],comp.sys.ibm.pc.hardware
[0. 0. 0. ... 0. 0. 0.],talk.religion.misc
[0. 0. 0. ... 0. 0. 0.],sci.space
[0.04905733 0.         0.         ... 0.         0.         0.        ],comp.sys.mac.hardware
[0.        0.        0.        ... 0.0873775 0.        0.       ],soc.religion.christian
[0. 0. 0. ... 0. 0. 0.],talk.politics.mideast
[0.         0.         0.         ... 0.15249372 0.         0.        ],comp.graphics
[0. 0. 0. ... 0. 0. 0.],misc.forsale
[0. 0. 0. ... 0. 0. 0.],rec.sport.baseball
[0. 0. 0. ... 0. 0. 0.],sci.space
[0.         0.         0.         ... 0.06397771 0.         0.        ],comp.sys.mac.hardware
[0. 0. 0. ... 0. 0. 0.],sci.electronics
[0. 0. 0. ... 0. 0. 0.],comp.os.ms-windows.misc
[0. 0. 0. ... 0. 0. 0.],comp.graphics
[0. 0. 0. ... 0. 0. 0.],rec.autos
[0. 0. 0. ... 0. 0. 0.],comp.sys.ibm.pc.hardware
[0. 0. 0. ... 0. 0. 0.],rec.sport.hockey
[0.         0.         0.         ... 0.02437593 0.         0.        ],alt.atheism
[0.         0.         0.         ... 0.17862269 0.         0.        ],soc.religion.christian
[0. 0. 0. ... 0. 0. 0.],sci.med
[0. 0. 0. ... 0. 0. 0.],alt.atheism
[0. 0. 0. ... 0. 0. 0.],sci.crypt
[0. 0. 0. ... 0. 0. 0.],misc.forsale
[0. 0. 0. ... 0. 0. 0.],comp.sys.ibm.pc.hardware
[0. 0. 0. ... 0. 0. 0.],soc.religion.christian
[0. 0. 0. ... 0. 0. 0.],talk.politics.guns
[0.        0.        0.        ... 0.0354035 0.        0.       ],comp.os.ms-windows.misc
[0. 0. 0. ... 0. 0. 0.],rec.sport.hockey
[0. 0. 0. ... 0. 0. 0.],sci.space
[0. 0. 0. ... 0. 0. 0.],rec.sport.hockey
[0.         0.         0.0661722  ... 0.06003547 0.         0.        ],comp.sys.ibm.pc.hardware
[0. 0. 0. ... 0. 0. 0.],talk.politics.guns
[0.         0.         0.         ... 0.07587574 0.         0.        ],rec.sport.baseball
[0. 0. 0. ... 0. 0. 0.],talk.politics.misc
[0.         0.         0.         ... 0.02101616 0.         0.        ],rec.autos
[0.         0.         0.         ... 0.04932728 0.         0.        ],talk.politics.mideast
[0. 0. 0. ... 0. 0. 0.],talk.politics.guns
[0.         0.         0.         ... 0.07726265 0.         0.        ],talk.politics.guns
[0. 0. 0. ... 0. 0. 0.],sci.electronics
[0.         0.         0.         ... 0.01372177 0.         0.        ],sci.space
[0. 0. 0. ... 0. 0. 0.],sci.med
[0. 0. 0. ... 0. 0. 0.],misc.forsale
[0. 0. 0. ... 0. 0. 0.],talk.politics.guns
[0.         0.         0.         ... 0.07718676 0.         0.        ],comp.windows.x
[0.1455797 0.        0.        ... 0.        0.        0.       ],talk.religion.misc
[0. 0. 0. ... 0. 0. 0.],comp.sys.ibm.pc.hardware
[0. 0. 0. ... 0. 0. 0.],sci.crypt
[0.         0.         0.         ... 0.03575293 0.         0.        ],rec.sport.baseball
[0. 0. 0. ... 0. 0. 0.],comp.graphics
[0. 0. 0. ... 0. 0. 0.],rec.autos
[0. 0. 0. ... 0. 0. 0.],sci.med
[0. 0. 0. ... 0. 0. 0.],talk.politics.mideast
[0. 0. 0. ... 0. 0. 0.],talk.politics.mideast
[0.         0.         0.         ... 0.         0.         0.08109371],sci.space
[0.         0.         0.         ... 0.02845744 0.         0.        ],comp.windows.x
[0. 0. 0. ... 0. 0. 0.],rec.sport.hockey
[0. 0. 0. ... 0. 0. 0.],comp.sys.mac.hardware
[0.         0.         0.         ... 0.         0.         0.51642464],rec.autos
[0.         0.         0.         ... 0.02958767 0.         0.        ],sci.med
[0. 0. 0. ... 0. 0. 0.],comp.sys.mac.hardware
[0.02644326 0.         0.         ... 0.11352891 0.05675776 0.        ],comp.os.ms-windows.misc
[0. 0. 0. ... 0. 0. 0.],sci.space
[0. 0. 0. ... 0. 0. 0.],rec.motorcycles
[0. 0. 0. ... 0. 0. 0.],comp.sys.mac.hardware
[0. 0. 0. ... 0. 0. 0.],sci.crypt
[0. 0. 0. ... 0. 0. 0.],rec.motorcycles
[0.         0.         0.         ... 0.03896255 0.         0.        ],comp.os.ms-windows.misc
[0. 0. 0. ... 0. 0. 0.],comp.graphics
[0.14495044 0.         0.         ... 0.03889476 0.         0.        ],rec.sport.baseball
[0. 0. 0. ... 0. 0. 0.],rec.sport.baseball
[0. 0. 0. ... 0. 0. 0.],talk.politics.mideast
[0.         0.         0.         ... 0.17682468 0.         0.        ],comp.sys.ibm.pc.hardware
[0. 0. 0. ... 0. 0. 0.],rec.sport.hockey
[0.         0.         0.         ... 0.06135456 0.         0.        ],talk.politics.mideast
[0.10690214 0.         0.         ... 0.         0.         0.        ],comp.windows.x
[0.         0.         0.         ... 0.03354884 0.         0.        ],comp.sys.ibm.pc.hardware
[0. 0. 0. ... 0. 0. 0.],alt.atheism
[0. 0. 0. ... 0. 0. 0.],comp.sys.ibm.pc.hardware
[0.         0.         0.         ... 0.07516856 0.         0.        ],sci.med
[0. 0. 0. ... 0. 0. 0.],talk.politics.guns
[0.         0.         0.         ... 0.04149679 0.         0.        ],misc.forsale
[0.         0.         0.         ... 0.13519743 0.         0.        ],comp.sys.mac.hardware
[0. 0. 0. ... 0. 0. 0.],sci.space
[0. 0. 0. ... 0. 0. 0.],comp.windows.x
[0. 0. 0. ... 0. 0. 0.],misc.forsale
[0. 0. 0. ... 0. 0. 0.],comp.windows.x
[0.        0.        0.        ... 0.1059642 0.        0.       ],misc.forsale
[0. 0. 0. ... 0. 0. 0.],comp.sys.ibm.pc.hardware
[0. 0. 0. ... 0. 0. 0.],alt.atheism
[0. 0. 0. ... 0. 0. 0.],sci.space
[0.         0.         0.         ... 0.         0.04543383 0.05841584],rec.motorcycles
[0.         0.         0.01424443 ... 0.         0.         0.        ],comp.sys.ibm.pc.hardware
[0. 0. 0. ... 0. 0. 0.],rec.sport.baseball
[0.         0.         0.         ... 0.07565038 0.         0.        ],rec.motorcycles
[0. 0. 0. ... 0. 0. 0.],sci.electronics
[0. 0. 0. ... 0. 0. 0.],comp.sys.ibm.pc.hardware
[0.05487103 0.         0.         ... 0.08834172 0.         0.        ],comp.sys.ibm.pc.hardware
[0. 0. 0. ... 0. 0. 0.],sci.crypt
[0. 0. 0. ... 0. 0. 0.],comp.sys.ibm.pc.hardware
[0.0750365 0.        0.        ... 0.        0.        0.       ],misc.forsale
[0. 0. 0. ... 0. 0. 0.],comp.os.ms-windows.misc
[0. 0. 0. ... 0. 0. 0.],rec.sport.hockey
[0.         0.         0.         ... 0.07176098 0.         0.        ],sci.med
[0. 0. 0. ... 0. 0. 0.],comp.windows.x
[0.         0.         0.         ... 0.02617148 0.         0.        ],comp.os.ms-windows.misc
[0. 0. 0. ... 0. 0. 0.],sci.electronics
[0.         0.         0.         ... 0.0398865  0.07976357 0.        ],comp.windows.x
[0. 0. 0. ... 0. 0. 0.],sci.space
[0. 0. 0. ... 0. 0. 0.],alt.atheism
[0. 0. 0. ... 0. 0. 0.],talk.politics.guns
[0. 0. 0. ... 0. 0. 0.],rec.autos
[0. 0. 0. ... 0. 0. 0.],alt.atheism
[0. 0. 0. ... 0. 0. 0.],sci.med
[0. 0. 0. ... 0. 0. 0.],alt.atheism
[0. 0. 0. ... 0. 0. 0.],sci.med
[0. 0. 0. ... 0. 0. 0.],sci.space
[0. 0. 0. ... 0. 0. 0.],sci.space
[0. 0. 0. ... 0. 0. 0.],talk.religion.misc
[0. 0. 0. ... 0. 0. 0.],rec.autos
[0.         0.         0.         ... 0.02572659 0.         0.        ],talk.politics.mideast
[0.         0.         0.         ... 0.04372527 0.         0.        ],comp.os.ms-windows.misc
[0. 0. 0. ... 0. 0. 0.],comp.sys.ibm.pc.hardware
[0.         0.         0.         ... 0.01181712 0.         0.        ],comp.graphics
[0.         0.         0.         ... 0.04072002 0.         0.        ],comp.sys.ibm.pc.hardware
[0.         0.         0.         ... 0.         0.12748739 0.        ],comp.sys.mac.hardware
[0. 0. 0. ... 0. 0. 0.],sci.space
[0. 0. 0. ... 0. 0. 0.],sci.crypt
[0. 0. 0. ... 0. 0. 0.],rec.sport.hockey
[0. 0. 0. ... 0. 0. 0.],sci.electronics
[0.08887699 0.         0.         ... 0.         0.         0.        ],misc.forsale
[0.         0.         0.         ... 0.09327483 0.         0.        ],sci.med
[0.         0.         0.         ... 0.08304046 0.         0.        ],sci.space
[0.         0.         0.         ... 0.02821763 0.         0.        ],rec.sport.baseball
[0. 0. 0. ... 0. 0. 0.],talk.politics.misc
[0. 0. 0. ... 0. 0. 0.],alt.atheism
[0. 0. 0. ... 0. 0. 0.],comp.sys.mac.hardware
[0. 0. 0. ... 0. 0. 0.],rec.sport.hockey
[0. 0. 0. ... 0. 0. 0.],sci.crypt
[0. 0. 0. ... 0. 0. 0.],sci.crypt
[0.         0.         0.         ... 0.04175733 0.         0.        ],rec.autos
[0.         0.         0.         ... 0.00320982 0.         0.        ],sci.med
[0. 0. 0. ... 0. 0. 0.],comp.windows.x
[0. 0. 0. ... 0. 0. 0.],alt.atheism
[0.         0.         0.         ... 0.06583805 0.         0.        ],misc.forsale
[0. 0. 0. ... 0. 0. 0.],sci.electronics
[0.         0.         0.         ... 0.04898072 0.         0.        ],rec.motorcycles
[0. 0. 0. ... 0. 0. 0.],sci.space
[0. 0. 0. ... 0. 0. 0.],soc.religion.christian
[0.         0.04024621 0.         ... 0.17587186 0.04220426 0.        ],misc.forsale
[0.         0.22651389 0.         ... 0.         0.         0.        ],talk.politics.mideast
[0.         0.         0.         ... 0.05873625 0.         0.        ],alt.atheism
[0. 0. 0. ... 0. 0. 0.],soc.religion.christian
[0. 0. 0. ... 0. 0. 0.],alt.atheism
[0. 0. 0. ... 0. 0. 0.],comp.os.ms-windows.misc
[0. 0. 0. ... 0. 0. 0.],talk.politics.mideast
[0.         0.         0.         ... 0.07633721 0.         0.        ],comp.os.ms-windows.misc
[0. 0. 0. ... 0. 0. 0.],talk.politics.misc
[0. 0. 0. ... 0. 0. 0.],rec.autos
[0. 0. 0. ... 0. 0. 0.],talk.politics.misc
[0. 0. 0. ... 0. 0. 0.],comp.windows.x
[0. 0. 0. ... 0. 0. 0.],rec.sport.baseball
[0. 0. 0. ... 0. 0. 0.],sci.space
[0. 0. 0. ... 0. 0. 0.],talk.politics.guns
[0. 0. 0. ... 0. 0. 0.],sci.electronics
[0. 0. 0. ... 0. 0. 0.],rec.autos
[0.         0.         0.         ... 0.02516606 0.         0.51764874],comp.windows.x
[0.         0.         0.         ... 0.05226162 0.         0.        ],sci.med
[0.         0.         0.         ... 0.06630379 0.         0.        ],rec.motorcycles
[0. 0. 0. ... 0. 0. 0.],comp.windows.x
[0.         0.         0.10295919 ... 0.         0.         0.        ],sci.med
[0.         0.         0.         ... 0.03169681 0.02112871 0.        ],talk.politics.misc
[0. 0. 0. ... 0. 0. 0.],comp.graphics
[0. 0. 0. ... 0. 0. 0.],sci.med
[0. 0. 0. ... 0. 0. 0.],rec.motorcycles
[0. 0. 0. ... 0. 0. 0.],talk.politics.mideast
[0. 0. 0. ... 0. 0. 0.],comp.sys.mac.hardware
[0. 0. 0. ... 0. 0. 0.],rec.sport.hockey
[0.         0.         0.16100024 ... 0.         0.         0.        ],rec.sport.hockey
[0.         0.         0.         ... 0.09462113 0.         0.        ],comp.os.ms-windows.misc
[0. 0. 0. ... 0. 0. 0.],soc.religion.christian
[0.         0.         0.         ... 0.06640482 0.         0.        ],misc.forsale
[0.         0.         0.         ... 0.         0.05962997 0.        ],comp.windows.x
[0. 0. 0. ... 0. 0. 0.],talk.religion.misc
[0. 0. 0. ... 0. 0. 0.],comp.graphics
[0.29320297 0.         0.         ... 0.         0.         0.        ],misc.forsale
[0.         0.         0.         ... 0.10646094 0.         0.        ],soc.religion.christian
[0.         0.         0.0634227  ... 0.05754096 0.         0.        ],talk.politics.misc
[0. 0. 0. ... 0. 0. 0.],sci.electronics
[0. 0. 0. ... 0. 0. 0.],talk.politics.mideast
[0. 0. 0. ... 0. 0. 0.],rec.motorcycles
[0.         0.         0.         ... 0.04502761 0.         0.        ],comp.sys.mac.hardware
[0. 0. 0. ... 0. 0. 0.],sci.crypt
[0. 0. 0. ... 0. 0. 0.],soc.religion.christian
[0.         0.         0.         ... 0.07752068 0.         0.        ],sci.space
[0.         0.         0.         ... 0.06998617 0.         0.        ],comp.sys.mac.hardware
[0. 0. 0. ... 0. 0. 0.],rec.sport.baseball
[0. 0. 0. ... 0. 0. 0.],comp.os.ms-windows.misc
[0. 0. 0. ... 0. 0. 0.],sci.electronics
[0. 0. 0. ... 0. 0. 0.],comp.windows.x
[0. 0. 0. ... 0. 0. 0.],rec.autos
[0. 0. 0. ... 0. 0. 0.],sci.space
[0. 0. 0. ... 0. 0. 0.],sci.med
[0. 0. 0. ... 0. 0. 0.],comp.windows.x
[0. 0. 0. ... 0. 0. 0.],alt.atheism
[0. 0. 0. ... 0. 0. 0.],sci.space
[0. 0. 0. ... 0. 0. 0.],rec.sport.hockey
[0. 0. 0. ... 0. 0. 0.],rec.sport.baseball
[0.         0.         0.         ... 0.04974268 0.         0.        ],comp.sys.ibm.pc.hardware
[0. 0. 0. ... 0. 0. 0.],comp.os.ms-windows.misc
[0.         0.         0.         ... 0.01908635 0.         0.        ],sci.med
[0.         0.         0.         ... 0.04743556 0.         0.        ],comp.graphics
[0.        0.        0.        ... 0.0652071 0.        0.       ],talk.politics.misc
[0. 0. 0. ... 0. 0. 0.],comp.windows.x
[0.         0.         0.         ... 0.01347857 0.         0.        ],rec.motorcycles
[0. 0. 0. ... 0. 0. 0.],alt.atheism
[0. 0. 0. ... 0. 0. 0.],misc.forsale
[0.         0.         0.         ... 0.03791136 0.         0.        ],rec.autos
[0. 0. 0. ... 0. 0. 0.],rec.autos
[0. 0. 0. ... 0. 0. 0.],comp.sys.mac.hardware
[0. 0. 0. ... 0. 0. 0.],rec.sport.hockey
[0.         0.         0.         ... 0.04907158 0.         0.        ],soc.religion.christian
[0. 0. 0. ... 0. 0. 0.],comp.sys.ibm.pc.hardware
[0. 0. 0. ... 0. 0. 0.],rec.sport.baseball
[0. 0. 0. ... 0. 0. 0.],comp.windows.x
[0. 0. 0. ... 0. 0. 0.],sci.electronics
[0. 0. 0. ... 0. 0. 0.],sci.med
[0.         0.         0.         ... 0.09375118 0.         0.        ],sci.crypt
[0.         0.         0.         ... 0.03173149 0.         0.        ],comp.graphics
[0. 0. 0. ... 0. 0. 0.],sci.med
[0. 0. 0. ... 0. 0. 0.],misc.forsale
[0. 0. 0. ... 0. 0. 0.],comp.windows.x
[0. 0. 0. ... 0. 0. 0.],talk.politics.guns
[0. 0. 0. ... 0. 0. 0.],talk.politics.misc
[0. 0. 0. ... 0. 0. 0.],talk.politics.mideast
[0. 0. 0. ... 0. 0. 0.],comp.windows.x
[0. 0. 0. ... 0. 0. 0.],talk.politics.misc
[0.        0.        0.        ... 0.0594441 0.        0.       ],comp.sys.mac.hardware
[0.         0.         0.         ... 0.03273858 0.         0.        ],talk.politics.mideast
[0.         0.         0.         ... 0.02780609 0.         0.        ],comp.windows.x
[0. 0. 0. ... 0. 0. 0.],rec.motorcycles
[0. 0. 0. ... 0. 0. 0.],rec.sport.baseball
[0. 0. 0. ... 0. 0. 0.],talk.politics.misc
[0.         0.         0.         ... 0.03794332 0.         0.        ],misc.forsale
[0. 0. 0. ... 0. 0. 0.],comp.sys.mac.hardware
[0.32806034 0.         0.         ... 0.         0.         0.        ],rec.motorcycles
[0.         0.         0.         ... 0.03498159 0.         0.        ],talk.religion.misc
[0. 0. 0. ... 0. 0. 0.],sci.crypt
[0. 0. 0. ... 0. 0. 0.],sci.space
[0. 0. 0. ... 0. 0. 0.],soc.religion.christian
[0.         0.         0.         ... 0.         0.         0.08472204],rec.sport.hockey
[0.         0.         0.         ... 0.04002012 0.         0.        ],sci.med
[0. 0. 0. ... 0. 0. 0.],sci.space
[0.         0.         0.         ... 0.04352453 0.         0.        ],sci.crypt
[0. 0. 0. ... 0. 0. 0.],rec.motorcycles
[0. 0. 0. ... 0. 0. 0.],rec.sport.hockey
[0.         0.         0.         ... 0.03199383 0.         0.        ],alt.atheism
[0.         0.         0.         ... 0.02790728 0.         0.        ],rec.sport.baseball
[0.         0.         0.         ... 0.14888277 0.         0.        ],alt.atheism
[0.00684271 0.00350144 0.         ... 0.02386949 0.         0.02832572],talk.politics.guns
[0.         0.         0.         ... 0.         0.         0.14160503],rec.sport.hockey
[0. 0. 0. ... 0. 0. 0.],rec.sport.hockey
[0. 0. 0. ... 0. 0. 0.],sci.med
[0. 0. 0. ... 0. 0. 0.],rec.autos
[0.         0.         0.         ... 0.05060651 0.         0.        ],comp.os.ms-windows.misc
[0. 0. 0. ... 0. 0. 0.],sci.space
[0. 0. 0. ... 0. 0. 0.],comp.windows.x
[0. 0. 0. ... 0. 0. 0.],sci.electronics
[0. 0. 0. ... 0. 0. 0.],sci.med
[0.         0.         0.         ... 0.02280063 0.         0.        ],comp.graphics
[0.22679401 0.         0.         ... 0.06085596 0.         0.        ],comp.sys.mac.hardware
[0. 0. 0. ... 0. 0. 0.],comp.graphics
[0. 0. 0. ... 0. 0. 0.],alt.atheism
[0. 0. 0. ... 0. 0. 0.],talk.politics.guns
[0.         0.         0.         ... 0.04986589 0.         0.        ],alt.atheism
[0. 0. 0. ... 0. 0. 0.],comp.sys.ibm.pc.hardware
[0. 0. 0. ... 0. 0. 0.],comp.graphics
[0.         0.07332571 0.08476305 ... 0.         0.         0.        ],rec.sport.hockey
[0.12728288 0.         0.         ... 0.         0.         0.        ],comp.os.ms-windows.misc
[0.         0.07982606 0.         ... 0.         0.         0.        ],sci.crypt
[0. 0. 0. ... 0. 0. 0.],alt.atheism
[0.         0.27757211 0.         ... 0.03638886 0.         0.        ],comp.graphics
[0.         0.         0.         ... 0.02898176 0.         0.        ],misc.forsale
[0. 0. 0. ... 0. 0. 0.],rec.autos
[0. 0. 0. ... 0. 0. 0.],sci.electronics
[0.         0.         0.         ... 0.06818243 0.         0.        ],talk.politics.misc
[0.         0.         0.         ... 0.02526699 0.         0.        ],talk.politics.misc
[0.         0.         0.         ... 0.         0.07974662 0.        ],soc.religion.christian
[0. 0. 0. ... 0. 0. 0.],talk.politics.misc
[0. 0. 0. ... 0. 0. 0.],sci.electronics
[0. 0. 0. ... 0. 0. 0.],sci.electronics
[0.         0.         0.         ... 0.02512716 0.         0.        ],misc.forsale
[0. 0. 0. ... 0. 0. 0.],talk.religion.misc
[0.        0.        0.        ... 0.0407588 0.        0.       ],misc.forsale
[0. 0. 0. ... 0. 0. 0.],comp.graphics
[0.         0.         0.         ... 0.03593776 0.         0.        ],rec.motorcycles
[0.         0.         0.         ... 0.11058384 0.         0.        ],alt.atheism
[0.         0.         0.         ... 0.16054099 0.06019576 0.        ],sci.crypt
[0. 0. 0. ... 0. 0. 0.],talk.politics.mideast
[0. 0. 0. ... 0. 0. 0.],comp.graphics
[0. 0. 0. ... 0. 0. 0.],rec.motorcycles
[0. 0. 0. ... 0. 0. 0.],rec.sport.baseball
[0.         0.         0.         ... 0.05985561 0.         0.        ],misc.forsale
[0. 0. 0. ... 0. 0. 0.],comp.sys.ibm.pc.hardware
[0. 0. 0. ... 0. 0. 0.],soc.religion.christian
[0. 0. 0. ... 0. 0. 0.],rec.autos
[0. 0. 0. ... 0. 0. 0.],sci.space
[0. 0. 0. ... 0. 0. 0.],talk.religion.misc
[0.         0.06262314 0.         ... 0.09851644 0.         0.        ],soc.religion.christian
[0.         0.         0.         ... 0.16697607 0.         0.        ],talk.politics.guns
[0. 0. 0. ... 0. 0. 0.],comp.sys.mac.hardware
[0. 0. 0. ... 0. 0. 0.],sci.electronics
[0.        0.        0.        ... 0.0821953 0.        0.       ],rec.motorcycles
[0.         0.         0.         ... 0.03891802 0.         0.        ],sci.space
[0. 0. 0. ... 0. 0. 0.],rec.motorcycles
[0.         0.01915776 0.         ... 0.02009219 0.         0.        ],misc.forsale
[0. 0. 0. ... 0. 0. 0.],sci.space
[0. 0. 0. ... 0. 0. 0.],misc.forsale
[0. 0. 0. ... 0. 0. 0.],comp.os.ms-windows.misc
[0. 0. 0. ... 0. 0. 0.],talk.politics.misc
[0. 0. 0. ... 0. 0. 0.],sci.crypt
[0.        0.        0.        ... 0.1004888 0.        0.       ],talk.politics.guns
[0. 0. 0. ... 0. 0. 0.],comp.sys.ibm.pc.hardware
[0.         0.         0.         ... 0.05703469 0.         0.        ],comp.sys.mac.hardware
[0. 0. 0. ... 0. 0. 0.],comp.sys.mac.hardware
[0. 0. 0. ... 0. 0. 0.],comp.os.ms-windows.misc
[0.         0.         0.         ... 0.02724803 0.         0.        ],comp.graphics
[0. 0. 0. ... 0. 0. 0.],talk.politics.misc
[0. 0. 0. ... 0. 0. 0.],sci.med
[0.         0.         0.         ... 0.02657021 0.         0.        ],talk.politics.guns
[0. 0. 0. ... 0. 0. 0.],comp.os.ms-windows.misc
[0. 0. 0. ... 0. 0. 0.],rec.motorcycles
[0. 0. 0. ... 0. 0. 0.],comp.graphics
[0. 0. 0. ... 0. 0. 0.],rec.autos
[0. 0. 0. ... 0. 0. 0.],sci.med
[0.         0.         0.         ... 0.         0.11664847 0.        ],talk.politics.guns
[0. 0. 0. ... 0. 0. 0.],comp.os.ms-windows.misc
[0. 0. 0. ... 0. 0. 0.],rec.sport.hockey
[0. 0. 0. ... 0. 0. 0.],comp.graphics
[0.         0.         0.         ... 0.03730233 0.         0.        ],talk.politics.guns
[0. 0. 0. ... 0. 0. 0.],talk.religion.misc
[0.         0.         0.         ... 0.05283452 0.         0.        ],rec.autos
[0.        0.        0.        ... 0.0449207 0.        0.       ],soc.religion.christian
[0. 0. 0. ... 0. 0. 0.],comp.windows.x
[0.         0.         0.         ... 0.05033337 0.         0.        ],soc.religion.christian
[0. 0. 0. ... 0. 0. 0.],sci.electronics
[0. 0. 0. ... 0. 0. 0.],sci.space
[0. 0. 0. ... 0. 0. 0.],sci.electronics
[0.0821996 0.        0.        ... 0.        0.        0.       ],misc.forsale
[0.         0.         0.         ... 0.02012746 0.         0.        ],rec.autos
[0. 0. 0. ... 0. 0. 0.],alt.atheism
[0.         0.         0.         ... 0.06335799 0.         0.        ],rec.autos
[0.         0.         0.         ... 0.02344914 0.         0.        ],comp.sys.mac.hardware
[0. 0. 0. ... 0. 0. 0.],talk.politics.mideast
[0. 0. 0. ... 0. 0. 0.],comp.sys.ibm.pc.hardware
[0.         0.         0.         ... 0.04405279 0.         0.        ],sci.med
[0. 0. 0. ... 0. 0. 0.],sci.crypt
[0. 0. 0. ... 0. 0. 0.],sci.space
[0. 0. 0. ... 0. 0. 0.],rec.sport.baseball
[0.         0.         0.         ... 0.06321433 0.         0.        ],talk.politics.mideast
[0. 0. 0. ... 0. 0. 0.],comp.sys.ibm.pc.hardware
[0. 0. 0. ... 0. 0. 0.],misc.forsale
[0.         0.         0.         ... 0.10933091 0.         0.        ],misc.forsale
[0. 0. 0. ... 0. 0. 0.],rec.sport.baseball
[0.         0.         0.         ... 0.14310997 0.         0.        ],misc.forsale
[0.42587455 0.         0.         ... 0.         0.         0.        ],soc.religion.christian
[0.         0.         0.         ... 0.03253448 0.         0.        ],talk.politics.guns
[0. 0. 0. ... 0. 0. 0.],rec.autos
[0. 0. 0. ... 0. 0. 0.],soc.religion.christian
[0.         0.         0.         ... 0.49991012 0.         0.        ],sci.space
[0. 0. 0. ... 0. 0. 0.],rec.sport.hockey
[0. 0. 0. ... 0. 0. 0.],sci.med
[0. 0. 0. ... 0. 0. 0.],talk.politics.misc
[0.         0.07743626 0.         ... 0.         0.         0.        ],comp.sys.mac.hardware
[0.        0.        0.        ... 0.0782978 0.        0.       ],comp.graphics
[0. 0. 0. ... 0. 0. 0.],talk.religion.misc
[0. 0. 0. ... 0. 0. 0.],soc.religion.christian
[0.         0.08719987 0.         ... 0.06858983 0.         0.        ],soc.religion.christian
[0. 0. 0. ... 0. 0. 0.],comp.windows.x
[0. 0. 0. ... 0. 0. 0.],rec.sport.hockey
[0. 0. 0. ... 0. 0. 0.],comp.sys.mac.hardware
[0.         0.06921268 0.         ... 0.         0.         0.        ],talk.politics.guns
[0. 0. 0. ... 0. 0. 0.],comp.sys.mac.hardware
[0. 0. 0. ... 0. 0. 0.],comp.sys.mac.hardware
[0.         0.32145021 0.         ... 0.         0.         0.        ],rec.sport.baseball
[0.         0.         0.         ... 0.02807656 0.         0.        ],sci.crypt
[0. 0. 0. ... 0. 0. 0.],sci.electronics
[0.         0.         0.         ... 0.04927766 0.         0.        ],rec.sport.baseball
[0. 0. 0. ... 0. 0. 0.],alt.atheism
[0. 0. 0. ... 0. 0. 0.],rec.sport.hockey
[0. 0. 0. ... 0. 0. 0.],rec.motorcycles
[0. 0. 0. ... 0. 0. 0.],rec.motorcycles
[0.         0.         0.02667187 ... 0.19358681 0.         0.        ],rec.sport.baseball
[0.         0.         0.         ... 0.0140887  0.02817406 0.        ],rec.motorcycles
[0. 0. 0. ... 0. 0. 0.],comp.windows.x
[0.        0.        0.        ... 0.0719536 0.        0.       ],comp.sys.mac.hardware
[0. 0. 0. ... 0. 0. 0.],comp.sys.ibm.pc.hardware
[0. 0. 0. ... 0. 0. 0.],rec.sport.baseball
[0. 0. 0. ... 0. 0. 0.],rec.sport.baseball
[0.         0.         0.         ... 0.0481195  0.03849106 0.        ],comp.windows.x
[0. 0. 0. ... 0. 0. 0.],comp.windows.x
[0. 0. 0. ... 0. 0. 0.],comp.sys.mac.hardware
[0. 0. 0. ... 0. 0. 0.],sci.med
[0.         0.         0.         ... 0.         0.         0.05695181],sci.electronics
[0.         0.         0.         ... 0.12039231 0.         0.        ],misc.forsale
[0. 0. 0. ... 0. 0. 0.],misc.forsale
[0.        0.        0.        ... 0.0207426 0.        0.       ],talk.politics.misc
[0. 0. 0. ... 0. 0. 0.],rec.motorcycles
[0.         0.         0.         ... 0.05289593 0.         0.        ],comp.windows.x
[0.         0.         0.         ... 0.02826326 0.         0.        ],rec.autos
[0. 0. 0. ... 0. 0. 0.],sci.crypt
[0.         0.         0.         ... 0.11214765 0.         0.        ],rec.autos
[0. 0. 0. ... 0. 0. 0.],comp.sys.mac.hardware
[0.         0.         0.         ... 0.08828025 0.         0.        ],sci.med
[0. 0. 0. ... 0. 0. 0.],talk.politics.mideast
[0. 0. 0. ... 0. 0. 0.],rec.autos
[0.         0.         0.         ... 0.05689783 0.         0.        ],soc.religion.christian
[0. 0. 0. ... 0. 0. 0.],sci.crypt
[0. 0. 0. ... 0. 0. 0.],soc.religion.christian
[0.         0.09075451 0.         ... 0.14277169 0.         0.        ],comp.sys.ibm.pc.hardware
[0. 0. 0. ... 0. 0. 0.],sci.crypt
[0.         0.         0.         ... 0.05133019 0.         0.        ],sci.electronics
[0. 0. 0. ... 0. 0. 0.],rec.autos
[0. 0. 0. ... 0. 0. 0.],rec.autos
[0. 0. 0. ... 0. 0. 0.],sci.med
[0. 0. 0. ... 0. 0. 0.],comp.os.ms-windows.misc
[0. 0. 0. ... 0. 0. 0.],rec.sport.baseball
[0. 0. 0. ... 0. 0. 0.],comp.windows.x
[0.         0.         0.         ... 0.25351621 0.         0.        ],alt.atheism
[0.         0.06348762 0.         ... 0.         0.         0.        ],rec.sport.baseball
[0. 0. 0. ... 0. 0. 0.],comp.graphics
[0. 0. 0. ... 0. 0. 0.],soc.religion.christian
[0.         0.         0.         ... 0.02338244 0.         0.        ],comp.graphics
[0.         0.         0.         ... 0.04071126 0.         0.        ],talk.politics.mideast
[0.         0.         0.         ... 0.04403105 0.         0.        ],rec.motorcycles
[0.         0.         0.         ... 0.11018258 0.         0.        ],sci.space
[0. 0. 0. ... 0. 0. 0.],talk.politics.misc
[0. 0. 0. ... 0. 0. 0.],soc.religion.christian
[0.         0.         0.         ... 0.08247688 0.         0.        ],misc.forsale
[0.         0.         0.         ... 0.10405231 0.         0.        ],sci.med
[0.         0.19705701 0.         ... 0.         0.         0.        ],rec.motorcycles
[0. 0. 0. ... 0. 0. 0.],sci.space
[0.         0.         0.         ... 0.07036995 0.         0.        ],alt.atheism
[0.        0.        0.1606384 ... 0.        0.        0.       ],comp.os.ms-windows.misc
[0. 0. 0. ... 0. 0. 0.],rec.autos
[0. 0. 0. ... 0. 0. 0.],comp.graphics
[0. 0. 0. ... 0. 0. 0.],comp.windows.x
[0. 0. 0. ... 0. 0. 0.],talk.politics.guns
[0. 0. 0. ... 0. 0. 0.],rec.sport.baseball
[0. 0. 0. ... 0. 0. 0.],misc.forsale
[0. 0. 0. ... 0. 0. 0.],rec.sport.baseball
[0. 0. 0. ... 0. 0. 0.],talk.politics.misc
[0. 0. 0. ... 0. 0. 0.],comp.sys.mac.hardware
[0. 0. 0. ... 0. 0. 0.],misc.forsale
[0.         0.         0.         ... 0.09190638 0.         0.        ],sci.space
[0. 0. 0. ... 0. 0. 0.],comp.os.ms-windows.misc
[0.         0.         0.         ... 0.05822276 0.         0.        ],alt.atheism
[0. 0. 0. ... 0. 0. 0.],talk.politics.mideast
[0. 0. 0. ... 0. 0. 0.],rec.sport.baseball
[0. 0. 0. ... 0. 0. 0.],talk.religion.misc
[0. 0. 0. ... 0. 0. 0.],sci.space
[0. 0. 0. ... 0. 0. 0.],comp.windows.x
[0.         0.         0.         ... 0.06279452 0.         0.        ],alt.atheism
[0.         0.         0.         ... 0.03017429 0.         0.        ],comp.sys.ibm.pc.hardware
[0.         0.         0.         ... 0.07711078 0.         0.        ],comp.graphics
[0. 0. 0. ... 0. 0. 0.],sci.electronics
[0. 0. 0. ... 0. 0. 0.],talk.politics.guns
[0. 0. 0. ... 0. 0. 0.],alt.atheism
[0. 0. 0. ... 0. 0. 0.],comp.graphics
[0.         0.         0.         ... 0.05271504 0.         0.        ],soc.religion.christian
[0.14391538 0.         0.         ... 0.19308509 0.         0.        ],sci.electronics
[0. 0. 0. ... 0. 0. 0.],comp.sys.mac.hardware
[0. 0. 0. ... 0. 0. 0.],misc.forsale
[0. 0. 0. ... 0. 0. 0.],sci.med
[0.       0.       0.       ... 0.279931 0.       0.      ],rec.sport.baseball
[0.04691091 0.         0.         ... 0.         0.         0.        ],sci.electronics
[0. 0. 0. ... 0. 0. 0.],comp.graphics
[0. 0. 0. ... 0. 0. 0.],comp.windows.x
[0. 0. 0. ... 0. 0. 0.],rec.sport.hockey
[0.         0.08664341 0.         ... 0.         0.         0.        ],rec.sport.hockey
[0.         0.         0.         ... 0.09188735 0.         0.        ],rec.motorcycles
[0.         0.         0.         ... 0.         0.         0.29315772],talk.politics.misc
[0.         0.         0.         ... 0.09836142 0.         0.        ],soc.religion.christian
[0.         0.         0.         ... 0.28442054 0.01625068 0.        ],sci.electronics
[0.         0.         0.         ... 0.03966893 0.         0.        ],talk.politics.mideast
[0. 0. 0. ... 0. 0. 0.],misc.forsale
[0. 0. 0. ... 0. 0. 0.],comp.os.ms-windows.misc
[0.         0.         0.         ... 0.02634569 0.         0.        ],talk.politics.mideast
[0. 0. 0. ... 0. 0. 0.],soc.religion.christian
[0.         0.         0.         ... 0.03231086 0.         0.        ],talk.politics.guns
[0. 0. 0. ... 0. 0. 0.],comp.windows.x
[0. 0. 0. ... 0. 0. 0.],rec.autos
[0. 0. 0. ... 0. 0. 0.],comp.sys.mac.hardware
[0. 0. 0. ... 0. 0. 0.],sci.space
[0. 0. 0. ... 0. 0. 0.],rec.sport.baseball
[0. 0. 0. ... 0. 0. 0.],comp.sys.mac.hardware
[0.         0.         0.         ... 0.06957047 0.         0.        ],talk.religion.misc
[0. 0. 0. ... 0. 0. 0.],sci.electronics
[0. 0. 0. ... 0. 0. 0.],comp.windows.x
[0.         0.         0.         ... 0.04348112 0.         0.        ],talk.politics.mideast
[0. 0. 0. ... 0. 0. 0.],rec.autos
[0.         0.         0.         ... 0.05309957 0.03539554 0.        ],talk.religion.misc
[0. 0. 0. ... 0. 0. 0.],sci.crypt
[0. 0. 0. ... 0. 0. 0.],comp.graphics
[0. 0. 0. ... 0. 0. 0.],sci.space
[0. 0. 0. ... 0. 0. 0.],talk.religion.misc
[0. 0. 0. ... 0. 0. 0.],alt.atheism
[0. 0. 0. ... 0. 0. 0.],soc.religion.christian
[0. 0. 0. ... 0. 0. 0.],rec.autos
[0. 0. 0. ... 0. 0. 0.],misc.forsale
[0. 0. 0. ... 0. 0. 0.],talk.politics.mideast
[0. 0. 0. ... 0. 0. 0.],talk.religion.misc
[0. 0. 0. ... 0. 0. 0.],rec.sport.hockey
[0. 0. 0. ... 0. 0. 0.],rec.motorcycles
[0. 0. 0. ... 0. 0. 0.],misc.forsale
[0.         0.         0.         ... 0.04639494 0.         0.        ],misc.forsale
[0. 0. 0. ... 0. 0. 0.],talk.politics.misc
[0. 0. 0. ... 0. 0. 0.],sci.crypt
[0. 0. 0. ... 0. 0. 0.],alt.atheism
[0.         0.         0.         ... 0.15928941 0.         0.        ],comp.sys.mac.hardware
[0.         0.14763324 0.         ... 0.13547989 0.         0.        ],misc.forsale
[0.         0.         0.         ... 0.08201512 0.         0.        ],soc.religion.christian
[0. 0. 0. ... 0. 0. 0.],misc.forsale
[0.         0.         0.         ... 0.07557999 0.         0.        ],soc.religion.christian
[0.         0.         0.         ... 0.12292748 0.         0.        ],talk.politics.guns
[0. 0. 0. ... 0. 0. 0.],sci.med
[0. 0. 0. ... 0. 0. 0.],talk.politics.mideast
[0.         0.         0.081634   ... 0.07406336 0.         0.        ],misc.forsale
[0.         0.         0.         ... 0.06659145 0.         0.        ],alt.atheism
[0. 0. 0. ... 0. 0. 0.],talk.religion.misc
[0. 0. 0. ... 0. 0. 0.],rec.sport.baseball
[0.         0.         0.         ... 0.07083563 0.         0.        ],comp.graphics
[0. 0. 0. ... 0. 0. 0.],sci.crypt
[0. 0. 0. ... 0. 0. 0.],rec.motorcycles
[0. 0. 0. ... 0. 0. 0.],comp.sys.ibm.pc.hardware
[0. 0. 0. ... 0. 0. 0.],sci.space
[0. 0. 0. ... 0. 0. 0.],comp.sys.ibm.pc.hardware
[0. 0. 0. ... 0. 0. 0.],comp.graphics
[0. 0. 0. ... 0. 0. 0.],sci.electronics
[0. 0. 0. ... 0. 0. 0.],sci.med
[0.         0.         0.         ... 0.06481696 0.         0.        ],rec.sport.baseball
[0. 0. 0. ... 0. 0. 0.],sci.med
[0. 0. 0. ... 0. 0. 0.],sci.crypt
[0.         0.         0.         ... 0.00886498 0.         0.        ],comp.sys.ibm.pc.hardware
[0.         0.         0.         ... 0.04178205 0.         0.        ],comp.os.ms-windows.misc
[0. 0. 0. ... 0. 0. 0.],alt.atheism
[0. 0. 0. ... 0. 0. 0.],talk.politics.guns
[0. 0. 0. ... 0. 0. 0.],sci.crypt
[0. 0. 0. ... 0. 0. 0.],sci.med
[0.         0.         0.         ... 0.01587969 0.         0.        ],comp.graphics
[0.         0.         0.         ... 0.11467336 0.         0.        ],comp.windows.x
[0. 0. 0. ... 0. 0. 0.],sci.crypt
[0. 0. 0. ... 0. 0. 0.],rec.sport.hockey
[0. 0. 0. ... 0. 0. 0.],sci.electronics
[0. 0. 0. ... 0. 0. 0.],alt.atheism
[0. 0. 0. ... 0. 0. 0.],comp.sys.mac.hardware
[0. 0. 0. ... 0. 0. 0.],soc.religion.christian
[0. 0. 0. ... 0. 0. 0.],comp.sys.mac.hardware
[0.         0.         0.         ... 0.26775919 0.         0.        ],soc.religion.christian
[0. 0. 0. ... 0. 0. 0.],soc.religion.christian
[0.         0.         0.15949719 ... 0.07235281 0.         0.        ],misc.forsale
[0.00819015 0.         0.         ... 0.01538372 0.         0.        ],comp.windows.x
[0. 0. 0. ... 0. 0. 0.],talk.politics.guns
[0.18114238 0.         0.         ... 0.09721238 0.         0.        ],sci.crypt
[0. 0. 0. ... 0. 0. 0.],alt.atheism
[0. 0. 0. ... 0. 0. 0.],rec.sport.hockey
[0. 0. 0. ... 0. 0. 0.],talk.politics.guns
[0. 0. 0. ... 0. 0. 0.],rec.motorcycles
[0. 0. 0. ... 0. 0. 0.],comp.os.ms-windows.misc
[0. 0. 0. ... 0. 0. 0.],comp.sys.mac.hardware
[0.         0.         0.         ... 0.15067061 0.0376632  0.        ],comp.os.ms-windows.misc
[0.         0.         0.         ... 0.18749178 0.         0.        ],talk.politics.guns
[0. 0. 0. ... 0. 0. 0.],sci.crypt
[0. 0. 0. ... 0. 0. 0.],talk.politics.guns
[0.         0.22794255 0.         ... 0.         0.         0.        ],sci.med
[0.        0.        0.        ... 0.1655355 0.        0.       ],comp.graphics
[0.         0.         0.         ... 0.11053401 0.         0.        ],misc.forsale
[0. 0. 0. ... 0. 0. 0.],talk.politics.guns
[0.         0.         0.         ... 0.11655594 0.         0.        ],comp.sys.ibm.pc.hardware
[0. 0. 0. ... 0. 0. 0.],sci.crypt
[0.         0.         0.09199653 ... 0.04173244 0.         0.        ],talk.politics.guns
[0. 0. 0. ... 0. 0. 0.],sci.crypt
[0. 0. 0. ... 0. 0. 0.],rec.motorcycles
[0. 0. 0. ... 0. 0. 0.],comp.os.ms-windows.misc
[0.         0.         0.         ... 0.04615541 0.         0.        ],talk.religion.misc
[0.        0.        0.        ... 0.0759096 0.        0.       ],talk.politics.mideast
[0.         0.         0.         ... 0.10858024 0.10856742 0.        ],rec.sport.baseball
[0.         0.         0.         ... 0.06234914 0.         0.        ],rec.motorcycles
[0.         0.         0.         ... 0.04281746 0.         0.        ],soc.religion.christian
[0.         0.         0.         ... 0.03751321 0.         0.        ],sci.electronics
[0.         0.         0.         ... 0.08403147 0.         0.        ],talk.politics.misc
[0. 0. 0. ... 0. 0. 0.],comp.sys.mac.hardware
[0.         0.         0.         ... 0.07786062 0.07785143 0.        ],talk.politics.misc
[0. 0. 0. ... 0. 0. 0.],rec.motorcycles
[0. 0. 0. ... 0. 0. 0.],rec.autos
[0. 0. 0. ... 0. 0. 0.],misc.forsale
[0. 0. 0. ... 0. 0. 0.],talk.politics.guns
[0. 0. 0. ... 0. 0. 0.],comp.graphics
[0. 0. 0. ... 0. 0. 0.],comp.sys.mac.hardware
[0.         0.         0.         ... 0.02756371 0.         0.        ],talk.politics.misc
[0. 0. 0. ... 0. 0. 0.],rec.motorcycles
[0.         0.         0.         ... 0.13573284 0.         0.        ],misc.forsale
[0. 0. 0. ... 0. 0. 0.],misc.forsale
[0. 0. 0. ... 0. 0. 0.],talk.religion.misc
[0. 0. 0. ... 0. 0. 0.],talk.politics.guns
[0. 0. 0. ... 0. 0. 0.],misc.forsale
[0.         0.03767551 0.         ... 0.         0.         0.        ],rec.sport.baseball
[0. 0. 0. ... 0. 0. 0.],sci.electronics
[0.         0.         0.         ... 0.01125212 0.02250158 0.        ],sci.space
[0.         0.         0.         ... 0.         0.07790442 0.        ],sci.med
[0. 0. 0. ... 0. 0. 0.],sci.electronics
[0. 0. 0. ... 0. 0. 0.],sci.crypt
[0.         0.         0.         ... 0.07816678 0.         0.        ],rec.sport.baseball
[0.         0.         0.         ... 0.04400515 0.         0.        ],sci.crypt
[0. 0. 0. ... 0. 0. 0.],comp.sys.mac.hardware
[0. 0. 0. ... 0. 0. 0.],rec.motorcycles
[0.         0.         0.         ... 0.01164225 0.         0.        ],sci.space
[0. 0. 0. ... 0. 0. 0.],rec.autos
[0.         0.12349117 0.         ... 0.         0.         0.        ],rec.autos
[0.         0.         0.         ... 0.04762265 0.         0.        ],talk.politics.misc
[0. 0. 0. ... 0. 0. 0.],sci.space
[0. 0. 0. ... 0. 0. 0.],comp.os.ms-windows.misc
[0. 0. 0. ... 0. 0. 0.],comp.sys.ibm.pc.hardware
[0. 0. 0. ... 0. 0. 0.],rec.autos
[0. 0. 0. ... 0. 0. 0.],sci.crypt
[0.         0.         0.         ... 0.01664572 0.         0.        ],sci.electronics
[0.         0.         0.         ... 0.06071269 0.         0.        ],sci.electronics
[0. 0. 0. ... 0. 0. 0.],talk.politics.mideast
[0.         0.         0.         ... 0.02732074 0.         0.        ],talk.politics.mideast
[0.         0.         0.         ... 0.0341897  0.00325578 0.        ],comp.sys.mac.hardware
[0. 0. 0. ... 0. 0. 0.],comp.sys.mac.hardware
[0.         0.20873906 0.         ... 0.         0.         0.        ],rec.sport.baseball
[0. 0. 0. ... 0. 0. 0.],comp.windows.x
[0.         0.         0.         ... 0.         0.         0.24518126],sci.med
[0. 0. 0. ... 0. 0. 0.],comp.sys.mac.hardware
[0. 0. 0. ... 0. 0. 0.],talk.politics.misc
[0. 0. 0. ... 0. 0. 0.],comp.sys.ibm.pc.hardware
[0. 0. 0. ... 0. 0. 0.],comp.graphics
[0. 0. 0. ... 0. 0. 0.],comp.os.ms-windows.misc
[0.1713371 0.        0.        ... 0.        0.        0.       ],soc.religion.christian
[0. 0. 0. ... 0. 0. 0.],rec.autos
[0.         0.         0.         ... 0.04932719 0.         0.        ],talk.politics.misc
[0.         0.         0.         ... 0.06045943 0.         0.        ],misc.forsale
[0.         0.         0.         ... 0.06514147 0.         0.        ],sci.crypt
[0. 0. 0. ... 0. 0. 0.],talk.politics.guns
[0. 0. 0. ... 0. 0. 0.],sci.med
[0.         0.         0.         ... 0.07287513 0.         0.        ],comp.graphics
[0. 0. 0. ... 0. 0. 0.],talk.politics.misc
[0.         0.01512563 0.         ... 0.04759018 0.         0.        ],rec.autos
[0. 0. 0. ... 0. 0. 0.],talk.politics.mideast
[0.         0.         0.         ... 0.         0.         0.13060499],sci.crypt
[0. 0. 0. ... 0. 0. 0.],sci.med
[0. 0. 0. ... 0. 0. 0.],rec.motorcycles
[0.32674338 0.         0.         ... 0.         0.         0.        ],comp.os.ms-windows.misc
[0. 0. 0. ... 0. 0. 0.],talk.religion.misc
[0. 0. 0. ... 0. 0. 0.],rec.motorcycles
[0. 0. 0. ... 0. 0. 0.],rec.autos
[0.         0.         0.         ... 0.03783729 0.         0.        ],rec.autos
[0. 0. 0. ... 0. 0. 0.],comp.windows.x
[0.         0.         0.         ... 0.02211323 0.         0.        ],sci.med
[0. 0. 0. ... 0. 0. 0.],alt.atheism
[0. 0. 0. ... 0. 0. 0.],misc.forsale
[0. 0. 0. ... 0. 0. 0.],comp.os.ms-windows.misc
[0. 0. 0. ... 0. 0. 0.],comp.sys.ibm.pc.hardware
[0. 0. 0. ... 0. 0. 0.],comp.os.ms-windows.misc
[0.         0.         0.         ... 0.07239096 0.         0.        ],rec.sport.baseball
[0.0055831  0.01142759 0.         ... 0.02996244 0.         0.        ],alt.atheism
[0. 0. 0. ... 0. 0. 0.],talk.politics.guns
[0. 0. 0. ... 0. 0. 0.],alt.atheism
[0.         0.         0.         ... 0.06285513 0.         0.        ],misc.forsale
[0. 0. 0. ... 0. 0. 0.],soc.religion.christian
[0. 0. 0. ... 0. 0. 0.],sci.electronics
[0.         0.05083094 0.         ... 0.         0.         0.        ],talk.politics.mideast
[0. 0. 0. ... 0. 0. 0.],comp.sys.ibm.pc.hardware
[0.         0.         0.         ... 0.04445193 0.         0.        ],alt.atheism
[0.         0.         0.         ... 0.06920951 0.         0.        ],rec.sport.baseball
[0. 0. 0. ... 0. 0. 0.],sci.crypt
[0. 0. 0. ... 0. 0. 0.],comp.sys.ibm.pc.hardware
[0. 0. 0. ... 0. 0. 0.],talk.religion.misc
[0.         0.         0.         ... 0.06165043 0.         0.        ],alt.atheism
[0. 0. 0. ... 0. 0. 0.],comp.sys.mac.hardware
[0. 0. 0. ... 0. 0. 0.],comp.graphics
[0. 0. 0. ... 0. 0. 0.],soc.religion.christian
[0.        0.        0.        ... 0.0479094 0.        0.       ],comp.sys.ibm.pc.hardware
[0. 0. 0. ... 0. 0. 0.],comp.windows.x
[0. 0. 0. ... 0. 0. 0.],rec.sport.baseball
[0. 0. 0. ... 0. 0. 0.],rec.sport.baseball
[0. 0. 0. ... 0. 0. 0.],comp.graphics
[0.         0.         0.         ... 0.05162303 0.         0.        ],rec.motorcycles
[0. 0. 0. ... 0. 0. 0.],rec.sport.baseball
[0.         0.         0.06132104 ... 0.         0.         0.        ],sci.crypt
[0.         0.         0.         ... 0.06005918 0.         0.        ],rec.sport.baseball
[0.1329812 0.        0.        ... 0.        0.        0.       ],comp.os.ms-windows.misc
[0. 0. 0. ... 0. 0. 0.],misc.forsale
[0.         0.         0.         ... 0.06132659 0.         0.        ],alt.atheism
[0.         0.         0.         ... 0.12584794 0.         0.        ],comp.graphics
[0.31263451 0.         0.         ... 0.         0.         0.        ],talk.politics.mideast
[0. 0. 0. ... 0. 0. 0.],comp.sys.ibm.pc.hardware
[0. 0. 0. ... 0. 0. 0.],sci.space
[0.         0.         0.         ... 0.08633482 0.         0.        ],comp.graphics
[0. 0. 0. ... 0. 0. 0.],rec.autos
[0.         0.         0.         ... 0.03636679 0.         0.        ],sci.space
[0.         0.         0.10402752 ... 0.         0.         0.        ],sci.crypt
[0.         0.         0.         ... 0.02947656 0.         0.        ],misc.forsale
[0. 0. 0. ... 0. 0. 0.],sci.space
[0. 0. 0. ... 0. 0. 0.],sci.med
[0. 0. 0. ... 0. 0. 0.],sci.electronics
[0.         0.         0.         ... 0.06364254 0.         0.        ],rec.motorcycles
[0. 0. 0. ... 0. 0. 0.],sci.electronics
[0. 0. 0. ... 0. 0. 0.],comp.sys.mac.hardware
[0.        0.        0.        ... 0.0949022 0.        0.       ],rec.sport.hockey
[0.         0.         0.         ... 0.14102771 0.         0.        ],sci.crypt
[0. 0. 0. ... 0. 0. 0.],talk.politics.mideast
[0.         0.         0.         ... 0.07941069 0.         0.        ],rec.sport.baseball
[0.         0.         0.         ... 0.03643899 0.         0.        ],rec.autos
[0. 0. 0. ... 0. 0. 0.],talk.politics.mideast
[0. 0. 0. ... 0. 0. 0.],sci.space
[0. 0. 0. ... 0. 0. 0.],comp.windows.x
[0. 0. 0. ... 0. 0. 0.],rec.sport.hockey
[0.         0.         0.         ... 0.03193365 0.06385976 0.08210669],comp.graphics
[0. 0. 0. ... 0. 0. 0.],sci.med
[0.         0.         0.         ... 0.04166396 0.         0.        ],soc.religion.christian
[0. 0. 0. ... 0. 0. 0.],comp.os.ms-windows.misc
[0. 0. 0. ... 0. 0. 0.],misc.forsale
[0. 0. 0. ... 0. 0. 0.],soc.religion.christian
[0. 0. 0. ... 0. 0. 0.],comp.windows.x
[0. 0. 0. ... 0. 0. 0.],talk.politics.mideast
[0. 0. 0. ... 0. 0. 0.],rec.sport.baseball
[0. 0. 0. ... 0. 0. 0.],comp.os.ms-windows.misc
[0.         0.         0.         ... 0.03290213 0.         0.        ],talk.politics.guns
[0.         0.         0.         ... 0.02156739 0.         0.        ],comp.sys.mac.hardware
[0. 0. 0. ... 0. 0. 0.],sci.electronics
[0. 0. 0. ... 0. 0. 0.],talk.religion.misc
[0. 0. 0. ... 0. 0. 0.],alt.atheism
[0. 0. 0. ... 0. 0. 0.],comp.sys.mac.hardware
[0. 0. 0. ... 0. 0. 0.],talk.politics.guns
[0. 0. 0. ... 0. 0. 0.],comp.sys.mac.hardware
[0.         0.         0.         ... 0.10555503 0.         0.        ],rec.sport.baseball
[0. 0. 0. ... 0. 0. 0.],rec.sport.hockey
[0. 0. 0. ... 0. 0. 0.],sci.space
[0. 0. 0. ... 0. 0. 0.],talk.politics.guns
[0. 0. 0. ... 0. 0. 0.],comp.sys.ibm.pc.hardware
[0. 0. 0. ... 0. 0. 0.],soc.religion.christian
[0.         0.09672277 0.         ... 0.         0.         0.        ],sci.crypt
[0. 0. 0. ... 0. 0. 0.],talk.politics.mideast
[0.        0.        0.        ... 0.0712291 0.        0.       ],comp.windows.x
[0. 0. 0. ... 0. 0. 0.],sci.space
[0.92061563 0.1998533  0.29703395 ... 0.         0.         0.        ],comp.os.ms-windows.misc
[0.         0.         0.         ... 0.07562754 0.         0.        ],comp.sys.mac.hardware
[0. 0. 0. ... 0. 0. 0.],sci.med
[0.         0.         0.         ... 0.         0.03885552 0.        ],sci.electronics
[0. 0. 0. ... 0. 0. 0.],alt.atheism
[0.         0.         0.         ... 0.03704097 0.         0.        ],talk.religion.misc
[0. 0. 0. ... 0. 0. 0.],sci.space
[0.         0.         0.         ... 0.03405707 0.         0.        ],sci.crypt
[0. 0. 0. ... 0. 0. 0.],talk.politics.guns
[0. 0. 0. ... 0. 0. 0.],rec.motorcycles
[0.         0.         0.         ... 0.06513619 0.         0.        ],soc.religion.christian
[0. 0. 0. ... 0. 0. 0.],rec.sport.hockey
[0.         0.         0.         ... 0.03384155 0.         0.        ],alt.atheism
[0. 0. 0. ... 0. 0. 0.],talk.politics.misc
[0.         0.         0.         ... 0.02532771 0.05064944 0.        ],rec.motorcycles
[0. 0. 0. ... 0. 0. 0.],soc.religion.christian
[0.         0.         0.         ... 0.319975   0.06398744 0.        ],sci.electronics
[0. 0. 0. ... 0. 0. 0.],sci.space
[0.         0.         0.         ... 0.00817723 0.         0.        ],comp.os.ms-windows.misc
[0. 0. 0. ... 0. 0. 0.],rec.motorcycles
[0. 0. 0. ... 0. 0. 0.],rec.motorcycles
[0. 0. 0. ... 0. 0. 0.],rec.sport.hockey
[0.         0.         0.         ... 0.03370132 0.         0.        ],talk.politics.misc
[0. 0. 0. ... 0. 0. 0.],comp.sys.ibm.pc.hardware
[0.         0.04479554 0.         ... 0.         0.         0.        ],talk.politics.mideast
[0.         0.         0.         ... 0.01659621 0.         0.        ],talk.religion.misc
[0.         0.         0.         ... 0.05430984 0.05430343 0.        ],soc.religion.christian
[0.05469422 0.05597452 0.         ... 0.         0.         0.        ],sci.med
[0. 0. 0. ... 0. 0. 0.],sci.med
[0.         0.         0.         ... 0.04209106 0.         0.        ],comp.graphics
[0. 0. 0. ... 0. 0. 0.],comp.graphics
[0. 0. 0. ... 0. 0. 0.],comp.sys.mac.hardware
[0. 0. 0. ... 0. 0. 0.],comp.graphics
[0.         0.         0.         ... 0.11540076 0.         0.        ],comp.os.ms-windows.misc
[0. 0. 0. ... 0. 0. 0.],talk.politics.misc
[0. 0. 0. ... 0. 0. 0.],rec.autos
[0.         0.         0.         ... 0.02780297 0.         0.        ],sci.med
[0. 0. 0. ... 0. 0. 0.],alt.atheism
[0. 0. 0. ... 0. 0. 0.],sci.electronics
[0.         0.11246907 0.         ... 0.         0.         0.        ],talk.politics.misc
[0. 0. 0. ... 0. 0. 0.],comp.sys.ibm.pc.hardware
[0.         0.         0.         ... 0.02101177 0.         0.        ],rec.motorcycles
[0. 0. 0. ... 0. 0. 0.],soc.religion.christian
[0.        0.        0.        ... 0.0419748 0.        0.       ],sci.electronics
[0.         0.         0.         ... 0.03985913 0.         0.        ],soc.religion.christian
[0.         0.         0.         ... 0.10934299 0.         0.        ],comp.sys.ibm.pc.hardware
[0. 0. 0. ... 0. 0. 0.],comp.os.ms-windows.misc
[0.         0.07999896 0.         ... 0.01048762 0.         0.        ],comp.graphics
[0.         0.         0.         ... 0.         0.         0.16383805],rec.sport.hockey
[0. 0. 0. ... 0. 0. 0.],talk.politics.guns
[0. 0. 0. ... 0. 0. 0.],comp.os.ms-windows.misc
[0. 0. 0. ... 0. 0. 0.],comp.sys.ibm.pc.hardware
[0.         0.07011574 0.         ... 0.07353569 0.         0.        ],misc.forsale
[0.         0.         0.         ... 0.29037602 0.         0.        ],misc.forsale
[0. 0. 0. ... 0. 0. 0.],talk.politics.mideast
[0. 0. 0. ... 0. 0. 0.],sci.space
[0.         0.         0.         ... 0.03896438 0.         0.        ],soc.religion.christian
[0. 0. 0. ... 0. 0. 0.],sci.med
[0. 0. 0. ... 0. 0. 0.],comp.sys.ibm.pc.hardware
[0. 0. 0. ... 0. 0. 0.],rec.autos
[0. 0. 0. ... 0. 0. 0.],talk.politics.misc
[0. 0. 0. ... 0. 0. 0.],comp.sys.mac.hardware
[0. 0. 0. ... 0. 0. 0.],comp.os.ms-windows.misc
[0.12273322 0.         0.         ... 0.         0.         0.        ],sci.med
[0. 0. 0. ... 0. 0. 0.],misc.forsale
[0. 0. 0. ... 0. 0. 0.],soc.religion.christian
[0. 0. 0. ... 0. 0. 0.],rec.autos
[0. 0. 0. ... 0. 0. 0.],sci.electronics
[0. 0. 0. ... 0. 0. 0.],sci.electronics
[0.         0.         0.         ... 0.04796679 0.         0.        ],alt.atheism
[0. 0. 0. ... 0. 0. 0.],sci.electronics
[0. 0. 0. ... 0. 0. 0.],comp.os.ms-windows.misc
[0.         0.         0.         ... 0.05367895 0.         0.        ],comp.sys.ibm.pc.hardware
[0.         0.01868771 0.02160262 ... 0.00979961 0.         0.        ],sci.space
[0.         0.         0.         ... 0.06332384 0.         0.        ],sci.space
[0. 0. 0. ... 0. 0. 0.],sci.med
[0. 0. 0. ... 0. 0. 0.],comp.sys.mac.hardware
[0. 0. 0. ... 0. 0. 0.],talk.politics.mideast
[0. 0. 0. ... 0. 0. 0.],sci.space
[0. 0. 0. ... 0. 0. 0.],sci.med
[0. 0. 0. ... 0. 0. 0.],comp.sys.ibm.pc.hardware
[0. 0. 0. ... 0. 0. 0.],rec.sport.hockey
[0.         0.         0.13094248 ... 0.05939952 0.         0.        ],alt.atheism
[0.         0.31888534 0.         ... 0.02786993 0.         0.        ],talk.politics.guns
[0.         0.08639514 0.         ... 0.         0.         0.        ],sci.crypt
[0. 0. 0. ... 0. 0. 0.],comp.sys.ibm.pc.hardware
[0.         0.         0.         ... 0.05714342 0.11427335 0.        ],talk.religion.misc
[0.         0.         0.         ... 0.07522779 0.15043781 0.        ],comp.os.ms-windows.misc
[0. 0. 0. ... 0. 0. 0.],sci.crypt
[0. 0. 0. ... 0. 0. 0.],comp.os.ms-windows.misc
[0.         0.         0.         ... 0.04072439 0.         0.        ],sci.electronics
[0. 0. 0. ... 0. 0. 0.],sci.space
[0. 0. 0. ... 0. 0. 0.],sci.electronics
[0. 0. 0. ... 0. 0. 0.],comp.graphics
[0.         0.         0.         ... 0.05094545 0.         0.        ],rec.sport.baseball
[0. 0. 0. ... 0. 0. 0.],sci.electronics
[0.         0.         0.         ... 0.05948531 0.03965219 0.        ],sci.space
[0.12025828 0.         0.         ... 0.         0.         0.        ],talk.politics.mideast
[0.         0.         0.         ... 0.04452477 0.         0.        ],talk.politics.mideast
[0.         0.         0.         ... 0.03387707 0.         0.        ],sci.electronics
[0.         0.         0.         ... 0.08933221 0.         0.        ],talk.politics.mideast
[0. 0. 0. ... 0. 0. 0.],talk.politics.misc
[0.         0.17044922 0.         ... 0.         0.         0.        ],alt.atheism
[0. 0. 0. ... 0. 0. 0.],talk.religion.misc
[0.         0.08321498 0.         ... 0.04363693 0.         0.        ],talk.politics.misc
[0. 0. 0. ... 0. 0. 0.],talk.religion.misc
[0. 0. 0. ... 0. 0. 0.],talk.politics.misc
[0. 0. 0. ... 0. 0. 0.],alt.atheism
[0.         0.         0.         ... 0.03924805 0.         0.        ],comp.sys.ibm.pc.hardware
[0. 0. 0. ... 0. 0. 0.],misc.forsale
[0.         0.         0.         ... 0.03709252 0.         0.        ],rec.sport.baseball
[0. 0. 0. ... 0. 0. 0.],talk.politics.mideast
[0.07103394 0.         0.         ... 0.         0.07623355 0.        ],soc.religion.christian
[0. 0. 0. ... 0. 0. 0.],rec.autos
[0. 0. 0. ... 0. 0. 0.],talk.politics.guns
[0. 0. 0. ... 0. 0. 0.],comp.os.ms-windows.misc
[0. 0. 0. ... 0. 0. 0.],rec.sport.hockey
[0. 0. 0. ... 0. 0. 0.],rec.autos
[0. 0. 0. ... 0. 0. 0.],rec.motorcycles
[0.         0.         0.         ... 0.02179218 0.         0.        ],talk.politics.misc
[0. 0. 0. ... 0. 0. 0.],comp.os.ms-windows.misc
[0. 0. 0. ... 0. 0. 0.],rec.autos
[0. 0. 0. ... 0. 0. 0.],sci.med
[0. 0. 0. ... 0. 0. 0.],talk.politics.guns
[0.         0.         0.         ... 0.05326419 0.         0.13695105],comp.sys.mac.hardware
[0.         0.         0.         ... 0.14666428 0.         0.        ],misc.forsale
[0.         0.         0.         ... 0.02594824 0.         0.        ],rec.sport.hockey
[0. 0. 0. ... 0. 0. 0.],talk.politics.mideast
[0. 0. 0. ... 0. 0. 0.],comp.os.ms-windows.misc
[0. 0. 0. ... 0. 0. 0.],misc.forsale
[0. 0. 0. ... 0. 0. 0.],soc.religion.christian
[0. 0. 0. ... 0. 0. 0.],alt.atheism
[0. 0. 0. ... 0. 0. 0.],comp.graphics
[0. 0. 0. ... 0. 0. 0.],soc.religion.christian
[0.         0.         0.         ... 0.06272958 0.         0.        ],misc.forsale
[0.         0.         0.         ... 0.02327265 0.         0.        ],comp.os.ms-windows.misc
[0.         0.         0.         ... 0.21957438 0.         0.        ],comp.graphics
[0.         0.         0.         ... 0.05965882 0.         0.        ],rec.sport.baseball
[0.         0.         0.         ... 0.08475181 0.         0.        ],rec.sport.baseball
[0. 0. 0. ... 0. 0. 0.],talk.politics.mideast
[0.         0.         0.         ... 0.08217541 0.         0.        ],talk.politics.guns
[0. 0. 0. ... 0. 0. 0.],comp.windows.x
[0. 0. 0. ... 0. 0. 0.],talk.politics.mideast
[0. 0. 0. ... 0. 0. 0.],talk.politics.misc
[0.         0.         0.         ... 0.02879589 0.         0.        ],talk.politics.mideast
[0.         0.         0.         ... 0.04512317 0.         0.        ],sci.electronics
[0.01120694 0.         0.01325825 ... 0.         0.         0.        ],comp.sys.ibm.pc.hardware
[0.         0.         0.04991431 ... 0.         0.         0.        ],talk.religion.misc
[0.         0.04178668 0.         ... 0.04382486 0.         0.        ],sci.space
[0. 0. 0. ... 0. 0. 0.],soc.religion.christian
[0. 0. 0. ... 0. 0. 0.],comp.graphics
[0. 0. 0. ... 0. 0. 0.],comp.sys.mac.hardware
[0.         0.         0.         ... 0.03245402 0.         0.        ],sci.space
[0. 0. 0. ... 0. 0. 0.],rec.motorcycles
[0.         0.         0.         ... 0.04170749 0.         0.        ],comp.windows.x
[0.         0.         0.         ... 0.12502047 0.         0.        ],rec.sport.baseball
[0. 0. 0. ... 0. 0. 0.],rec.motorcycles
[0. 0. 0. ... 0. 0. 0.],talk.politics.misc
[0.         0.         0.         ... 0.07165206 0.         0.        ],comp.sys.ibm.pc.hardware
[0.         0.         0.         ... 0.12025513 0.06012047 0.        ],comp.graphics
[0.         0.         0.         ... 0.05466854 0.         0.        ],talk.politics.mideast
[0. 0. 0. ... 0. 0. 0.],talk.religion.misc
[0. 0. 0. ... 0. 0. 0.],rec.sport.hockey
[0. 0. 0. ... 0. 0. 0.],sci.space
[0. 0. 0. ... 0. 0. 0.],rec.sport.baseball
[0.         0.         0.         ... 0.08845876 0.         0.        ],talk.politics.mideast
[0. 0. 0. ... 0. 0. 0.],talk.politics.mideast
[0. 0. 0. ... 0. 0. 0.],sci.med
[0.07425816 0.         0.         ... 0.         0.         0.        ],talk.politics.misc
[0. 0. 0. ... 0. 0. 0.],sci.space
[0.         0.         0.         ... 0.         0.05078381 0.        ],rec.autos
[0.08244719 0.         0.         ... 0.04424634 0.         0.        ],talk.politics.guns
[0.02126767 0.         0.         ... 0.         0.         0.        ],talk.politics.mideast
[0. 0. 0. ... 0. 0. 0.],sci.crypt
[0.         0.         0.         ... 0.01741881 0.         0.        ],comp.sys.ibm.pc.hardware
[0.        0.        0.        ... 0.0298085 0.        0.       ],sci.electronics
[0. 0. 0. ... 0. 0. 0.],comp.os.ms-windows.misc
[0.         0.         0.         ... 0.02134695 0.         0.        ],comp.windows.x
[0. 0. 0. ... 0. 0. 0.],sci.med
[0. 0. 0. ... 0. 0. 0.],comp.windows.x
[0. 0. 0. ... 0. 0. 0.],rec.sport.baseball
[0.         0.         0.         ... 0.06514538 0.         0.        ],comp.sys.mac.hardware
[0. 0. 0. ... 0. 0. 0.],comp.sys.mac.hardware
[0.         0.         0.         ... 0.04185088 0.         0.        ],comp.sys.ibm.pc.hardware
[0. 0. 0. ... 0. 0. 0.],talk.religion.misc
[0. 0. 0. ... 0. 0. 0.],soc.religion.christian
[0.         0.         0.         ... 0.03047974 0.         0.        ],sci.crypt
[0. 0. 0. ... 0. 0. 0.],sci.med
[0. 0. 0. ... 0. 0. 0.],sci.crypt
[0.         0.         0.         ... 0.05133723 0.         0.        ],rec.sport.baseball
[0. 0. 0. ... 0. 0. 0.],comp.os.ms-windows.misc
[0. 0. 0. ... 0. 0. 0.],comp.sys.mac.hardware
[0. 0. 0. ... 0. 0. 0.],comp.windows.x
[0. 0. 0. ... 0. 0. 0.],comp.sys.ibm.pc.hardware
[0. 0. 0. ... 0. 0. 0.],sci.crypt
[0.        0.        0.        ... 0.0257574 0.        0.       ],sci.electronics
[0.         0.03888076 0.         ... 0.         0.         0.        ],rec.sport.hockey
[0.         0.         0.         ... 0.15847145 0.         0.        ],talk.politics.misc
[0. 0. 0. ... 0. 0. 0.],talk.politics.misc
[0. 0. 0. ... 0. 0. 0.],sci.electronics
[0.         0.06422309 0.         ... 0.06735562 0.         0.        ],talk.politics.guns
[0.         0.         0.         ... 0.04124336 0.         0.        ],rec.motorcycles
[0. 0. 0. ... 0. 0. 0.],comp.windows.x
[0.         0.         0.         ... 0.         0.07741076 0.        ],comp.os.ms-windows.misc
[0. 0. 0. ... 0. 0. 0.],comp.windows.x
[0.         0.         0.         ... 0.05899379 0.         0.        ],sci.space
[0. 0. 0. ... 0. 0. 0.],comp.os.ms-windows.misc
[0. 0. 0. ... 0. 0. 0.],talk.politics.misc
[0. 0. 0. ... 0. 0. 0.],soc.religion.christian
[0.         0.         0.08670383 ... 0.         0.         0.        ],sci.med
[0. 0. 0. ... 0. 0. 0.],comp.os.ms-windows.misc
[0. 0. 0. ... 0. 0. 0.],rec.sport.hockey
[0.         0.         0.         ... 0.08024606 0.0356607  0.        ],alt.atheism
[0. 0. 0. ... 0. 0. 0.],rec.sport.hockey
[0.         0.         0.         ... 0.04306129 0.         0.        ],sci.electronics
[0. 0. 0. ... 0. 0. 0.],misc.forsale
[0. 0. 0. ... 0. 0. 0.],talk.politics.guns
[0.         0.         0.         ... 0.05220577 0.         0.        ],comp.graphics
[0. 0. 0. ... 0. 0. 0.],comp.windows.x
[0.         0.         0.         ... 0.03606578 0.         0.        ],sci.med
[0. 0. 0. ... 0. 0. 0.],talk.politics.misc
[0. 0. 0. ... 0. 0. 0.],sci.electronics
[0. 0. 0. ... 0. 0. 0.],sci.med
[0.09589642 0.         0.         ... 0.         0.         0.        ],soc.religion.christian
[0. 0. 0. ... 0. 0. 0.],talk.politics.guns
[0. 0. 0. ... 0. 0. 0.],soc.religion.christian
[0.0741927  0.07592942 0.         ... 0.         0.         0.        ],comp.sys.mac.hardware
[0. 0. 0. ... 0. 0. 0.],misc.forsale
[0. 0. 0. ... 0. 0. 0.],rec.sport.hockey
[0.10330894 0.         0.12221854 ... 0.05544207 0.         0.        ],comp.sys.mac.hardware
[0.         0.         0.01509698 ... 0.         0.         0.        ],soc.religion.christian
[0.         0.         0.         ... 0.07854692 0.         0.        ],comp.windows.x
[0. 0. 0. ... 0. 0. 0.],alt.atheism
[0.         0.         0.         ... 0.01694486 0.         0.        ],alt.atheism
[0. 0. 0. ... 0. 0. 0.],rec.motorcycles
[0. 0. 0. ... 0. 0. 0.],talk.politics.misc
[0. 0. 0. ... 0. 0. 0.],sci.crypt
[0.         0.         0.         ... 0.01364733 0.         0.        ],misc.forsale
[0. 0. 0. ... 0. 0. 0.],sci.med
[0.         0.         0.         ... 0.12309163 0.         0.        ],talk.politics.guns
[0. 0. 0. ... 0. 0. 0.],comp.sys.ibm.pc.hardware
[0. 0. 0. ... 0. 0. 0.],sci.space
[0. 0. 0. ... 0. 0. 0.],soc.religion.christian
[0. 0. 0. ... 0. 0. 0.],alt.atheism
[0.         0.         0.         ... 0.04559793 0.         0.        ],rec.autos
[0. 0. 0. ... 0. 0. 0.],talk.politics.guns
[0. 0. 0. ... 0. 0. 0.],alt.atheism
[0. 0. 0. ... 0. 0. 0.],sci.med
[0. 0. 0. ... 0. 0. 0.],rec.motorcycles
[0. 0. 0. ... 0. 0. 0.],comp.windows.x
[0. 0. 0. ... 0. 0. 0.],talk.religion.misc
[0. 0. 0. ... 0. 0. 0.],comp.sys.mac.hardware
[0.18419274 0.09425218 0.         ... 0.0494247  0.09883773 0.        ],sci.space
[0. 0. 0. ... 0. 0. 0.],comp.windows.x
[0. 0. 0. ... 0. 0. 0.],sci.electronics
[0. 0. 0. ... 0. 0. 0.],rec.motorcycles
[0.         0.         0.         ... 0.03420136 0.         0.        ],talk.politics.misc
[0. 0. 0. ... 0. 0. 0.],rec.motorcycles
[0. 0. 0. ... 0. 0. 0.],comp.graphics
[0. 0. 0. ... 0. 0. 0.],talk.politics.mideast
[0. 0. 0. ... 0. 0. 0.],rec.sport.baseball
[0. 0. 0. ... 0. 0. 0.],rec.autos
[0.01371553 0.         0.         ... 0.07360616 0.009813   0.        ],sci.crypt
[0. 0. 0. ... 0. 0. 0.],comp.sys.ibm.pc.hardware
[0.         0.         0.         ... 0.03140781 0.         0.        ],rec.autos
[0.         0.         0.         ... 0.04575977 0.         0.        ],comp.sys.mac.hardware
[0. 0. 0. ... 0. 0. 0.],sci.space
[0.         0.         0.         ... 0.09521213 0.         0.        ],rec.autos
[0.         0.         0.         ... 0.06980984 0.         0.        ],comp.sys.mac.hardware
[0. 0. 0. ... 0. 0. 0.],alt.atheism
[0. 0. 0. ... 0. 0. 0.],rec.sport.baseball
[0. 0. 0. ... 0. 0. 0.],rec.autos
[0. 0. 0. ... 0. 0. 0.],misc.forsale
[0.         0.05996149 0.         ... 0.         0.         0.        ],misc.forsale
[0. 0. 0. ... 0. 0. 0.],talk.politics.misc
[0.         0.19097444 0.         ... 0.         0.         0.        ],sci.electronics
[0. 0. 0. ... 0. 0. 0.],talk.politics.mideast
[0. 0. 0. ... 0. 0. 0.],talk.politics.mideast
[0.         0.         0.         ... 0.04092499 0.         0.        ],rec.autos
[0. 0. 0. ... 0. 0. 0.],sci.space
[0. 0. 0. ... 0. 0. 0.],comp.graphics
[0. 0. 0. ... 0. 0. 0.],sci.crypt
[0. 0. 0. ... 0. 0. 0.],misc.forsale
[0. 0. 0. ... 0. 0. 0.],talk.politics.mideast
[0. 0. 0. ... 0. 0. 0.],sci.crypt
[0. 0. 0. ... 0. 0. 0.],talk.religion.misc
[0. 0. 0. ... 0. 0. 0.],comp.sys.ibm.pc.hardware
[0.03312179 0.         0.01469414 ... 0.13109235 0.00444328 0.        ],misc.forsale
[0.         0.         0.         ... 0.04842428 0.         0.        ],soc.religion.christian
[0.         0.         0.         ... 0.04410856 0.         0.        ],comp.os.ms-windows.misc
[0. 0. 0. ... 0. 0. 0.],sci.med
[0. 0. 0. ... 0. 0. 0.],rec.motorcycles
[0. 0. 0. ... 0. 0. 0.],rec.sport.hockey
[0. 0. 0. ... 0. 0. 0.],sci.electronics
[0.         0.         0.         ... 0.05296378 0.         0.        ],rec.sport.baseball
[0. 0. 0. ... 0. 0. 0.],comp.sys.ibm.pc.hardware
[0. 0. 0. ... 0. 0. 0.],sci.electronics
[0. 0. 0. ... 0. 0. 0.],sci.crypt
[0. 0. 0. ... 0. 0. 0.],soc.religion.christian
[0. 0. 0. ... 0. 0. 0.],soc.religion.christian
[0. 0. 0. ... 0. 0. 0.],rec.autos
[0. 0. 0. ... 0. 0. 0.],comp.os.ms-windows.misc
[0. 0. 0. ... 0. 0. 0.],misc.forsale
[0. 0. 0. ... 0. 0. 0.],comp.sys.ibm.pc.hardware
[0. 0. 0. ... 0. 0. 0.],comp.sys.ibm.pc.hardware
[0. 0. 0. ... 0. 0. 0.],talk.politics.mideast
[0. 0. 0. ... 0. 0. 0.],misc.forsale
[0.         0.         0.         ... 0.05484432 0.         0.        ],misc.forsale
[0. 0. 0. ... 0. 0. 0.],talk.politics.misc
[0. 0. 0. ... 0. 0. 0.],sci.space
[0.         0.20181148 0.         ... 0.02645687 0.         0.        ],misc.forsale
[0. 0. 0. ... 0. 0. 0.],talk.politics.misc
[0.         0.         0.         ... 0.04729472 0.         0.        ],talk.politics.misc
[0. 0. 0. ... 0. 0. 0.],sci.space
[0.         0.         0.         ... 0.02880367 0.         0.        ],misc.forsale
[0. 0. 0. ... 0. 0. 0.],comp.graphics
[0.         0.         0.         ... 0.15154161 0.         0.        ],comp.graphics
[0.         0.         0.         ... 0.05683982 0.         0.        ],talk.religion.misc
[0. 0. 0. ... 0. 0. 0.],rec.motorcycles
[0. 0. 0. ... 0. 0. 0.],comp.windows.x
[0. 0. 0. ... 0. 0. 0.],comp.os.ms-windows.misc
[0. 0. 0. ... 0. 0. 0.],talk.politics.mideast
[0.         0.         0.         ... 0.04850335 0.         0.        ],soc.religion.christian
[0. 0. 0. ... 0. 0. 0.],talk.politics.misc
[0. 0. 0. ... 0. 0. 0.],misc.forsale
[0.         0.         0.         ... 0.         0.         0.17155191],comp.os.ms-windows.misc
[0. 0. 0. ... 0. 0. 0.],sci.electronics
[0. 0. 0. ... 0. 0. 0.],rec.sport.hockey
[0. 0. 0. ... 0. 0. 0.],sci.space
[0.         0.         0.         ... 0.05843937 0.         0.        ],comp.sys.mac.hardware
[0.00285183 0.00583717 0.00337383 ... 0.01224377 0.00306058 0.        ],comp.sys.mac.hardware
[0. 0. 0. ... 0. 0. 0.],sci.crypt
[0.         0.         0.         ... 0.04185697 0.         0.        ],comp.sys.ibm.pc.hardware
[0. 0. 0. ... 0. 0. 0.],comp.os.ms-windows.misc
[0. 0. 0. ... 0. 0. 0.],talk.religion.misc
[0.         0.12228077 0.         ... 0.06412255 0.         0.        ],comp.sys.ibm.pc.hardware
[0. 0. 0. ... 0. 0. 0.],rec.sport.hockey
[0. 0. 0. ... 0. 0. 0.],rec.sport.hockey
[0.         0.         0.         ... 0.19774967 0.05649323 0.        ],sci.electronics
[0. 0. 0. ... 0. 0. 0.],talk.politics.mideast
[0. 0. 0. ... 0. 0. 0.],comp.graphics
[0. 0. 0. ... 0. 0. 0.],rec.sport.hockey
[0. 0. 0. ... 0. 0. 0.],sci.electronics
[0. 0. 0. ... 0. 0. 0.],sci.crypt
[0. 0. 0. ... 0. 0. 0.],rec.sport.hockey
[0. 0. 0. ... 0. 0. 0.],comp.os.ms-windows.misc
[0. 0. 0. ... 0. 0. 0.],sci.med
[0. 0. 0. ... 0. 0. 0.],talk.politics.guns
[0. 0. 0. ... 0. 0. 0.],sci.crypt
[0.         0.07508285 0.         ... 0.         0.         0.        ],rec.motorcycles
[0. 0. 0. ... 0. 0. 0.],sci.crypt
[0. 0. 0. ... 0. 0. 0.],alt.atheism
[0. 0. 0. ... 0. 0. 0.],sci.space
[0. 0. 0. ... 0. 0. 0.],sci.space
[0. 0. 0. ... 0. 0. 0.],comp.windows.x
[0. 0. 0. ... 0. 0. 0.],comp.sys.mac.hardware
[0. 0. 0. ... 0. 0. 0.],sci.space
[0.         0.         0.         ... 0.02240668 0.         0.        ],rec.autos
[0.         0.         0.         ... 0.04968771 0.         0.        ],comp.sys.ibm.pc.hardware
[0. 0. 0. ... 0. 0. 0.],talk.politics.guns
[0. 0. 0. ... 0. 0. 0.],talk.politics.mideast
[0.         0.         0.         ... 0.11109954 0.         0.        ],talk.politics.guns
[0. 0. 0. ... 0. 0. 0.],comp.windows.x
[0.05344488 0.         0.         ... 0.         0.         0.        ],talk.politics.guns
[0. 0. 0. ... 0. 0. 0.],soc.religion.christian
[0. 0. 0. ... 0. 0. 0.],misc.forsale
[0.         0.         0.         ... 0.12131098 0.         0.        ],rec.sport.hockey
[0. 0. 0. ... 0. 0. 0.],sci.space
[0. 0. 0. ... 0. 0. 0.],misc.forsale
[0. 0. 0. ... 0. 0. 0.],talk.politics.mideast
[0. 0. 0. ... 0. 0. 0.],comp.graphics
[0.         0.         0.         ... 0.23929991 0.         0.        ],sci.crypt
[0. 0. 0. ... 0. 0. 0.],comp.windows.x
[0.         0.         0.         ... 0.04310523 0.         0.        ],talk.religion.misc
[0. 0. 0. ... 0. 0. 0.],rec.autos
[0.         0.14259724 0.         ... 0.         0.         0.        ],rec.autos
[0. 0. 0. ... 0. 0. 0.],comp.sys.ibm.pc.hardware
[0. 0. 0. ... 0. 0. 0.],rec.sport.baseball
[0.51369084 0.         0.         ... 0.         0.         0.        ],comp.windows.x
[0. 0. 0. ... 0. 0. 0.],comp.graphics
[0. 0. 0. ... 0. 0. 0.],comp.windows.x
[0. 0. 0. ... 0. 0. 0.],comp.graphics
[0. 0. 0. ... 0. 0. 0.],soc.religion.christian
[0. 0. 0. ... 0. 0. 0.],talk.politics.mideast
[0. 0. 0. ... 0. 0. 0.],rec.sport.baseball
[0. 0. 0. ... 0. 0. 0.],talk.politics.guns
[0. 0. 0. ... 0. 0. 0.],soc.religion.christian
[0.         0.         0.         ... 0.04065814 0.         0.        ],rec.sport.baseball
[0. 0. 0. ... 0. 0. 0.],sci.electronics
[0. 0. 0. ... 0. 0. 0.],comp.os.ms-windows.misc
[0. 0. 0. ... 0. 0. 0.],soc.religion.christian
[0. 0. 0. ... 0. 0. 0.],comp.sys.mac.hardware
[0.         0.         0.         ... 0.03599729 0.         0.        ],alt.atheism
[0. 0. 0. ... 0. 0. 0.],rec.sport.baseball
[0.        0.        0.        ... 0.0361461 0.        0.       ],sci.electronics
[0.         0.         0.         ... 0.03504978 0.07009129 0.        ],talk.politics.mideast
[0. 0. 0. ... 0. 0. 0.],talk.politics.misc
[0.         0.         0.         ... 0.05424482 0.         0.        ],comp.sys.ibm.pc.hardware
[0. 0. 0. ... 0. 0. 0.],rec.autos
[0. 0. 0. ... 0. 0. 0.],soc.religion.christian
[0. 0. 0. ... 0. 0. 0.],rec.motorcycles
[0.         0.         0.         ... 0.08288062 0.         0.        ],misc.forsale
[0.         0.         0.         ... 0.02941018 0.         0.        ],rec.sport.baseball
[0. 0. 0. ... 0. 0. 0.],sci.space
[0. 0. 0. ... 0. 0. 0.],alt.atheism
[0. 0. 0. ... 0. 0. 0.],talk.politics.misc
[0. 0. 0. ... 0. 0. 0.],soc.religion.christian
[0. 0. 0. ... 0. 0. 0.],sci.med
[0.         0.         0.         ... 0.03122918 0.         0.        ],talk.politics.mideast
[0. 0. 0. ... 0. 0. 0.],rec.sport.hockey
[0.        0.        0.        ... 0.0763104 0.        0.       ],talk.politics.guns
[0. 0. 0. ... 0. 0. 0.],comp.windows.x
[0. 0. 0. ... 0. 0. 0.],alt.atheism
[0. 0. 0. ... 0. 0. 0.],talk.politics.misc
[0.         0.05942169 0.         ... 0.03116001 0.         0.        ],talk.religion.misc
[0.04869922 0.         0.         ... 0.         0.         0.        ],misc.forsale
[0.         0.         0.         ... 0.14089752 0.         0.        ],rec.motorcycles
[0. 0. 0. ... 0. 0. 0.],rec.motorcycles
[0. 0. 0. ... 0. 0. 0.],comp.sys.ibm.pc.hardware
[0. 0. 0. ... 0. 0. 0.],misc.forsale
[0. 0. 0. ... 0. 0. 0.],comp.graphics
[0.        0.        0.        ... 0.0572133 0.        0.       ],rec.autos
[0.         0.         0.         ... 0.21165629 0.         0.        ],talk.politics.mideast
[0. 0. 0. ... 0. 0. 0.],talk.religion.misc
[0. 0. 0. ... 0. 0. 0.],comp.windows.x
[0. 0. 0. ... 0. 0. 0.],rec.sport.baseball
[0.         0.         0.         ... 0.04926496 0.         0.        ],alt.atheism
[0. 0. 0. ... 0. 0. 0.],rec.sport.baseball
[0.         0.         0.         ... 0.01673417 0.         0.        ],comp.graphics
[0. 0. 0. ... 0. 0. 0.],comp.sys.ibm.pc.hardware
[0. 0. 0. ... 0. 0. 0.],comp.windows.x
[0.         0.         0.         ... 0.07346361 0.         0.        ],sci.crypt
[0.         0.         0.         ... 0.10620558 0.         0.        ],comp.sys.mac.hardware
[0.         0.         0.09864953 ... 0.02237522 0.         0.        ],talk.politics.guns
[0.         0.         0.         ... 0.05112467 0.         0.        ],misc.forsale
[0. 0. 0. ... 0. 0. 0.],soc.religion.christian
[0.         0.         0.         ... 0.09631303 0.         0.        ],sci.crypt
[0. 0. 0. ... 0. 0. 0.],rec.motorcycles
[0. 0. 0. ... 0. 0. 0.],talk.politics.misc
[0.         0.         0.         ... 0.04205599 0.         0.        ],sci.electronics
[0. 0. 0. ... 0. 0. 0.],comp.sys.mac.hardware
[0.         0.         0.         ... 0.         0.11968841 0.        ],rec.sport.baseball
[0. 0. 0. ... 0. 0. 0.],alt.atheism
[0. 0. 0. ... 0. 0. 0.],rec.autos
[0.63028949 0.         0.         ... 0.         0.         0.        ],rec.motorcycles
[0. 0. 0. ... 0. 0. 0.],comp.windows.x
[0. 0. 0. ... 0. 0. 0.],talk.politics.mideast
[0. 0. 0. ... 0. 0. 0.],sci.space
[0. 0. 0. ... 0. 0. 0.],sci.crypt
[0.         0.         0.         ... 0.04403977 0.         0.        ],comp.sys.ibm.pc.hardware
[0. 0. 0. ... 0. 0. 0.],comp.sys.ibm.pc.hardware
[0.       0.       0.135339 ... 0.       0.       0.      ],rec.autos
[0. 0. 0. ... 0. 0. 0.],talk.religion.misc
[0.         0.         0.         ... 0.15727904 0.02621008 0.        ],talk.politics.mideast
[0. 0. 0. ... 0. 0. 0.],misc.forsale
[0. 0. 0. ... 0. 0. 0.],soc.religion.christian
[0.         0.         0.         ... 0.04334209 0.         0.        ],misc.forsale
[0.         0.08644575 0.         ... 0.0453311  0.         0.        ],sci.crypt
[0.         0.         0.         ... 0.04736954 0.         0.        ],rec.sport.hockey
[0.         0.         0.         ... 0.03624115 0.         0.        ],soc.religion.christian
[0. 0. 0. ... 0. 0. 0.],sci.electronics
[0. 0. 0. ... 0. 0. 0.],talk.politics.mideast
[0. 0. 0. ... 0. 0. 0.],comp.sys.ibm.pc.hardware
[0.         0.         0.05508469 ... 0.0249881  0.         0.        ],talk.politics.guns
[0.         0.         0.         ... 0.04593932 0.         0.        ],sci.med
[0.         0.         0.         ... 0.03629625 0.         0.        ],sci.electronics
[0. 0. 0. ... 0. 0. 0.],sci.crypt
[0. 0. 0. ... 0. 0. 0.],rec.sport.baseball
[0. 0. 0. ... 0. 0. 0.],rec.sport.baseball
[0. 0. 0. ... 0. 0. 0.],comp.os.ms-windows.misc
[0. 0. 0. ... 0. 0. 0.],comp.sys.ibm.pc.hardware
[0. 0. 0. ... 0. 0. 0.],rec.autos
[0. 0. 0. ... 0. 0. 0.],comp.sys.ibm.pc.hardware
[0. 0. 0. ... 0. 0. 0.],talk.religion.misc
[0. 0. 0. ... 0. 0. 0.],talk.religion.misc
[0. 0. 0. ... 0. 0. 0.],comp.sys.mac.hardware
[0.         0.         0.         ... 0.02756268 0.         0.        ],talk.politics.guns
[0. 0. 0. ... 0. 0. 0.],comp.graphics
[0.         0.         0.         ... 0.02922649 0.         0.        ],sci.electronics
[0. 0. 0. ... 0. 0. 0.],sci.crypt
[0. 0. 0. ... 0. 0. 0.],soc.religion.christian
[0.         0.         0.         ... 0.0729098  0.07290119 0.        ],talk.politics.guns
[0.         0.         0.         ... 0.01767802 0.         0.        ],sci.crypt
[0. 0. 0. ... 0. 0. 0.],talk.politics.mideast
[0. 0. 0. ... 0. 0. 0.],soc.religion.christian
[0.         0.         0.         ... 0.04503462 0.         0.        ],comp.sys.ibm.pc.hardware
[0. 0. 0. ... 0. 0. 0.],talk.politics.mideast
[0.         0.         0.         ... 0.         0.         0.10782274],comp.graphics
[0. 0. 0. ... 0. 0. 0.],comp.windows.x
[0. 0. 0. ... 0. 0. 0.],sci.electronics
[0. 0. 0. ... 0. 0. 0.],alt.atheism
[0. 0. 0. ... 0. 0. 0.],sci.electronics
[0.         0.         0.         ... 0.02085284 0.         0.        ],sci.electronics
[0. 0. 0. ... 0. 0. 0.],comp.graphics
[0.         0.         0.         ... 0.13841582 0.         0.        ],alt.atheism
[0.         0.         0.         ... 0.13591723 0.         0.        ],soc.religion.christian
[0.         0.         0.         ... 0.05819433 0.         0.        ],comp.windows.x
[0.         0.         0.         ... 0.03099073 0.         0.        ],talk.politics.guns
[0. 0. 0. ... 0. 0. 0.],sci.space
[0. 0. 0. ... 0. 0. 0.],rec.autos
[0. 0. 0. ... 0. 0. 0.],talk.politics.mideast
[0. 0. 0. ... 0. 0. 0.],misc.forsale
[0.         0.         0.         ... 0.08163009 0.         0.        ],comp.graphics
[0. 0. 0. ... 0. 0. 0.],talk.religion.misc
[0. 0. 0. ... 0. 0. 0.],talk.politics.mideast
[0. 0. 0. ... 0. 0. 0.],rec.motorcycles
[0.         0.         0.         ... 0.03198062 0.         0.        ],sci.crypt
[0. 0. 0. ... 0. 0. 0.],comp.graphics
[0. 0. 0. ... 0. 0. 0.],comp.graphics
[0.         0.         0.         ... 0.04727543 0.01890794 0.        ],misc.forsale
[0.         0.05207351 0.         ... 0.02730672 0.05460699 0.        ],rec.sport.baseball
[0. 0. 0. ... 0. 0. 0.],rec.sport.hockey
[0.         0.         0.         ... 0.06775069 0.         0.        ],rec.motorcycles
[0. 0. 0. ... 0. 0. 0.],comp.graphics
[0.         0.         0.         ... 0.01295991 0.         0.        ],rec.sport.baseball
[0.11219824 0.         0.         ... 0.         0.         0.        ],rec.sport.baseball
[0. 0. 0. ... 0. 0. 0.],comp.windows.x
[0.         0.         0.         ... 0.03932675 0.03932211 0.        ],rec.autos
[0. 0. 0. ... 0. 0. 0.],comp.graphics
[0. 0. 0. ... 0. 0. 0.],rec.sport.hockey
[0.         0.         0.         ... 0.09869844 0.         0.        ],sci.electronics
[0.         0.         0.         ... 0.09969995 0.         0.        ],misc.forsale
[0.         0.         0.         ... 0.28129035 0.         0.        ],comp.windows.x
[0. 0. 0. ... 0. 0. 0.],misc.forsale
[0.         0.         0.         ... 0.01903042 0.         0.        ],talk.religion.misc
[0.        0.        0.2034303 ... 0.        0.        0.       ],rec.autos
[0. 0. 0. ... 0. 0. 0.],comp.sys.ibm.pc.hardware
[0. 0. 0. ... 0. 0. 0.],comp.sys.mac.hardware
[0. 0. 0. ... 0. 0. 0.],alt.atheism
[0. 0. 0. ... 0. 0. 0.],talk.politics.mideast
[0.         0.         0.         ... 0.01972821 0.         0.        ],sci.space
[0. 0. 0. ... 0. 0. 0.],rec.sport.baseball
[0. 0. 0. ... 0. 0. 0.],sci.crypt
[0.         0.         0.         ... 0.08036737 0.         0.        ],rec.sport.baseball
[0.         0.         0.         ... 0.08377339 0.         0.        ],sci.med
[0. 0. 0. ... 0. 0. 0.],sci.crypt
[0. 0. 0. ... 0. 0. 0.],soc.religion.christian
[0. 0. 0. ... 0. 0. 0.],comp.graphics
[0. 0. 0. ... 0. 0. 0.],comp.sys.ibm.pc.hardware
[0.         0.         0.         ... 0.10793174 0.         0.        ],misc.forsale
[0. 0. 0. ... 0. 0. 0.],sci.space
[0.         0.         0.         ... 0.21017905 0.         0.        ],sci.space
[0. 0. 0. ... 0. 0. 0.],talk.religion.misc
[0. 0. 0. ... 0. 0. 0.],talk.politics.mideast
[0. 0. 0. ... 0. 0. 0.],rec.sport.baseball
[0. 0. 0. ... 0. 0. 0.],comp.os.ms-windows.misc
[0. 0. 0. ... 0. 0. 0.],rec.sport.baseball
[0. 0. 0. ... 0. 0. 0.],misc.forsale
[0.         0.         0.         ... 0.03199478 0.         0.        ],misc.forsale
[0. 0. 0. ... 0. 0. 0.],misc.forsale
[0. 0. 0. ... 0. 0. 0.],sci.electronics
[0. 0. 0. ... 0. 0. 0.],misc.forsale
[0. 0. 0. ... 0. 0. 0.],comp.windows.x
[0. 0. 0. ... 0. 0. 0.],sci.space
[0.        0.        0.        ... 0.0978472 0.        0.       ],rec.motorcycles
[0. 0. 0. ... 0. 0. 0.],sci.electronics
[0.         0.         0.         ... 0.05546642 0.         0.        ],rec.autos
[0. 0. 0. ... 0. 0. 0.],soc.religion.christian
[0. 0. 0. ... 0. 0. 0.],talk.religion.misc
[0.         0.         0.         ... 0.07502619 0.         0.        ],misc.forsale
[0.         0.33956575 0.         ... 0.         0.         0.        ],comp.windows.x
[0. 0. 0. ... 0. 0. 0.],comp.os.ms-windows.misc
[0.         0.         0.         ... 0.05107914 0.         0.        ],comp.sys.mac.hardware
[0. 0. 0. ... 0. 0. 0.],talk.politics.misc
[0. 0. 0. ... 0. 0. 0.],comp.sys.mac.hardware
[0. 0. 0. ... 0. 0. 0.],talk.politics.mideast
[0.         0.         0.         ... 0.03348055 0.         0.        ],rec.sport.baseball
[0. 0. 0. ... 0. 0. 0.],soc.religion.christian
[0.         0.         0.         ... 0.09926075 0.         0.        ],soc.religion.christian
[0. 0. 0. ... 0. 0. 0.],comp.graphics
[0. 0. 0. ... 0. 0. 0.],rec.sport.baseball
[0. 0. 0. ... 0. 0. 0.],sci.med
[0.         0.         0.         ... 0.06623604 0.         0.        ],comp.windows.x
[0. 0. 0. ... 0. 0. 0.],comp.sys.ibm.pc.hardware
[0. 0. 0. ... 0. 0. 0.],sci.space
[0. 0. 0. ... 0. 0. 0.],soc.religion.christian
[0. 0. 0. ... 0. 0. 0.],soc.religion.christian
[0. 0. 0. ... 0. 0. 0.],misc.forsale
[0.         0.00541776 0.00626282 ... 0.05966113 0.00568134 0.        ],talk.politics.mideast
[0. 0. 0. ... 0. 0. 0.],sci.med
[0. 0. 0. ... 0. 0. 0.],rec.sport.hockey
[0. 0. 0. ... 0. 0. 0.],sci.med
[0.       0.       0.       ... 0.023714 0.       0.      ],talk.religion.misc
[0. 0. 0. ... 0. 0. 0.],alt.atheism
[0.         0.         0.         ... 0.07367837 0.         0.09471964],rec.motorcycles
[0. 0. 0. ... 0. 0. 0.],talk.politics.mideast
[0.         0.10507555 0.         ... 0.05510035 0.         0.        ],talk.politics.mideast
[0. 0. 0. ... 0. 0. 0.],sci.med
[0. 0. 0. ... 0. 0. 0.],comp.sys.mac.hardware
[0.         0.         0.         ... 0.04422244 0.         0.        ],alt.atheism
[0. 0. 0. ... 0. 0. 0.],comp.sys.mac.hardware
[0. 0. 0. ... 0. 0. 0.],sci.med
[0. 0. 0. ... 0. 0. 0.],sci.crypt
[0. 0. 0. ... 0. 0. 0.],rec.motorcycles
[0. 0. 0. ... 0. 0. 0.],sci.electronics
[0. 0. 0. ... 0. 0. 0.],sci.med
[0. 0. 0. ... 0. 0. 0.],talk.religion.misc
[0.         0.         0.         ... 0.07740429 0.07739515 0.        ],sci.crypt
[0.         0.         0.         ... 0.07167096 0.         0.        ],sci.electronics
[0. 0. 0. ... 0. 0. 0.],comp.graphics
[0. 0. 0. ... 0. 0. 0.],alt.atheism
[0. 0. 0. ... 0. 0. 0.],sci.space
[0. 0. 0. ... 0. 0. 0.],alt.atheism
[0.         0.         0.         ... 0.05129725 0.10258239 0.        ],alt.atheism
[0. 0. 0. ... 0. 0. 0.],sci.med
[0. 0. 0. ... 0. 0. 0.],comp.os.ms-windows.misc
[0. 0. 0. ... 0. 0. 0.],comp.sys.ibm.pc.hardware
[0. 0. 0. ... 0. 0. 0.],soc.religion.christian
[0.21151632 0.         0.         ... 0.         0.         0.        ],rec.sport.baseball
[0. 0. 0. ... 0. 0. 0.],sci.med
[0.         0.         0.         ... 0.06549522 0.06548749 0.        ],sci.electronics
[0.29544632 0.         0.         ... 0.         0.         0.        ],rec.sport.hockey
[0. 0. 0. ... 0. 0. 0.],rec.autos
[0. 0. 0. ... 0. 0. 0.],sci.med
[0. 0. 0. ... 0. 0. 0.],talk.politics.guns
[0. 0. 0. ... 0. 0. 0.],sci.crypt
[0. 0. 0. ... 0. 0. 0.],talk.politics.guns
[0. 0. 0. ... 0. 0. 0.],comp.graphics
[0.         0.         0.         ... 0.09772269 0.         0.        ],misc.forsale
[0. 0. 0. ... 0. 0. 0.],talk.politics.mideast
[0. 0. 0. ... 0. 0. 0.],sci.crypt
[0. 0. 0. ... 0. 0. 0.],comp.windows.x
[0. 0. 0. ... 0. 0. 0.],sci.space
[0. 0. 0. ... 0. 0. 0.],comp.windows.x
[0. 0. 0. ... 0. 0. 0.],sci.space
[0.         0.         0.         ... 0.07775367 0.         0.        ],talk.religion.misc
[0. 0. 0. ... 0. 0. 0.],comp.os.ms-windows.misc
[0.         0.         0.         ... 0.06518164 0.         0.        ],sci.med
[0. 0. 0. ... 0. 0. 0.],comp.sys.mac.hardware
[0. 0. 0. ... 0. 0. 0.],sci.crypt
[0. 0. 0. ... 0. 0. 0.],sci.med
[0. 0. 0. ... 0. 0. 0.],misc.forsale
[0.         0.         0.         ... 0.06518336 0.         0.        ],talk.politics.guns
[0.         0.18603319 0.         ... 0.04877677 0.         0.        ],rec.autos
[0. 0. 0. ... 0. 0. 0.],alt.atheism
[0. 0. 0. ... 0. 0. 0.],comp.sys.ibm.pc.hardware
[0.         0.02364354 0.         ... 0.01653118 0.         0.        ],sci.electronics
[0. 0. 0. ... 0. 0. 0.],sci.crypt
[0. 0. 0. ... 0. 0. 0.],rec.autos
[0.         0.         0.         ... 0.09129528 0.         0.        ],rec.sport.baseball
[0. 0. 0. ... 0. 0. 0.],comp.sys.ibm.pc.hardware
[0.         0.         0.         ... 0.         0.         0.44493569],rec.motorcycles
[0. 0. 0. ... 0. 0. 0.],comp.sys.ibm.pc.hardware
[0. 0. 0. ... 0. 0. 0.],comp.sys.ibm.pc.hardware
[0. 0. 0. ... 0. 0. 0.],rec.sport.hockey
[0. 0. 0. ... 0. 0. 0.],comp.sys.ibm.pc.hardware
[0. 0. 0. ... 0. 0. 0.],talk.politics.guns
[0. 0. 0. ... 0. 0. 0.],rec.motorcycles
[0.         0.054788   0.         ... 0.02873016 0.         0.        ],sci.electronics
[0. 0. 0. ... 0. 0. 0.],comp.graphics
[0. 0. 0. ... 0. 0. 0.],comp.sys.ibm.pc.hardware
[0. 0. 0. ... 0. 0. 0.],talk.politics.mideast
[0.         0.         0.         ... 0.05513403 0.         0.        ],talk.religion.misc
[0. 0. 0. ... 0. 0. 0.],talk.politics.mideast
[0.         0.         0.         ... 0.04952484 0.         0.        ],rec.autos
[0.         0.         0.         ... 0.06640629 0.         0.        ],comp.graphics
[0. 0. 0. ... 0. 0. 0.],comp.graphics
[0. 0. 0. ... 0. 0. 0.],alt.atheism
[0. 0. 0. ... 0. 0. 0.],talk.religion.misc
[0. 0. 0. ... 0. 0. 0.],sci.crypt
[0. 0. 0. ... 0. 0. 0.],sci.crypt
[0. 0. 0. ... 0. 0. 0.],comp.graphics
[0.05016166 0.         0.05934322 ... 0.         0.         0.13843103],rec.motorcycles
[0. 0. 0. ... 0. 0. 0.],comp.sys.ibm.pc.hardware
[0.         0.         0.         ... 0.12577967 0.         0.        ],comp.graphics
[0. 0. 0. ... 0. 0. 0.],soc.religion.christian
[0. 0. 0. ... 0. 0. 0.],comp.windows.x
[0. 0. 0. ... 0. 0. 0.],talk.politics.guns
[0.         0.         0.         ... 0.04236659 0.         0.05446576],comp.graphics
[0.         0.         0.         ... 0.08648839 0.         0.        ],comp.os.ms-windows.misc
[0.08375223 0.         0.         ... 0.         0.         0.        ],misc.forsale
[0. 0. 0. ... 0. 0. 0.],sci.med
[0. 0. 0. ... 0. 0. 0.],rec.sport.baseball
[0.        0.        0.        ... 0.0238585 0.        0.       ],comp.sys.mac.hardware
[0. 0. 0. ... 0. 0. 0.],rec.sport.hockey
[0.         0.         0.         ... 0.04984517 0.         0.        ],comp.sys.mac.hardware
[0. 0. 0. ... 0. 0. 0.],rec.motorcycles
[0. 0. 0. ... 0. 0. 0.],comp.windows.x
[0. 0. 0. ... 0. 0. 0.],soc.religion.christian
[0. 0. 0. ... 0. 0. 0.],talk.politics.mideast
[0.         0.         0.         ... 0.02971113 0.         0.        ],sci.med
[0. 0. 0. ... 0. 0. 0.],comp.sys.ibm.pc.hardware
[0. 0. 0. ... 0. 0. 0.],comp.sys.ibm.pc.hardware
[0. 0. 0. ... 0. 0. 0.],rec.sport.hockey
[0.         0.         0.         ... 0.01644355 0.         0.        ],talk.politics.guns
[0. 0. 0. ... 0. 0. 0.],comp.windows.x
[0. 0. 0. ... 0. 0. 0.],comp.os.ms-windows.misc
[0. 0. 0. ... 0. 0. 0.],talk.politics.mideast
[0. 0. 0. ... 0. 0. 0.],sci.space
[0. 0. 0. ... 0. 0. 0.],sci.med
[0. 0. 0. ... 0. 0. 0.],comp.windows.x
[0. 0. 0. ... 0. 0. 0.],talk.politics.guns
[0.         0.         0.         ... 0.03279892 0.         0.        ],soc.religion.christian
[0.03223321 0.         0.01906658 ... 0.         0.         0.02223848],rec.motorcycles
[0.         0.         0.         ... 0.04507684 0.         0.        ],comp.os.ms-windows.misc
[0. 0. 0. ... 0. 0. 0.],talk.politics.guns
[0.         0.         0.08751499 ... 0.         0.         0.        ],comp.os.ms-windows.misc
[0. 0. 0. ... 0. 0. 0.],talk.politics.guns
[0. 0. 0. ... 0. 0. 0.],comp.windows.x
[0. 0. 0. ... 0. 0. 0.],misc.forsale
[0. 0. 0. ... 0. 0. 0.],sci.electronics
[0.         0.         0.         ... 0.03633435 0.         0.        ],misc.forsale
[0. 0. 0. ... 0. 0. 0.],comp.windows.x
[0.         0.         0.         ... 0.13895929 0.         0.        ],rec.autos
[0. 0. 0. ... 0. 0. 0.],rec.sport.hockey
[0.         0.22584823 0.         ... 0.11843207 0.         0.        ],talk.religion.misc
[0.         0.         0.         ... 0.03064689 0.         0.        ],talk.religion.misc
[0. 0. 0. ... 0. 0. 0.],alt.atheism
[0. 0. 0. ... 0. 0. 0.],rec.motorcycles
[0. 0. 0. ... 0. 0. 0.],soc.religion.christian
[0. 0. 0. ... 0. 0. 0.],talk.politics.misc
[0. 0. 0. ... 0. 0. 0.],alt.atheism
[0.         0.         0.         ... 0.01791316 0.         0.        ],talk.religion.misc
[0. 0. 0. ... 0. 0. 0.],comp.sys.ibm.pc.hardware
[0.         0.         0.         ... 0.03123187 0.         0.        ],comp.graphics
[0.         0.         0.         ... 0.09729764 0.         0.        ],soc.religion.christian
[0.         0.         0.         ... 0.05228537 0.         0.        ],soc.religion.christian
[0. 0. 0. ... 0. 0. 0.],comp.os.ms-windows.misc
[0. 0. 0. ... 0. 0. 0.],comp.windows.x
[0.         0.02650462 0.         ... 0.         0.         0.        ],alt.atheism
[0.         0.         0.12663551 ... 0.11489149 0.         0.        ],talk.politics.mideast
[0. 0. 0. ... 0. 0. 0.],rec.motorcycles
[0.         0.         0.         ... 0.02882731 0.         0.        ],rec.sport.hockey
[0.         0.         0.         ... 0.05325477 0.         0.        ],rec.sport.baseball
[0. 0. 0. ... 0. 0. 0.],sci.electronics
[0. 0. 0. ... 0. 0. 0.],sci.space
[0. 0. 0. ... 0. 0. 0.],talk.religion.misc
[0.         0.         0.         ... 0.06697481 0.         0.        ],sci.crypt
[0. 0. 0. ... 0. 0. 0.],comp.graphics
[0.         0.         0.         ... 0.12445418 0.         0.        ],rec.motorcycles
[0. 0. 0. ... 0. 0. 0.],comp.sys.ibm.pc.hardware
[0. 0. 0. ... 0. 0. 0.],misc.forsale
[0. 0. 0. ... 0. 0. 0.],comp.sys.ibm.pc.hardware
[0. 0. 0. ... 0. 0. 0.],soc.religion.christian
[0. 0. 0. ... 0. 0. 0.],rec.sport.hockey
[0. 0. 0. ... 0. 0. 0.],talk.politics.mideast
[0. 0. 0. ... 0. 0. 0.],soc.religion.christian
[0.         0.         0.         ... 0.04997945 0.         0.        ],comp.windows.x
[0. 0. 0. ... 0. 0. 0.],sci.space
[0. 0. 0. ... 0. 0. 0.],sci.med
[0. 0. 0. ... 0. 0. 0.],talk.religion.misc
[0. 0. 0. ... 0. 0. 0.],talk.politics.mideast
[0.         0.         0.         ... 0.06979809 0.         0.        ],comp.windows.x
[0. 0. 0. ... 0. 0. 0.],soc.religion.christian
[0. 0. 0. ... 0. 0. 0.],comp.os.ms-windows.misc
[0. 0. 0. ... 0. 0. 0.],rec.sport.baseball
[0.         0.         0.         ... 0.02547388 0.         0.        ],comp.sys.ibm.pc.hardware
[0.         0.         0.06069579 ... 0.02753347 0.         0.        ],sci.electronics
[0.19722967 0.20184645 0.         ... 0.         0.         0.        ],talk.religion.misc
[0. 0. 0. ... 0. 0. 0.],comp.os.ms-windows.misc
[0. 0. 0. ... 0. 0. 0.],talk.politics.misc
[0. 0. 0. ... 0. 0. 0.],comp.graphics
[0. 0. 0. ... 0. 0. 0.],comp.graphics
[0. 0. 0. ... 0. 0. 0.],rec.sport.hockey
[0. 0. 0. ... 0. 0. 0.],rec.sport.baseball
[0. 0. 0. ... 0. 0. 0.],talk.politics.guns
[0.         0.         0.         ... 0.07420423 0.         0.        ],rec.sport.baseball
[0.         0.         0.         ... 0.07260548 0.         0.        ],sci.med
[0.         0.         0.         ... 0.05148422 0.         0.        ],rec.motorcycles
[0. 0. 0. ... 0. 0. 0.],talk.politics.mideast
[0. 0. 0. ... 0. 0. 0.],sci.space
[0. 0. 0. ... 0. 0. 0.],rec.autos
[0. 0. 0. ... 0. 0. 0.],sci.space
[0. 0. 0. ... 0. 0. 0.],sci.space
[0. 0. 0. ... 0. 0. 0.],talk.politics.guns
[0.         0.         0.         ... 0.12437513 0.07106311 0.        ],rec.sport.baseball
[0. 0. 0. ... 0. 0. 0.],sci.space
[0.         0.         0.         ... 0.09744952 0.         0.        ],comp.os.ms-windows.misc
[0. 0. 0. ... 0. 0. 0.],talk.politics.mideast
[0. 0. 0. ... 0. 0. 0.],rec.motorcycles
[0.05094497 0.         0.         ... 0.05468054 0.         0.        ],rec.sport.hockey
[0. 0. 0. ... 0. 0. 0.],comp.windows.x
[0. 0. 0. ... 0. 0. 0.],soc.religion.christian
[0.30299828 0.         0.         ... 0.         0.         0.        ],talk.politics.guns
[0. 0. 0. ... 0. 0. 0.],comp.sys.mac.hardware
[0. 0. 0. ... 0. 0. 0.],comp.sys.mac.hardware
[0. 0. 0. ... 0. 0. 0.],sci.electronics
[0. 0. 0. ... 0. 0. 0.],soc.religion.christian
[0. 0. 0. ... 0. 0. 0.],sci.med
[0. 0. 0. ... 0. 0. 0.],rec.sport.hockey
[0. 0. 0. ... 0. 0. 0.],alt.atheism
[0.12932158 0.06617438 0.         ... 0.06940208 0.         0.        ],talk.politics.guns
[0. 0. 0. ... 0. 0. 0.],comp.windows.x
[0.         0.04967386 0.         ... 0.         0.         0.        ],misc.forsale
[0. 0. 0. ... 0. 0. 0.],sci.med
[0. 0. 0. ... 0. 0. 0.],rec.autos
[0. 0. 0. ... 0. 0. 0.],comp.sys.mac.hardware
[0. 0. 0. ... 0. 0. 0.],sci.space
[0. 0. 0. ... 0. 0. 0.],talk.politics.mideast
[0. 0. 0. ... 0. 0. 0.],talk.religion.misc
[0.         0.         0.         ... 0.         0.20394381 0.        ],comp.windows.x
[0. 0. 0. ... 0. 0. 0.],sci.space
[0.         0.         0.         ... 0.06651796 0.         0.        ],misc.forsale
[0. 0. 0. ... 0. 0. 0.],comp.sys.ibm.pc.hardware
[0.         0.         0.         ... 0.04125274 0.         0.        ],comp.sys.mac.hardware
[0. 0. 0. ... 0. 0. 0.],comp.os.ms-windows.misc
[0. 0. 0. ... 0. 0. 0.],comp.os.ms-windows.misc
[0. 0. 0. ... 0. 0. 0.],comp.graphics
[0.         0.         0.         ... 0.05646228 0.         0.        ],comp.graphics
[0. 0. 0. ... 0. 0. 0.],rec.autos
[0. 0. 0. ... 0. 0. 0.],soc.religion.christian
[0. 0. 0. ... 0. 0. 0.],alt.atheism
[0. 0. 0. ... 0. 0. 0.],comp.graphics
[0. 0. 0. ... 0. 0. 0.],talk.politics.mideast
[0. 0. 0. ... 0. 0. 0.],comp.os.ms-windows.misc
[0.         0.         0.         ... 0.08548083 0.         0.        ],rec.sport.hockey
[0. 0. 0. ... 0. 0. 0.],comp.os.ms-windows.misc
[0.         0.         0.         ... 0.02178451 0.         0.        ],comp.windows.x
[0. 0. 0. ... 0. 0. 0.],rec.sport.baseball
[0. 0. 0. ... 0. 0. 0.],sci.crypt
[0. 0. 0. ... 0. 0. 0.],talk.politics.mideast
[0.         0.         0.         ... 0.11764502 0.         0.        ],comp.sys.ibm.pc.hardware
[0. 0. 0. ... 0. 0. 0.],misc.forsale
[0.         0.         0.         ... 0.08616359 0.         0.        ],rec.sport.baseball
[0.         0.         0.         ... 0.07070901 0.         0.        ],sci.electronics
[0.        0.        0.        ... 0.0427297 0.        0.       ],rec.sport.hockey
[0.         0.         0.         ... 0.         0.12004334 0.        ],comp.sys.mac.hardware
[0. 0. 0. ... 0. 0. 0.],comp.sys.mac.hardware
[0.         0.22194667 0.         ... 0.         0.         0.        ],sci.crypt
[0.         0.         0.         ... 0.04433631 0.         0.        ],rec.motorcycles
[0. 0. 0. ... 0. 0. 0.],comp.graphics
[0.07777508 0.1591913  0.         ... 0.         0.         0.        ],soc.religion.christian
[0.03872037 0.03962674 0.         ... 0.         0.         0.        ],talk.politics.guns
[0.        0.        0.        ... 0.0727751 0.        0.       ],rec.sport.baseball
[0. 0. 0. ... 0. 0. 0.],sci.electronics
[0.         0.         0.         ... 0.05803122 0.         0.        ],comp.windows.x
[0.         0.         0.         ... 0.06286808 0.         0.        ],sci.med
[0. 0. 0. ... 0. 0. 0.],talk.politics.guns
[0. 0. 0. ... 0. 0. 0.],soc.religion.christian
[0. 0. 0. ... 0. 0. 0.],comp.windows.x
[0. 0. 0. ... 0. 0. 0.],talk.religion.misc
[0.        0.        0.        ... 0.0195882 0.        0.       ],rec.sport.baseball
[0. 0. 0. ... 0. 0. 0.],sci.electronics
[0. 0. 0. ... 0. 0. 0.],comp.windows.x
[0.         0.         0.         ... 0.         0.19065539 0.        ],talk.religion.misc
[0. 0. 0. ... 0. 0. 0.],talk.politics.guns
[0.         0.         0.         ... 0.05474178 0.         0.        ],alt.atheism
[0. 0. 0. ... 0. 0. 0.],talk.politics.mideast
[0. 0. 0. ... 0. 0. 0.],talk.politics.guns
[0.         0.         0.         ... 0.04568223 0.         0.        ],comp.sys.ibm.pc.hardware
[0.         0.         0.         ... 0.04606559 0.         0.        ],sci.electronics
[0. 0. 0. ... 0. 0. 0.],talk.politics.mideast
[0.         0.         0.         ... 0.04645729 0.         0.        ],sci.med
[0. 0. 0. ... 0. 0. 0.],comp.os.ms-windows.misc
[0. 0. 0. ... 0. 0. 0.],sci.electronics
[0.         0.         0.         ... 0.04267972 0.         0.        ],sci.electronics
[0.         0.         0.         ... 0.07356403 0.         0.        ],sci.space
[0.         0.         0.         ... 0.03526674 0.         0.        ],rec.motorcycles
[0.         0.         0.         ... 0.01480036 0.00493287 0.        ],comp.windows.x
[0. 0. 0. ... 0. 0. 0.],sci.med
[0.         0.         0.         ... 0.09246364 0.         0.        ],comp.os.ms-windows.misc
[0. 0. 0. ... 0. 0. 0.],comp.windows.x
[0.        0.        0.        ... 0.0252859 0.        0.       ],misc.forsale
[0.05000873 0.         0.         ... 0.02683782 0.         0.        ],sci.crypt
[0.         0.         0.         ... 0.06325161 0.         0.        ],sci.space
[0. 0. 0. ... 0. 0. 0.],sci.med
[0. 0. 0. ... 0. 0. 0.],soc.religion.christian
[0. 0. 0. ... 0. 0. 0.],talk.politics.guns
[0. 0. 0. ... 0. 0. 0.],rec.sport.baseball
[0. 0. 0. ... 0. 0. 0.],comp.sys.mac.hardware
[0. 0. 0. ... 0. 0. 0.],comp.os.ms-windows.misc
[0.         0.         0.         ... 0.07975422 0.         0.        ],rec.sport.hockey
[0.         0.         0.         ... 0.08171597 0.         0.        ],alt.atheism
[0. 0. 0. ... 0. 0. 0.],rec.sport.hockey
[0. 0. 0. ... 0. 0. 0.],talk.politics.mideast
[0. 0. 0. ... 0. 0. 0.],misc.forsale
[0.         0.         0.         ... 0.08053503 0.         0.        ],sci.space
[0. 0. 0. ... 0. 0. 0.],rec.sport.hockey
[0.         0.         0.         ... 0.05232475 0.05231857 0.        ],soc.religion.christian
[0. 0. 0. ... 0. 0. 0.],sci.crypt
[0.         0.         0.         ... 0.10343334 0.         0.        ],talk.politics.mideast
[0. 0. 0. ... 0. 0. 0.],talk.politics.guns
[0. 0. 0. ... 0. 0. 0.],soc.religion.christian
[0. 0. 0. ... 0. 0. 0.],comp.os.ms-windows.misc
[0. 0. 0. ... 0. 0. 0.],sci.med
[0. 0. 0. ... 0. 0. 0.],talk.politics.guns
[0.         0.         0.         ... 0.05629211 0.         0.        ],comp.windows.x
[0. 0. 0. ... 0. 0. 0.],sci.crypt
[0.         0.         0.         ... 0.13151829 0.         0.        ],alt.atheism
[0. 0. 0. ... 0. 0. 0.],alt.atheism
[0. 0. 0. ... 0. 0. 0.],talk.politics.guns
[0. 0. 0. ... 0. 0. 0.],sci.electronics
[0. 0. 0. ... 0. 0. 0.],talk.religion.misc
[0. 0. 0. ... 0. 0. 0.],comp.os.ms-windows.misc
[0. 0. 0. ... 0. 0. 0.],sci.med
[0.         0.         0.10262941 ... 0.         0.         0.        ],comp.sys.ibm.pc.hardware
[0. 0. 0. ... 0. 0. 0.],rec.sport.hockey
[0. 0. 0. ... 0. 0. 0.],talk.politics.guns
[0. 0. 0. ... 0. 0. 0.],comp.os.ms-windows.misc
[0. 0. 0. ... 0. 0. 0.],rec.sport.baseball
[0. 0. 0. ... 0. 0. 0.],rec.sport.baseball
[0.         0.         0.         ... 0.23992305 0.         0.        ],rec.autos
[0.         0.         0.         ... 0.03670008 0.         0.        ],rec.motorcycles
[0. 0. 0. ... 0. 0. 0.],comp.sys.mac.hardware
[0. 0. 0. ... 0. 0. 0.],comp.windows.x
[0. 0. 0. ... 0. 0. 0.],rec.sport.hockey
[0. 0. 0. ... 0. 0. 0.],sci.med
[0.         0.         0.         ... 0.11585412 0.         0.        ],sci.crypt
[0.         0.         0.         ... 0.04131766 0.         0.        ],talk.politics.mideast
[0.         0.19410071 0.         ... 0.         0.         0.        ],talk.politics.mideast
[0. 0. 0. ... 0. 0. 0.],rec.autos
[0. 0. 0. ... 0. 0. 0.],comp.windows.x
[0.         0.         0.         ... 0.04130274 0.         0.        ],talk.religion.misc
[0.         0.         0.         ... 0.15815857 0.         0.        ],rec.sport.baseball
[0.         0.         0.         ... 0.03448976 0.         0.        ],talk.politics.guns
[0.         0.15736798 0.         ... 0.16504372 0.         0.        ],comp.graphics
[0.         0.01476472 0.         ... 0.         0.         0.        ],comp.sys.ibm.pc.hardware
[0. 0. 0. ... 0. 0. 0.],misc.forsale
[0. 0. 0. ... 0. 0. 0.],talk.politics.misc
[0. 0. 0. ... 0. 0. 0.],talk.politics.mideast
[0. 0. 0. ... 0. 0. 0.],talk.politics.guns
[0.         0.         0.         ... 0.11019815 0.         0.        ],sci.space
[0.        0.        0.        ... 0.0539048 0.        0.       ],comp.sys.mac.hardware
[0.0348765  0.         0.         ... 0.03743384 0.         0.        ],rec.motorcycles
[0. 0. 0. ... 0. 0. 0.],misc.forsale
[0.         0.         0.         ... 0.09886673 0.         0.        ],comp.windows.x
[0. 0. 0. ... 0. 0. 0.],alt.atheism
[0.         0.         0.         ... 0.14036034 0.         0.        ],comp.sys.ibm.pc.hardware
[0. 0. 0. ... 0. 0. 0.],talk.politics.misc
[0. 0. 0. ... 0. 0. 0.],comp.sys.mac.hardware
[0. 0. 0. ... 0. 0. 0.],sci.crypt
[0. 0. 0. ... 0. 0. 0.],comp.sys.ibm.pc.hardware
[0.1295989 0.        0.        ... 0.        0.        0.       ],talk.religion.misc
[0.         0.         0.         ... 0.08613813 0.         0.        ],comp.sys.ibm.pc.hardware
[0. 0. 0. ... 0. 0. 0.],rec.motorcycles
[0. 0. 0. ... 0. 0. 0.],rec.motorcycles
[0. 0. 0. ... 0. 0. 0.],sci.med
[0.         0.         0.         ... 0.13034646 0.         0.        ],comp.windows.x
[0.         0.         0.         ... 0.08823839 0.         0.        ],sci.electronics
[0. 0. 0. ... 0. 0. 0.],sci.space
[0. 0. 0. ... 0. 0. 0.],misc.forsale
[0.         0.         0.         ... 0.07383284 0.         0.        ],alt.atheism
[0. 0. 0. ... 0. 0. 0.],talk.politics.mideast
[0. 0. 0. ... 0. 0. 0.],comp.sys.mac.hardware
[0. 0. 0. ... 0. 0. 0.],rec.motorcycles
[0. 0. 0. ... 0. 0. 0.],talk.politics.guns
[0. 0. 0. ... 0. 0. 0.],sci.med
[0. 0. 0. ... 0. 0. 0.],talk.politics.guns
[0. 0. 0. ... 0. 0. 0.],talk.religion.misc
[0.         0.         0.         ... 0.09071304 0.         0.        ],comp.windows.x
[0. 0. 0. ... 0. 0. 0.],comp.sys.mac.hardware
[0. 0. 0. ... 0. 0. 0.],sci.electronics
[0. 0. 0. ... 0. 0. 0.],comp.sys.mac.hardware
[0. 0. 0. ... 0. 0. 0.],rec.sport.baseball
[0. 0. 0. ... 0. 0. 0.],rec.sport.hockey
[0. 0. 0. ... 0. 0. 0.],comp.sys.mac.hardware
[0. 0. 0. ... 0. 0. 0.],comp.sys.ibm.pc.hardware
[0. 0. 0. ... 0. 0. 0.],soc.religion.christian
[0. 0. 0. ... 0. 0. 0.],talk.politics.mideast
[0. 0. 0. ... 0. 0. 0.],talk.politics.guns
[0.         0.         0.         ... 0.05561396 0.         0.        ],comp.os.ms-windows.misc
[0.         0.         0.         ... 0.08756407 0.         0.        ],comp.sys.ibm.pc.hardware
[0. 0. 0. ... 0. 0. 0.],rec.sport.baseball
[0. 0. 0. ... 0. 0. 0.],rec.sport.baseball
[0.         0.         0.         ... 0.08414762 0.         0.        ],rec.sport.hockey
[0.         0.         0.         ... 0.02453449 0.         0.        ],talk.politics.guns
[0. 0. 0. ... 0. 0. 0.],rec.motorcycles
[0. 0. 0. ... 0. 0. 0.],soc.religion.christian
[0.         0.         0.         ... 0.02743787 0.         0.        ],alt.atheism
[0. 0. 0. ... 0. 0. 0.],misc.forsale
[0. 0. 0. ... 0. 0. 0.],comp.os.ms-windows.misc
[0. 0. 0. ... 0. 0. 0.],talk.religion.misc
[0.         0.         0.         ... 0.04187909 0.         0.        ],talk.politics.guns
[0. 0. 0. ... 0. 0. 0.],misc.forsale
[0.        0.        0.        ... 0.0349892 0.        0.       ],comp.sys.ibm.pc.hardware
[0.14101379 0.         0.         ... 0.15135372 0.         0.        ],rec.autos
[0. 0. 0. ... 0. 0. 0.],talk.politics.guns
[0. 0. 0. ... 0. 0. 0.],sci.crypt
[0.         0.         0.         ... 0.09665762 0.         0.        ],rec.sport.hockey
[0. 0. 0. ... 0. 0. 0.],talk.politics.mideast
[0. 0. 0. ... 0. 0. 0.],talk.politics.misc
[0.         0.40949992 0.         ... 0.         0.         0.        ],sci.space
[0.         0.         0.         ... 0.05920587 0.         0.        ],rec.motorcycles
[0. 0. 0. ... 0. 0. 0.],rec.autos
[0.        0.        0.        ... 0.0732822 0.        0.       ],sci.med
[0. 0. 0. ... 0. 0. 0.],sci.med
[0. 0. 0. ... 0. 0. 0.],rec.sport.baseball
[0. 0. 0. ... 0. 0. 0.],sci.electronics
[0. 0. 0. ... 0. 0. 0.],talk.politics.guns
[0.         0.         0.         ... 0.09092039 0.         0.        ],sci.space
[0.         0.         0.         ... 0.02717627 0.         0.        ],comp.sys.ibm.pc.hardware
[0. 0. 0. ... 0. 0. 0.],rec.autos
[0. 0. 0. ... 0. 0. 0.],comp.graphics
[0. 0. 0. ... 0. 0. 0.],comp.sys.mac.hardware
[0.         0.         0.         ... 0.04959982 0.         0.        ],alt.atheism
[0.05115181 0.         0.         ... 0.13725638 0.05489607 0.        ],comp.windows.x
[0.         0.         0.         ... 0.01799125 0.         0.        ],alt.atheism
[0.         0.         0.         ... 0.09103892 0.         0.        ],soc.religion.christian
[0. 0. 0. ... 0. 0. 0.],talk.politics.guns
[0.         0.06940147 0.         ... 0.         0.         0.        ],rec.sport.hockey
[0.         0.         0.         ... 0.08534468 0.         0.        ],sci.space
[0.         0.         0.         ... 0.16569359 0.         0.        ],rec.sport.hockey
[0.         0.         0.         ... 0.05501435 0.         0.        ],rec.motorcycles
[0. 0. 0. ... 0. 0. 0.],sci.space
[0.         0.         0.         ... 0.05997065 0.         0.        ],comp.sys.mac.hardware
[0.         0.         0.         ... 0.08899817 0.         0.        ],comp.sys.ibm.pc.hardware
[0. 0. 0. ... 0. 0. 0.],talk.religion.misc
[0.        0.        0.        ... 0.0601721 0.        0.       ],comp.sys.mac.hardware
[0. 0. 0. ... 0. 0. 0.],soc.religion.christian
[0.         0.         0.         ... 0.06947248 0.         0.        ],comp.sys.mac.hardware
[0. 0. 0. ... 0. 0. 0.],alt.atheism
[0.         0.         0.         ... 0.06086738 0.         0.        ],sci.crypt
[0. 0. 0. ... 0. 0. 0.],sci.crypt
[0.         0.         0.         ... 0.05933292 0.         0.        ],comp.graphics
[0.        0.        0.        ... 0.0088283 0.        0.       ],rec.autos
[0. 0. 0. ... 0. 0. 0.],rec.motorcycles
[0. 0. 0. ... 0. 0. 0.],rec.motorcycles
[0. 0. 0. ... 0. 0. 0.],comp.graphics
[0. 0. 0. ... 0. 0. 0.],comp.os.ms-windows.misc
[0. 0. 0. ... 0. 0. 0.],sci.med
[0. 0. 0. ... 0. 0. 0.],misc.forsale
[0.         0.         0.         ... 0.05671463 0.         0.        ],rec.motorcycles
[0.         0.         0.         ... 0.02396687 0.         0.        ],sci.crypt
[0.         0.         0.         ... 0.06331354 0.06330607 0.        ],talk.politics.guns
[0.         0.         0.         ... 0.03067687 0.         0.        ],comp.windows.x
[0.02163692 0.         0.         ... 0.01161173 0.         0.        ],rec.sport.hockey
[0.         0.         0.         ... 0.32165872 0.         0.        ],rec.sport.hockey
[0. 0. 0. ... 0. 0. 0.],rec.sport.hockey
[0. 0. 0. ... 0. 0. 0.],sci.electronics
[0. 0. 0. ... 0. 0. 0.],comp.os.ms-windows.misc
[0.         0.         0.         ... 0.21648149 0.         0.        ],sci.med
[0.         0.         0.         ... 0.02308348 0.         0.        ],sci.crypt
[0. 0. 0. ... 0. 0. 0.],talk.politics.misc
[0. 0. 0. ... 0. 0. 0.],sci.med
[0.         0.01968924 0.         ... 0.051624   0.         0.        ],talk.politics.guns
[0. 0. 0. ... 0. 0. 0.],comp.os.ms-windows.misc
[0. 0. 0. ... 0. 0. 0.],rec.sport.baseball
[0. 0. 0. ... 0. 0. 0.],comp.windows.x
[0. 0. 0. ... 0. 0. 0.],alt.atheism
[0. 0. 0. ... 0. 0. 0.],rec.sport.hockey
[0. 0. 0. ... 0. 0. 0.],misc.forsale
[0.         0.         0.         ... 0.10073066 0.         0.        ],talk.politics.guns
[0. 0. 0. ... 0. 0. 0.],comp.graphics
[0. 0. 0. ... 0. 0. 0.],rec.sport.hockey
[0. 0. 0. ... 0. 0. 0.],sci.electronics
[0. 0. 0. ... 0. 0. 0.],comp.os.ms-windows.misc
[0. 0. 0. ... 0. 0. 0.],soc.religion.christian
[0.         0.         0.         ... 0.04010611 0.         0.        ],sci.crypt
[0. 0. 0. ... 0. 0. 0.],comp.windows.x
[0. 0. 0. ... 0. 0. 0.],misc.forsale
[0.         0.         0.         ... 0.04730458 0.         0.        ],talk.politics.mideast
[0.         0.         0.         ... 0.01173882 0.         0.        ],rec.sport.hockey
[0. 0. 0. ... 0. 0. 0.],rec.sport.baseball
[0.         0.         0.         ... 0.03200615 0.         0.        ],sci.med
[0.        0.        0.        ... 0.0496049 0.        0.       ],talk.politics.guns
[0. 0. 0. ... 0. 0. 0.],comp.windows.x
[0. 0. 0. ... 0. 0. 0.],soc.religion.christian
[0. 0. 0. ... 0. 0. 0.],comp.sys.ibm.pc.hardware
[0. 0. 0. ... 0. 0. 0.],talk.politics.mideast
[0. 0. 0. ... 0. 0. 0.],talk.politics.mideast
[0. 0. 0. ... 0. 0. 0.],rec.sport.hockey
[0. 0. 0. ... 0. 0. 0.],sci.electronics
[0.         0.         0.         ... 0.05582591 0.         0.        ],talk.politics.misc
[0. 0. 0. ... 0. 0. 0.],alt.atheism
[0. 0. 0. ... 0. 0. 0.],rec.sport.baseball
[0. 0. 0. ... 0. 0. 0.],rec.autos
[0.17891526 0.         0.         ... 0.         0.         0.        ],comp.sys.ibm.pc.hardware
[0. 0. 0. ... 0. 0. 0.],rec.autos
[0.         0.         0.         ... 0.11435917 0.         0.        ],sci.space
[0. 0. 0. ... 0. 0. 0.],rec.sport.hockey
[0. 0. 0. ... 0. 0. 0.],sci.med
[0. 0. 0. ... 0. 0. 0.],comp.sys.mac.hardware
[0.        0.        0.        ... 0.0153852 0.        0.       ],rec.motorcycles
[0. 0. 0. ... 0. 0. 0.],comp.os.ms-windows.misc
[0. 0. 0. ... 0. 0. 0.],talk.politics.mideast
[0. 0. 0. ... 0. 0. 0.],comp.windows.x
[0. 0. 0. ... 0. 0. 0.],sci.crypt
[0. 0. 0. ... 0. 0. 0.],sci.crypt
[0.         0.         0.         ... 0.03740779 0.         0.        ],misc.forsale
[0. 0. 0. ... 0. 0. 0.],comp.graphics
[0. 0. 0. ... 0. 0. 0.],comp.graphics
[0.         0.1126207  0.         ... 0.00454284 0.         0.        ],rec.sport.baseball
[0. 0. 0. ... 0. 0. 0.],talk.politics.mideast
[0. 0. 0. ... 0. 0. 0.],comp.windows.x
[0. 0. 0. ... 0. 0. 0.],comp.os.ms-windows.misc
[0.0933432 0.0955282 0.        ... 0.        0.        0.       ],soc.religion.christian
[0.         0.         0.         ... 0.19961997 0.         0.        ],sci.space
[0.         0.         0.         ... 0.10087599 0.         0.        ],comp.windows.x
[0.         0.         0.         ... 0.04279646 0.         0.        ],rec.motorcycles
[0. 0. 0. ... 0. 0. 0.],talk.politics.guns
[0.         0.         0.         ... 0.06785283 0.         0.        ],rec.sport.baseball
[0.         0.         0.         ... 0.06492502 0.         0.        ],sci.crypt
[0. 0. 0. ... 0. 0. 0.],rec.motorcycles
[0. 0. 0. ... 0. 0. 0.],sci.space
[0. 0. 0. ... 0. 0. 0.],soc.religion.christian
[0. 0. 0. ... 0. 0. 0.],sci.med
[0. 0. 0. ... 0. 0. 0.],comp.sys.ibm.pc.hardware
[0. 0. 0. ... 0. 0. 0.],comp.sys.ibm.pc.hardware
[0. 0. 0. ... 0. 0. 0.],sci.electronics
[0.         0.         0.         ... 0.22557218 0.         0.        ],talk.politics.mideast
[0. 0. 0. ... 0. 0. 0.],rec.motorcycles
[0. 0. 0. ... 0. 0. 0.],talk.politics.mideast
[0. 0. 0. ... 0. 0. 0.],rec.sport.baseball
[0. 0. 0. ... 0. 0. 0.],soc.religion.christian
[0.         0.         0.         ... 0.10945631 0.         0.        ],rec.sport.baseball
[0.         0.00732975 0.01694609 ... 0.10762172 0.         0.        ],rec.sport.hockey
[0. 0. 0. ... 0. 0. 0.],sci.crypt
[0.         0.         0.04629434 ... 0.02100053 0.         0.        ],alt.atheism
[0. 0. 0. ... 0. 0. 0.],talk.politics.mideast
[0. 0. 0. ... 0. 0. 0.],comp.os.ms-windows.misc
[0.         0.         0.         ... 0.01812223 0.         0.        ],comp.sys.mac.hardware
[0. 0. 0. ... 0. 0. 0.],comp.sys.ibm.pc.hardware
[0. 0. 0. ... 0. 0. 0.],comp.os.ms-windows.misc
[0. 0. 0. ... 0. 0. 0.],talk.politics.mideast
[0. 0. 0. ... 0. 0. 0.],talk.politics.misc
[0. 0. 0. ... 0. 0. 0.],comp.windows.x
[0. 0. 0. ... 0. 0. 0.],talk.politics.guns
[0. 0. 0. ... 0. 0. 0.],rec.sport.hockey
[0. 0. 0. ... 0. 0. 0.],alt.atheism
[0. 0. 0. ... 0. 0. 0.],talk.politics.misc
[0. 0. 0. ... 0. 0. 0.],sci.space
[0.         0.         0.         ... 0.07218883 0.         0.        ],rec.sport.baseball
[0. 0. 0. ... 0. 0. 0.],soc.religion.christian
[0. 0. 0. ... 0. 0. 0.],talk.politics.mideast
[0. 0. 0. ... 0. 0. 0.],sci.crypt
[0.         0.         0.         ... 0.05108188 0.         0.        ],soc.religion.christian
[0.         0.         0.         ... 0.06843246 0.         0.        ],talk.politics.mideast
[0. 0. 0. ... 0. 0. 0.],comp.sys.mac.hardware
[0. 0. 0. ... 0. 0. 0.],alt.atheism
[0.         0.         0.         ... 0.15184474 0.         0.        ],rec.sport.hockey
[0.         0.         0.         ... 0.03219058 0.         0.        ],sci.space
[0. 0. 0. ... 0. 0. 0.],rec.sport.hockey
[0. 0. 0. ... 0. 0. 0.],comp.sys.mac.hardware
[0. 0. 0. ... 0. 0. 0.],sci.med
[0. 0. 0. ... 0. 0. 0.],rec.sport.hockey
[0. 0. 0. ... 0. 0. 0.],talk.politics.misc
[0.         0.02135207 0.         ... 0.00559838 0.         0.        ],talk.religion.misc
[0. 0. 0. ... 0. 0. 0.],comp.os.ms-windows.misc
[0.         0.         0.         ... 0.29679035 0.04239362 0.        ],talk.politics.misc
[0.1187841 0.        0.        ... 0.        0.        0.       ],rec.sport.baseball
[0. 0. 0. ... 0. 0. 0.],alt.atheism
[0. 0. 0. ... 0. 0. 0.],alt.atheism
[0.         0.         0.         ... 0.07634959 0.         0.        ],sci.med
[0. 0. 0. ... 0. 0. 0.],comp.os.ms-windows.misc
[0. 0. 0. ... 0. 0. 0.],sci.space
[0.         0.         0.         ... 0.04261674 0.         0.        ],talk.religion.misc
[0. 0. 0. ... 0. 0. 0.],comp.os.ms-windows.misc
[0.        0.        0.        ... 0.0114439 0.        0.       ],sci.crypt
[0. 0. 0. ... 0. 0. 0.],soc.religion.christian
[0. 0. 0. ... 0. 0. 0.],comp.windows.x
[0. 0. 0. ... 0. 0. 0.],soc.religion.christian
[0. 0. 0. ... 0. 0. 0.],alt.atheism
[0. 0. 0. ... 0. 0. 0.],misc.forsale
[0.         0.         0.         ... 0.04013258 0.         0.        ],comp.sys.mac.hardware
[0. 0. 0. ... 0. 0. 0.],sci.space
[0. 0. 0. ... 0. 0. 0.],rec.motorcycles
[0. 0. 0. ... 0. 0. 0.],rec.motorcycles
[0. 0. 0. ... 0. 0. 0.],rec.sport.hockey
[0.         0.         0.         ... 0.14967    0.03325607 0.        ],comp.os.ms-windows.misc
[0. 0. 0. ... 0. 0. 0.],talk.politics.guns
[0. 0. 0. ... 0. 0. 0.],soc.religion.christian
[0.         0.         0.         ... 0.02315082 0.         0.        ],comp.os.ms-windows.misc
[0. 0. 0. ... 0. 0. 0.],soc.religion.christian
[0. 0. 0. ... 0. 0. 0.],talk.religion.misc
[0. 0. 0. ... 0. 0. 0.],sci.electronics
[0. 0. 0. ... 0. 0. 0.],comp.sys.ibm.pc.hardware
[0. 0. 0. ... 0. 0. 0.],comp.windows.x
[0.         0.         0.         ... 0.         0.06947732 0.        ],sci.crypt
[0. 0. 0. ... 0. 0. 0.],comp.os.ms-windows.misc
[0. 0. 0. ... 0. 0. 0.],sci.crypt
[0. 0. 0. ... 0. 0. 0.],soc.religion.christian
[0.         0.         0.         ... 0.06396357 0.         0.        ],alt.atheism
[0. 0. 0. ... 0. 0. 0.],sci.electronics
[0. 0. 0. ... 0. 0. 0.],sci.space
[0. 0. 0. ... 0. 0. 0.],talk.politics.misc
[0. 0. 0. ... 0. 0. 0.],sci.crypt
[0. 0. 0. ... 0. 0. 0.],talk.politics.guns
[0. 0. 0. ... 0. 0. 0.],sci.med
[0. 0. 0. ... 0. 0. 0.],rec.sport.hockey
[0. 0. 0. ... 0. 0. 0.],rec.sport.baseball
[0. 0. 0. ... 0. 0. 0.],talk.politics.mideast
[0.         0.         0.         ... 0.05953875 0.         0.        ],comp.sys.ibm.pc.hardware
[0. 0. 0. ... 0. 0. 0.],talk.politics.misc
[0. 0. 0. ... 0. 0. 0.],talk.politics.mideast
[0.         0.         0.         ... 0.16822505 0.         0.        ],sci.electronics
[0.         0.         0.         ... 0.06206825 0.         0.        ],comp.os.ms-windows.misc
[0. 0. 0. ... 0. 0. 0.],talk.politics.mideast
[0.         0.         0.         ... 0.04481295 0.         0.        ],comp.os.ms-windows.misc
[0.         0.         0.         ... 0.06456186 0.         0.        ],talk.politics.mideast
[0.         0.         0.         ... 0.08302638 0.         0.        ],talk.religion.misc
[0. 0. 0. ... 0. 0. 0.],talk.religion.misc
[0. 0. 0. ... 0. 0. 0.],comp.windows.x
[0.         0.         0.         ... 0.05862692 0.         0.        ],rec.sport.baseball
[0.         0.         0.         ... 0.01799215 0.         0.        ],talk.politics.mideast
[0. 0. 0. ... 0. 0. 0.],talk.politics.mideast
[0. 0. 0. ... 0. 0. 0.],rec.autos
[0.         0.         0.         ... 0.29732923 0.         0.        ],soc.religion.christian
[0. 0. 0. ... 0. 0. 0.],comp.graphics
[0. 0. 0. ... 0. 0. 0.],alt.atheism
[0.         0.         0.         ... 0.05035936 0.         0.        ],talk.politics.mideast
[0. 0. 0. ... 0. 0. 0.],comp.os.ms-windows.misc
[0. 0. 0. ... 0. 0. 0.],sci.med
[0. 0. 0. ... 0. 0. 0.],soc.religion.christian
[0.         0.         0.         ... 0.01932889 0.         0.        ],rec.sport.baseball
[0. 0. 0. ... 0. 0. 0.],comp.windows.x
[0. 0. 0. ... 0. 0. 0.],comp.os.ms-windows.misc
[0. 0. 0. ... 0. 0. 0.],comp.os.ms-windows.misc
[0.         0.         0.         ... 0.07779842 0.         0.        ],comp.windows.x
[0. 0. 0. ... 0. 0. 0.],soc.religion.christian
[0. 0. 0. ... 0. 0. 0.],alt.atheism
[0. 0. 0. ... 0. 0. 0.],sci.med
[0.         0.         0.         ... 0.02997277 0.         0.        ],sci.crypt
[0. 0. 0. ... 0. 0. 0.],rec.sport.baseball
[0. 0. 0. ... 0. 0. 0.],sci.space
[0. 0. 0. ... 0. 0. 0.],sci.med
[0. 0. 0. ... 0. 0. 0.],talk.politics.misc
[0. 0. 0. ... 0. 0. 0.],misc.forsale
[0.         0.         0.         ... 0.02559911 0.01706406 0.        ],soc.religion.christian
[0. 0. 0. ... 0. 0. 0.],rec.motorcycles
[0.         0.         0.         ... 0.04099021 0.         0.        ],soc.religion.christian
[0.         0.         0.         ... 0.07261991 0.         0.        ],comp.windows.x
[0. 0. 0. ... 0. 0. 0.],rec.sport.hockey
[0. 0. 0. ... 0. 0. 0.],rec.sport.baseball
[0. 0. 0. ... 0. 0. 0.],sci.med
[0.32676522 0.         0.         ... 0.         0.         0.        ],alt.atheism
[0. 0. 0. ... 0. 0. 0.],talk.religion.misc
[0.         0.         0.         ... 0.07665685 0.         0.        ],talk.politics.guns
[0. 0. 0. ... 0. 0. 0.],soc.religion.christian
[0.         0.         0.         ... 0.13518186 0.         0.        ],comp.sys.mac.hardware
[0. 0. 0. ... 0. 0. 0.],misc.forsale
[0. 0. 0. ... 0. 0. 0.],comp.os.ms-windows.misc
[0.         0.         0.         ... 0.15407163 0.         0.        ],sci.crypt
[0. 0. 0. ... 0. 0. 0.],sci.crypt
[0. 0. 0. ... 0. 0. 0.],sci.med
[0. 0. 0. ... 0. 0. 0.],rec.sport.hockey
[0. 0. 0. ... 0. 0. 0.],comp.sys.mac.hardware
[0. 0. 0. ... 0. 0. 0.],comp.sys.ibm.pc.hardware
[0.      0.      0.      ... 0.08503 0.      0.     ],comp.windows.x
[0. 0. 0. ... 0. 0. 0.],talk.politics.misc
[0. 0. 0. ... 0. 0. 0.],comp.graphics
[0. 0. 0. ... 0. 0. 0.],rec.motorcycles
[0. 0. 0. ... 0. 0. 0.],talk.politics.guns
[0. 0. 0. ... 0. 0. 0.],comp.os.ms-windows.misc
[0. 0. 0. ... 0. 0. 0.],sci.med
[0.0122698  0.         0.01451566 ... 0.1382797  0.01316794 0.        ],rec.autos
[0.         0.         0.         ... 0.02285985 0.         0.        ],rec.sport.baseball
[0.         0.         0.         ... 0.09005662 0.         0.        ],comp.windows.x
[0. 0. 0. ... 0. 0. 0.],sci.med
[0.         0.         0.         ... 0.05138297 0.         0.        ],comp.os.ms-windows.misc
[0. 0. 0. ... 0. 0. 0.],rec.sport.hockey
[0.12783452 0.         0.         ... 0.         0.         0.        ],misc.forsale
[0.         0.         0.10595104 ... 0.         0.         0.        ],comp.sys.mac.hardware
[0. 0. 0. ... 0. 0. 0.],talk.politics.misc
[0.         0.         0.         ... 0.04407533 0.         0.        ],rec.sport.baseball
[0. 0. 0. ... 0. 0. 0.],sci.med
[0. 0. 0. ... 0. 0. 0.],sci.electronics
[0.         0.         0.         ... 0.09269263 0.         0.        ],sci.med
[0. 0. 0. ... 0. 0. 0.],talk.religion.misc
[0. 0. 0. ... 0. 0. 0.],sci.space
[0.         0.         0.         ... 0.01673809 0.         0.        ],sci.electronics
[0. 0. 0. ... 0. 0. 0.],comp.graphics
[0.         0.02762958 0.         ... 0.02897723 0.         0.        ],rec.sport.hockey
[0. 0. 0. ... 0. 0. 0.],alt.atheism
[0. 0. 0. ... 0. 0. 0.],talk.politics.guns
[0. 0. 0. ... 0. 0. 0.],comp.sys.ibm.pc.hardware
[0. 0. 0. ... 0. 0. 0.],rec.motorcycles
[0. 0. 0. ... 0. 0. 0.],rec.sport.hockey
[0.         0.09945907 0.         ... 0.         0.         0.        ],rec.motorcycles
[0.         0.         0.13706535 ... 0.         0.         0.        ],comp.sys.ibm.pc.hardware
[0. 0. 0. ... 0. 0. 0.],rec.autos
[0. 0. 0. ... 0. 0. 0.],sci.electronics
[0.         0.         0.         ... 0.0916765  0.04583284 0.        ],talk.politics.guns
[0. 0. 0. ... 0. 0. 0.],rec.sport.hockey
[0.         0.         0.         ... 0.03783178 0.         0.        ],sci.electronics
[0.         0.         0.         ... 0.03353911 0.         0.        ],sci.space
[0. 0. 0. ... 0. 0. 0.],talk.politics.misc
[0. 0. 0. ... 0. 0. 0.],sci.space
[0.         0.         0.         ... 0.07841178 0.         0.        ],comp.windows.x
[0. 0. 0. ... 0. 0. 0.],sci.space
[0. 0. 0. ... 0. 0. 0.],rec.sport.baseball
[0. 0. 0. ... 0. 0. 0.],soc.religion.christian
[0. 0. 0. ... 0. 0. 0.],rec.sport.baseball
[0. 0. 0. ... 0. 0. 0.],misc.forsale
[0.         0.         0.         ... 0.08597182 0.         0.        ],sci.electronics
[0. 0. 0. ... 0. 0. 0.],sci.crypt
[0. 0. 0. ... 0. 0. 0.],sci.med
[0. 0. 0. ... 0. 0. 0.],comp.windows.x
[0. 0. 0. ... 0. 0. 0.],sci.electronics
[0.         0.         0.         ... 0.04291589 0.         0.        ],sci.crypt
[0. 0. 0. ... 0. 0. 0.],comp.sys.ibm.pc.hardware
[0.         0.         0.         ... 0.         0.10072374 0.        ],talk.politics.misc
[0. 0. 0. ... 0. 0. 0.],talk.politics.mideast
[0. 0. 0. ... 0. 0. 0.],talk.politics.misc
[0.         0.         0.         ... 0.05232352 0.         0.        ],soc.religion.christian
[0. 0. 0. ... 0. 0. 0.],rec.sport.baseball
[0. 0. 0. ... 0. 0. 0.],misc.forsale
[0.         0.         0.         ... 0.04269737 0.         0.        ],soc.religion.christian
[0. 0. 0. ... 0. 0. 0.],rec.autos
[0. 0. 0. ... 0. 0. 0.],comp.sys.mac.hardware
[0. 0. 0. ... 0. 0. 0.],sci.electronics
[0. 0. 0. ... 0. 0. 0.],talk.religion.misc
[0.         0.         0.         ... 0.06488369 0.         0.        ],rec.sport.baseball
[0.        0.        0.        ... 0.0653085 0.        0.       ],rec.sport.hockey
[0.         0.         0.         ... 0.04369457 0.         0.        ],soc.religion.christian
[0. 0. 0. ... 0. 0. 0.],misc.forsale
[0.         0.         0.         ... 0.05299733 0.         0.        ],rec.motorcycles
[0.         0.         0.         ... 0.02723535 0.         0.        ],sci.med
[0. 0. 0. ... 0. 0. 0.],sci.electronics
[0.         0.         0.         ... 0.09639458 0.         0.        ],comp.os.ms-windows.misc
[0.         0.         0.         ... 0.06259733 0.         0.        ],talk.politics.mideast
[0.         0.         0.         ... 0.04599649 0.         0.        ],sci.crypt
[0. 0. 0. ... 0. 0. 0.],comp.windows.x
[0. 0. 0. ... 0. 0. 0.],rec.motorcycles
[0. 0. 0. ... 0. 0. 0.],sci.crypt
[0.         0.         0.         ... 0.04234866 0.         0.        ],comp.sys.ibm.pc.hardware
[0.         0.18238617 0.         ... 0.         0.09562981 0.        ],sci.space
[0.         0.         0.         ... 0.05339054 0.         0.        ],rec.sport.baseball
[0.         0.         0.         ... 0.01420025 0.         0.        ],rec.autos
[0.        0.        0.        ... 0.0407645 0.        0.       ],rec.autos
[0. 0. 0. ... 0. 0. 0.],talk.politics.guns
[0.         0.         0.         ... 0.01499885 0.         0.        ],comp.graphics
[0. 0. 0. ... 0. 0. 0.],comp.windows.x
[0. 0. 0. ... 0. 0. 0.],rec.motorcycles
[0. 0. 0. ... 0. 0. 0.],sci.crypt
[0.28285432 0.         0.         ... 0.05059913 0.         0.        ],comp.sys.mac.hardware
[0. 0. 0. ... 0. 0. 0.],talk.politics.misc
[0. 0. 0. ... 0. 0. 0.],soc.religion.christian
[0. 0. 0. ... 0. 0. 0.],comp.graphics
[0. 0. 0. ... 0. 0. 0.],comp.windows.x
[0. 0. 0. ... 0. 0. 0.],misc.forsale
[0.         0.         0.         ... 0.         0.05491852 0.        ],rec.autos
[0. 0. 0. ... 0. 0. 0.],comp.os.ms-windows.misc
[0.         0.         0.         ... 0.07260365 0.         0.        ],rec.sport.hockey
[0. 0. 0. ... 0. 0. 0.],soc.religion.christian
[0. 0. 0. ... 0. 0. 0.],sci.crypt
[0. 0. 0. ... 0. 0. 0.],comp.graphics
[0. 0. 0. ... 0. 0. 0.],comp.sys.mac.hardware
[0. 0. 0. ... 0. 0. 0.],sci.crypt
[0.         0.04347311 0.         ... 0.         0.         0.        ],rec.motorcycles
[0. 0. 0. ... 0. 0. 0.],comp.os.ms-windows.misc
[0.         0.         0.         ... 0.08045214 0.         0.        ],comp.windows.x
[0.10856895 0.11111035 0.         ... 0.08739738 0.         0.        ],sci.crypt
[0.         0.06103533 0.         ... 0.         0.         0.        ],rec.sport.hockey
[0.         0.         0.         ... 0.07171281 0.         0.        ],comp.os.ms-windows.misc
[0. 0. 0. ... 0. 0. 0.],comp.sys.mac.hardware
[0. 0. 0. ... 0. 0. 0.],soc.religion.christian
[0. 0. 0. ... 0. 0. 0.],sci.crypt
[0. 0. 0. ... 0. 0. 0.],sci.med
[0.         0.         0.         ... 0.04583404 0.         0.        ],misc.forsale
[0. 0. 0. ... 0. 0. 0.],rec.sport.hockey
[0. 0. 0. ... 0. 0. 0.],sci.space
[0. 0. 0. ... 0. 0. 0.],talk.religion.misc
[0. 0. 0. ... 0. 0. 0.],comp.sys.ibm.pc.hardware
[0.         0.         0.07281085 ... 0.03302923 0.         0.        ],comp.os.ms-windows.misc
[0.0371725 0.        0.        ... 0.        0.        0.       ],soc.religion.christian
[0. 0. 0. ... 0. 0. 0.],comp.windows.x
[0. 0. 0. ... 0. 0. 0.],sci.space
[0. 0. 0. ... 0. 0. 0.],sci.space
[0. 0. 0. ... 0. 0. 0.],comp.graphics
[0.19525106 0.         0.         ... 0.05239199 0.         0.        ],soc.religion.christian
[0. 0. 0. ... 0. 0. 0.],soc.religion.christian
[0. 0. 0. ... 0. 0. 0.],rec.motorcycles
[0. 0. 0. ... 0. 0. 0.],alt.atheism
[0.         0.12576314 0.         ... 0.         0.         0.        ],rec.autos
[0. 0. 0. ... 0. 0. 0.],talk.politics.misc
[0.         0.         0.         ... 0.23280796 0.07759349 0.        ],comp.graphics
[0. 0. 0. ... 0. 0. 0.],comp.os.ms-windows.misc
[0.02180902 0.         0.         ... 0.03511228 0.         0.        ],talk.politics.mideast
[0. 0. 0. ... 0. 0. 0.],comp.graphics
[0.         0.         0.         ... 0.06240805 0.         0.        ],soc.religion.christian
[0. 0. 0. ... 0. 0. 0.],rec.autos
[0.         0.         0.         ... 0.01907655 0.         0.        ],rec.motorcycles
[0. 0. 0. ... 0. 0. 0.],sci.space
[0. 0. 0. ... 0. 0. 0.],misc.forsale
[0. 0. 0. ... 0. 0. 0.],comp.sys.mac.hardware
[0. 0. 0. ... 0. 0. 0.],comp.windows.x
[0. 0. 0. ... 0. 0. 0.],talk.religion.misc
[0. 0. 0. ... 0. 0. 0.],rec.autos
[0.         0.         0.         ... 0.05788498 0.         0.        ],comp.sys.ibm.pc.hardware
[0.         0.         0.         ... 0.06357619 0.         0.        ],comp.os.ms-windows.misc
[0. 0. 0. ... 0. 0. 0.],alt.atheism
[0. 0. 0. ... 0. 0. 0.],comp.sys.ibm.pc.hardware
[0.         0.         0.         ... 0.06845139 0.         0.        ],rec.motorcycles
[0.03822991 0.         0.         ... 0.04103315 0.         0.        ],comp.windows.x
[0.        0.        0.        ... 0.0562745 0.        0.       ],rec.sport.hockey
[0. 0. 0. ... 0. 0. 0.],talk.politics.guns
[0. 0. 0. ... 0. 0. 0.],comp.sys.ibm.pc.hardware
[0.         0.         0.         ... 0.06391594 0.         0.        ],talk.religion.misc
[0. 0. 0. ... 0. 0. 0.],rec.autos
[0. 0. 0. ... 0. 0. 0.],sci.crypt
[0. 0. 0. ... 0. 0. 0.],sci.med
[0.         0.         0.         ... 0.02387663 0.         0.        ],sci.med
[0. 0. 0. ... 0. 0. 0.],talk.politics.guns
[0.         0.         0.         ... 0.23702905 0.         0.        ],comp.graphics
[0. 0. 0. ... 0. 0. 0.],comp.sys.mac.hardware
[0.         0.         0.         ... 0.03157984 0.         0.        ],talk.politics.guns
[0. 0. 0. ... 0. 0. 0.],comp.graphics
[0. 0. 0. ... 0. 0. 0.],sci.electronics
[0. 0. 0. ... 0. 0. 0.],alt.atheism
[0. 0. 0. ... 0. 0. 0.],talk.politics.guns
[0. 0. 0. ... 0. 0. 0.],rec.sport.baseball
[0. 0. 0. ... 0. 0. 0.],rec.sport.hockey
[0.11645802 0.80780328 0.01530827 ... 0.         0.         0.        ],rec.autos
[0. 0. 0. ... 0. 0. 0.],rec.motorcycles
[0. 0. 0. ... 0. 0. 0.],talk.religion.misc
[0. 0. 0. ... 0. 0. 0.],sci.electronics
[0.        0.        0.        ... 0.0326429 0.        0.       ],talk.politics.misc
[0. 0. 0. ... 0. 0. 0.],sci.electronics
[0. 0. 0. ... 0. 0. 0.],sci.electronics
[0.         0.         0.         ... 0.03348427 0.         0.        ],misc.forsale
[0. 0. 0. ... 0. 0. 0.],talk.politics.misc
[0. 0. 0. ... 0. 0. 0.],sci.med
[0.02212834 0.         0.0261787  ... 0.         0.         0.        ],rec.sport.baseball
[0. 0. 0. ... 0. 0. 0.],rec.motorcycles
[0. 0. 0. ... 0. 0. 0.],alt.atheism
[0.         0.         0.         ... 0.08069819 0.         0.        ],rec.motorcycles
[0.         0.         0.         ... 0.02865028 0.         0.        ],sci.crypt
[0.03370599 0.06898998 0.         ... 0.09044377 0.         0.        ],misc.forsale
[0.         0.         0.         ... 0.08714034 0.         0.        ],rec.sport.baseball
[0. 0. 0. ... 0. 0. 0.],rec.sport.hockey
[0. 0. 0. ... 0. 0. 0.],sci.med
[0. 0. 0. ... 0. 0. 0.],soc.religion.christian
[0. 0. 0. ... 0. 0. 0.],rec.motorcycles
[0.04654731 0.         0.         ... 0.07494063 0.09990904 0.        ],soc.religion.christian
[0. 0. 0. ... 0. 0. 0.],comp.graphics
[0.         0.         0.         ... 0.09030193 0.         0.        ],comp.sys.ibm.pc.hardware
[0. 0. 0. ... 0. 0. 0.],rec.autos
[0.         0.         0.         ... 0.06748159 0.         0.        ],alt.atheism
[0.         0.         0.         ... 0.06587941 0.01646791 0.        ],misc.forsale
[0.         0.         0.         ... 0.05045835 0.         0.        ],sci.electronics
[0.        0.        0.        ... 0.0321834 0.        0.       ],sci.electronics
[0. 0. 0. ... 0. 0. 0.],sci.space
[0. 0. 0. ... 0. 0. 0.],comp.os.ms-windows.misc
[0.         0.         0.         ... 0.04436605 0.         0.        ],sci.electronics
[0. 0. 0. ... 0. 0. 0.],talk.politics.guns
[0. 0. 0. ... 0. 0. 0.],comp.windows.x
[0.         0.04312736 0.         ... 0.02261546 0.         0.        ],talk.religion.misc
[0. 0. 0. ... 0. 0. 0.],rec.motorcycles
[0. 0. 0. ... 0. 0. 0.],comp.sys.ibm.pc.hardware
[0. 0. 0. ... 0. 0. 0.],rec.sport.hockey
[0. 0. 0. ... 0. 0. 0.],sci.space
[0. 0. 0. ... 0. 0. 0.],comp.sys.mac.hardware
[0. 0. 0. ... 0. 0. 0.],talk.politics.guns
[0. 0. 0. ... 0. 0. 0.],comp.os.ms-windows.misc
[0. 0. 0. ... 0. 0. 0.],rec.sport.hockey
[0.04410607 0.04513851 0.         ... 0.         0.         0.        ],rec.motorcycles
[0. 0. 0. ... 0. 0. 0.],sci.crypt
[0.         0.         0.         ... 0.03495941 0.         0.        ],sci.med
[0. 0. 0. ... 0. 0. 0.],rec.motorcycles
[0.         0.         0.         ... 0.10314909 0.         0.        ],talk.religion.misc
[0. 0. 0. ... 0. 0. 0.],comp.sys.ibm.pc.hardware
[0. 0. 0. ... 0. 0. 0.],rec.sport.baseball
[0.         0.         0.         ... 0.03441233 0.         0.        ],talk.religion.misc
[0.50860928 0.         0.         ... 0.         0.         0.        ],alt.atheism
[0. 0. 0. ... 0. 0. 0.],talk.politics.misc
[0.         0.         0.         ... 0.         0.07386385 0.        ],soc.religion.christian
[0.         0.         0.         ... 0.03176864 0.         0.        ],comp.os.ms-windows.misc
[0. 0. 0. ... 0. 0. 0.],rec.autos
[0.         0.         0.         ... 0.02137239 0.         0.        ],rec.sport.hockey
[0.         0.         0.         ... 0.06033105 0.         0.        ],comp.sys.mac.hardware
[0. 0. 0. ... 0. 0. 0.],sci.space
[0. 0. 0. ... 0. 0. 0.],talk.religion.misc
[0. 0. 0. ... 0. 0. 0.],sci.space
[0.09241975 0.         0.         ... 0.         0.         0.        ],rec.sport.baseball
[0. 0. 0. ... 0. 0. 0.],sci.med
[0. 0. 0. ... 0. 0. 0.],comp.windows.x
[0. 0. 0. ... 0. 0. 0.],alt.atheism
[0. 0. 0. ... 0. 0. 0.],sci.med
[0.         0.         0.         ... 0.1647795  0.06590402 0.        ],rec.motorcycles
[0. 0. 0. ... 0. 0. 0.],comp.os.ms-windows.misc
[0. 0. 0. ... 0. 0. 0.],misc.forsale
[0. 0. 0. ... 0. 0. 0.],sci.electronics
[0.         0.         0.         ... 0.04446136 0.         0.        ],alt.atheism
[0. 0. 0. ... 0. 0. 0.],sci.med
[0. 0. 0. ... 0. 0. 0.],talk.politics.misc
[0. 0. 0. ... 0. 0. 0.],alt.atheism
[0. 0. 0. ... 0. 0. 0.],sci.med
[0. 0. 0. ... 0. 0. 0.],sci.med
[0.         0.         0.         ... 0.14372683 0.         0.        ],comp.graphics
[0. 0. 0. ... 0. 0. 0.],talk.politics.misc
[0. 0. 0. ... 0. 0. 0.],comp.windows.x
[0.2239794 0.        0.        ... 0.        0.        0.       ],comp.sys.mac.hardware
[0.         0.         0.         ... 0.07452487 0.         0.        ],sci.electronics
[0. 0. 0. ... 0. 0. 0.],rec.autos
[0.        0.        0.        ... 0.0110214 0.0110201 0.       ],talk.religion.misc
[0. 0. 0. ... 0. 0. 0.],rec.sport.baseball
[0. 0. 0. ... 0. 0. 0.],comp.graphics
[0.         0.         0.         ... 0.00657824 0.         0.        ],rec.sport.baseball
[0.         0.         0.         ... 0.02761485 0.         0.        ],sci.electronics
[0. 0. 0. ... 0. 0. 0.],comp.graphics
[0.         0.         0.         ... 0.02388052 0.         0.        ],sci.space
[0. 0. 0. ... 0. 0. 0.],comp.graphics
[0. 0. 0. ... 0. 0. 0.],rec.sport.baseball
[0. 0. 0. ... 0. 0. 0.],talk.politics.mideast
[0. 0. 0. ... 0. 0. 0.],comp.graphics
[0. 0. 0. ... 0. 0. 0.],soc.religion.christian
[0.         0.         0.         ... 0.         0.07625778 0.        ],talk.politics.misc
[0. 0. 0. ... 0. 0. 0.],rec.motorcycles
[0. 0. 0. ... 0. 0. 0.],comp.windows.x
[0. 0. 0. ... 0. 0. 0.],talk.politics.guns
[0. 0. 0. ... 0. 0. 0.],sci.space
[0.08327264 0.         0.         ... 0.         0.         0.        ],misc.forsale
[0. 0. 0. ... 0. 0. 0.],comp.graphics
[0. 0. 0. ... 0. 0. 0.],alt.atheism
[0.         0.17485075 0.         ... 0.         0.         0.        ],talk.politics.mideast
[0.         0.         0.         ... 0.04084862 0.         0.        ],comp.sys.ibm.pc.hardware
[0. 0. 0. ... 0. 0. 0.],rec.autos
[0. 0. 0. ... 0. 0. 0.],comp.sys.mac.hardware
[0.         0.         0.         ... 0.03328064 0.         0.        ],rec.sport.hockey
[0. 0. 0. ... 0. 0. 0.],rec.sport.hockey
[0.        0.        0.        ... 0.1108081 0.        0.       ],comp.sys.ibm.pc.hardware
[0. 0. 0. ... 0. 0. 0.],rec.motorcycles
[0. 0. 0. ... 0. 0. 0.],comp.sys.mac.hardware
[0.         0.         0.         ... 0.03025744 0.         0.        ],comp.sys.ibm.pc.hardware
[0.00818271 0.         0.         ... 0.00878271 0.         0.        ],alt.atheism
[0. 0. 0. ... 0. 0. 0.],comp.sys.mac.hardware
[0.         0.         0.         ... 0.12094184 0.         0.        ],comp.windows.x
[0.         0.         0.         ... 0.05316169 0.         0.        ],comp.graphics
[0. 0. 0. ... 0. 0. 0.],comp.graphics
[0.         0.         0.         ... 0.06574393 0.         0.        ],talk.politics.guns
[0. 0. 0. ... 0. 0. 0.],talk.politics.guns
[0. 0. 0. ... 0. 0. 0.],rec.motorcycles
[0.         0.         0.10902186 ... 0.         0.         0.        ],sci.crypt
[0. 0. 0. ... 0. 0. 0.],comp.os.ms-windows.misc
[0.         0.         0.         ... 0.04482142 0.         0.        ],comp.sys.mac.hardware
[0. 0. 0. ... 0. 0. 0.],rec.sport.baseball
[0.         0.         0.         ... 0.0465542  0.09309741 0.        ],comp.os.ms-windows.misc
[0.14221446 0.         0.         ... 0.11448182 0.         0.        ],comp.graphics
[0. 0. 0. ... 0. 0. 0.],comp.os.ms-windows.misc
[0. 0. 0. ... 0. 0. 0.],comp.graphics
[0.         0.         0.         ... 0.01218737 0.         0.        ],rec.motorcycles
[0. 0. 0. ... 0. 0. 0.],talk.politics.guns
[0.         0.         0.         ... 0.06538903 0.         0.        ],rec.sport.baseball
[0. 0. 0. ... 0. 0. 0.],comp.sys.mac.hardware
[0. 0. 0. ... 0. 0. 0.],comp.sys.mac.hardware
[0. 0. 0. ... 0. 0. 0.],misc.forsale
[0. 0. 0. ... 0. 0. 0.],rec.sport.hockey
[0.         0.         0.         ... 0.05505962 0.         0.        ],rec.motorcycles
[0. 0. 0. ... 0. 0. 0.],rec.motorcycles
[0.         0.         0.         ... 0.06054812 0.         0.        ],talk.religion.misc
[0.         0.         0.         ... 0.04617557 0.         0.        ],talk.politics.misc
[0. 0. 0. ... 0. 0. 0.],sci.space
[0. 0. 0. ... 0. 0. 0.],sci.space
[0.         0.         0.         ... 0.03305894 0.         0.        ],comp.sys.ibm.pc.hardware
[0. 0. 0. ... 0. 0. 0.],comp.windows.x
[0. 0. 0. ... 0. 0. 0.],rec.sport.baseball
[0.18926749 0.         0.         ... 0.         0.         0.        ],sci.electronics
[0.         0.         0.         ... 0.06724063 0.         0.        ],comp.os.ms-windows.misc
[0. 0. 0. ... 0. 0. 0.],rec.sport.baseball
[0.         0.17495219 0.         ... 0.0458714  0.         0.        ],comp.windows.x
[0.         0.         0.         ... 0.02794072 0.         0.        ],sci.space
[0. 0. 0. ... 0. 0. 0.],sci.electronics
[0. 0. 0. ... 0. 0. 0.],sci.crypt
[0.         0.         0.         ... 0.02713302 0.         0.        ],comp.sys.ibm.pc.hardware
[0. 0. 0. ... 0. 0. 0.],comp.sys.mac.hardware
[0. 0. 0. ... 0. 0. 0.],sci.med
[0.         0.01514445 0.         ... 0.         0.         0.        ],talk.religion.misc
[0.         0.         0.         ... 0.04000138 0.         0.        ],sci.crypt
[0.         0.         0.         ... 0.01342552 0.         0.        ],talk.politics.misc
[0.         0.23590386 0.         ... 0.06185256 0.         0.        ],soc.religion.christian
[0.         0.         0.         ... 0.03763732 0.         0.        ],comp.sys.mac.hardware
[0.         0.         0.         ... 0.03337381 0.         0.        ],sci.crypt
[0.         0.         0.         ... 0.06976233 0.04650273 0.        ],sci.space
[0. 0. 0. ... 0. 0. 0.],talk.politics.mideast
[0. 0. 0. ... 0. 0. 0.],soc.religion.christian
[0. 0. 0. ... 0. 0. 0.],comp.os.ms-windows.misc
[0. 0. 0. ... 0. 0. 0.],talk.religion.misc
[0.         0.         0.         ... 0.07302192 0.         0.        ],misc.forsale
[0. 0. 0. ... 0. 0. 0.],rec.sport.baseball
[0.         0.         0.         ... 0.05207737 0.         0.        ],sci.med
[0.0774871 0.        0.        ... 0.        0.        0.       ],talk.politics.guns
[0. 0. 0. ... 0. 0. 0.],sci.electronics
[0. 0. 0. ... 0. 0. 0.],comp.sys.mac.hardware
[0.         0.         0.         ... 0.04650134 0.         0.        ],talk.politics.misc
[0. 0. 0. ... 0. 0. 0.],rec.sport.baseball
[0. 0. 0. ... 0. 0. 0.],talk.politics.guns
[0.28176632 0.         0.         ... 0.         0.         0.        ],comp.os.ms-windows.misc
[0. 0. 0. ... 0. 0. 0.],comp.sys.mac.hardware
[0.         0.         0.         ... 0.14121777 0.         0.        ],alt.atheism
[0.         0.13362043 0.         ... 0.14013787 0.         0.        ],rec.autos
[0.         0.         0.         ... 0.02473576 0.         0.        ],talk.politics.misc
[0.         0.         0.         ... 0.07391339 0.         0.        ],talk.politics.guns
[0.         0.         0.         ... 0.05736342 0.         0.        ],talk.politics.guns
[0. 0. 0. ... 0. 0. 0.],rec.autos
[0.         0.         0.         ... 0.01499376 0.         0.        ],rec.sport.hockey
[0. 0. 0. ... 0. 0. 0.],comp.os.ms-windows.misc
[0.         0.         0.         ... 0.01865255 0.         0.        ],talk.politics.mideast
[0. 0. 0. ... 0. 0. 0.],talk.religion.misc
[0. 0. 0. ... 0. 0. 0.],rec.sport.hockey
[0. 0. 0. ... 0. 0. 0.],misc.forsale
[0.         0.         0.         ... 0.01497105 0.         0.        ],sci.space
[0. 0. 0. ... 0. 0. 0.],misc.forsale
[0. 0. 0. ... 0. 0. 0.],talk.politics.misc
[0. 0. 0. ... 0. 0. 0.],misc.forsale
[0. 0. 0. ... 0. 0. 0.],sci.crypt
[0. 0. 0. ... 0. 0. 0.],sci.space
[0. 0. 0. ... 0. 0. 0.],talk.religion.misc
[0. 0. 0. ... 0. 0. 0.],rec.sport.hockey
[0.         0.         0.         ... 0.11965506 0.         0.        ],alt.atheism
[0. 0. 0. ... 0. 0. 0.],comp.os.ms-windows.misc
[0. 0. 0. ... 0. 0. 0.],comp.os.ms-windows.misc
[0.         0.         0.         ... 0.03426781 0.         0.        ],rec.autos
[0. 0. 0. ... 0. 0. 0.],sci.med
[0.         0.01219226 0.         ... 0.01918042 0.         0.        ],comp.graphics
[0. 0. 0. ... 0. 0. 0.],comp.graphics
[0.         0.         0.         ... 0.11364135 0.05681396 0.        ],talk.religion.misc
[0.00914849 0.         0.         ... 0.02454828 0.         0.        ],talk.politics.mideast
[0. 0. 0. ... 0. 0. 0.],soc.religion.christian
[0. 0. 0. ... 0. 0. 0.],talk.religion.misc
[0. 0. 0. ... 0. 0. 0.],comp.os.ms-windows.misc
[0. 0. 0. ... 0. 0. 0.],comp.os.ms-windows.misc
[0. 0. 0. ... 0. 0. 0.],rec.motorcycles
[0. 0. 0. ... 0. 0. 0.],talk.politics.misc
[0. 0. 0. ... 0. 0. 0.],sci.electronics
[0. 0. 0. ... 0. 0. 0.],comp.os.ms-windows.misc
[0. 0. 0. ... 0. 0. 0.],alt.atheism
[0.         0.         0.         ... 0.03001871 0.         0.        ],comp.os.ms-windows.misc
[0.         0.         0.         ... 0.05404434 0.         0.        ],comp.sys.mac.hardware
[0.         0.         0.         ... 0.10786759 0.         0.        ],comp.sys.ibm.pc.hardware
[0. 0. 0. ... 0. 0. 0.],comp.sys.ibm.pc.hardware
[0. 0. 0. ... 0. 0. 0.],sci.crypt
[0. 0. 0. ... 0. 0. 0.],comp.os.ms-windows.misc
[0. 0. 0. ... 0. 0. 0.],sci.crypt
[0. 0. 0. ... 0. 0. 0.],rec.motorcycles
[0.         0.         0.         ... 0.0337244  0.06744083 0.        ],talk.politics.misc
[0. 0. 0. ... 0. 0. 0.],comp.sys.mac.hardware
[0.         0.         0.         ... 0.07361874 0.         0.        ],rec.autos
[0. 0. 0. ... 0. 0. 0.],comp.sys.mac.hardware
[0.         0.         0.         ... 0.08128941 0.         0.        ],comp.sys.ibm.pc.hardware
[0. 0. 0. ... 0. 0. 0.],sci.electronics
[0. 0. 0. ... 0. 0. 0.],alt.atheism
[0. 0. 0. ... 0. 0. 0.],rec.sport.hockey
[0.         0.         0.09913719 ... 0.         0.         0.        ],rec.sport.hockey
[0. 0. 0. ... 0. 0. 0.],comp.graphics
[0.         0.         0.         ... 0.08353541 0.         0.        ],rec.sport.hockey
[0. 0. 0. ... 0. 0. 0.],talk.politics.guns
[0. 0. 0. ... 0. 0. 0.],sci.space
[0.         0.         0.         ... 0.05972966 0.         0.        ],comp.graphics
[0. 0. 0. ... 0. 0. 0.],talk.politics.misc
[0.09402974 0.         0.         ... 0.         0.         0.        ],talk.politics.misc
[0.         0.21975467 0.         ... 0.02880917 0.         0.        ],rec.motorcycles
[0. 0. 0. ... 0. 0. 0.],rec.motorcycles
[0. 0. 0. ... 0. 0. 0.],alt.atheism
[0. 0. 0. ... 0. 0. 0.],rec.autos
[0.        0.        0.        ... 0.0490862 0.        0.       ],comp.windows.x
[0. 0. 0. ... 0. 0. 0.],misc.forsale
[0.         0.         0.         ... 0.05029998 0.         0.        ],talk.politics.mideast
[0.         0.         0.11551384 ... 0.         0.         0.        ],comp.sys.ibm.pc.hardware
[0. 0. 0. ... 0. 0. 0.],comp.windows.x
[0.         0.         0.         ... 0.10181192 0.         0.        ],soc.religion.christian
[0. 0. 0. ... 0. 0. 0.],sci.electronics
[0.09015405 0.         0.         ... 0.         0.         0.        ],comp.graphics
[0.         0.         0.         ... 0.05876598 0.         0.        ],rec.sport.hockey
[0. 0. 0. ... 0. 0. 0.],talk.religion.misc
[0.         0.         0.         ... 0.11224289 0.05611482 0.        ],rec.motorcycles
[0. 0. 0. ... 0. 0. 0.],misc.forsale
[0. 0. 0. ... 0. 0. 0.],rec.autos
[0. 0. 0. ... 0. 0. 0.],soc.religion.christian
[0.         0.03579133 0.         ... 0.11261125 0.         0.        ],rec.sport.baseball
[0.         0.         0.         ... 0.08289846 0.         0.        ],comp.windows.x
[0. 0. 0. ... 0. 0. 0.],comp.os.ms-windows.misc
[0.         0.         0.         ... 0.05513492 0.         0.        ],talk.politics.misc
[0. 0. 0. ... 0. 0. 0.],sci.electronics
[0.         0.         0.         ... 0.05754972 0.         0.        ],comp.graphics
[0. 0. 0. ... 0. 0. 0.],sci.space
[0.         0.         0.         ... 0.04893505 0.         0.        ],sci.crypt
[0. 0. 0. ... 0. 0. 0.],sci.space
[0. 0. 0. ... 0. 0. 0.],talk.politics.guns
[0. 0. 0. ... 0. 0. 0.],sci.electronics
[0.       0.       0.       ... 0.105263 0.       0.      ],rec.motorcycles
[0.11669001 0.         0.         ... 0.         0.         0.        ],soc.religion.christian
[0.         0.         0.         ... 0.07998788 0.         0.        ],rec.sport.baseball
[0. 0. 0. ... 0. 0. 0.],talk.religion.misc
[0. 0. 0. ... 0. 0. 0.],comp.sys.mac.hardware
[0. 0. 0. ... 0. 0. 0.],alt.atheism
[0. 0. 0. ... 0. 0. 0.],comp.sys.mac.hardware
[0. 0. 0. ... 0. 0. 0.],comp.sys.ibm.pc.hardware
[0.        0.        0.        ... 0.0130074 0.        0.       ],comp.os.ms-windows.misc
[0.03455642 0.         0.         ... 0.05563544 0.         0.        ],comp.sys.mac.hardware
[0.         0.         0.         ... 0.03510496 0.         0.        ],comp.sys.ibm.pc.hardware
[0. 0. 0. ... 0. 0. 0.],comp.sys.ibm.pc.hardware
[0. 0. 0. ... 0. 0. 0.],comp.sys.mac.hardware
[0. 0. 0. ... 0. 0. 0.],rec.sport.hockey
[0.         0.         0.         ... 0.07032731 0.         0.        ],talk.politics.guns
[0. 0. 0. ... 0. 0. 0.],talk.politics.mideast
[0. 0. 0. ... 0. 0. 0.],sci.crypt
[0. 0. 0. ... 0. 0. 0.],talk.politics.guns
[0. 0. 0. ... 0. 0. 0.],rec.autos
[0. 0. 0. ... 0. 0. 0.],rec.motorcycles
[0. 0. 0. ... 0. 0. 0.],sci.electronics
[0. 0. 0. ... 0. 0. 0.],comp.graphics
[0. 0. 0. ... 0. 0. 0.],comp.windows.x
[0.         0.         0.         ... 0.10576137 0.         0.        ],comp.sys.mac.hardware
[0. 0. 0. ... 0. 0. 0.],rec.sport.hockey
[0. 0. 0. ... 0. 0. 0.],sci.space
[0.         0.         0.         ... 0.03282522 0.         0.        ],comp.windows.x
[0.         0.         0.         ... 0.04755561 0.         0.        ],rec.sport.hockey
[0. 0. 0. ... 0. 0. 0.],rec.motorcycles
[0. 0. 0. ... 0. 0. 0.],sci.space
[0. 0. 0. ... 0. 0. 0.],talk.religion.misc
[0. 0. 0. ... 0. 0. 0.],soc.religion.christian
[0. 0. 0. ... 0. 0. 0.],soc.religion.christian
[0.         0.         0.         ... 0.07261942 0.         0.        ],rec.sport.hockey
[0. 0. 0. ... 0. 0. 0.],rec.sport.hockey
[0. 0. 0. ... 0. 0. 0.],comp.sys.mac.hardware
[0. 0. 0. ... 0. 0. 0.],comp.sys.mac.hardware
[0. 0. 0. ... 0. 0. 0.],sci.space
[0.         0.         0.         ... 0.02383591 0.         0.        ],comp.os.ms-windows.misc
[0. 0. 0. ... 0. 0. 0.],comp.graphics
[0. 0. 0. ... 0. 0. 0.],misc.forsale
[0. 0. 0. ... 0. 0. 0.],alt.atheism
[0. 0. 0. ... 0. 0. 0.],rec.sport.baseball
[0. 0. 0. ... 0. 0. 0.],comp.sys.ibm.pc.hardware
[0.         0.         0.         ... 0.19184274 0.03836402 0.        ],comp.sys.ibm.pc.hardware
[0. 0. 0. ... 0. 0. 0.],misc.forsale
[0. 0. 0. ... 0. 0. 0.],comp.sys.ibm.pc.hardware
[0. 0. 0. ... 0. 0. 0.],comp.sys.mac.hardware
[0. 0. 0. ... 0. 0. 0.],comp.sys.mac.hardware
[0. 0. 0. ... 0. 0. 0.],rec.motorcycles
[0.        0.        0.        ... 0.0158224 0.        0.       ],rec.sport.baseball
[0. 0. 0. ... 0. 0. 0.],comp.sys.ibm.pc.hardware
[0. 0. 0. ... 0. 0. 0.],talk.politics.mideast
[0.         0.         0.         ... 0.05316791 0.         0.        ],comp.sys.mac.hardware
[0.         0.         0.         ... 0.44078948 0.         0.        ],sci.med
[0. 0. 0. ... 0. 0. 0.],comp.sys.ibm.pc.hardware
[0. 0. 0. ... 0. 0. 0.],comp.windows.x
[0. 0. 0. ... 0. 0. 0.],sci.electronics
[0.        0.        0.        ... 0.0510626 0.        0.       ],comp.sys.mac.hardware
[0. 0. 0. ... 0. 0. 0.],rec.sport.baseball
[0.         0.15606293 0.         ... 0.         0.         0.        ],soc.religion.christian
[0. 0. 0. ... 0. 0. 0.],comp.sys.ibm.pc.hardware
[0. 0. 0. ... 0. 0. 0.],talk.politics.guns
[0.         0.         0.         ... 0.07263781 0.         0.        ],talk.politics.misc
[0. 0. 0. ... 0. 0. 0.],comp.sys.ibm.pc.hardware
[0. 0. 0. ... 0. 0. 0.],comp.sys.mac.hardware
[0. 0. 0. ... 0. 0. 0.],rec.motorcycles
[0. 0. 0. ... 0. 0. 0.],talk.politics.guns
[0. 0. 0. ... 0. 0. 0.],talk.politics.misc
[0. 0. 0. ... 0. 0. 0.],soc.religion.christian
[0. 0. 0. ... 0. 0. 0.],comp.sys.mac.hardware
[0. 0. 0. ... 0. 0. 0.],talk.religion.misc
[0. 0. 0. ... 0. 0. 0.],comp.graphics
[0. 0. 0. ... 0. 0. 0.],rec.sport.hockey
[0. 0. 0. ... 0. 0. 0.],talk.politics.guns
[0. 0. 0. ... 0. 0. 0.],comp.sys.mac.hardware
[0.02954341 0.         0.         ... 0.         0.         0.        ],misc.forsale
[0.         0.         0.         ... 0.03632452 0.         0.        ],talk.politics.guns
[0.         0.         0.         ... 0.05108144 0.         0.        ],rec.sport.baseball
[0. 0. 0. ... 0. 0. 0.],comp.graphics
[0. 0. 0. ... 0. 0. 0.],comp.os.ms-windows.misc
[0.         0.         0.         ... 0.10177846 0.         0.        ],comp.os.ms-windows.misc
[0.         0.         0.         ... 0.10739203 0.07158623 0.        ],comp.graphics
[0.         0.         0.         ... 0.13820401 0.         0.        ],comp.sys.mac.hardware
[0. 0. 0. ... 0. 0. 0.],comp.sys.mac.hardware
[0. 0. 0. ... 0. 0. 0.],talk.politics.misc
[0. 0. 0. ... 0. 0. 0.],rec.sport.baseball
[0. 0. 0. ... 0. 0. 0.],rec.motorcycles
[0. 0. 0. ... 0. 0. 0.],comp.graphics
[0. 0. 0. ... 0. 0. 0.],talk.politics.mideast
[0. 0. 0. ... 0. 0. 0.],alt.atheism
[0. 0. 0. ... 0. 0. 0.],comp.sys.mac.hardware
[0. 0. 0. ... 0. 0. 0.],misc.forsale
[0.         0.03188787 0.         ... 0.         0.         0.        ],rec.motorcycles
[0. 0. 0. ... 0. 0. 0.],rec.sport.hockey
[0. 0. 0. ... 0. 0. 0.],sci.space
[0. 0. 0. ... 0. 0. 0.],sci.space
[0. 0. 0. ... 0. 0. 0.],rec.sport.hockey
[0. 0. 0. ... 0. 0. 0.],misc.forsale
[0. 0. 0. ... 0. 0. 0.],comp.windows.x
[0.06087231 0.         0.         ... 0.         0.         0.        ],misc.forsale
[0.        0.        0.        ... 0.0280262 0.        0.       ],rec.sport.baseball
[0. 0. 0. ... 0. 0. 0.],talk.politics.mideast
[0. 0. 0. ... 0. 0. 0.],talk.politics.mideast
[0. 0. 0. ... 0. 0. 0.],comp.graphics
[0.         0.         0.         ... 0.03073524 0.         0.        ],rec.autos
[0. 0. 0. ... 0. 0. 0.],sci.med
[0.         0.08055679 0.         ... 0.         0.         0.        ],rec.autos
[0. 0. 0. ... 0. 0. 0.],talk.politics.misc
[0.         0.         0.         ... 0.04702219 0.         0.        ],sci.electronics
[0. 0. 0. ... 0. 0. 0.],sci.electronics
[0. 0. 0. ... 0. 0. 0.],alt.atheism
[0. 0. 0. ... 0. 0. 0.],misc.forsale
[0.         0.         0.         ... 0.08900012 0.         0.        ],sci.crypt
[0. 0. 0. ... 0. 0. 0.],comp.windows.x
[0. 0. 0. ... 0. 0. 0.],sci.electronics
[0. 0. 0. ... 0. 0. 0.],comp.sys.ibm.pc.hardware
[0. 0. 0. ... 0. 0. 0.],sci.med
[0.         0.         0.         ... 0.06998776 0.         0.        ],rec.motorcycles
[0. 0. 0. ... 0. 0. 0.],talk.politics.mideast
[0.         0.         0.         ... 0.07618762 0.         0.        ],rec.sport.baseball
[0. 0. 0. ... 0. 0. 0.],rec.autos
[0. 0. 0. ... 0. 0. 0.],comp.windows.x
[0. 0. 0. ... 0. 0. 0.],rec.sport.baseball
[0.         0.         0.         ... 0.04767186 0.         0.        ],comp.sys.ibm.pc.hardware
[0. 0. 0. ... 0. 0. 0.],comp.sys.ibm.pc.hardware
[0. 0. 0. ... 0. 0. 0.],comp.graphics
[0.        0.        0.        ... 0.0353706 0.        0.       ],comp.windows.x
[0. 0. 0. ... 0. 0. 0.],comp.os.ms-windows.misc
[0. 0. 0. ... 0. 0. 0.],sci.electronics
[0.         0.         0.         ... 0.03228746 0.         0.        ],comp.windows.x
[0. 0. 0. ... 0. 0. 0.],sci.med
[0. 0. 0. ... 0. 0. 0.],comp.windows.x
[0. 0. 0. ... 0. 0. 0.],comp.sys.ibm.pc.hardware
[0. 0. 0. ... 0. 0. 0.],rec.motorcycles
[0. 0. 0. ... 0. 0. 0.],comp.os.ms-windows.misc
[0.         0.         0.03059974 ... 0.01388098 0.         0.        ],misc.forsale
[0. 0. 0. ... 0. 0. 0.],sci.med
[0. 0. 0. ... 0. 0. 0.],talk.politics.guns
[0. 0. 0. ... 0. 0. 0.],comp.sys.mac.hardware
[0.01228882 0.         0.00484605 ... 0.06594955 0.00439612 0.        ],comp.os.ms-windows.misc
[0. 0. 0. ... 0. 0. 0.],rec.sport.baseball
[0. 0. 0. ... 0. 0. 0.],talk.religion.misc
[0.         0.         0.         ... 0.02184221 0.         0.        ],talk.politics.misc
[0. 0. 0. ... 0. 0. 0.],comp.sys.ibm.pc.hardware
[0.07251905 0.         0.         ... 0.         0.         0.        ],rec.sport.hockey
[0. 0. 0. ... 0. 0. 0.],soc.religion.christian
[0. 0. 0. ... 0. 0. 0.],comp.windows.x
[0. 0. 0. ... 0. 0. 0.],rec.motorcycles
[0.         0.         0.         ... 0.13011483 0.         0.        ],sci.space
[0. 0. 0. ... 0. 0. 0.],sci.med
[0. 0. 0. ... 0. 0. 0.],sci.med
[0.         0.         0.         ... 0.03767341 0.         0.        ],comp.graphics
[0. 0. 0. ... 0. 0. 0.],rec.sport.hockey
[0. 0. 0. ... 0. 0. 0.],comp.sys.mac.hardware
[0.         0.         0.         ... 0.0814676  0.08145798 0.        ],alt.atheism
[0.         0.         0.         ... 0.08128992 0.         0.        ],sci.space
[0.         0.         0.         ... 0.04477214 0.         0.        ],alt.atheism
[0. 0. 0. ... 0. 0. 0.],comp.graphics
[0. 0. 0. ... 0. 0. 0.],rec.motorcycles
[0. 0. 0. ... 0. 0. 0.],comp.sys.ibm.pc.hardware
[0. 0. 0. ... 0. 0. 0.],comp.graphics
[0.         0.         0.         ... 0.00996659 0.         0.02562574],sci.med
[0. 0. 0. ... 0. 0. 0.],comp.graphics
[0. 0. 0. ... 0. 0. 0.],rec.motorcycles
[0. 0. 0. ... 0. 0. 0.],rec.autos
[0.         0.         0.         ... 0.09427224 0.         0.        ],sci.crypt
[0.06060792 0.12405327 0.         ... 0.03252602 0.         0.        ],talk.politics.mideast
[0. 0. 0. ... 0. 0. 0.],talk.politics.misc
[0. 0. 0. ... 0. 0. 0.],sci.electronics
[0.         0.10861235 0.         ... 0.056955   0.         0.        ],sci.med
[0. 0. 0. ... 0. 0. 0.],misc.forsale
[0.         0.         0.         ... 0.06008242 0.         0.        ],comp.sys.mac.hardware
[0. 0. 0. ... 0. 0. 0.],sci.electronics
[0. 0. 0. ... 0. 0. 0.],rec.sport.hockey
[0. 0. 0. ... 0. 0. 0.],rec.autos
[0. 0. 0. ... 0. 0. 0.],rec.motorcycles
[0.         0.         0.         ... 0.04366759 0.         0.        ],sci.space
[0.04471085 0.         0.         ... 0.0479893  0.         0.        ],talk.politics.mideast
[0.         0.         0.         ... 0.05317674 0.         0.        ],rec.autos
[0. 0. 0. ... 0. 0. 0.],rec.sport.hockey
[0. 0. 0. ... 0. 0. 0.],talk.religion.misc
[0. 0. 0. ... 0. 0. 0.],misc.forsale
[0.        0.        0.        ... 0.0263525 0.        0.       ],rec.sport.baseball
[0. 0. 0. ... 0. 0. 0.],soc.religion.christian
[0.         0.         0.         ... 0.06048219 0.         0.        ],sci.electronics
[0.         0.         0.         ... 0.02842427 0.         0.        ],alt.atheism
[0.         0.         0.         ... 0.03260445 0.03260061 0.        ],comp.os.ms-windows.misc
[0. 0. 0. ... 0. 0. 0.],comp.os.ms-windows.misc
[0. 0. 0. ... 0. 0. 0.],talk.politics.misc
[0. 0. 0. ... 0. 0. 0.],comp.graphics
[0.         0.         0.         ... 0.07236537 0.         0.        ],sci.crypt
[0. 0. 0. ... 0. 0. 0.],alt.atheism
[0. 0. 0. ... 0. 0. 0.],talk.politics.guns
[0. 0. 0. ... 0. 0. 0.],sci.med
[0.         0.05453562 0.         ... 0.08579346 0.         0.        ],sci.crypt
[0.         0.         0.         ... 0.08297643 0.         0.        ],rec.motorcycles
[0. 0. 0. ... 0. 0. 0.],alt.atheism
[0.06826208 0.         0.         ... 0.         0.         0.        ],talk.religion.misc
[0. 0. 0. ... 0. 0. 0.],rec.autos
[0. 0. 0. ... 0. 0. 0.],talk.politics.guns
[0.         0.11125144 0.         ... 0.         0.         0.        ],comp.os.ms-windows.misc
[0. 0. 0. ... 0. 0. 0.],soc.religion.christian
[0.         0.         0.         ... 0.13795836 0.         0.        ],soc.religion.christian
[0.         0.         0.         ... 0.08654668 0.         0.        ],sci.crypt
[0. 0. 0. ... 0. 0. 0.],rec.sport.baseball
[0. 0. 0. ... 0. 0. 0.],rec.autos
[0. 0. 0. ... 0. 0. 0.],comp.sys.ibm.pc.hardware
[0. 0. 0. ... 0. 0. 0.],comp.os.ms-windows.misc
[0. 0. 0. ... 0. 0. 0.],sci.electronics
[0. 0. 0. ... 0. 0. 0.],alt.atheism
[0. 0. 0. ... 0. 0. 0.],talk.religion.misc
[0. 0. 0. ... 0. 0. 0.],comp.graphics
[0.         0.00733423 0.         ... 0.08076559 0.         0.        ],alt.atheism
[0. 0. 0. ... 0. 0. 0.],rec.motorcycles
[0. 0. 0. ... 0. 0. 0.],sci.crypt
[0. 0. 0. ... 0. 0. 0.],talk.politics.guns
[0. 0. 0. ... 0. 0. 0.],comp.sys.mac.hardware
[0. 0. 0. ... 0. 0. 0.],sci.electronics
[0. 0. 0. ... 0. 0. 0.],comp.os.ms-windows.misc
[0.        0.        0.        ... 0.        0.1265646 0.       ],rec.motorcycles
[0. 0. 0. ... 0. 0. 0.],rec.autos
[0. 0. 0. ... 0. 0. 0.],comp.sys.mac.hardware
[0. 0. 0. ... 0. 0. 0.],comp.graphics
[0. 0. 0. ... 0. 0. 0.],sci.electronics
[0. 0. 0. ... 0. 0. 0.],rec.sport.baseball
[0. 0. 0. ... 0. 0. 0.],talk.politics.mideast
[0.         0.         0.         ... 0.05869472 0.         0.        ],comp.windows.x
[0.         0.         0.         ... 0.08000672 0.         0.        ],soc.religion.christian
[0. 0. 0. ... 0. 0. 0.],sci.electronics
[0. 0. 0. ... 0. 0. 0.],talk.politics.mideast
[0. 0. 0. ... 0. 0. 0.],comp.windows.x
[0. 0. 0. ... 0. 0. 0.],sci.crypt
[0. 0. 0. ... 0. 0. 0.],comp.sys.ibm.pc.hardware
[0. 0. 0. ... 0. 0. 0.],soc.religion.christian
[0. 0. 0. ... 0. 0. 0.],misc.forsale
[0. 0. 0. ... 0. 0. 0.],sci.electronics
[0. 0. 0. ... 0. 0. 0.],sci.space
[0. 0. 0. ... 0. 0. 0.],comp.sys.mac.hardware
[0. 0. 0. ... 0. 0. 0.],soc.religion.christian
[0. 0. 0. ... 0. 0. 0.],talk.politics.mideast
[0.19071917 0.         0.         ... 0.         0.         0.        ],sci.crypt
[0.10726507 0.         0.         ... 0.         0.         0.        ],comp.graphics
[0.         0.         0.         ... 0.07613209 0.         0.        ],misc.forsale
[0. 0. 0. ... 0. 0. 0.],rec.autos
[0.02760317 0.         0.         ... 0.         0.         0.        ],sci.electronics
[0. 0. 0. ... 0. 0. 0.],soc.religion.christian
[0. 0. 0. ... 0. 0. 0.],sci.electronics
[0.         0.         0.         ... 0.06360629 0.04239918 0.        ],rec.sport.baseball
[0. 0. 0. ... 0. 0. 0.],misc.forsale
[0.02704801 0.         0.03199885 ... 0.         0.         0.        ],rec.sport.baseball
[0. 0. 0. ... 0. 0. 0.],comp.graphics
[0. 0. 0. ... 0. 0. 0.],rec.motorcycles
[0. 0. 0. ... 0. 0. 0.],rec.sport.baseball
[0. 0. 0. ... 0. 0. 0.],comp.graphics
[0.19346583 0.         0.         ... 0.         0.         0.        ],talk.politics.guns
[0.         0.         0.         ... 0.3592052  0.11972093 0.        ],sci.med
[0.         0.         0.         ... 0.05014631 0.10028078 0.        ],sci.electronics
[0. 0. 0. ... 0. 0. 0.],rec.autos
[0. 0. 0. ... 0. 0. 0.],rec.autos
[0. 0. 0. ... 0. 0. 0.],rec.autos
[0. 0. 0. ... 0. 0. 0.],rec.motorcycles
[0.         0.         0.         ... 0.19847519 0.         0.        ],rec.autos
[0. 0. 0. ... 0. 0. 0.],sci.crypt
[0. 0. 0. ... 0. 0. 0.],comp.os.ms-windows.misc
[0. 0. 0. ... 0. 0. 0.],rec.motorcycles
[0. 0. 0. ... 0. 0. 0.],sci.electronics
[0. 0. 0. ... 0. 0. 0.],sci.med
[0. 0. 0. ... 0. 0. 0.],sci.med
[0. 0. 0. ... 0. 0. 0.],talk.politics.misc
[0. 0. 0. ... 0. 0. 0.],rec.sport.baseball
[0.         0.         0.         ... 0.03986821 0.         0.        ],sci.crypt
[0.         0.         0.         ... 0.05129249 0.         0.        ],rec.sport.baseball
[0. 0. 0. ... 0. 0. 0.],soc.religion.christian
[0. 0. 0. ... 0. 0. 0.],talk.politics.mideast
[0.07702654 0.         0.         ... 0.         0.         0.        ],rec.sport.baseball
[0. 0. 0. ... 0. 0. 0.],alt.atheism
[0. 0. 0. ... 0. 0. 0.],sci.crypt
[0. 0. 0. ... 0. 0. 0.],rec.autos
[0. 0. 0. ... 0. 0. 0.],comp.windows.x
[0.         0.         0.         ... 0.02165923 0.         0.        ],sci.crypt
[0. 0. 0. ... 0. 0. 0.],comp.sys.mac.hardware
[0.         0.         0.         ... 0.04325458 0.         0.        ],comp.sys.mac.hardware
[0. 0. 0. ... 0. 0. 0.],comp.graphics
[0. 0. 0. ... 0. 0. 0.],comp.sys.mac.hardware
[0. 0. 0. ... 0. 0. 0.],rec.sport.hockey
[0. 0. 0. ... 0. 0. 0.],rec.sport.hockey
[0. 0. 0. ... 0. 0. 0.],comp.graphics
[0.         0.         0.         ... 0.03542976 0.         0.        ],rec.motorcycles
[0. 0. 0. ... 0. 0. 0.],comp.sys.ibm.pc.hardware
[0.         0.         0.         ... 0.03891804 0.0778269  0.        ],talk.politics.guns
[0. 0. 0. ... 0. 0. 0.],talk.politics.mideast
[0. 0. 0. ... 0. 0. 0.],comp.windows.x
[0.         0.         0.         ... 0.06790287 0.         0.        ],rec.sport.baseball
[0. 0. 0. ... 0. 0. 0.],talk.religion.misc
[0.         0.         0.         ... 0.03971493 0.         0.        ],rec.sport.baseball
[0. 0. 0. ... 0. 0. 0.],talk.politics.guns
[0.         0.         0.         ... 0.03017128 0.         0.1551507 ],rec.autos
[0.         0.         0.         ... 0.07816257 0.         0.        ],soc.religion.christian
[0.         0.         0.         ... 0.05349147 0.         0.        ],alt.atheism
[0.         0.13585683 0.         ... 0.03562084 0.         0.        ],comp.graphics
[0.         0.         0.         ... 0.08228387 0.         0.        ],alt.atheism
[0.         0.04823695 0.         ... 0.         0.         0.        ],comp.windows.x
[0. 0. 0. ... 0. 0. 0.],misc.forsale
[0. 0. 0. ... 0. 0. 0.],sci.med
[0. 0. 0. ... 0. 0. 0.],comp.sys.mac.hardware
[0. 0. 0. ... 0. 0. 0.],rec.autos
[0. 0. 0. ... 0. 0. 0.],rec.sport.baseball
[0. 0. 0. ... 0. 0. 0.],talk.politics.guns
[0. 0. 0. ... 0. 0. 0.],sci.med
[0. 0. 0. ... 0. 0. 0.],comp.windows.x
[0. 0. 0. ... 0. 0. 0.],sci.crypt
[0. 0. 0. ... 0. 0. 0.],misc.forsale
[0. 0. 0. ... 0. 0. 0.],comp.os.ms-windows.misc
[0. 0. 0. ... 0. 0. 0.],rec.autos
[0. 0. 0. ... 0. 0. 0.],misc.forsale
[0.         0.14347411 0.         ... 0.         0.         0.        ],comp.sys.mac.hardware
[0. 0. 0. ... 0. 0. 0.],soc.religion.christian
[0. 0. 0. ... 0. 0. 0.],rec.autos
[0.         0.10111208 0.         ... 0.         0.         0.        ],comp.graphics
[0.         0.         0.         ... 0.14410479 0.01516713 0.        ],rec.sport.baseball
[0. 0. 0. ... 0. 0. 0.],talk.politics.misc
[0.         0.         0.         ... 0.06928763 0.         0.        ],comp.os.ms-windows.misc
[0.10956462 0.         0.         ... 0.11759852 0.         0.        ],comp.graphics
[0.        0.        0.        ... 0.0238128 0.        0.       ],sci.space
[0. 0. 0. ... 0. 0. 0.],talk.religion.misc
[0. 0. 0. ... 0. 0. 0.],sci.med
[0. 0. 0. ... 0. 0. 0.],talk.politics.guns
[0. 0. 0. ... 0. 0. 0.],talk.politics.misc
[0.         0.         0.0371544  ... 0.03370874 0.         0.        ],comp.windows.x
[0.         0.         0.         ... 0.07810028 0.         0.        ],sci.med
[0. 0. 0. ... 0. 0. 0.],rec.autos
[0. 0. 0. ... 0. 0. 0.],misc.forsale
[0. 0. 0. ... 0. 0. 0.],rec.sport.hockey
[0.         0.         0.         ... 0.03622237 0.         0.        ],rec.sport.baseball
[0.         0.         0.         ... 0.11315882 0.         0.        ],talk.politics.guns
[0. 0. 0. ... 0. 0. 0.],rec.autos
[0. 0. 0. ... 0. 0. 0.],misc.forsale
[0. 0. 0. ... 0. 0. 0.],talk.politics.mideast
[0. 0. 0. ... 0. 0. 0.],alt.atheism
[0. 0. 0. ... 0. 0. 0.],soc.religion.christian
[0.         0.         0.         ... 0.02768444 0.         0.        ],sci.electronics
[0. 0. 0. ... 0. 0. 0.],sci.crypt
[0. 0. 0. ... 0. 0. 0.],comp.os.ms-windows.misc
[0. 0. 0. ... 0. 0. 0.],comp.sys.ibm.pc.hardware
[0. 0. 0. ... 0. 0. 0.],sci.electronics
[0.         0.         0.         ... 0.03904922 0.         0.        ],misc.forsale
[0. 0. 0. ... 0. 0. 0.],talk.politics.mideast
[0. 0. 0. ... 0. 0. 0.],talk.politics.misc
[0. 0. 0. ... 0. 0. 0.],talk.politics.misc
[0. 0. 0. ... 0. 0. 0.],soc.religion.christian
[0.       0.       0.       ... 0.042594 0.       0.      ],rec.sport.hockey
[0. 0. 0. ... 0. 0. 0.],rec.motorcycles
[0.         0.         0.         ... 0.16214041 0.         0.        ],rec.sport.hockey
[0.         0.         0.         ... 0.11960089 0.         0.        ],talk.religion.misc
[0. 0. 0. ... 0. 0. 0.],sci.crypt
[0. 0. 0. ... 0. 0. 0.],comp.graphics
[0.        0.        0.        ... 0.0134424 0.        0.       ],comp.graphics
[0. 0. 0. ... 0. 0. 0.],soc.religion.christian
[0. 0. 0. ... 0. 0. 0.],talk.politics.mideast
[0. 0. 0. ... 0. 0. 0.],comp.windows.x
[0. 0. 0. ... 0. 0. 0.],comp.graphics
[0. 0. 0. ... 0. 0. 0.],rec.autos
[0. 0. 0. ... 0. 0. 0.],comp.sys.ibm.pc.hardware
[0. 0. 0. ... 0. 0. 0.],talk.politics.misc
[0.         0.         0.         ... 0.04889844 0.         0.        ],rec.sport.baseball
[0.         0.         0.         ... 0.09367436 0.         0.        ],rec.sport.baseball
[0.         0.         0.         ... 0.01604969 0.         0.        ],comp.windows.x
[0. 0. 0. ... 0. 0. 0.],talk.politics.guns
[0. 0. 0. ... 0. 0. 0.],sci.electronics
[0. 0. 0. ... 0. 0. 0.],soc.religion.christian
[0. 0. 0. ... 0. 0. 0.],comp.sys.ibm.pc.hardware
[0. 0. 0. ... 0. 0. 0.],sci.electronics
[0. 0. 0. ... 0. 0. 0.],comp.windows.x
[0.         0.         0.         ... 0.05008013 0.         0.        ],comp.graphics
[0. 0. 0. ... 0. 0. 0.],rec.sport.hockey
[0. 0. 0. ... 0. 0. 0.],sci.space
[0.         0.         0.         ... 0.04059112 0.         0.        ],comp.graphics
[0. 0. 0. ... 0. 0. 0.],comp.windows.x
[0. 0. 0. ... 0. 0. 0.],soc.religion.christian
[0.        0.        0.0576279 ... 0.        0.        0.       ],soc.religion.christian
[0. 0. 0. ... 0. 0. 0.],alt.atheism
[0. 0. 0. ... 0. 0. 0.],sci.electronics
[0. 0. 0. ... 0. 0. 0.],rec.motorcycles
[0. 0. 0. ... 0. 0. 0.],misc.forsale
[0. 0. 0. ... 0. 0. 0.],rec.sport.hockey
[0. 0. 0. ... 0. 0. 0.],misc.forsale
[0.         0.         0.         ... 0.07047382 0.         0.        ],talk.politics.mideast
[0.         0.         0.         ... 0.04566468 0.         0.        ],sci.med
[0.         0.         0.         ... 0.07550517 0.         0.        ],comp.sys.mac.hardware
[0. 0. 0. ... 0. 0. 0.],talk.politics.misc
[0. 0. 0. ... 0. 0. 0.],rec.autos
[0. 0. 0. ... 0. 0. 0.],sci.crypt
[0. 0. 0. ... 0. 0. 0.],soc.religion.christian
[0. 0. 0. ... 0. 0. 0.],sci.crypt
[0.         0.         0.         ... 0.07718464 0.         0.        ],talk.politics.mideast
[0. 0. 0. ... 0. 0. 0.],misc.forsale
[0. 0. 0. ... 0. 0. 0.],sci.crypt
[0. 0. 0. ... 0. 0. 0.],comp.os.ms-windows.misc
[0. 0. 0. ... 0. 0. 0.],talk.politics.misc
[0.         0.         0.         ... 0.16231083 0.         0.        ],misc.forsale
[0. 0. 0. ... 0. 0. 0.],talk.politics.mideast
[0. 0. 0. ... 0. 0. 0.],comp.windows.x
[0. 0. 0. ... 0. 0. 0.],comp.sys.mac.hardware
[0. 0. 0. ... 0. 0. 0.],comp.sys.mac.hardware
[0. 0. 0. ... 0. 0. 0.],soc.religion.christian
[0. 0. 0. ... 0. 0. 0.],soc.religion.christian
[0.         0.         0.         ... 0.06263389 0.         0.        ],sci.space
[0. 0. 0. ... 0. 0. 0.],comp.windows.x
[0. 0. 0. ... 0. 0. 0.],rec.autos
[0. 0. 0. ... 0. 0. 0.],rec.autos
[0. 0. 0. ... 0. 0. 0.],misc.forsale
[0. 0. 0. ... 0. 0. 0.],rec.sport.baseball
[0. 0. 0. ... 0. 0. 0.],misc.forsale
[0. 0. 0. ... 0. 0. 0.],sci.space
[0. 0. 0. ... 0. 0. 0.],rec.sport.hockey
[0. 0. 0. ... 0. 0. 0.],talk.politics.guns
[0. 0. 0. ... 0. 0. 0.],sci.med
[0. 0. 0. ... 0. 0. 0.],comp.sys.mac.hardware
[0. 0. 0. ... 0. 0. 0.],alt.atheism
[0. 0. 0. ... 0. 0. 0.],misc.forsale
[0.         0.         0.02544925 ... 0.02308912 0.         0.        ],misc.forsale
[0.         0.         0.         ... 0.04437588 0.         0.        ],rec.sport.baseball
[0. 0. 0. ... 0. 0. 0.],comp.windows.x
[0. 0. 0. ... 0. 0. 0.],talk.politics.mideast
[0.         0.         0.         ... 0.04060377 0.         0.        ],talk.religion.misc
[0.         0.00266564 0.         ... 0.01258048 0.         0.        ],comp.os.ms-windows.misc
[0.03067898 0.         0.         ... 0.04939281 0.         0.        ],sci.crypt
[0. 0. 0. ... 0. 0. 0.],misc.forsale
[0.058312   0.         0.06898539 ... 0.         0.         0.        ],comp.os.ms-windows.misc
[0.         0.         0.         ... 0.03353701 0.         0.        ],comp.os.ms-windows.misc
[0.         0.         0.         ... 0.04460682 0.02973437 0.        ],sci.crypt
[0.         0.         0.         ... 0.03641385 0.         0.        ],talk.religion.misc
[0. 0. 0. ... 0. 0. 0.],rec.sport.hockey
[0. 0. 0. ... 0. 0. 0.],comp.os.ms-windows.misc
[0. 0. 0. ... 0. 0. 0.],rec.autos
[0.         0.         0.         ... 0.04466684 0.         0.        ],talk.politics.mideast
[0.         0.         0.         ... 0.09651879 0.         0.        ],soc.religion.christian
[0. 0. 0. ... 0. 0. 0.],comp.windows.x
[0.         0.         0.         ... 0.12085911 0.         0.        ],rec.motorcycles
[0. 0. 0. ... 0. 0. 0.],rec.autos
[0. 0. 0. ... 0. 0. 0.],talk.politics.guns
[0. 0. 0. ... 0. 0. 0.],comp.sys.ibm.pc.hardware
[0. 0. 0. ... 0. 0. 0.],sci.space
[0. 0. 0. ... 0. 0. 0.],talk.politics.guns
[0. 0. 0. ... 0. 0. 0.],alt.atheism
[0. 0. 0. ... 0. 0. 0.],comp.graphics
[0. 0. 0. ... 0. 0. 0.],alt.atheism
[0.01494473 0.         0.         ... 0.06416223 0.         0.        ],comp.os.ms-windows.misc
[0.         0.         0.         ... 0.04436826 0.         0.        ],talk.politics.mideast
[0. 0. 0. ... 0. 0. 0.],comp.sys.ibm.pc.hardware
[0.         0.08707799 0.         ... 0.06849396 0.         0.        ],talk.politics.guns
[0. 0. 0. ... 0. 0. 0.],rec.autos
[0.         0.         0.         ... 0.04914531 0.         0.        ],comp.os.ms-windows.misc
[0. 0. 0. ... 0. 0. 0.],sci.med
[0. 0. 0. ... 0. 0. 0.],rec.autos
[0.         0.18655097 0.         ... 0.         0.         0.        ],talk.politics.guns
[0. 0. 0. ... 0. 0. 0.],comp.os.ms-windows.misc
[0. 0. 0. ... 0. 0. 0.],comp.graphics
[0.         0.         0.         ... 0.05924664 0.         0.        ],rec.motorcycles
[0. 0. 0. ... 0. 0. 0.],rec.motorcycles
[0. 0. 0. ... 0. 0. 0.],comp.windows.x
[0. 0. 0. ... 0. 0. 0.],comp.os.ms-windows.misc
[0. 0. 0. ... 0. 0. 0.],alt.atheism
[0. 0. 0. ... 0. 0. 0.],alt.atheism
[0.66832055 0.         0.         ... 0.05123754 0.         0.        ],comp.os.ms-windows.misc
[0. 0. 0. ... 0. 0. 0.],rec.autos
[0. 0. 0. ... 0. 0. 0.],comp.windows.x
[0. 0. 0. ... 0. 0. 0.],sci.crypt
[0. 0. 0. ... 0. 0. 0.],comp.windows.x
[0. 0. 0. ... 0. 0. 0.],sci.crypt
[0.         0.         0.         ... 0.04970367 0.         0.        ],sci.crypt
[0.28272113 0.         0.         ... 0.         0.         0.        ],rec.motorcycles
[0.12234239 0.         0.         ... 0.         0.         0.        ],misc.forsale
[0.         0.         0.04548981 ... 0.         0.         0.        ],soc.religion.christian
[0. 0. 0. ... 0. 0. 0.],misc.forsale
[0. 0. 0. ... 0. 0. 0.],comp.graphics
[0. 0. 0. ... 0. 0. 0.],soc.religion.christian
[0. 0. 0. ... 0. 0. 0.],rec.motorcycles
[0.         0.         0.         ... 0.02443482 0.         0.        ],sci.electronics
[0. 0. 0. ... 0. 0. 0.],sci.space
[0. 0. 0. ... 0. 0. 0.],alt.atheism
[0. 0. 0. ... 0. 0. 0.],comp.graphics
[0. 0. 0. ... 0. 0. 0.],misc.forsale
[0. 0. 0. ... 0. 0. 0.],rec.motorcycles
[0.         0.         0.         ... 0.05156716 0.         0.        ],comp.os.ms-windows.misc
[0. 0. 0. ... 0. 0. 0.],misc.forsale
[0. 0. 0. ... 0. 0. 0.],comp.os.ms-windows.misc
[0.         0.         0.         ... 0.03876882 0.         0.        ],rec.autos
[0. 0. 0. ... 0. 0. 0.],comp.graphics
[0. 0. 0. ... 0. 0. 0.],soc.religion.christian
[0. 0. 0. ... 0. 0. 0.],rec.autos
[0. 0. 0. ... 0. 0. 0.],sci.space
[0. 0. 0. ... 0. 0. 0.],comp.sys.mac.hardware
[0. 0. 0. ... 0. 0. 0.],comp.graphics
[0. 0. 0. ... 0. 0. 0.],sci.space
[0. 0. 0. ... 0. 0. 0.],talk.politics.misc
[0.         0.         0.0624118  ... 0.05662381 0.05661712 0.        ],soc.religion.christian
[0. 0. 0. ... 0. 0. 0.],comp.os.ms-windows.misc
[0. 0. 0. ... 0. 0. 0.],sci.space
[0.34770419 0.         0.         ... 0.         0.         0.        ],sci.electronics
[0.         0.         0.         ... 0.07323545 0.         0.        ],talk.politics.guns
[0. 0. 0. ... 0. 0. 0.],rec.motorcycles
[0. 0. 0. ... 0. 0. 0.],sci.med
[0. 0. 0. ... 0. 0. 0.],rec.motorcycles
[0. 0. 0. ... 0. 0. 0.],rec.autos
[0. 0. 0. ... 0. 0. 0.],talk.politics.misc
[0. 0. 0. ... 0. 0. 0.],rec.autos
[0. 0. 0. ... 0. 0. 0.],rec.motorcycles
[0.         0.         0.         ... 0.03733414 0.         0.        ],comp.windows.x
[0. 0. 0. ... 0. 0. 0.],comp.sys.ibm.pc.hardware
[0.20504704 0.         0.         ... 0.         0.         0.        ],comp.windows.x
[0.         0.         0.         ... 0.05484255 0.         0.        ],sci.electronics
[0. 0. 0. ... 0. 0. 0.],rec.motorcycles
[0. 0. 0. ... 0. 0. 0.],talk.politics.guns
[0.         0.         0.         ... 0.15074437 0.         0.        ],comp.sys.mac.hardware
[0. 0. 0. ... 0. 0. 0.],comp.graphics
[0. 0. 0. ... 0. 0. 0.],comp.sys.mac.hardware
[0. 0. 0. ... 0. 0. 0.],misc.forsale
[0. 0. 0. ... 0. 0. 0.],comp.os.ms-windows.misc
[0.         0.         0.         ... 0.07457052 0.         0.        ],comp.sys.mac.hardware
[0.04042946 0.         0.         ... 0.02169699 0.04338885 0.        ],soc.religion.christian
[0.         0.         0.         ... 0.02513071 0.         0.        ],sci.space
[0. 0. 0. ... 0. 0. 0.],soc.religion.christian
[0.         0.         0.         ... 0.29353373 0.11739963 0.        ],comp.graphics
[0. 0. 0. ... 0. 0. 0.],alt.atheism
[0. 0. 0. ... 0. 0. 0.],talk.religion.misc
[0.         0.         0.         ... 0.04075514 0.         0.        ],sci.space
[0.01805716 0.05543952 0.         ... 0.         0.         0.        ],comp.sys.ibm.pc.hardware
[0.07339215 0.         0.08682579 ... 0.         0.         0.        ],comp.windows.x
[0.         0.         0.         ... 0.08331941 0.         0.        ],comp.sys.ibm.pc.hardware
[0. 0. 0. ... 0. 0. 0.],comp.graphics
[0.         0.02262582 0.         ... 0.03559411 0.         0.        ],talk.politics.mideast
[0. 0. 0. ... 0. 0. 0.],sci.electronics
[0. 0. 0. ... 0. 0. 0.],comp.graphics
[0.         0.         0.         ... 0.05922967 0.         0.        ],rec.autos
[0.         0.         0.         ... 0.03746435 0.         0.        ],comp.windows.x
[0. 0. 0. ... 0. 0. 0.],talk.politics.misc
[0.         0.         0.         ... 0.110526   0.         0.14209031],sci.crypt
[0. 0. 0. ... 0. 0. 0.],comp.windows.x
[0.         0.         0.08606333 ... 0.03904096 0.         0.        ],sci.med
[0.         0.         0.         ... 0.16613767 0.03164153 0.        ],alt.atheism
[0. 0. 0. ... 0. 0. 0.],talk.politics.misc
[0.         0.         0.         ... 0.03731607 0.         0.        ],misc.forsale
[0. 0. 0. ... 0. 0. 0.],talk.religion.misc
[0. 0. 0. ... 0. 0. 0.],soc.religion.christian
[0. 0. 0. ... 0. 0. 0.],misc.forsale
[0.         0.         0.         ... 0.05628384 0.         0.        ],sci.med
[0. 0. 0. ... 0. 0. 0.],talk.politics.misc
[0. 0. 0. ... 0. 0. 0.],rec.sport.hockey
[0. 0. 0. ... 0. 0. 0.],sci.electronics
[0.         0.         0.         ... 0.04398821 0.         0.        ],talk.politics.guns
[0. 0. 0. ... 0. 0. 0.],sci.electronics
[0. 0. 0. ... 0. 0. 0.],comp.windows.x
[0. 0. 0. ... 0. 0. 0.],comp.windows.x
[0.         0.         0.         ... 0.01173141 0.         0.        ],sci.med
[0. 0. 0. ... 0. 0. 0.],talk.politics.misc
[0.         0.         0.         ... 0.04233162 0.         0.        ],comp.os.ms-windows.misc
[0. 0. 0. ... 0. 0. 0.],talk.politics.misc
[0.         0.08804059 0.         ... 0.         0.         0.        ],sci.crypt
[0. 0. 0. ... 0. 0. 0.],rec.motorcycles
[0. 0. 0. ... 0. 0. 0.],talk.politics.misc
[0. 0. 0. ... 0. 0. 0.],sci.med
[0.         0.         0.         ... 0.03516549 0.         0.        ],comp.os.ms-windows.misc
[0. 0. 0. ... 0. 0. 0.],comp.os.ms-windows.misc
[0. 0. 0. ... 0. 0. 0.],talk.religion.misc
[0. 0. 0. ... 0. 0. 0.],rec.autos
[0. 0. 0. ... 0. 0. 0.],comp.sys.ibm.pc.hardware
[0. 0. 0. ... 0. 0. 0.],misc.forsale
[0.         0.         0.         ... 0.11293312 0.         0.        ],comp.sys.mac.hardware
[0.         0.28796329 0.         ... 0.05033482 0.         0.        ],comp.windows.x
[0. 0. 0. ... 0. 0. 0.],misc.forsale
[0. 0. 0. ... 0. 0. 0.],comp.sys.ibm.pc.hardware
[0. 0. 0. ... 0. 0. 0.],sci.crypt
[0.         0.         0.21374053 ... 0.         0.         0.        ],talk.politics.misc
[0. 0. 0. ... 0. 0. 0.],talk.religion.misc
[0. 0. 0. ... 0. 0. 0.],talk.religion.misc
[0. 0. 0. ... 0. 0. 0.],talk.politics.misc
[0. 0. 0. ... 0. 0. 0.],alt.atheism
[0. 0. 0. ... 0. 0. 0.],rec.sport.hockey
[0. 0. 0. ... 0. 0. 0.],sci.electronics
[0.1245669  0.12748278 0.         ... 0.06685043 0.         0.        ],sci.med
[0. 0. 0. ... 0. 0. 0.],talk.religion.misc
[0.         0.         0.         ... 0.26382525 0.         0.        ],talk.politics.guns
[0. 0. 0. ... 0. 0. 0.],soc.religion.christian
[0. 0. 0. ... 0. 0. 0.],comp.sys.ibm.pc.hardware
[0. 0. 0. ... 0. 0. 0.],rec.sport.baseball
[0. 0. 0. ... 0. 0. 0.],rec.motorcycles
[0. 0. 0. ... 0. 0. 0.],rec.sport.baseball
[0.         0.         0.         ... 0.15487642 0.         0.        ],comp.graphics
[0. 0. 0. ... 0. 0. 0.],rec.sport.baseball
[0. 0. 0. ... 0. 0. 0.],rec.motorcycles
[0.         0.         0.         ... 0.15800761 0.         0.        ],soc.religion.christian
[0. 0. 0. ... 0. 0. 0.],comp.sys.mac.hardware
[0. 0. 0. ... 0. 0. 0.],sci.crypt
[0. 0. 0. ... 0. 0. 0.],talk.religion.misc
[0. 0. 0. ... 0. 0. 0.],comp.windows.x
[0. 0. 0. ... 0. 0. 0.],rec.sport.hockey
[0. 0. 0. ... 0. 0. 0.],sci.space
[0.         0.         0.         ... 0.25976356 0.01129273 0.        ],soc.religion.christian
[0. 0. 0. ... 0. 0. 0.],rec.sport.baseball
[0. 0. 0. ... 0. 0. 0.],alt.atheism
[0.         0.         0.         ... 0.04332428 0.         0.        ],sci.space
[0. 0. 0. ... 0. 0. 0.],sci.space
[0. 0. 0. ... 0. 0. 0.],alt.atheism
[0. 0. 0. ... 0. 0. 0.],comp.sys.ibm.pc.hardware
[0.         0.         0.         ... 0.07806743 0.         0.        ],alt.atheism
[0. 0. 0. ... 0. 0. 0.],talk.religion.misc
[0. 0. 0. ... 0. 0. 0.],sci.med
[0. 0. 0. ... 0. 0. 0.],talk.politics.mideast
[0.         0.         0.         ... 0.04403421 0.         0.        ],talk.politics.mideast
[0.         0.         0.         ... 0.05676249 0.         0.        ],sci.electronics
[0. 0. 0. ... 0. 0. 0.],sci.crypt
[0. 0. 0. ... 0. 0. 0.],misc.forsale
[0.         0.         0.         ... 0.07703235 0.         0.        ],soc.religion.christian
[0. 0. 0. ... 0. 0. 0.],alt.atheism
[0. 0. 0. ... 0. 0. 0.],comp.graphics
[0. 0. 0. ... 0. 0. 0.],comp.os.ms-windows.misc
[0. 0. 0. ... 0. 0. 0.],rec.autos
[0. 0. 0. ... 0. 0. 0.],comp.windows.x
[0.10999929 0.         0.         ... 0.         0.         0.        ],alt.atheism
[0. 0. 0. ... 0. 0. 0.],comp.os.ms-windows.misc
[0. 0. 0. ... 0. 0. 0.],rec.sport.hockey
[0. 0. 0. ... 0. 0. 0.],comp.os.ms-windows.misc
[0.         0.02611995 0.         ... 0.02739397 0.         0.        ],comp.windows.x
[0.         0.         0.         ... 0.03775533 0.02516725 0.        ],talk.politics.misc
[0.         0.         0.         ... 0.09924367 0.         0.        ],rec.motorcycles
[0. 0. 0. ... 0. 0. 0.],sci.electronics
[0. 0. 0. ... 0. 0. 0.],misc.forsale
[0. 0. 0. ... 0. 0. 0.],sci.crypt
[0. 0. 0. ... 0. 0. 0.],comp.os.ms-windows.misc
[0.         0.         0.         ... 0.25179803 0.         0.        ],comp.windows.x
[0. 0. 0. ... 0. 0. 0.],sci.space
[0. 0. 0. ... 0. 0. 0.],talk.politics.misc
[0.         0.         0.         ... 0.12913565 0.         0.        ],sci.space
[0. 0. 0. ... 0. 0. 0.],sci.electronics
[0. 0. 0. ... 0. 0. 0.],comp.os.ms-windows.misc
[0. 0. 0. ... 0. 0. 0.],sci.space
[0. 0. 0. ... 0. 0. 0.],soc.religion.christian
[0.         0.         0.07572598 ... 0.03435162 0.         0.        ],sci.space
[0. 0. 0. ... 0. 0. 0.],talk.politics.misc
[0.         0.         0.         ... 0.07314904 0.         0.        ],soc.religion.christian
[0. 0. 0. ... 0. 0. 0.],comp.sys.ibm.pc.hardware
[0. 0. 0. ... 0. 0. 0.],sci.crypt
[0. 0. 0. ... 0. 0. 0.],rec.autos
[0.         0.         0.         ... 0.04121769 0.         0.        ],sci.space
[0. 0. 0. ... 0. 0. 0.],talk.politics.misc
[0.         0.         0.08268688 ... 0.0750186  0.15001949 0.        ],talk.politics.guns
[0. 0. 0. ... 0. 0. 0.],sci.electronics
[0. 0. 0. ... 0. 0. 0.],rec.sport.hockey
[0. 0. 0. ... 0. 0. 0.],sci.electronics
[0.         0.         0.         ... 0.03495338 0.         0.        ],soc.religion.christian
[0.         0.         0.         ... 0.05094564 0.         0.        ],comp.sys.mac.hardware
[0. 0. 0. ... 0. 0. 0.],misc.forsale
[0. 0. 0. ... 0. 0. 0.],rec.motorcycles
[0. 0. 0. ... 0. 0. 0.],talk.religion.misc
[0. 0. 0. ... 0. 0. 0.],rec.motorcycles
[0.        0.        0.        ... 0.0349556 0.        0.       ],comp.windows.x
[0.         0.         0.         ... 0.06723646 0.         0.        ],rec.sport.hockey
[0. 0. 0. ... 0. 0. 0.],comp.sys.ibm.pc.hardware
[0.         0.         0.         ... 0.14653507 0.         0.        ],comp.graphics
[0. 0. 0. ... 0. 0. 0.],sci.crypt
[0.06679878 0.         0.         ... 0.07169685 0.         0.        ],rec.sport.hockey
[0. 0. 0. ... 0. 0. 0.],sci.electronics
[0.         0.         0.         ... 0.04451855 0.         0.        ],comp.graphics
[0. 0. 0. ... 0. 0. 0.],talk.politics.mideast
[0. 0. 0. ... 0. 0. 0.],soc.religion.christian
[0. 0. 0. ... 0. 0. 0.],talk.politics.guns
[0. 0. 0. ... 0. 0. 0.],comp.graphics
[0. 0. 0. ... 0. 0. 0.],talk.religion.misc
[0. 0. 0. ... 0. 0. 0.],comp.graphics
[0. 0. 0. ... 0. 0. 0.],talk.politics.misc
[0. 0. 0. ... 0. 0. 0.],sci.crypt
[0. 0. 0. ... 0. 0. 0.],comp.os.ms-windows.misc
[0. 0. 0. ... 0. 0. 0.],talk.religion.misc
[0.         0.         0.         ... 0.04924219 0.         0.        ],comp.graphics
[0. 0. 0. ... 0. 0. 0.],comp.graphics
[0. 0. 0. ... 0. 0. 0.],sci.med
[0.         0.         0.         ... 0.03967165 0.         0.        ],comp.os.ms-windows.misc
[0. 0. 0. ... 0. 0. 0.],rec.sport.hockey
[0. 0. 0. ... 0. 0. 0.],talk.politics.mideast
[0. 0. 0. ... 0. 0. 0.],rec.sport.baseball
[0.         0.         0.         ... 0.09427016 0.         0.        ],comp.sys.ibm.pc.hardware
[0. 0. 0. ... 0. 0. 0.],comp.os.ms-windows.misc
[0.         0.03924908 0.         ... 0.         0.         0.        ],sci.electronics
[0.2032925 0.        0.        ... 0.        0.        0.       ],comp.sys.mac.hardware
[0.         0.         0.         ... 0.06209074 0.         0.        ],sci.electronics
[0.         0.         0.         ... 0.05048415 0.         0.        ],talk.politics.misc
[0.        0.0939976 0.        ... 0.        0.        0.       ],comp.sys.ibm.pc.hardware
[0. 0. 0. ... 0. 0. 0.],comp.sys.mac.hardware
[0. 0. 0. ... 0. 0. 0.],talk.politics.mideast
[0.         0.         0.         ... 0.03392161 0.         0.        ],comp.graphics
[0.0696514 0.        0.        ... 0.        0.        0.       ],rec.motorcycles
[0.         0.06176482 0.         ... 0.         0.         0.        ],sci.crypt
[0. 0. 0. ... 0. 0. 0.],sci.med
[0. 0. 0. ... 0. 0. 0.],comp.sys.mac.hardware
[0. 0. 0. ... 0. 0. 0.],comp.windows.x
[0. 0. 0. ... 0. 0. 0.],rec.sport.baseball
[0. 0. 0. ... 0. 0. 0.],comp.windows.x
[0. 0. 0. ... 0. 0. 0.],rec.motorcycles
[0. 0. 0. ... 0. 0. 0.],sci.electronics
[0. 0. 0. ... 0. 0. 0.],rec.sport.hockey
[0. 0. 0. ... 0. 0. 0.],misc.forsale
[0.        0.        0.        ... 0.0816523 0.        0.       ],sci.crypt
[0.         0.04028427 0.         ... 0.         0.         0.        ],soc.religion.christian
[0.         0.         0.         ... 0.04635898 0.         0.        ],comp.sys.mac.hardware
[0. 0. 0. ... 0. 0. 0.],alt.atheism
[0.         0.         0.         ... 0.06295137 0.         0.        ],rec.autos
[0.00402778 0.02061031 0.         ... 0.03890806 0.00432261 0.00555773],sci.space
[0. 0. 0. ... 0. 0. 0.],talk.religion.misc
[0. 0. 0. ... 0. 0. 0.],comp.windows.x
[0.         0.         0.         ... 0.02743862 0.         0.        ],sci.space
[0. 0. 0. ... 0. 0. 0.],rec.autos
[0. 0. 0. ... 0. 0. 0.],alt.atheism
[0. 0. 0. ... 0. 0. 0.],rec.sport.hockey
[0.         0.         0.         ... 0.09543673 0.         0.        ],talk.religion.misc
[0. 0. 0. ... 0. 0. 0.],comp.sys.ibm.pc.hardware
[0.         0.         0.         ... 0.06118637 0.         0.        ],comp.os.ms-windows.misc
[0. 0. 0. ... 0. 0. 0.],comp.windows.x
[0.         0.         0.         ... 0.04089923 0.         0.        ],sci.med
[0. 0. 0. ... 0. 0. 0.],talk.religion.misc
[0. 0. 0. ... 0. 0. 0.],sci.crypt
[0. 0. 0. ... 0. 0. 0.],talk.religion.misc
[0.         0.         0.         ... 0.04930274 0.         0.        ],comp.sys.ibm.pc.hardware
[0. 0. 0. ... 0. 0. 0.],rec.sport.baseball
[0. 0. 0. ... 0. 0. 0.],soc.religion.christian
[0. 0. 0. ... 0. 0. 0.],talk.politics.mideast
[0.         0.         0.         ... 0.06674148 0.         0.        ],sci.med
[0.         0.         0.         ... 0.04626288 0.         0.        ],talk.politics.misc
[0. 0. 0. ... 0. 0. 0.],sci.space
[0. 0. 0. ... 0. 0. 0.],sci.space
[0.        0.        0.        ... 0.0577782 0.        0.       ],sci.electronics
[0. 0. 0. ... 0. 0. 0.],rec.sport.baseball
[0.         0.         0.         ... 0.04237191 0.         0.        ],comp.sys.ibm.pc.hardware
[0. 0. 0. ... 0. 0. 0.],misc.forsale
[0. 0. 0. ... 0. 0. 0.],sci.med
[0.       0.       0.       ... 0.064172 0.       0.      ],comp.graphics
[0. 0. 0. ... 0. 0. 0.],sci.space
[0. 0. 0. ... 0. 0. 0.],talk.politics.guns
[0. 0. 0. ... 0. 0. 0.],rec.sport.baseball
[0. 0. 0. ... 0. 0. 0.],comp.os.ms-windows.misc
[0.         0.         0.         ... 0.11127184 0.1112587  0.        ],talk.politics.guns
[0.         0.         0.         ... 0.14067425 0.         0.        ],sci.electronics
[0.         0.         0.         ... 0.04462204 0.08923354 0.        ],misc.forsale
[0. 0. 0. ... 0. 0. 0.],sci.med
[0. 0. 0. ... 0. 0. 0.],misc.forsale
[0. 0. 0. ... 0. 0. 0.],comp.windows.x
[0. 0. 0. ... 0. 0. 0.],comp.windows.x
[0.7104024 0.        0.        ... 0.        0.        0.       ],alt.atheism
[0. 0. 0. ... 0. 0. 0.],sci.med
[0.         0.         0.         ... 0.05800976 0.         0.        ],comp.sys.mac.hardware
[0. 0. 0. ... 0. 0. 0.],talk.politics.mideast
[0. 0. 0. ... 0. 0. 0.],comp.os.ms-windows.misc
[0.         0.         0.         ... 0.03805097 0.         0.        ],rec.motorcycles
[0.         0.         0.         ... 0.13424164 0.         0.        ],comp.sys.ibm.pc.hardware
[0. 0. 0. ... 0. 0. 0.],sci.med
[0.10867209 0.         0.         ... 0.         0.         0.        ],soc.religion.christian
[0.         0.11875878 0.         ... 0.06227567 0.         0.        ],misc.forsale
[0. 0. 0. ... 0. 0. 0.],soc.religion.christian
[0.         0.         0.         ... 0.11756519 0.         0.        ],rec.motorcycles
[0. 0. 0. ... 0. 0. 0.],talk.politics.guns
[0. 0. 0. ... 0. 0. 0.],talk.politics.misc
[0.         0.         0.         ... 0.02268708 0.         0.        ],comp.windows.x
[0.         0.18719414 0.         ... 0.         0.         0.        ],sci.crypt
[0.         0.         0.         ... 0.04434076 0.         0.        ],rec.sport.baseball
[0. 0. 0. ... 0. 0. 0.],comp.os.ms-windows.misc
[0. 0. 0. ... 0. 0. 0.],comp.sys.mac.hardware
[0. 0. 0. ... 0. 0. 0.],sci.crypt
[0. 0. 0. ... 0. 0. 0.],comp.sys.ibm.pc.hardware
[0.         0.         0.         ... 0.07933161 0.         0.        ],comp.graphics
[0. 0. 0. ... 0. 0. 0.],comp.windows.x
[0.        0.        0.        ... 0.0478467 0.        0.       ],rec.sport.hockey
[0.         0.09626923 0.         ... 0.         0.         0.        ],soc.religion.christian
[0. 0. 0. ... 0. 0. 0.],rec.autos
[0. 0. 0. ... 0. 0. 0.],sci.electronics
[0. 0. 0. ... 0. 0. 0.],rec.sport.baseball
[0.         0.         0.         ... 0.18481016 0.         0.        ],alt.atheism
[0. 0. 0. ... 0. 0. 0.],rec.sport.baseball
[0. 0. 0. ... 0. 0. 0.],comp.graphics
[0. 0. 0. ... 0. 0. 0.],sci.space
[0. 0. 0. ... 0. 0. 0.],sci.med
[0.         0.         0.         ... 0.06196244 0.         0.        ],comp.graphics
[0.         0.         0.         ... 0.05778759 0.         0.        ],talk.religion.misc
[0.08128146 0.         0.         ... 0.13086222 0.         0.        ],talk.politics.mideast
[0.         0.         0.         ... 0.07227799 0.14453891 0.        ],sci.electronics
[0.         0.         0.         ... 0.09282055 0.         0.        ],rec.sport.baseball
[0. 0. 0. ... 0. 0. 0.],talk.politics.misc
[0.         0.         0.         ... 0.         0.         0.17548368],sci.med
[0. 0. 0. ... 0. 0. 0.],sci.crypt
[0.         0.05940772 0.         ... 0.         0.         0.        ],talk.politics.misc
[0. 0. 0. ... 0. 0. 0.],talk.politics.guns
[0. 0. 0. ... 0. 0. 0.],sci.space
[0. 0. 0. ... 0. 0. 0.],comp.sys.mac.hardware
[0. 0. 0. ... 0. 0. 0.],comp.graphics
[0.         0.         0.         ... 0.11961822 0.         0.        ],sci.space
[0.         0.         0.         ... 0.05200894 0.         0.        ],alt.atheism
[0. 0. 0. ... 0. 0. 0.],sci.electronics
[0.         0.         0.         ... 0.04349267 0.         0.        ],soc.religion.christian
[0.04739119 0.         0.         ... 0.02543309 0.         0.        ],talk.politics.guns
[0. 0. 0. ... 0. 0. 0.],sci.space
[0.         0.         0.         ... 0.08110736 0.         0.        ],rec.sport.baseball
[0. 0. 0. ... 0. 0. 0.],soc.religion.christian
[0. 0. 0. ... 0. 0. 0.],talk.politics.mideast
[0.         0.02795132 0.00807779 ... 0.         0.         0.        ],rec.sport.hockey
[0. 0. 0. ... 0. 0. 0.],comp.sys.ibm.pc.hardware
[0. 0. 0. ... 0. 0. 0.],talk.politics.guns
[0. 0. 0. ... 0. 0. 0.],sci.crypt
[0. 0. 0. ... 0. 0. 0.],rec.motorcycles
[0.         0.         0.         ... 0.03784174 0.         0.        ],rec.sport.hockey
[0.         0.         0.         ... 0.08284448 0.         0.        ],sci.space
[0. 0. 0. ... 0. 0. 0.],talk.politics.guns
[0.07417855 0.         0.         ... 0.         0.         0.        ],misc.forsale
[0. 0. 0. ... 0. 0. 0.],sci.med
[0. 0. 0. ... 0. 0. 0.],sci.med
[0. 0. 0. ... 0. 0. 0.],talk.politics.guns
[0. 0. 0. ... 0. 0. 0.],sci.space
[0. 0. 0. ... 0. 0. 0.],rec.sport.hockey
[0.         0.         0.         ... 0.03982762 0.         0.        ],comp.os.ms-windows.misc
[0. 0. 0. ... 0. 0. 0.],sci.med
[0. 0. 0. ... 0. 0. 0.],alt.atheism
[0. 0. 0. ... 0. 0. 0.],sci.med
[0.         0.         0.         ... 0.03530066 0.         0.        ],alt.atheism
[0. 0. 0. ... 0. 0. 0.],comp.graphics
[0. 0. 0. ... 0. 0. 0.],sci.electronics
[0.         0.         0.         ... 0.06492961 0.         0.        ],comp.sys.ibm.pc.hardware
[0. 0. 0. ... 0. 0. 0.],sci.med
[0. 0. 0. ... 0. 0. 0.],comp.graphics
[0.17067589 0.         0.         ... 0.         0.         0.        ],sci.med
[0. 0. 0. ... 0. 0. 0.],misc.forsale
[0.         0.         0.         ... 0.26620365 0.         0.        ],talk.politics.misc
[0.         0.         0.         ... 0.10403854 0.         0.        ],talk.politics.guns
[0. 0. 0. ... 0. 0. 0.],rec.sport.baseball
[0.         0.         0.         ... 0.12685228 0.         0.        ],soc.religion.christian
[0. 0. 0. ... 0. 0. 0.],talk.politics.mideast
[0.         0.         0.         ... 0.07190553 0.         0.        ],sci.space
[0. 0. 0. ... 0. 0. 0.],talk.politics.guns
[0.22335564 0.         0.         ... 0.         0.         0.        ],misc.forsale
[0. 0. 0. ... 0. 0. 0.],comp.windows.x
[0. 0. 0. ... 0. 0. 0.],talk.politics.guns
[0. 0. 0. ... 0. 0. 0.],comp.windows.x
[0.         0.         0.         ... 0.08193252 0.         0.        ],sci.space
[0.         0.         0.         ... 0.09387605 0.         0.        ],comp.graphics
[0. 0. 0. ... 0. 0. 0.],rec.motorcycles
[0. 0. 0. ... 0. 0. 0.],talk.politics.misc
[0. 0. 0. ... 0. 0. 0.],comp.graphics
[0. 0. 0. ... 0. 0. 0.],misc.forsale
[0. 0. 0. ... 0. 0. 0.],talk.politics.guns
[0. 0. 0. ... 0. 0. 0.],sci.crypt
[0. 0. 0. ... 0. 0. 0.],talk.politics.mideast
[0. 0. 0. ... 0. 0. 0.],talk.politics.mideast
[0. 0. 0. ... 0. 0. 0.],comp.sys.ibm.pc.hardware
[0. 0. 0. ... 0. 0. 0.],misc.forsale
[0. 0. 0. ... 0. 0. 0.],comp.os.ms-windows.misc
[0. 0. 0. ... 0. 0. 0.],rec.autos
[0. 0. 0. ... 0. 0. 0.],sci.space
[0. 0. 0. ... 0. 0. 0.],soc.religion.christian
[0. 0. 0. ... 0. 0. 0.],talk.politics.misc
[0. 0. 0. ... 0. 0. 0.],rec.autos
[0. 0. 0. ... 0. 0. 0.],soc.religion.christian
[0.         0.         0.         ... 0.03977056 0.         0.        ],sci.med
[0.         0.         0.         ... 0.09735775 0.         0.        ],comp.windows.x
[0.         0.         0.         ... 0.10150903 0.         0.        ],misc.forsale
[0. 0. 0. ... 0. 0. 0.],sci.electronics
[0. 0. 0. ... 0. 0. 0.],sci.space
[0. 0. 0. ... 0. 0. 0.],comp.sys.mac.hardware
[0.        0.        0.        ... 0.0655516 0.        0.       ],rec.sport.hockey
[0. 0. 0. ... 0. 0. 0.],sci.space
[0. 0. 0. ... 0. 0. 0.],misc.forsale
[0. 0. 0. ... 0. 0. 0.],comp.windows.x
[0.00310049 0.00317307 0.         ... 0.         0.         0.        ],sci.electronics
[0. 0. 0. ... 0. 0. 0.],rec.sport.hockey
[0.         0.         0.08321284 ... 0.11324367 0.         0.        ],sci.med
[0. 0. 0. ... 0. 0. 0.],sci.crypt
[0. 0. 0. ... 0. 0. 0.],comp.windows.x
[0.         0.         0.         ... 0.04446728 0.         0.        ],talk.politics.guns
[0. 0. 0. ... 0. 0. 0.],soc.religion.christian
[0.         0.         0.         ... 0.05022701 0.         0.        ],talk.politics.misc
[0. 0. 0. ... 0. 0. 0.],talk.politics.misc
[0. 0. 0. ... 0. 0. 0.],talk.politics.mideast
[0. 0. 0. ... 0. 0. 0.],alt.atheism
[0.02129683 0.         0.         ... 0.         0.         0.        ],sci.med
[0. 0. 0. ... 0. 0. 0.],comp.sys.ibm.pc.hardware
[0. 0. 0. ... 0. 0. 0.],talk.politics.misc
[0.         0.         0.         ... 0.0115731  0.01157174 0.        ],comp.sys.mac.hardware
[0. 0. 0. ... 0. 0. 0.],comp.sys.ibm.pc.hardware
[0. 0. 0. ... 0. 0. 0.],soc.religion.christian
[0.         0.         0.         ... 0.04052617 0.         0.        ],comp.sys.ibm.pc.hardware
[0.0743256 0.        0.        ... 0.        0.        0.       ],comp.sys.ibm.pc.hardware
[0.         0.         0.         ... 0.04451229 0.         0.        ],talk.politics.misc
[0. 0. 0. ... 0. 0. 0.],misc.forsale
[0. 0. 0. ... 0. 0. 0.],rec.sport.baseball
[0. 0. 0. ... 0. 0. 0.],rec.motorcycles
[0. 0. 0. ... 0. 0. 0.],comp.graphics
[0.         0.         0.         ... 0.         0.13566594 0.        ],sci.space
[0. 0. 0. ... 0. 0. 0.],talk.politics.misc
[0. 0. 0. ... 0. 0. 0.],comp.sys.mac.hardware
[0.         0.         0.         ... 0.0464989  0.09298681 0.        ],comp.os.ms-windows.misc
[0.14363724 0.         0.         ... 0.         0.         0.        ],talk.politics.mideast
[0.         0.         0.15206538 ... 0.         0.         0.        ],rec.motorcycles
[0.         0.         0.         ... 0.01418296 0.         0.        ],soc.religion.christian
[0. 0. 0. ... 0. 0. 0.],sci.crypt
[0. 0. 0. ... 0. 0. 0.],comp.windows.x
[0.         0.         0.         ... 0.08748906 0.         0.        ],rec.autos
[0.05935193 0.         0.         ... 0.06370395 0.         0.        ],rec.motorcycles
[0. 0. 0. ... 0. 0. 0.],talk.religion.misc
[0.         0.13939247 0.         ... 0.         0.         0.        ],comp.sys.mac.hardware
[0. 0. 0. ... 0. 0. 0.],misc.forsale
[0.        0.        0.        ... 0.1497022 0.        0.       ],soc.religion.christian
[0. 0. 0. ... 0. 0. 0.],rec.motorcycles
[0.         0.         0.         ... 0.03584869 0.         0.        ],talk.religion.misc
[0. 0. 0. ... 0. 0. 0.],rec.motorcycles
[0. 0. 0. ... 0. 0. 0.],rec.sport.hockey
[0. 0. 0. ... 0. 0. 0.],sci.space
[0.         0.         0.         ... 0.05850617 0.         0.        ],comp.sys.mac.hardware
[0. 0. 0. ... 0. 0. 0.],comp.sys.ibm.pc.hardware
[0. 0. 0. ... 0. 0. 0.],sci.crypt
[0. 0. 0. ... 0. 0. 0.],sci.electronics
[0.         0.         0.         ... 0.08698397 0.         0.        ],comp.graphics
[0.         0.         0.         ... 0.11617536 0.         0.        ],rec.autos
[0.         0.         0.         ... 0.02389681 0.         0.        ],sci.electronics
[0. 0. 0. ... 0. 0. 0.],sci.med
[0.         0.         0.         ... 0.02907986 0.         0.        ],soc.religion.christian
[0.         0.         0.         ... 0.01506553 0.         0.        ],misc.forsale
[0.         0.         0.         ... 0.04774557 0.         0.        ],comp.windows.x
[0. 0. 0. ... 0. 0. 0.],talk.politics.guns
[0. 0. 0. ... 0. 0. 0.],comp.graphics
[0. 0. 0. ... 0. 0. 0.],talk.politics.guns
[0. 0. 0. ... 0. 0. 0.],rec.motorcycles
[0. 0. 0. ... 0. 0. 0.],sci.electronics
[0. 0. 0. ... 0. 0. 0.],misc.forsale
[0. 0. 0. ... 0. 0. 0.],soc.religion.christian
[0. 0. 0. ... 0. 0. 0.],comp.os.ms-windows.misc
[0. 0. 0. ... 0. 0. 0.],rec.sport.hockey
[0. 0. 0. ... 0. 0. 0.],talk.politics.misc
[0. 0. 0. ... 0. 0. 0.],soc.religion.christian
[0. 0. 0. ... 0. 0. 0.],soc.religion.christian
[0.         0.         0.06393914 ... 0.02900475 0.         0.        ],comp.sys.ibm.pc.hardware
[0.         0.         0.         ... 0.02545057 0.         0.        ],comp.graphics
[0. 0. 0. ... 0. 0. 0.],alt.atheism
[0.01252077 0.         0.         ... 0.         0.         0.01727677],sci.space
[0. 0. 0. ... 0. 0. 0.],comp.sys.ibm.pc.hardware
[0.         0.         0.         ... 0.06604624 0.         0.        ],sci.space
[0. 0. 0. ... 0. 0. 0.],rec.sport.baseball
[0. 0. 0. ... 0. 0. 0.],sci.space
[0. 0. 0. ... 0. 0. 0.],rec.motorcycles
[0.         0.         0.         ... 0.05242002 0.         0.        ],soc.religion.christian
[0. 0. 0. ... 0. 0. 0.],talk.politics.misc
[0. 0. 0. ... 0. 0. 0.],sci.med
[0. 0. 0. ... 0. 0. 0.],comp.sys.mac.hardware
[0. 0. 0. ... 0. 0. 0.],comp.os.ms-windows.misc
[0. 0. 0. ... 0. 0. 0.],comp.sys.mac.hardware
[0.         0.         0.         ... 0.05549767 0.         0.        ],sci.electronics
[0.        0.        0.        ... 0.0615215 0.        0.       ],sci.electronics
[0. 0. 0. ... 0. 0. 0.],sci.electronics
[0. 0. 0. ... 0. 0. 0.],rec.motorcycles
[0.         0.         0.         ... 0.13483728 0.         0.        ],sci.med
[0. 0. 0. ... 0. 0. 0.],rec.motorcycles
[0. 0. 0. ... 0. 0. 0.],talk.politics.mideast
[0.         0.         0.         ... 0.06979713 0.         0.        ],misc.forsale
[0. 0. 0. ... 0. 0. 0.],rec.sport.hockey
[0. 0. 0. ... 0. 0. 0.],talk.politics.guns
[0. 0. 0. ... 0. 0. 0.],rec.sport.baseball
[0.         0.         0.         ... 0.02978721 0.         0.        ],comp.sys.mac.hardware
[0. 0. 0. ... 0. 0. 0.],alt.atheism
[0. 0. 0. ... 0. 0. 0.],alt.atheism
[0. 0. 0. ... 0. 0. 0.],talk.politics.mideast
[0. 0. 0. ... 0. 0. 0.],rec.autos
[0. 0. 0. ... 0. 0. 0.],comp.sys.ibm.pc.hardware
[0. 0. 0. ... 0. 0. 0.],sci.med
[0. 0. 0. ... 0. 0. 0.],comp.sys.mac.hardware
[0. 0. 0. ... 0. 0. 0.],comp.windows.x
[0. 0. 0. ... 0. 0. 0.],rec.sport.hockey
[0. 0. 0. ... 0. 0. 0.],talk.politics.misc
[0. 0. 0. ... 0. 0. 0.],comp.graphics
[0. 0. 0. ... 0. 0. 0.],rec.motorcycles
[0. 0. 0. ... 0. 0. 0.],rec.sport.baseball
[0.00378853 0.         0.00224099 ... 0.02033165 0.0081317  0.05750365],sci.med
[0. 0. 0. ... 0. 0. 0.],sci.electronics
[0. 0. 0. ... 0. 0. 0.],comp.sys.ibm.pc.hardware
[0. 0. 0. ... 0. 0. 0.],comp.windows.x
[0. 0. 0. ... 0. 0. 0.],comp.sys.ibm.pc.hardware
[0.         0.         0.         ... 0.05364062 0.         0.        ],comp.sys.mac.hardware
[0. 0. 0. ... 0. 0. 0.],sci.med
[0. 0. 0. ... 0. 0. 0.],talk.politics.misc
[0.         0.         0.         ... 0.03805042 0.         0.        ],talk.politics.misc
[0.         0.         0.         ... 0.09362704 0.         0.        ],rec.sport.baseball
[0.         0.         0.         ... 0.08605838 0.         0.        ],talk.politics.misc
[0.32677574 0.         0.         ... 0.         0.         0.        ],comp.graphics
[0. 0. 0. ... 0. 0. 0.],sci.crypt
[0. 0. 0. ... 0. 0. 0.],comp.windows.x
[0.         0.         0.         ... 0.03341029 0.         0.        ],soc.religion.christian
[0.        0.        0.        ... 0.0528169 0.        0.       ],rec.sport.hockey
[0. 0. 0. ... 0. 0. 0.],comp.os.ms-windows.misc
[0. 0. 0. ... 0. 0. 0.],rec.sport.baseball
[0. 0. 0. ... 0. 0. 0.],comp.os.ms-windows.misc
[0. 0. 0. ... 0. 0. 0.],sci.electronics
[0.         0.02808345 0.         ... 0.01472662 0.         0.        ],talk.politics.misc
[0. 0. 0. ... 0. 0. 0.],sci.med
[0. 0. 0. ... 0. 0. 0.],rec.autos
[0.20634546 0.         0.         ... 0.03691265 0.         0.        ],rec.motorcycles
[0. 0. 0. ... 0. 0. 0.],comp.sys.mac.hardware
[0.         0.         0.         ... 0.12970261 0.         0.        ],rec.autos
[0. 0. 0. ... 0. 0. 0.],alt.atheism
[0. 0. 0. ... 0. 0. 0.],rec.autos
[0. 0. 0. ... 0. 0. 0.],soc.religion.christian
[0.        0.        0.        ... 0.2905308 0.        0.       ],comp.os.ms-windows.misc
[0. 0. 0. ... 0. 0. 0.],sci.space
[0. 0. 0. ... 0. 0. 0.],rec.sport.hockey
[0. 0. 0. ... 0. 0. 0.],rec.motorcycles
[0. 0. 0. ... 0. 0. 0.],misc.forsale
[0. 0. 0. ... 0. 0. 0.],alt.atheism
[0.         0.         0.         ... 0.08760388 0.         0.        ],talk.politics.mideast
[0. 0. 0. ... 0. 0. 0.],talk.politics.guns
[0.         0.         0.         ... 0.07851067 0.         0.        ],sci.crypt
[0. 0. 0. ... 0. 0. 0.],comp.os.ms-windows.misc
[0. 0. 0. ... 0. 0. 0.],rec.motorcycles
[0. 0. 0. ... 0. 0. 0.],talk.politics.misc
[0.         0.         0.         ... 0.10968858 0.         0.        ],talk.religion.misc
[0.         0.18870162 0.         ... 0.03298428 0.         0.        ],sci.electronics
[0. 0. 0. ... 0. 0. 0.],rec.motorcycles
[0. 0. 0. ... 0. 0. 0.],sci.electronics
[0. 0. 0. ... 0. 0. 0.],misc.forsale
[0.        0.        0.        ... 0.0480277 0.        0.       ],sci.crypt
[0.         0.         0.         ... 0.04625261 0.         0.        ],comp.sys.ibm.pc.hardware
[0. 0. 0. ... 0. 0. 0.],rec.autos
[0.       0.       0.       ... 0.136758 0.       0.      ],talk.politics.misc
[0.         0.         0.         ... 0.13040636 0.         0.        ],alt.atheism
[0.         0.         0.         ... 0.         0.         0.09060418],comp.os.ms-windows.misc
[0.12984783 0.         0.         ... 0.         0.         0.        ],sci.med
[0.         0.         0.         ... 0.04982484 0.         0.        ],rec.sport.baseball
[0.         0.         0.         ... 0.01900737 0.         0.        ],soc.religion.christian
[0.05323684 0.         0.         ... 0.         0.         0.        ],rec.sport.baseball
[0. 0. 0. ... 0. 0. 0.],comp.sys.mac.hardware
[0. 0. 0. ... 0. 0. 0.],soc.religion.christian
[0. 0. 0. ... 0. 0. 0.],rec.autos
[0.         0.         0.         ... 0.10657225 0.         0.        ],sci.crypt
[0. 0. 0. ... 0. 0. 0.],rec.sport.hockey
[0. 0. 0. ... 0. 0. 0.],comp.os.ms-windows.misc
[0. 0. 0. ... 0. 0. 0.],sci.med
[0. 0. 0. ... 0. 0. 0.],talk.politics.mideast
[0.         0.         0.         ... 0.03486781 0.         0.        ],sci.crypt
[0. 0. 0. ... 0. 0. 0.],comp.os.ms-windows.misc
[0. 0. 0. ... 0. 0. 0.],comp.windows.x
[0.         0.         0.         ... 0.13892547 0.         0.        ],rec.autos
[0. 0. 0. ... 0. 0. 0.],comp.graphics
[0. 0. 0. ... 0. 0. 0.],comp.windows.x
[0. 0. 0. ... 0. 0. 0.],sci.crypt
[0.        0.        0.        ... 0.0633906 0.        0.       ],comp.os.ms-windows.misc
[0. 0. 0. ... 0. 0. 0.],talk.politics.misc
[0.         0.         0.         ... 0.07916238 0.         0.        ],sci.crypt
[0. 0. 0. ... 0. 0. 0.],alt.atheism
[0.        0.        0.        ... 0.        0.        0.2728546],talk.politics.mideast
[0. 0. 0. ... 0. 0. 0.],talk.religion.misc
[0.         0.         0.         ... 0.10459667 0.         0.        ],comp.sys.mac.hardware
[0. 0. 0. ... 0. 0. 0.],alt.atheism
[0. 0. 0. ... 0. 0. 0.],rec.sport.baseball
[0. 0. 0. ... 0. 0. 0.],sci.med
[0. 0. 0. ... 0. 0. 0.],comp.graphics
[0. 0. 0. ... 0. 0. 0.],talk.politics.guns
[0. 0. 0. ... 0. 0. 0.],rec.sport.baseball
[0. 0. 0. ... 0. 0. 0.],soc.religion.christian
[0. 0. 0. ... 0. 0. 0.],talk.religion.misc
[0. 0. 0. ... 0. 0. 0.],talk.religion.misc
[0. 0. 0. ... 0. 0. 0.],sci.electronics
[0. 0. 0. ... 0. 0. 0.],alt.atheism
[0. 0. 0. ... 0. 0. 0.],rec.autos
[0. 0. 0. ... 0. 0. 0.],alt.atheism
[0. 0. 0. ... 0. 0. 0.],rec.autos
[0. 0. 0. ... 0. 0. 0.],sci.med
[0. 0. 0. ... 0. 0. 0.],sci.electronics
[0. 0. 0. ... 0. 0. 0.],misc.forsale
[0.         0.         0.         ... 0.04504112 0.         0.        ],comp.sys.mac.hardware
[0. 0. 0. ... 0. 0. 0.],comp.graphics
[0. 0. 0. ... 0. 0. 0.],sci.crypt
[0. 0. 0. ... 0. 0. 0.],talk.religion.misc
[0.         0.         0.         ... 0.09566836 0.         0.        ],rec.sport.baseball
[0. 0. 0. ... 0. 0. 0.],sci.crypt
[0.1390102 0.        0.        ... 0.        0.        0.       ],comp.sys.mac.hardware
[0. 0. 0. ... 0. 0. 0.],comp.sys.mac.hardware
[0.         0.         0.0039425  ... 0.00178844 0.         0.        ],soc.religion.christian
[0. 0. 0. ... 0. 0. 0.],alt.atheism
[0. 0. 0. ... 0. 0. 0.],comp.sys.mac.hardware
[0. 0. 0. ... 0. 0. 0.],talk.religion.misc
[0. 0. 0. ... 0. 0. 0.],sci.space
[0. 0. 0. ... 0. 0. 0.],talk.politics.mideast
[0. 0. 0. ... 0. 0. 0.],comp.sys.mac.hardware
[0.         0.         0.         ... 0.02397679 0.         0.        ],soc.religion.christian
[0. 0. 0. ... 0. 0. 0.],rec.motorcycles
[0. 0. 0. ... 0. 0. 0.],comp.sys.mac.hardware
[0.05474098 0.         0.         ... 0.         0.         0.        ],sci.med
[0. 0. 0. ... 0. 0. 0.],comp.graphics
[0. 0. 0. ... 0. 0. 0.],comp.sys.mac.hardware
[0. 0. 0. ... 0. 0. 0.],sci.space
[0.         0.13069814 0.         ... 0.         0.         0.        ],rec.motorcycles
[0. 0. 0. ... 0. 0. 0.],rec.sport.hockey
[0. 0. 0. ... 0. 0. 0.],comp.sys.ibm.pc.hardware
[0. 0. 0. ... 0. 0. 0.],rec.motorcycles
[0.         0.         0.         ... 0.11134274 0.         0.        ],rec.autos
[0.         0.         0.         ... 0.05527788 0.1105427  0.        ],comp.os.ms-windows.misc
[0. 0. 0. ... 0. 0. 0.],rec.sport.hockey
[0. 0. 0. ... 0. 0. 0.],soc.religion.christian
[0. 0. 0. ... 0. 0. 0.],soc.religion.christian
[0. 0. 0. ... 0. 0. 0.],rec.autos
[0. 0. 0. ... 0. 0. 0.],soc.religion.christian
[0. 0. 0. ... 0. 0. 0.],comp.windows.x
[0. 0. 0. ... 0. 0. 0.],talk.politics.guns
[0.00683632 0.         0.         ... 0.         0.         0.        ],talk.religion.misc
[0. 0. 0. ... 0. 0. 0.],rec.sport.hockey
[0. 0. 0. ... 0. 0. 0.],comp.sys.ibm.pc.hardware
[0. 0. 0. ... 0. 0. 0.],talk.politics.misc
[0.         0.         0.         ... 0.03494842 0.         0.        ],comp.graphics
[0.         0.         0.         ... 0.04179387 0.         0.        ],talk.religion.misc
[0. 0. 0. ... 0. 0. 0.],rec.sport.hockey
[0. 0. 0. ... 0. 0. 0.],comp.sys.mac.hardware
[0.        0.        0.        ... 0.0265605 0.        0.       ],comp.sys.mac.hardware
[0. 0. 0. ... 0. 0. 0.],talk.politics.guns
[0.        0.        0.        ... 0.0479701 0.        0.       ],talk.religion.misc
[0. 0. 0. ... 0. 0. 0.],sci.crypt
[0. 0. 0. ... 0. 0. 0.],talk.politics.misc
[0. 0. 0. ... 0. 0. 0.],rec.sport.hockey
[0.        0.        0.        ... 0.        0.0807581 0.       ],sci.space
[0. 0. 0. ... 0. 0. 0.],sci.electronics
[0. 0. 0. ... 0. 0. 0.],comp.os.ms-windows.misc
[0. 0. 0. ... 0. 0. 0.],rec.sport.baseball
[0. 0. 0. ... 0. 0. 0.],comp.os.ms-windows.misc
[0.         0.         0.         ... 0.14464228 0.         0.        ],comp.graphics
[0. 0. 0. ... 0. 0. 0.],talk.politics.guns
[0. 0. 0. ... 0. 0. 0.],comp.sys.ibm.pc.hardware
[0.02349621 0.         0.         ... 0.01621227 0.         0.        ],comp.sys.ibm.pc.hardware
[0.         0.         0.         ... 0.07964911 0.         0.        ],rec.autos
[0. 0. 0. ... 0. 0. 0.],comp.os.ms-windows.misc
[0. 0. 0. ... 0. 0. 0.],talk.politics.misc
[0.         0.         0.         ... 0.03774076 0.         0.        ],comp.graphics
[0. 0. 0. ... 0. 0. 0.],comp.sys.mac.hardware
[0.         0.         0.         ... 0.13688198 0.         0.        ],comp.graphics
[0.        0.1855311 0.        ... 0.        0.        0.       ],sci.electronics
[0. 0. 0. ... 0. 0. 0.],rec.autos
[0. 0. 0. ... 0. 0. 0.],sci.med
[0.         0.         0.         ... 0.05582935 0.         0.        ],talk.politics.guns
[0. 0. 0. ... 0. 0. 0.],sci.crypt
[0. 0. 0. ... 0. 0. 0.],comp.windows.x
[0. 0. 0. ... 0. 0. 0.],talk.religion.misc
[0. 0. 0. ... 0. 0. 0.],alt.atheism
[0. 0. 0. ... 0. 0. 0.],soc.religion.christian
[0. 0. 0. ... 0. 0. 0.],talk.politics.misc
[0.         0.         0.         ... 0.12776102 0.         0.        ],rec.motorcycles
[0. 0. 0. ... 0. 0. 0.],rec.sport.baseball
[0. 0. 0. ... 0. 0. 0.],comp.graphics
[0. 0. 0. ... 0. 0. 0.],comp.graphics
[0. 0. 0. ... 0. 0. 0.],comp.os.ms-windows.misc
[0. 0. 0. ... 0. 0. 0.],comp.os.ms-windows.misc
[0.         0.         0.         ... 0.01727643 0.         0.        ],comp.os.ms-windows.misc
[0.         0.         0.         ... 0.06360583 0.         0.        ],rec.autos
[0. 0. 0. ... 0. 0. 0.],talk.religion.misc
[0.26765639 0.         0.         ... 0.         0.         0.        ],talk.politics.misc
[0. 0. 0. ... 0. 0. 0.],talk.politics.guns
[0. 0. 0. ... 0. 0. 0.],rec.autos
[0. 0. 0. ... 0. 0. 0.],comp.sys.ibm.pc.hardware
[0. 0. 0. ... 0. 0. 0.],sci.electronics
[0.         0.         0.         ... 0.07130971 0.         0.        ],sci.electronics
[0. 0. 0. ... 0. 0. 0.],comp.os.ms-windows.misc
[0. 0. 0. ... 0. 0. 0.],rec.sport.baseball
[0.         0.02283418 0.         ... 0.01197397 0.         0.        ],comp.sys.ibm.pc.hardware
[0. 0. 0. ... 0. 0. 0.],sci.crypt
[0. 0. 0. ... 0. 0. 0.],rec.motorcycles
[0. 0. 0. ... 0. 0. 0.],talk.politics.mideast
[0. 0. 0. ... 0. 0. 0.],rec.sport.baseball
[0. 0. 0. ... 0. 0. 0.],alt.atheism
[0. 0. 0. ... 0. 0. 0.],rec.motorcycles
[0. 0. 0. ... 0. 0. 0.],comp.os.ms-windows.misc
[0.         0.         0.         ... 0.06913894 0.04608719 0.        ],misc.forsale
[0. 0. 0. ... 0. 0. 0.],sci.crypt
[0. 0. 0. ... 0. 0. 0.],soc.religion.christian
[0. 0. 0. ... 0. 0. 0.],rec.sport.hockey
[0. 0. 0. ... 0. 0. 0.],talk.religion.misc
[0. 0. 0. ... 0. 0. 0.],rec.autos
[0.         0.         0.         ... 0.11522774 0.         0.        ],rec.motorcycles
[0. 0. 0. ... 0. 0. 0.],soc.religion.christian
[0. 0. 0. ... 0. 0. 0.],talk.politics.mideast
[0. 0. 0. ... 0. 0. 0.],comp.os.ms-windows.misc
[0. 0. 0. ... 0. 0. 0.],misc.forsale
[0.         0.         0.         ... 0.04689296 0.         0.        ],comp.sys.mac.hardware
[0. 0. 0. ... 0. 0. 0.],talk.politics.misc
[0. 0. 0. ... 0. 0. 0.],comp.windows.x
[0. 0. 0. ... 0. 0. 0.],comp.graphics
[0. 0. 0. ... 0. 0. 0.],rec.sport.baseball
[0. 0. 0. ... 0. 0. 0.],comp.windows.x
[0. 0. 0. ... 0. 0. 0.],soc.religion.christian
[0. 0. 0. ... 0. 0. 0.],comp.graphics
[0.         0.         0.         ... 0.05353136 0.         0.        ],comp.graphics
[0.         0.         0.13370382 ... 0.06065214 0.         0.        ],rec.sport.hockey
[0.12873064 0.13174399 0.         ... 0.         0.         0.        ],comp.sys.mac.hardware
[0.         0.         0.         ... 0.03899736 0.         0.        ],comp.os.ms-windows.misc
[0. 0. 0. ... 0. 0. 0.],soc.religion.christian
[0.         0.         0.         ... 0.07576495 0.         0.        ],comp.sys.ibm.pc.hardware
[0. 0. 0. ... 0. 0. 0.],sci.space
[0.         0.         0.         ... 0.07920497 0.         0.        ],soc.religion.christian
[0. 0. 0. ... 0. 0. 0.],soc.religion.christian
[0. 0. 0. ... 0. 0. 0.],comp.windows.x
[0.         0.         0.         ... 0.08244371 0.         0.        ],comp.sys.ibm.pc.hardware
[0. 0. 0. ... 0. 0. 0.],sci.crypt
[0. 0. 0. ... 0. 0. 0.],rec.motorcycles
[0. 0. 0. ... 0. 0. 0.],comp.graphics
[0. 0. 0. ... 0. 0. 0.],comp.os.ms-windows.misc
[0.         0.         0.         ... 0.06487288 0.         0.        ],comp.sys.ibm.pc.hardware
[0. 0. 0. ... 0. 0. 0.],misc.forsale
[0.         0.         0.         ... 0.04401238 0.         0.        ],rec.motorcycles
[0.         0.         0.         ... 0.04935661 0.         0.        ],talk.politics.guns
[0. 0. 0. ... 0. 0. 0.],sci.med
[0. 0. 0. ... 0. 0. 0.],rec.sport.baseball
[0. 0. 0. ... 0. 0. 0.],sci.space
[0. 0. 0. ... 0. 0. 0.],soc.religion.christian
[0. 0. 0. ... 0. 0. 0.],sci.crypt
[0. 0. 0. ... 0. 0. 0.],rec.sport.baseball
[0. 0. 0. ... 0. 0. 0.],alt.atheism
[0. 0. 0. ... 0. 0. 0.],comp.graphics
[0.         0.         0.         ... 0.04047941 0.         0.        ],rec.autos
[0. 0. 0. ... 0. 0. 0.],comp.os.ms-windows.misc
[0. 0. 0. ... 0. 0. 0.],sci.crypt
[0. 0. 0. ... 0. 0. 0.],rec.motorcycles
[0. 0. 0. ... 0. 0. 0.],rec.sport.hockey
[0. 0. 0. ... 0. 0. 0.],misc.forsale
[0. 0. 0. ... 0. 0. 0.],comp.graphics
[0. 0. 0. ... 0. 0. 0.],rec.sport.hockey
[0. 0. 0. ... 0. 0. 0.],talk.politics.misc
[0.         0.09077942 0.         ... 0.         0.         0.        ],rec.sport.baseball
[0. 0. 0. ... 0. 0. 0.],talk.politics.misc
[0. 0. 0. ... 0. 0. 0.],rec.autos
[0. 0. 0. ... 0. 0. 0.],talk.politics.guns
[0.        0.0344174 0.        ... 0.        0.        0.       ],comp.windows.x
[0. 0. 0. ... 0. 0. 0.],alt.atheism
[0.         0.         0.         ... 0.02025789 0.         0.        ],comp.windows.x
[0. 0. 0. ... 0. 0. 0.],comp.os.ms-windows.misc
[0. 0. 0. ... 0. 0. 0.],rec.sport.hockey
[0.         0.         0.         ... 0.03170229 0.         0.        ],misc.forsale
[0. 0. 0. ... 0. 0. 0.],talk.politics.misc
[0. 0. 0. ... 0. 0. 0.],soc.religion.christian
[0.        0.        0.        ... 0.0257058 0.        0.       ],misc.forsale
[0.         0.         0.         ... 0.08111839 0.         0.        ],talk.politics.mideast
[0.         0.         0.         ... 0.04338542 0.         0.        ],rec.autos
[0. 0. 0. ... 0. 0. 0.],sci.electronics
[0. 0. 0. ... 0. 0. 0.],rec.sport.hockey
[0. 0. 0. ... 0. 0. 0.],comp.sys.mac.hardware
[0.         0.         0.         ... 0.04993898 0.         0.        ],sci.space
[0. 0. 0. ... 0. 0. 0.],rec.motorcycles
[0. 0. 0. ... 0. 0. 0.],comp.sys.mac.hardware
[0.        0.        0.        ... 0.0601644 0.        0.       ],rec.sport.baseball
[0. 0. 0. ... 0. 0. 0.],talk.politics.misc
[0.         0.         0.         ... 0.08612289 0.         0.        ],talk.politics.misc
[0.         0.         0.         ... 0.27875551 0.06968065 0.        ],comp.windows.x
[0.         0.         0.         ... 0.07522304 0.         0.        ],comp.sys.ibm.pc.hardware
[0. 0. 0. ... 0. 0. 0.],talk.politics.misc
[0. 0. 0. ... 0. 0. 0.],comp.os.ms-windows.misc
[0. 0. 0. ... 0. 0. 0.],talk.politics.mideast
[0. 0. 0. ... 0. 0. 0.],sci.electronics
[0.         0.         0.         ... 0.03145146 0.         0.        ],talk.politics.mideast
[0.         0.         0.         ... 0.05564632 0.         0.        ],talk.politics.misc
[0. 0. 0. ... 0. 0. 0.],misc.forsale
[0. 0. 0. ... 0. 0. 0.],soc.religion.christian
[0. 0. 0. ... 0. 0. 0.],talk.politics.guns
[0.23598502 0.         0.         ... 0.         0.         0.        ],sci.med
[0.         0.         0.         ... 0.05780008 0.         0.        ],talk.politics.mideast
[0. 0. 0. ... 0. 0. 0.],alt.atheism
[0.         0.         0.         ... 0.07754245 0.         0.        ],comp.graphics
[0. 0. 0. ... 0. 0. 0.],sci.crypt
[0. 0. 0. ... 0. 0. 0.],misc.forsale
[0. 0. 0. ... 0. 0. 0.],rec.autos
[0. 0. 0. ... 0. 0. 0.],comp.graphics
[0. 0. 0. ... 0. 0. 0.],soc.religion.christian
[0.         0.         0.         ... 0.02948015 0.         0.        ],sci.space
[0.         0.         0.         ... 0.06179967 0.         0.        ],sci.electronics
[0. 0. 0. ... 0. 0. 0.],rec.motorcycles
[0. 0. 0. ... 0. 0. 0.],sci.electronics
[0. 0. 0. ... 0. 0. 0.],comp.graphics
[0. 0. 0. ... 0. 0. 0.],comp.sys.mac.hardware
[0.         0.         0.         ... 0.02051893 0.00455922 0.        ],sci.med
[0. 0. 0. ... 0. 0. 0.],talk.politics.misc
[0.         0.         0.         ... 0.01322217 0.         0.        ],comp.graphics
[0.         0.         0.         ... 0.01619571 0.         0.        ],talk.politics.guns
[0. 0. 0. ... 0. 0. 0.],sci.med
[0. 0. 0. ... 0. 0. 0.],comp.sys.mac.hardware
[0. 0. 0. ... 0. 0. 0.],rec.sport.baseball
[0.         0.06671706 0.         ... 0.         0.         0.        ],sci.space
[0. 0. 0. ... 0. 0. 0.],soc.religion.christian
[0. 0. 0. ... 0. 0. 0.],rec.sport.baseball
[0. 0. 0. ... 0. 0. 0.],talk.politics.mideast
[0.         0.         0.         ... 0.01331113 0.         0.        ],rec.sport.baseball
[0.         0.         0.         ... 0.04032434 0.         0.        ],talk.politics.mideast
[0. 0. 0. ... 0. 0. 0.],talk.politics.misc
[0.         0.         0.         ... 0.08489187 0.         0.        ],sci.crypt
[0. 0. 0. ... 0. 0. 0.],rec.sport.hockey
[0.3570544 0.        0.        ... 0.        0.        0.       ],comp.sys.ibm.pc.hardware
[0. 0. 0. ... 0. 0. 0.],rec.sport.hockey
[0.         0.         0.         ... 0.08642636 0.         0.        ],rec.autos
[0. 0. 0. ... 0. 0. 0.],rec.sport.baseball
[0. 0. 0. ... 0. 0. 0.],talk.politics.misc
[0. 0. 0. ... 0. 0. 0.],comp.os.ms-windows.misc
[0. 0. 0. ... 0. 0. 0.],rec.sport.hockey
[0. 0. 0. ... 0. 0. 0.],talk.politics.guns
[0. 0. 0. ... 0. 0. 0.],sci.space
[0. 0. 0. ... 0. 0. 0.],sci.med
[0. 0. 0. ... 0. 0. 0.],soc.religion.christian
[0. 0. 0. ... 0. 0. 0.],rec.sport.baseball
[0.         0.         0.         ... 0.05022688 0.         0.        ],rec.sport.hockey
[0.         0.         0.         ... 0.04044009 0.         0.        ],comp.sys.mac.hardware
[0. 0. 0. ... 0. 0. 0.],sci.space
[0. 0. 0. ... 0. 0. 0.],rec.motorcycles
[0. 0. 0. ... 0. 0. 0.],talk.politics.misc
[0. 0. 0. ... 0. 0. 0.],rec.motorcycles
[0.         0.         0.         ... 0.02569693 0.         0.        ],comp.windows.x
[0. 0. 0. ... 0. 0. 0.],talk.politics.mideast
[0.         0.         0.         ... 0.12491841 0.         0.        ],soc.religion.christian
[0.         0.         0.         ... 0.09902904 0.         0.        ],rec.sport.baseball
[0. 0. 0. ... 0. 0. 0.],rec.sport.hockey
[0. 0. 0. ... 0. 0. 0.],rec.autos
[0. 0. 0. ... 0. 0. 0.],comp.os.ms-windows.misc
[0. 0. 0. ... 0. 0. 0.],sci.med
[0. 0. 0. ... 0. 0. 0.],sci.med
[0.         0.         0.         ... 0.18259944 0.         0.        ],talk.religion.misc
[0. 0. 0. ... 0. 0. 0.],rec.autos
[0. 0. 0. ... 0. 0. 0.],sci.space
[0.         0.         0.         ... 0.01437656 0.02874972 0.        ],sci.electronics
[0. 0. 0. ... 0. 0. 0.],comp.graphics
[0. 0. 0. ... 0. 0. 0.],sci.space
[0. 0. 0. ... 0. 0. 0.],rec.sport.baseball
[0. 0. 0. ... 0. 0. 0.],rec.sport.hockey
[0. 0. 0. ... 0. 0. 0.],comp.graphics
[0.        0.        0.        ... 0.0210767 0.        0.       ],alt.atheism
[0. 0. 0. ... 0. 0. 0.],sci.crypt
[0. 0. 0. ... 0. 0. 0.],rec.sport.hockey
[0. 0. 0. ... 0. 0. 0.],talk.politics.guns
[0.         0.         0.         ... 0.10004737 0.         0.        ],sci.electronics
[0. 0. 0. ... 0. 0. 0.],comp.graphics
[0.        0.        0.        ... 0.0118524 0.        0.       ],comp.sys.ibm.pc.hardware
[0. 0. 0. ... 0. 0. 0.],misc.forsale
[0. 0. 0. ... 0. 0. 0.],comp.windows.x
[0. 0. 0. ... 0. 0. 0.],sci.crypt
[0. 0. 0. ... 0. 0. 0.],sci.crypt
[0. 0. 0. ... 0. 0. 0.],misc.forsale
[0.         0.         0.         ... 0.01942043 0.         0.        ],comp.windows.x
[0. 0. 0. ... 0. 0. 0.],sci.electronics
[0. 0. 0. ... 0. 0. 0.],comp.sys.ibm.pc.hardware
[0.         0.         0.         ... 0.         0.09562395 0.        ],rec.motorcycles
[0.         0.         0.         ... 0.08872838 0.         0.        ],alt.atheism
[0.         0.         0.         ... 0.04338602 0.         0.        ],comp.os.ms-windows.misc
[0.        0.        0.        ... 0.0585623 0.        0.       ],alt.atheism
[0. 0. 0. ... 0. 0. 0.],sci.space
[0. 0. 0. ... 0. 0. 0.],comp.graphics
[0. 0. 0. ... 0. 0. 0.],rec.sport.hockey
[0.         0.         0.         ... 0.05601721 0.         0.        ],sci.med
[0.        0.        0.        ... 0.0143448 0.        0.       ],sci.space
[0. 0. 0. ... 0. 0. 0.],rec.autos
[0.         0.         0.         ... 0.07118177 0.         0.        ],talk.politics.mideast
[0.         0.15285539 0.         ... 0.0160311  0.         0.        ],rec.motorcycles
[0.         0.         0.         ... 0.04588376 0.         0.        ],sci.med
[0. 0. 0. ... 0. 0. 0.],sci.crypt
[0. 0. 0. ... 0. 0. 0.],comp.os.ms-windows.misc
[0.         0.         0.         ... 0.07761475 0.         0.        ],rec.sport.baseball
[0. 0. 0. ... 0. 0. 0.],comp.sys.mac.hardware
[0.         0.         0.         ... 0.12108603 0.         0.        ],misc.forsale
[0. 0. 0. ... 0. 0. 0.],talk.politics.guns
[0.         0.         0.         ... 0.03023039 0.         0.        ],comp.os.ms-windows.misc
[0. 0. 0. ... 0. 0. 0.],talk.religion.misc
[0. 0. 0. ... 0. 0. 0.],comp.graphics
[0. 0. 0. ... 0. 0. 0.],talk.religion.misc
[0. 0. 0. ... 0. 0. 0.],rec.autos
[0. 0. 0. ... 0. 0. 0.],sci.crypt
[0. 0. 0. ... 0. 0. 0.],sci.space
[0. 0. 0. ... 0. 0. 0.],alt.atheism
[0. 0. 0. ... 0. 0. 0.],sci.electronics
[0. 0. 0. ... 0. 0. 0.],comp.graphics
[0. 0. 0. ... 0. 0. 0.],talk.politics.misc
[0. 0. 0. ... 0. 0. 0.],soc.religion.christian
[0. 0. 0. ... 0. 0. 0.],rec.autos
[0.         0.         0.         ... 0.         0.08113141 0.        ],rec.sport.baseball
[0.         0.         0.         ... 0.04789797 0.         0.        ],rec.autos
[0. 0. 0. ... 0. 0. 0.],comp.graphics
[0.        0.        0.        ... 0.1428591 0.        0.       ],rec.sport.hockey
[0.       0.       0.       ... 0.177457 0.       0.      ],comp.os.ms-windows.misc
[0. 0. 0. ... 0. 0. 0.],talk.politics.misc
[0. 0. 0. ... 0. 0. 0.],rec.autos
[0. 0. 0. ... 0. 0. 0.],sci.space
[0.         0.         0.         ... 0.07339386 0.         0.        ],sci.space
[0.        0.        0.        ... 0.0503623 0.        0.       ],alt.atheism
[0.         0.06725186 0.         ... 0.         0.         0.        ],alt.atheism
[0.         0.         0.         ... 0.09486245 0.         0.        ],soc.religion.christian
[0.         0.         0.         ... 0.06599147 0.         0.        ],comp.sys.mac.hardware
[0. 0. 0. ... 0. 0. 0.],comp.windows.x
[0. 0. 0. ... 0. 0. 0.],rec.sport.baseball
[0. 0. 0. ... 0. 0. 0.],comp.graphics
[0. 0. 0. ... 0. 0. 0.],sci.med
[0. 0. 0. ... 0. 0. 0.],talk.politics.mideast
[0. 0. 0. ... 0. 0. 0.],rec.sport.baseball
[0. 0. 0. ... 0. 0. 0.],comp.sys.ibm.pc.hardware
[0. 0. 0. ... 0. 0. 0.],soc.religion.christian
[0. 0. 0. ... 0. 0. 0.],rec.motorcycles
[0. 0. 0. ... 0. 0. 0.],sci.crypt
[0.         0.         0.         ... 0.0987615  0.02821424 0.        ],talk.politics.misc
[0.02561144 0.         0.         ... 0.06872354 0.         0.        ],talk.politics.guns
[0. 0. 0. ... 0. 0. 0.],talk.religion.misc
[0.02121379 0.         0.02509675 ... 0.         0.         0.        ],rec.autos
[0. 0. 0. ... 0. 0. 0.],misc.forsale
[0. 0. 0. ... 0. 0. 0.],talk.politics.misc
[0. 0. 0. ... 0. 0. 0.],comp.windows.x
[0.        0.        0.        ... 0.0532238 0.        0.       ],comp.os.ms-windows.misc
[0. 0. 0. ... 0. 0. 0.],talk.politics.guns
[0. 0. 0. ... 0. 0. 0.],misc.forsale
[0. 0. 0. ... 0. 0. 0.],comp.windows.x
[0. 0. 0. ... 0. 0. 0.],sci.med
[0.         0.         0.         ... 0.02274986 0.         0.        ],talk.politics.misc
[0. 0. 0. ... 0. 0. 0.],talk.politics.mideast
[0. 0. 0. ... 0. 0. 0.],talk.politics.misc
[0. 0. 0. ... 0. 0. 0.],talk.religion.misc
[0. 0. 0. ... 0. 0. 0.],talk.religion.misc
[0.         0.         0.         ... 0.07839457 0.         0.        ],comp.windows.x
[0.         0.29856302 0.         ... 0.         0.         0.        ],misc.forsale
[0. 0. 0. ... 0. 0. 0.],rec.sport.hockey
[0.         0.         0.         ... 0.13948948 0.09298201 0.        ],comp.windows.x
[0.         0.         0.         ... 0.03993864 0.         0.        ],comp.graphics
[0. 0. 0. ... 0. 0. 0.],sci.crypt
[0. 0. 0. ... 0. 0. 0.],comp.graphics
[0.71971981 0.         0.         ... 0.         0.         0.        ],rec.sport.baseball
[0.         0.         0.         ... 0.02140317 0.         0.        ],comp.graphics
[0.         0.         0.         ... 0.03181911 0.         0.        ],talk.politics.guns
[0. 0. 0. ... 0. 0. 0.],rec.sport.hockey
[0.        0.        0.        ... 0.0579605 0.        0.       ],rec.sport.baseball
[0. 0. 0. ... 0. 0. 0.],comp.windows.x
[0.         0.         0.         ... 0.03491683 0.         0.        ],sci.crypt
[0. 0. 0. ... 0. 0. 0.],talk.politics.guns
[0. 0. 0. ... 0. 0. 0.],rec.sport.hockey
[0.         0.         0.         ... 0.01503793 0.         0.        ],rec.motorcycles
[0.1490542 0.        0.        ... 0.        0.        0.       ],rec.autos
[0.         0.         0.         ... 0.12669808 0.         0.        ],rec.autos
[0. 0. 0. ... 0. 0. 0.],sci.med
[0. 0. 0. ... 0. 0. 0.],talk.politics.mideast
[0. 0. 0. ... 0. 0. 0.],rec.sport.hockey
[0. 0. 0. ... 0. 0. 0.],comp.graphics
[0. 0. 0. ... 0. 0. 0.],talk.religion.misc
[0.         0.         0.         ... 0.08469963 0.         0.        ],comp.sys.ibm.pc.hardware
[0. 0. 0. ... 0. 0. 0.],rec.autos
[0.        0.        0.        ... 0.0487172 0.        0.       ],talk.politics.guns
[0. 0. 0. ... 0. 0. 0.],comp.sys.ibm.pc.hardware
[0. 0. 0. ... 0. 0. 0.],rec.motorcycles
[0.        0.        0.        ... 0.0119148 0.        0.       ],comp.windows.x
[0. 0. 0. ... 0. 0. 0.],comp.graphics
[0.         0.         0.         ... 0.03448978 0.         0.        ],sci.space
[0. 0. 0. ... 0. 0. 0.],talk.politics.misc
[0. 0. 0. ... 0. 0. 0.],comp.os.ms-windows.misc
[0. 0. 0. ... 0. 0. 0.],comp.sys.ibm.pc.hardware
[0. 0. 0. ... 0. 0. 0.],rec.motorcycles
[0.         0.         0.         ... 0.05044104 0.         0.        ],sci.space
[0.         0.         0.         ... 0.03042593 0.         0.        ],rec.sport.baseball
[0. 0. 0. ... 0. 0. 0.],sci.electronics
[0.01814603 0.         0.         ... 0.0194766  0.         0.        ],talk.religion.misc
[0. 0. 0. ... 0. 0. 0.],rec.sport.baseball
[0. 0. 0. ... 0. 0. 0.],comp.windows.x
[0. 0. 0. ... 0. 0. 0.],talk.religion.misc
[0.         0.         0.         ... 0.         0.10895516 0.        ],comp.os.ms-windows.misc
[0. 0. 0. ... 0. 0. 0.],comp.graphics
[0.         0.         0.         ... 0.06346653 0.         0.        ],comp.sys.ibm.pc.hardware
[0. 0. 0. ... 0. 0. 0.],talk.religion.misc
[0.06135964 0.         0.         ... 0.         0.         0.        ],misc.forsale
[0. 0. 0. ... 0. 0. 0.],talk.politics.misc
[0. 0. 0. ... 0. 0. 0.],comp.sys.mac.hardware
[0.         0.         0.         ... 0.03358261 0.         0.        ],rec.sport.baseball
[0.        0.        0.        ... 0.0770974 0.        0.       ],talk.politics.misc
[0. 0. 0. ... 0. 0. 0.],comp.sys.mac.hardware
[0.04739261 0.         0.         ... 0.         0.         0.        ],soc.religion.christian
[0. 0. 0. ... 0. 0. 0.],comp.windows.x
[0.         0.         0.         ... 0.04479412 0.         0.        ],talk.politics.guns
[0. 0. 0. ... 0. 0. 0.],comp.sys.ibm.pc.hardware
[0. 0. 0. ... 0. 0. 0.],sci.med
[0.         0.         0.         ... 0.04345298 0.         0.        ],comp.graphics
[0. 0. 0. ... 0. 0. 0.],rec.sport.hockey
[0. 0. 0. ... 0. 0. 0.],comp.sys.mac.hardware
[0.         0.         0.         ... 0.14018025 0.         0.        ],talk.politics.guns
[0.         0.         0.         ... 0.04571243 0.         0.        ],sci.crypt
[0. 0. 0. ... 0. 0. 0.],misc.forsale
[0.         0.         0.         ... 0.02446844 0.         0.        ],sci.space
[0. 0. 0. ... 0. 0. 0.],sci.crypt
[0. 0. 0. ... 0. 0. 0.],sci.med
[0. 0. 0. ... 0. 0. 0.],talk.religion.misc
[0.         0.         0.         ... 0.08836103 0.         0.        ],rec.sport.baseball
[0.        0.        0.        ... 0.0675438 0.        0.       ],comp.windows.x
[0. 0. 0. ... 0. 0. 0.],alt.atheism
[0.01316837 0.         0.         ... 0.21907624 0.00706614 0.        ],rec.sport.baseball
[0. 0. 0. ... 0. 0. 0.],talk.politics.mideast
[0. 0. 0. ... 0. 0. 0.],talk.politics.guns
[0.00363425 0.         0.         ... 0.04485841 0.         0.        ],comp.sys.ibm.pc.hardware
[0.        0.        0.        ... 0.0796326 0.        0.       ],sci.med
[0. 0. 0. ... 0. 0. 0.],rec.motorcycles
[0. 0. 0. ... 0. 0. 0.],talk.politics.guns
[0.         0.         0.         ... 0.03164774 0.         0.        ],soc.religion.christian
[0. 0. 0. ... 0. 0. 0.],sci.electronics
[0.        0.        0.        ... 0.0887066 0.        0.       ],talk.politics.guns
[0. 0. 0. ... 0. 0. 0.],soc.religion.christian
[0. 0. 0. ... 0. 0. 0.],comp.sys.mac.hardware
[0.         0.         0.         ... 0.12345668 0.         0.        ],sci.electronics
[0.         0.         0.         ... 0.03976264 0.         0.        ],sci.space
[0.01777947 0.01819565 0.         ... 0.         0.         0.        ],comp.graphics
[0. 0. 0. ... 0. 0. 0.],talk.politics.guns
[0. 0. 0. ... 0. 0. 0.],alt.atheism
[0. 0. 0. ... 0. 0. 0.],rec.motorcycles
[0. 0. 0. ... 0. 0. 0.],misc.forsale
[0. 0. 0. ... 0. 0. 0.],rec.sport.baseball
[0. 0. 0. ... 0. 0. 0.],comp.graphics
[0. 0. 0. ... 0. 0. 0.],rec.motorcycles
[0. 0. 0. ... 0. 0. 0.],comp.sys.ibm.pc.hardware
[0. 0. 0. ... 0. 0. 0.],comp.os.ms-windows.misc
[0.         0.         0.         ... 0.08265463 0.         0.        ],alt.atheism
[0.         0.         0.         ... 0.02870913 0.         0.        ],sci.space
[0. 0. 0. ... 0. 0. 0.],alt.atheism
[0.         0.         0.         ... 0.04277536 0.         0.        ],comp.windows.x
[0. 0. 0. ... 0. 0. 0.],talk.religion.misc
[0.         0.         0.         ... 0.06209866 0.         0.        ],sci.crypt
[0. 0. 0. ... 0. 0. 0.],talk.politics.mideast
[0. 0. 0. ... 0. 0. 0.],talk.politics.mideast
[0. 0. 0. ... 0. 0. 0.],rec.motorcycles
[0. 0. 0. ... 0. 0. 0.],rec.autos
[0. 0. 0. ... 0. 0. 0.],soc.religion.christian
[0. 0. 0. ... 0. 0. 0.],talk.politics.misc
[0.         0.         0.         ... 0.02628456 0.         0.        ],comp.windows.x
[0.1314358 0.        0.        ... 0.        0.        0.       ],comp.sys.ibm.pc.hardware
[0. 0. 0. ... 0. 0. 0.],comp.os.ms-windows.misc
[0. 0. 0. ... 0. 0. 0.],sci.med
[0. 0. 0. ... 0. 0. 0.],comp.sys.ibm.pc.hardware
[0.         0.         0.         ... 0.         0.11534564 0.        ],rec.motorcycles
[0. 0. 0. ... 0. 0. 0.],rec.motorcycles
[0.         0.         0.         ... 0.02132033 0.         0.        ],talk.politics.mideast
[0. 0. 0. ... 0. 0. 0.],comp.sys.ibm.pc.hardware
[0.         0.         0.         ... 0.02265855 0.         0.        ],sci.med
[0. 0. 0. ... 0. 0. 0.],comp.sys.ibm.pc.hardware
[0. 0. 0. ... 0. 0. 0.],rec.sport.baseball
[0. 0. 0. ... 0. 0. 0.],comp.os.ms-windows.misc
[0. 0. 0. ... 0. 0. 0.],comp.windows.x
[0.         0.         0.         ... 0.02723326 0.         0.        ],comp.windows.x
[0. 0. 0. ... 0. 0. 0.],soc.religion.christian
[0.        0.        0.        ... 0.0730663 0.        0.       ],misc.forsale
[0.         0.         0.         ... 0.04418425 0.         0.        ],rec.sport.hockey
[0. 0. 0. ... 0. 0. 0.],rec.motorcycles
[0. 0. 0. ... 0. 0. 0.],rec.autos
[0.        0.        0.        ... 0.0151554 0.        0.       ],comp.sys.mac.hardware
[0. 0. 0. ... 0. 0. 0.],rec.motorcycles
[0.03114281 0.06374362 0.00921079 ... 0.0041783  0.         0.        ],rec.autos
[0.         0.         0.         ... 0.02718836 0.         0.        ],comp.windows.x
[0. 0. 0. ... 0. 0. 0.],talk.politics.mideast
[0. 0. 0. ... 0. 0. 0.],rec.motorcycles
[0.         0.1727233  0.         ... 0.03019134 0.         0.        ],talk.politics.mideast
[0. 0. 0. ... 0. 0. 0.],sci.med
[0.         0.         0.         ... 0.02355162 0.02354884 0.        ],comp.graphics
[0. 0. 0. ... 0. 0. 0.],comp.sys.ibm.pc.hardware
[0. 0. 0. ... 0. 0. 0.],comp.windows.x
[0.         0.39561511 0.         ... 0.07779591 0.         0.        ],misc.forsale
[0.         0.         0.         ... 0.07455263 0.         0.        ],talk.religion.misc
[0. 0. 0. ... 0. 0. 0.],talk.politics.guns
[0. 0. 0. ... 0. 0. 0.],comp.sys.ibm.pc.hardware
[0. 0. 0. ... 0. 0. 0.],comp.windows.x
[0. 0. 0. ... 0. 0. 0.],rec.autos
[0. 0. 0. ... 0. 0. 0.],rec.autos
[0.09671267 0.         0.         ... 0.         0.         0.        ],comp.graphics
[0. 0. 0. ... 0. 0. 0.],sci.electronics
[0. 0. 0. ... 0. 0. 0.],comp.graphics
[0.        0.        0.        ... 0.0485891 0.        0.       ],soc.religion.christian
[0. 0. 0. ... 0. 0. 0.],rec.motorcycles
[0. 0. 0. ... 0. 0. 0.],rec.sport.hockey
[0. 0. 0. ... 0. 0. 0.],alt.atheism
[0.         0.         0.         ... 0.01950815 0.         0.        ],sci.electronics
[0.         0.         0.         ... 0.07129846 0.         0.        ],rec.sport.hockey
[0.         0.         0.         ... 0.01221931 0.         0.        ],rec.autos
[0. 0. 0. ... 0. 0. 0.],rec.sport.baseball
[0. 0. 0. ... 0. 0. 0.],comp.sys.ibm.pc.hardware
[0. 0. 0. ... 0. 0. 0.],alt.atheism
[0. 0. 0. ... 0. 0. 0.],soc.religion.christian
[0.        0.        0.        ... 0.1840168 0.        0.       ],rec.sport.hockey
[0. 0. 0. ... 0. 0. 0.],talk.politics.mideast
[0. 0. 0. ... 0. 0. 0.],sci.crypt
[0. 0. 0. ... 0. 0. 0.],rec.sport.baseball
[0.         0.         0.         ... 0.04708112 0.         0.        ],rec.sport.baseball
[0.         0.         0.         ... 0.05654994 0.         0.        ],comp.windows.x
[0.         0.         0.         ... 0.07866457 0.         0.        ],comp.os.ms-windows.misc
[0. 0. 0. ... 0. 0. 0.],comp.sys.ibm.pc.hardware
[0.         0.         0.         ... 0.12991435 0.         0.        ],comp.graphics
[0.         0.06648815 0.         ... 0.         0.06972293 0.        ],comp.sys.mac.hardware
[0. 0. 0. ... 0. 0. 0.],sci.electronics
[0. 0. 0. ... 0. 0. 0.],sci.med
[0.         0.         0.         ... 0.03577758 0.         0.        ],sci.electronics
[0. 0. 0. ... 0. 0. 0.],comp.sys.mac.hardware
[0. 0. 0. ... 0. 0. 0.],comp.sys.mac.hardware
[0. 0. 0. ... 0. 0. 0.],alt.atheism
[0. 0. 0. ... 0. 0. 0.],rec.motorcycles
[0. 0. 0. ... 0. 0. 0.],sci.med
[0.         0.         0.         ... 0.07537522 0.         0.19380215],alt.atheism
[0. 0. 0. ... 0. 0. 0.],comp.os.ms-windows.misc
[0. 0. 0. ... 0. 0. 0.],talk.politics.guns
[0. 0. 0. ... 0. 0. 0.],rec.autos
[0. 0. 0. ... 0. 0. 0.],comp.sys.mac.hardware
[0. 0. 0. ... 0. 0. 0.],rec.motorcycles
[0. 0. 0. ... 0. 0. 0.],comp.windows.x
[0. 0. 0. ... 0. 0. 0.],rec.sport.baseball
[0.         0.         0.         ... 0.03605826 0.         0.        ],misc.forsale
[0. 0. 0. ... 0. 0. 0.],comp.os.ms-windows.misc
[0. 0. 0. ... 0. 0. 0.],talk.politics.guns
[0. 0. 0. ... 0. 0. 0.],talk.politics.mideast
[0. 0. 0. ... 0. 0. 0.],talk.politics.guns
[0.        0.0485483 0.        ... 0.        0.        0.       ],comp.sys.mac.hardware
[0.         0.         0.         ... 0.08690664 0.         0.        ],comp.sys.mac.hardware
[0.        0.        0.        ... 0.0901975 0.        0.       ],comp.windows.x
[0. 0. 0. ... 0. 0. 0.],talk.religion.misc
[0. 0. 0. ... 0. 0. 0.],misc.forsale
[0. 0. 0. ... 0. 0. 0.],talk.politics.guns
[0. 0. 0. ... 0. 0. 0.],comp.windows.x
[0.         0.         0.         ... 0.14223157 0.         0.        ],rec.sport.hockey
[0. 0. 0. ... 0. 0. 0.],comp.graphics
[0. 0. 0. ... 0. 0. 0.],alt.atheism
[0. 0. 0. ... 0. 0. 0.],talk.religion.misc
[0. 0. 0. ... 0. 0. 0.],comp.sys.ibm.pc.hardware
[0.089519 0.       0.       ... 0.       0.       0.      ],rec.autos
[0.         0.         0.         ... 0.03849105 0.         0.        ],rec.sport.hockey
[0.         0.         0.         ... 0.02328017 0.         0.        ],sci.crypt
[0.         0.         0.         ... 0.02031541 0.         0.        ],sci.crypt
[0.         0.         0.         ... 0.         0.06517356 0.        ],comp.sys.ibm.pc.hardware
[0.         0.         0.         ... 0.10337007 0.         0.        ],sci.space
[0. 0. 0. ... 0. 0. 0.],sci.med
[0. 0. 0. ... 0. 0. 0.],comp.sys.ibm.pc.hardware
[0. 0. 0. ... 0. 0. 0.],comp.sys.ibm.pc.hardware
[0. 0. 0. ... 0. 0. 0.],sci.med
[0. 0. 0. ... 0. 0. 0.],comp.windows.x
[0. 0. 0. ... 0. 0. 0.],rec.motorcycles
[0. 0. 0. ... 0. 0. 0.],alt.atheism
[0.         0.         0.         ... 0.04965556 0.         0.        ],misc.forsale
[0. 0. 0. ... 0. 0. 0.],talk.religion.misc
[0.         0.         0.         ... 0.08921197 0.10704172 0.        ],alt.atheism
[0. 0. 0. ... 0. 0. 0.],rec.sport.baseball
[0. 0. 0. ... 0. 0. 0.],talk.religion.misc
[0. 0. 0. ... 0. 0. 0.],talk.religion.misc
[0.02451079 0.         0.         ... 0.         0.         0.        ],alt.atheism
[0. 0. 0. ... 0. 0. 0.],comp.os.ms-windows.misc
[0. 0. 0. ... 0. 0. 0.],rec.motorcycles
[0.         0.         0.         ... 0.04188017 0.         0.        ],comp.sys.mac.hardware
[0. 0. 0. ... 0. 0. 0.],rec.motorcycles
[0. 0. 0. ... 0. 0. 0.],comp.windows.x
[0. 0. 0. ... 0. 0. 0.],comp.windows.x
[0.         0.         0.         ... 0.17954271 0.         0.        ],talk.politics.misc
[0. 0. 0. ... 0. 0. 0.],comp.sys.mac.hardware
[0. 0. 0. ... 0. 0. 0.],comp.os.ms-windows.misc
[0.         0.         0.         ... 0.06703701 0.         0.        ],talk.religion.misc
[0.         0.         0.         ... 0.18819985 0.04181725 0.        ],comp.sys.mac.hardware
[0.10418779 0.         0.         ... 0.         0.         0.        ],misc.forsale
[0.         0.         0.         ... 0.04877405 0.09753659 0.        ],comp.os.ms-windows.misc
[0. 0. 0. ... 0. 0. 0.],rec.motorcycles
[0. 0. 0. ... 0. 0. 0.],misc.forsale
[0. 0. 0. ... 0. 0. 0.],comp.sys.ibm.pc.hardware
[0. 0. 0. ... 0. 0. 0.],soc.religion.christian
[0. 0. 0. ... 0. 0. 0.],soc.religion.christian
[0. 0. 0. ... 0. 0. 0.],rec.autos
[0.         0.         0.         ... 0.05384522 0.         0.        ],talk.religion.misc
[0.14093858 0.         0.         ... 0.         0.         0.        ],sci.med
[0. 0. 0. ... 0. 0. 0.],comp.graphics
[0. 0. 0. ... 0. 0. 0.],talk.politics.guns
[0. 0. 0. ... 0. 0. 0.],comp.sys.mac.hardware
[0.03924686 0.         0.         ... 0.         0.         0.        ],comp.sys.mac.hardware
[0. 0. 0. ... 0. 0. 0.],talk.politics.mideast
[0. 0. 0. ... 0. 0. 0.],sci.med
[0.         0.         0.         ... 0.02439748 0.         0.        ],talk.politics.guns
[0. 0. 0. ... 0. 0. 0.],sci.med
[0.         0.         0.         ... 0.10510533 0.         0.        ],alt.atheism
[0. 0. 0. ... 0. 0. 0.],comp.sys.ibm.pc.hardware
[0. 0. 0. ... 0. 0. 0.],soc.religion.christian
[0. 0. 0. ... 0. 0. 0.],rec.motorcycles
[0. 0. 0. ... 0. 0. 0.],sci.electronics
[0.         0.         0.         ... 0.08504485 0.         0.        ],rec.autos
[0. 0. 0. ... 0. 0. 0.],comp.windows.x
[0.         0.         0.         ... 0.08665805 0.         0.        ],comp.sys.mac.hardware
[0. 0. 0. ... 0. 0. 0.],rec.sport.hockey
[0. 0. 0. ... 0. 0. 0.],talk.politics.misc
[0. 0. 0. ... 0. 0. 0.],sci.crypt
[0. 0. 0. ... 0. 0. 0.],comp.sys.ibm.pc.hardware
[0.         0.         0.         ... 0.         0.09699873 0.        ],rec.motorcycles
[0.         0.         0.         ... 0.07267894 0.         0.09343478],sci.med
[0. 0. 0. ... 0. 0. 0.],comp.os.ms-windows.misc
[0.       0.       0.       ... 0.115328 0.       0.      ],sci.space
[0. 0. 0. ... 0. 0. 0.],talk.politics.mideast
[0. 0. 0. ... 0. 0. 0.],comp.windows.x
[0.         0.         0.         ... 0.02206026 0.         0.        ],sci.crypt
[0. 0. 0. ... 0. 0. 0.],comp.sys.mac.hardware
[0. 0. 0. ... 0. 0. 0.],sci.med
[0. 0. 0. ... 0. 0. 0.],sci.med
[0. 0. 0. ... 0. 0. 0.],rec.autos
[0. 0. 0. ... 0. 0. 0.],rec.motorcycles
[0. 0. 0. ... 0. 0. 0.],rec.motorcycles
[0. 0. 0. ... 0. 0. 0.],comp.graphics
[0.         0.         0.         ... 0.07572139 0.         0.        ],rec.autos
[0.         0.         0.         ... 0.03143349 0.         0.        ],sci.space
[0. 0. 0. ... 0. 0. 0.],sci.space
[0. 0. 0. ... 0. 0. 0.],comp.sys.ibm.pc.hardware
[0.         0.08684401 0.         ... 0.         0.         0.        ],sci.crypt
[0. 0. 0. ... 0. 0. 0.],sci.crypt
[0.         0.0458597  0.         ... 0.02404827 0.         0.        ],comp.sys.mac.hardware
[0. 0. 0. ... 0. 0. 0.],sci.crypt
[0. 0. 0. ... 0. 0. 0.],rec.autos
[0. 0. 0. ... 0. 0. 0.],soc.religion.christian
[0. 0. 0. ... 0. 0. 0.],comp.windows.x
[0.        0.        0.0824918 ... 0.        0.        0.       ],comp.graphics
[0. 0. 0. ... 0. 0. 0.],comp.windows.x
[0. 0. 0. ... 0. 0. 0.],misc.forsale
[0. 0. 0. ... 0. 0. 0.],comp.os.ms-windows.misc
[0. 0. 0. ... 0. 0. 0.],misc.forsale
[0. 0. 0. ... 0. 0. 0.],alt.atheism
[0. 0. 0. ... 0. 0. 0.],talk.politics.guns
[0. 0. 0. ... 0. 0. 0.],misc.forsale
[0.        0.        0.        ... 0.0272233 0.        0.       ],sci.space
[0.         0.         0.         ... 0.01685349 0.         0.        ],soc.religion.christian
[0.         0.         0.         ... 0.02940051 0.         0.        ],talk.religion.misc
[0. 0. 0. ... 0. 0. 0.],rec.sport.hockey
[0. 0. 0. ... 0. 0. 0.],alt.atheism
[0. 0. 0. ... 0. 0. 0.],sci.electronics
[0.         0.         0.         ... 0.02290917 0.         0.        ],rec.sport.baseball
[0. 0. 0. ... 0. 0. 0.],talk.religion.misc
[0. 0. 0. ... 0. 0. 0.],rec.sport.hockey
[0. 0. 0. ... 0. 0. 0.],sci.space
[0. 0. 0. ... 0. 0. 0.],rec.sport.baseball
[0.         0.         0.         ... 0.03149445 0.         0.        ],misc.forsale
[0. 0. 0. ... 0. 0. 0.],talk.religion.misc
[0. 0. 0. ... 0. 0. 0.],sci.crypt
[0.         0.         0.         ... 0.05248152 0.         0.        ],comp.sys.mac.hardware
[0.        0.        0.        ... 0.0921687 0.        0.       ],rec.sport.baseball
[0. 0. 0. ... 0. 0. 0.],talk.politics.misc
[0. 0. 0. ... 0. 0. 0.],sci.crypt
[0. 0. 0. ... 0. 0. 0.],sci.space
[0.         0.         0.         ... 0.03948556 0.         0.        ],rec.autos
[0. 0. 0. ... 0. 0. 0.],alt.atheism
[0. 0. 0. ... 0. 0. 0.],talk.religion.misc
[0.         0.         0.         ... 0.12252228 0.         0.        ],alt.atheism
[0.16516356 0.         0.         ... 0.08863715 0.         0.        ],sci.space
[0. 0. 0. ... 0. 0. 0.],talk.politics.mideast
[0. 0. 0. ... 0. 0. 0.],talk.religion.misc
[0.         0.         0.         ... 0.12562901 0.         0.        ],comp.windows.x
[0. 0. 0. ... 0. 0. 0.],sci.space
[0. 0. 0. ... 0. 0. 0.],sci.space
[0. 0. 0. ... 0. 0. 0.],talk.politics.mideast
[0.         0.         0.         ... 0.03279439 0.         0.        ],sci.electronics
[0. 0. 0. ... 0. 0. 0.],rec.autos
[0.         0.         0.         ... 0.08851081 0.         0.        ],comp.windows.x
[0. 0. 0. ... 0. 0. 0.],sci.crypt
[0. 0. 0. ... 0. 0. 0.],talk.religion.misc
[0. 0. 0. ... 0. 0. 0.],sci.electronics
[0. 0. 0. ... 0. 0. 0.],comp.windows.x
[0. 0. 0. ... 0. 0. 0.],comp.sys.ibm.pc.hardware
[0.         0.         0.         ... 0.05982766 0.         0.        ],misc.forsale
[0.         0.         0.         ... 0.         0.         0.12859256],alt.atheism
[0.        0.        0.        ... 0.0341055 0.        0.       ],rec.motorcycles
[0. 0. 0. ... 0. 0. 0.],comp.graphics
[0. 0. 0. ... 0. 0. 0.],talk.politics.mideast
[0.        0.        0.        ... 0.0701156 0.        0.       ],comp.windows.x
[0. 0. 0. ... 0. 0. 0.],rec.motorcycles
[0.10682313 0.         0.12637596 ... 0.057328   0.         0.        ],comp.sys.ibm.pc.hardware
[0. 0. 0. ... 0. 0. 0.],comp.graphics
[0. 0. 0. ... 0. 0. 0.],alt.atheism
[0. 0. 0. ... 0. 0. 0.],rec.sport.baseball
[0.         0.         0.         ... 0.03637113 0.         0.        ],comp.sys.mac.hardware
[0. 0. 0. ... 0. 0. 0.],alt.atheism
[0. 0. 0. ... 0. 0. 0.],soc.religion.christian
[0. 0. 0. ... 0. 0. 0.],sci.crypt
[0. 0. 0. ... 0. 0. 0.],alt.atheism
[0. 0. 0. ... 0. 0. 0.],sci.electronics
[0. 0. 0. ... 0. 0. 0.],alt.atheism
[0.         0.07503023 0.         ... 0.         0.         0.        ],comp.sys.ibm.pc.hardware
[0. 0. 0. ... 0. 0. 0.],sci.crypt
[0. 0. 0. ... 0. 0. 0.],sci.crypt
[0. 0. 0. ... 0. 0. 0.],comp.graphics
[0.09993101 0.         0.         ... 0.         0.         0.        ],talk.politics.guns
[0.         0.         0.         ... 0.11817941 0.         0.        ],sci.electronics
[0. 0. 0. ... 0. 0. 0.],rec.autos
[0. 0. 0. ... 0. 0. 0.],alt.atheism
[0. 0. 0. ... 0. 0. 0.],rec.sport.hockey
[0. 0. 0. ... 0. 0. 0.],misc.forsale
[0. 0. 0. ... 0. 0. 0.],rec.motorcycles
[0. 0. 0. ... 0. 0. 0.],talk.politics.guns
[0.         0.         0.         ... 0.04329276 0.         0.        ],sci.med
[0. 0. 0. ... 0. 0. 0.],rec.autos
[0. 0. 0. ... 0. 0. 0.],rec.autos
[0.        0.        0.        ... 0.0245275 0.        0.       ],comp.sys.mac.hardware
[0. 0. 0. ... 0. 0. 0.],comp.windows.x
[0. 0. 0. ... 0. 0. 0.],alt.atheism
[0.09402509 0.         0.         ... 0.02522988 0.         0.        ],talk.politics.guns
[0. 0. 0. ... 0. 0. 0.],talk.politics.mideast
[0.        0.        0.        ... 0.0221328 0.        0.       ],rec.motorcycles
[0. 0. 0. ... 0. 0. 0.],talk.religion.misc
[0. 0. 0. ... 0. 0. 0.],comp.windows.x
[0.10019996 0.         0.         ... 0.05377359 0.         0.        ],talk.politics.misc
[0.         0.         0.         ... 0.02690586 0.         0.        ],rec.sport.hockey
[0.         0.         0.         ... 0.04661203 0.         0.        ],comp.os.ms-windows.misc
[0. 0. 0. ... 0. 0. 0.],rec.autos
[0. 0. 0. ... 0. 0. 0.],comp.windows.x
[0. 0. 0. ... 0. 0. 0.],soc.religion.christian
[0.         0.         0.         ... 0.07065744 0.         0.        ],soc.religion.christian
[0. 0. 0. ... 0. 0. 0.],comp.sys.ibm.pc.hardware
[0. 0. 0. ... 0. 0. 0.],comp.graphics
[0. 0. 0. ... 0. 0. 0.],sci.med
[0. 0. 0. ... 0. 0. 0.],rec.sport.hockey
[0.         0.         0.         ... 0.09537471 0.         0.        ],comp.graphics
[0.         0.         0.         ... 0.07175579 0.         0.        ],sci.med
[0. 0. 0. ... 0. 0. 0.],rec.motorcycles
[0.         0.         0.11155864 ... 0.         0.         0.        ],misc.forsale
[0. 0. 0. ... 0. 0. 0.],comp.os.ms-windows.misc
[0. 0. 0. ... 0. 0. 0.],alt.atheism
[0. 0. 0. ... 0. 0. 0.],rec.autos
[0.         0.         0.         ... 0.11542163 0.         0.        ],comp.graphics
[0. 0. 0. ... 0. 0. 0.],soc.religion.christian
[0.         0.         0.         ... 0.05600141 0.         0.        ],sci.med
[0. 0. 0. ... 0. 0. 0.],comp.windows.x
[0.         0.         0.         ... 0.06734699 0.         0.        ],comp.windows.x
[0.         0.         0.         ... 0.03997847 0.         0.        ],comp.sys.ibm.pc.hardware
[0.         0.07820046 0.         ... 0.         0.         0.        ],alt.atheism
[0. 0. 0. ... 0. 0. 0.],sci.crypt
[0. 0. 0. ... 0. 0. 0.],rec.sport.hockey
[0. 0. 0. ... 0. 0. 0.],talk.politics.mideast
[0.        0.        0.        ... 0.0503767 0.        0.       ],alt.atheism
[0.         0.         0.         ... 0.09935751 0.         0.        ],talk.politics.guns
[0.         0.         0.         ... 0.04110977 0.         0.        ],comp.os.ms-windows.misc
[0.        0.        0.1380343 ... 0.        0.        0.       ],sci.crypt
[0.18095447 0.         0.         ... 0.         0.         0.        ],talk.politics.guns
[0. 0. 0. ... 0. 0. 0.],comp.os.ms-windows.misc
[0. 0. 0. ... 0. 0. 0.],rec.sport.hockey
[0.         0.         0.05012265 ... 0.13642301 0.04546897 0.        ],misc.forsale
[0. 0. 0. ... 0. 0. 0.],comp.os.ms-windows.misc
[0. 0. 0. ... 0. 0. 0.],comp.sys.ibm.pc.hardware
[0. 0. 0. ... 0. 0. 0.],talk.religion.misc
[0. 0. 0. ... 0. 0. 0.],rec.sport.baseball
[0. 0. 0. ... 0. 0. 0.],talk.politics.misc
[0. 0. 0. ... 0. 0. 0.],sci.electronics
[0.         0.         0.         ... 0.04961946 0.04252595 0.        ],sci.electronics
[0. 0. 0. ... 0. 0. 0.],alt.atheism
[0. 0. 0. ... 0. 0. 0.],comp.sys.ibm.pc.hardware
[0.         0.         0.         ... 0.03655383 0.         0.        ],comp.graphics
[0. 0. 0. ... 0. 0. 0.],sci.crypt
[0.         0.         0.         ... 0.0219252  0.04384522 0.        ],comp.sys.ibm.pc.hardware
[0. 0. 0. ... 0. 0. 0.],rec.motorcycles
[0. 0. 0. ... 0. 0. 0.],sci.electronics
[0. 0. 0. ... 0. 0. 0.],rec.motorcycles
[0. 0. 0. ... 0. 0. 0.],rec.motorcycles
[0. 0. 0. ... 0. 0. 0.],comp.graphics
[0. 0. 0. ... 0. 0. 0.],rec.sport.hockey
[0. 0. 0. ... 0. 0. 0.],talk.politics.guns
[0. 0. 0. ... 0. 0. 0.],rec.sport.baseball
[0.         0.         0.         ... 0.07773275 0.         0.        ],misc.forsale
[0. 0. 0. ... 0. 0. 0.],sci.crypt
[0. 0. 0. ... 0. 0. 0.],alt.atheism
[0. 0. 0. ... 0. 0. 0.],rec.motorcycles
[0.         0.         0.         ... 0.22812791 0.         0.        ],rec.motorcycles
[0.         0.07050808 0.         ... 0.         0.         0.        ],rec.autos
[0. 0. 0. ... 0. 0. 0.],sci.crypt
[0. 0. 0. ... 0. 0. 0.],comp.os.ms-windows.misc
[0. 0. 0. ... 0. 0. 0.],rec.motorcycles
[0. 0. 0. ... 0. 0. 0.],comp.windows.x
[0. 0. 0. ... 0. 0. 0.],talk.politics.mideast
[0.         0.         0.         ... 0.14173948 0.0566891  0.        ],rec.sport.hockey
[0. 0. 0. ... 0. 0. 0.],talk.politics.misc
[0. 0. 0. ... 0. 0. 0.],rec.autos
[0.23180355 0.         0.         ... 0.         0.         0.        ],talk.politics.guns
[0.         0.         0.         ... 0.10804204 0.         0.        ],comp.sys.ibm.pc.hardware
[0. 0. 0. ... 0. 0. 0.],talk.politics.mideast
[0. 0. 0. ... 0. 0. 0.],sci.electronics
[0. 0. 0. ... 0. 0. 0.],sci.crypt
[0. 0. 0. ... 0. 0. 0.],misc.forsale
[0. 0. 0. ... 0. 0. 0.],comp.sys.mac.hardware
[0. 0. 0. ... 0. 0. 0.],sci.space
[0. 0. 0. ... 0. 0. 0.],soc.religion.christian
[0.18505903 0.         0.         ... 0.         0.         0.        ],alt.atheism
[0.         0.         0.         ... 0.01336342 0.         0.        ],rec.sport.hockey
[0. 0. 0. ... 0. 0. 0.],rec.sport.hockey
[0. 0. 0. ... 0. 0. 0.],sci.med
[0. 0. 0. ... 0. 0. 0.],comp.windows.x
[0. 0. 0. ... 0. 0. 0.],comp.sys.ibm.pc.hardware
[0.        0.        0.        ... 0.0546883 0.        0.       ],comp.graphics
[0. 0. 0. ... 0. 0. 0.],comp.windows.x
[0. 0. 0. ... 0. 0. 0.],sci.electronics
[0. 0. 0. ... 0. 0. 0.],comp.windows.x
[0. 0. 0. ... 0. 0. 0.],rec.sport.hockey
[0. 0. 0. ... 0. 0. 0.],comp.graphics
[0. 0. 0. ... 0. 0. 0.],sci.electronics
[0. 0. 0. ... 0. 0. 0.],sci.electronics
[0. 0. 0. ... 0. 0. 0.],comp.windows.x
[0. 0. 0. ... 0. 0. 0.],soc.religion.christian
[0. 0. 0. ... 0. 0. 0.],rec.sport.hockey
[0. 0. 0. ... 0. 0. 0.],talk.politics.mideast
[0.         0.         0.         ... 0.02670513 0.         0.        ],talk.politics.misc
[0. 0. 0. ... 0. 0. 0.],talk.politics.mideast
[0. 0. 0. ... 0. 0. 0.],alt.atheism
[0.03477091 0.         0.         ... 0.         0.         0.        ],comp.os.ms-windows.misc
[0. 0. 0. ... 0. 0. 0.],comp.sys.mac.hardware
[0.         0.         0.         ... 0.02164383 0.         0.        ],comp.sys.ibm.pc.hardware
[0.         0.         0.         ... 0.07809009 0.         0.        ],talk.politics.misc
[0.        0.        0.        ... 0.1427667 0.        0.       ],sci.electronics
[0.         0.         0.         ... 0.03813196 0.         0.        ],talk.politics.guns
[0. 0. 0. ... 0. 0. 0.],talk.politics.guns
[0. 0. 0. ... 0. 0. 0.],sci.med
[0. 0. 0. ... 0. 0. 0.],rec.sport.baseball
[0. 0. 0. ... 0. 0. 0.],comp.sys.ibm.pc.hardware
[0.         0.01191236 0.         ... 0.         0.         0.        ],rec.motorcycles
[0. 0. 0. ... 0. 0. 0.],soc.religion.christian
[0.         0.         0.         ... 0.08629033 0.         0.        ],talk.politics.mideast
[0. 0. 0. ... 0. 0. 0.],soc.religion.christian
[0. 0. 0. ... 0. 0. 0.],comp.os.ms-windows.misc
[0. 0. 0. ... 0. 0. 0.],sci.med
[0. 0. 0. ... 0. 0. 0.],comp.sys.ibm.pc.hardware
[0.        0.        0.        ... 0.0448973 0.        0.       ],sci.space
[0.         0.         0.         ... 0.11149361 0.         0.        ],comp.sys.ibm.pc.hardware
[0. 0. 0. ... 0. 0. 0.],comp.graphics
[0. 0. 0. ... 0. 0. 0.],comp.os.ms-windows.misc
[0. 0. 0. ... 0. 0. 0.],soc.religion.christian
[0. 0. 0. ... 0. 0. 0.],comp.sys.mac.hardware
[0.         0.         0.         ... 0.09089532 0.         0.        ],soc.religion.christian
[0. 0. 0. ... 0. 0. 0.],rec.autos
[0. 0. 0. ... 0. 0. 0.],comp.os.ms-windows.misc
[0. 0. 0. ... 0. 0. 0.],sci.crypt
[0. 0. 0. ... 0. 0. 0.],comp.graphics
[0.         0.         0.         ... 0.07476621 0.         0.        ],talk.politics.misc
[0.         0.         0.         ... 0.06835312 0.06834505 0.        ],misc.forsale
[0.        0.        0.        ... 0.0773698 0.        0.       ],comp.sys.ibm.pc.hardware
[0. 0. 0. ... 0. 0. 0.],comp.windows.x
[0.         0.         0.         ... 0.04456319 0.         0.        ],comp.sys.mac.hardware
[0.         0.         0.         ... 0.04435327 0.         0.        ],comp.sys.ibm.pc.hardware
[0. 0. 0. ... 0. 0. 0.],rec.motorcycles
[0.         0.         0.         ... 0.04312958 0.         0.        ],talk.politics.mideast
[0. 0. 0. ... 0. 0. 0.],rec.sport.hockey
[0. 0. 0. ... 0. 0. 0.],rec.sport.baseball
[0.        0.        0.        ... 0.0882849 0.        0.       ],sci.space
[0.         0.         0.         ... 0.08029868 0.         0.        ],sci.crypt
[0. 0. 0. ... 0. 0. 0.],talk.politics.guns
[0. 0. 0. ... 0. 0. 0.],talk.politics.mideast
[0. 0. 0. ... 0. 0. 0.],comp.windows.x
[0. 0. 0. ... 0. 0. 0.],comp.sys.mac.hardware
[0.         0.         0.         ... 0.07052578 0.         0.        ],talk.religion.misc
[0.         0.         0.         ... 0.04198526 0.         0.        ],rec.autos
[0.         0.         0.         ... 0.04004312 0.         0.        ],sci.electronics
[0.         0.         0.         ... 0.03799733 0.         0.        ],misc.forsale
[0. 0. 0. ... 0. 0. 0.],talk.religion.misc
[0. 0. 0. ... 0. 0. 0.],misc.forsale
[0. 0. 0. ... 0. 0. 0.],sci.med
[0. 0. 0. ... 0. 0. 0.],rec.sport.baseball
[0.         0.         0.         ... 0.08492916 0.         0.        ],soc.religion.christian
[0. 0. 0. ... 0. 0. 0.],rec.motorcycles
[0.         0.         0.         ... 0.05213056 0.         0.        ],sci.space
[0. 0. 0. ... 0. 0. 0.],rec.sport.baseball
[0. 0. 0. ... 0. 0. 0.],comp.windows.x
[0. 0. 0. ... 0. 0. 0.],talk.politics.guns
[0. 0. 0. ... 0. 0. 0.],comp.graphics
[0. 0. 0. ... 0. 0. 0.],rec.sport.hockey
[0.         0.         0.10258284 ... 0.04653471 0.         0.        ],talk.politics.mideast
[0. 0. 0. ... 0. 0. 0.],rec.motorcycles
[0.         0.         0.         ... 0.05311264 0.         0.        ],talk.religion.misc
[0.         0.         0.         ... 0.04971586 0.         0.        ],misc.forsale
[0. 0. 0. ... 0. 0. 0.],sci.electronics
[0. 0. 0. ... 0. 0. 0.],rec.sport.hockey
[0. 0. 0. ... 0. 0. 0.],comp.windows.x
[0.01519368 0.         0.00449368 ... 0.04484636 0.00407646 0.        ],talk.politics.mideast
[0.08911844 0.         0.         ... 0.04782655 0.         0.        ],rec.motorcycles
[0.         0.         0.         ... 0.22150129 0.         0.        ],sci.crypt
[0. 0. 0. ... 0. 0. 0.],talk.politics.mideast
[0.         0.         0.         ... 0.11281579 0.         0.        ],rec.autos
[0.01338316 0.         0.         ... 0.07421652 0.         0.        ],rec.motorcycles
[0. 0. 0. ... 0. 0. 0.],sci.med
[0. 0. 0. ... 0. 0. 0.],rec.sport.hockey
[0.         0.         0.         ... 0.03646023 0.         0.        ],alt.atheism
[0.         0.         0.         ... 0.02642377 0.         0.        ],soc.religion.christian
[0. 0. 0. ... 0. 0. 0.],talk.politics.misc
[0. 0. 0. ... 0. 0. 0.],comp.sys.ibm.pc.hardware
[0.         0.         0.         ... 0.05687618 0.         0.        ],rec.sport.baseball
[0. 0. 0. ... 0. 0. 0.],talk.politics.misc
[0.10817235 0.         0.         ... 0.         0.         0.        ],rec.sport.baseball
[0. 0. 0. ... 0. 0. 0.],sci.electronics
[0.         0.         0.         ... 0.04108678 0.         0.        ],talk.politics.guns
[0.06692841 0.01712377 0.         ... 0.         0.         0.        ],soc.religion.christian
[0.        0.0342425 0.        ... 0.        0.        0.       ],misc.forsale
[0.         0.         0.         ... 0.04573195 0.         0.        ],talk.politics.misc
[0. 0. 0. ... 0. 0. 0.],comp.sys.mac.hardware
[0. 0. 0. ... 0. 0. 0.],talk.politics.misc
[0.         0.         0.         ... 0.29762804 0.         0.        ],soc.religion.christian
[0. 0. 0. ... 0. 0. 0.],rec.autos
[0. 0. 0. ... 0. 0. 0.],comp.sys.mac.hardware
[0.         0.         0.06539898 ... 0.11866791 0.         0.        ],sci.space
[0. 0. 0. ... 0. 0. 0.],comp.sys.mac.hardware
[0. 0. 0. ... 0. 0. 0.],talk.politics.mideast
[0.         0.         0.         ... 0.07027292 0.         0.        ],sci.electronics
[0. 0. 0. ... 0. 0. 0.],comp.graphics
[0.03737093 0.03824571 0.         ... 0.02005559 0.         0.        ],sci.space
[0. 0. 0. ... 0. 0. 0.],sci.crypt
[0. 0. 0. ... 0. 0. 0.],alt.atheism
[0. 0. 0. ... 0. 0. 0.],talk.politics.mideast
[0.         0.         0.         ... 0.         0.         0.14912866],sci.med
[0. 0. 0. ... 0. 0. 0.],rec.sport.baseball
[0. 0. 0. ... 0. 0. 0.],talk.politics.misc
[0. 0. 0. ... 0. 0. 0.],rec.sport.baseball
[0.         0.         0.         ... 0.03375547 0.         0.        ],talk.politics.mideast
[0. 0. 0. ... 0. 0. 0.],soc.religion.christian
[0.         0.         0.         ... 0.05891402 0.         0.        ],comp.sys.ibm.pc.hardware
[0. 0. 0. ... 0. 0. 0.],soc.religion.christian
[0.         0.         0.         ... 0.22333497 0.         0.        ],comp.graphics
[0. 0. 0. ... 0. 0. 0.],comp.os.ms-windows.misc
[0.         0.         0.         ... 0.04046612 0.         0.        ],talk.politics.mideast
[0.14972892 0.         0.         ... 0.         0.         0.        ],rec.sport.baseball
[0.        0.        0.        ... 0.1198411 0.        0.       ],comp.windows.x
[0. 0. 0. ... 0. 0. 0.],sci.med
[0. 0. 0. ... 0. 0. 0.],rec.motorcycles
[0. 0. 0. ... 0. 0. 0.],misc.forsale
[0. 0. 0. ... 0. 0. 0.],rec.motorcycles
[0. 0. 0. ... 0. 0. 0.],comp.sys.mac.hardware
[0. 0. 0. ... 0. 0. 0.],talk.politics.guns
[0. 0. 0. ... 0. 0. 0.],talk.politics.mideast
[0. 0. 0. ... 0. 0. 0.],talk.religion.misc
[0.         0.         0.         ... 0.04704075 0.         0.        ],soc.religion.christian
[0. 0. 0. ... 0. 0. 0.],comp.sys.mac.hardware
[0.03992164 0.         0.         ... 0.02142446 0.         0.        ],comp.sys.ibm.pc.hardware
[0.         0.         0.         ... 0.         0.07652105 0.        ],comp.graphics
[0. 0. 0. ... 0. 0. 0.],talk.religion.misc
[0.         0.         0.         ... 0.         0.06255458 0.        ],sci.space
[0. 0. 0. ... 0. 0. 0.],comp.windows.x
[0. 0. 0. ... 0. 0. 0.],talk.politics.guns
[0. 0. 0. ... 0. 0. 0.],comp.windows.x
[0. 0. 0. ... 0. 0. 0.],comp.sys.mac.hardware
[0. 0. 0. ... 0. 0. 0.],rec.motorcycles
[0. 0. 0. ... 0. 0. 0.],talk.politics.mideast
[0.         0.         0.         ... 0.05116476 0.         0.        ],sci.crypt
[0. 0. 0. ... 0. 0. 0.],comp.sys.ibm.pc.hardware
[0. 0. 0. ... 0. 0. 0.],comp.windows.x
[0.         0.02410708 0.         ... 0.01264146 0.         0.        ],rec.sport.baseball
[0. 0. 0. ... 0. 0. 0.],rec.autos
[0. 0. 0. ... 0. 0. 0.],talk.politics.guns
[0. 0. 0. ... 0. 0. 0.],comp.sys.ibm.pc.hardware
[0. 0. 0. ... 0. 0. 0.],talk.politics.mideast
[0. 0. 0. ... 0. 0. 0.],sci.med
[0.         0.         0.         ... 0.13309949 0.         0.        ],misc.forsale
[0. 0. 0. ... 0. 0. 0.],sci.space
[0. 0. 0. ... 0. 0. 0.],comp.windows.x
[0.         0.         0.         ... 0.12289193 0.         0.        ],rec.sport.hockey
[0. 0. 0. ... 0. 0. 0.],misc.forsale
[0. 0. 0. ... 0. 0. 0.],comp.graphics
[0.         0.         0.         ... 0.05030819 0.         0.        ],misc.forsale
[0. 0. 0. ... 0. 0. 0.],talk.politics.guns
[0. 0. 0. ... 0. 0. 0.],soc.religion.christian
[0. 0. 0. ... 0. 0. 0.],talk.politics.mideast
[0. 0. 0. ... 0. 0. 0.],comp.sys.mac.hardware
[0. 0. 0. ... 0. 0. 0.],comp.graphics
[0. 0. 0. ... 0. 0. 0.],comp.graphics
[0. 0. 0. ... 0. 0. 0.],rec.sport.hockey
[0. 0. 0. ... 0. 0. 0.],talk.politics.mideast
[0. 0. 0. ... 0. 0. 0.],rec.autos
[0. 0. 0. ... 0. 0. 0.],comp.graphics
[0. 0. 0. ... 0. 0. 0.],rec.sport.hockey
[0. 0. 0. ... 0. 0. 0.],misc.forsale
[0. 0. 0. ... 0. 0. 0.],rec.sport.hockey
[0. 0. 0. ... 0. 0. 0.],comp.sys.ibm.pc.hardware
[0. 0. 0. ... 0. 0. 0.],talk.politics.mideast
[0. 0. 0. ... 0. 0. 0.],rec.sport.baseball
[0.         0.13251651 0.         ... 0.03474503 0.         0.0893352 ],comp.sys.ibm.pc.hardware
[0.         0.         0.         ... 0.05662366 0.         0.        ],rec.sport.baseball
[0.         0.         0.         ... 0.07370538 0.         0.        ],talk.politics.misc
[0. 0. 0. ... 0. 0. 0.],sci.med
[0.         0.         0.         ... 0.08604486 0.         0.        ],sci.crypt
[0. 0. 0. ... 0. 0. 0.],comp.windows.x
[0. 0. 0. ... 0. 0. 0.],talk.politics.guns
[0. 0. 0. ... 0. 0. 0.],alt.atheism
[0. 0. 0. ... 0. 0. 0.],comp.windows.x
[0.        0.        0.        ... 0.0350618 0.        0.       ],comp.graphics
[0. 0. 0. ... 0. 0. 0.],talk.politics.mideast
[0. 0. 0. ... 0. 0. 0.],soc.religion.christian
[0. 0. 0. ... 0. 0. 0.],comp.sys.ibm.pc.hardware
[0.         0.09326797 0.         ... 0.         0.         0.        ],sci.crypt
[0. 0. 0. ... 0. 0. 0.],comp.os.ms-windows.misc
[0. 0. 0. ... 0. 0. 0.],rec.sport.hockey
[0. 0. 0. ... 0. 0. 0.],alt.atheism
[0. 0. 0. ... 0. 0. 0.],comp.graphics
[0. 0. 0. ... 0. 0. 0.],comp.sys.mac.hardware
[0. 0. 0. ... 0. 0. 0.],comp.graphics
[0. 0. 0. ... 0. 0. 0.],talk.politics.guns
[0.         0.         0.         ... 0.03111452 0.         0.        ],sci.crypt
[0. 0. 0. ... 0. 0. 0.],misc.forsale
[0. 0. 0. ... 0. 0. 0.],soc.religion.christian
[0. 0. 0. ... 0. 0. 0.],sci.crypt
[0. 0. 0. ... 0. 0. 0.],comp.os.ms-windows.misc
[0.         0.         0.         ... 0.04941667 0.         0.        ],talk.politics.misc
[0.22336047 0.         0.         ... 0.02996732 0.         0.        ],sci.electronics
[0. 0. 0. ... 0. 0. 0.],rec.autos
[0.         0.         0.         ... 0.06274291 0.         0.        ],talk.politics.misc
[0.         0.         0.         ... 0.06651995 0.         0.        ],rec.sport.hockey
[0.06052277 0.         0.         ... 0.03248032 0.         0.        ],talk.politics.misc
[0. 0. 0. ... 0. 0. 0.],talk.religion.misc
[0.        0.0801595 0.        ... 0.        0.        0.       ],rec.motorcycles
[0.         0.07086554 0.         ... 0.         0.         0.        ],comp.sys.ibm.pc.hardware
[0.         0.         0.         ... 0.02463389 0.         0.        ],rec.motorcycles
[0. 0. 0. ... 0. 0. 0.],rec.autos
[0. 0. 0. ... 0. 0. 0.],comp.graphics
[0.         0.         0.         ... 0.04208029 0.         0.        ],soc.religion.christian
[0. 0. 0. ... 0. 0. 0.],rec.autos
[0. 0. 0. ... 0. 0. 0.],rec.motorcycles
[0. 0. 0. ... 0. 0. 0.],talk.religion.misc
[0.10802531 0.         0.         ... 0.17391951 0.         0.        ],comp.os.ms-windows.misc
[0.         0.         0.         ... 0.05698537 0.         0.        ],rec.sport.hockey
[0. 0. 0. ... 0. 0. 0.],alt.atheism
[0. 0. 0. ... 0. 0. 0.],rec.autos
[0.         0.         0.         ... 0.05686801 0.         0.        ],comp.os.ms-windows.misc
[0.70724184 0.         0.         ... 0.         0.         0.        ],rec.autos
[0.00740053 0.03786879 0.         ... 0.         0.         0.        ],comp.os.ms-windows.misc
[0.         0.         0.         ... 0.08874946 0.         0.        ],rec.sport.hockey
[0.         0.         0.         ... 0.04058178 0.         0.        ],sci.electronics
[0. 0. 0. ... 0. 0. 0.],rec.autos
[0.         0.         0.03912282 ... 0.         0.         0.        ],comp.sys.mac.hardware
[0. 0. 0. ... 0. 0. 0.],comp.sys.mac.hardware
[0. 0. 0. ... 0. 0. 0.],misc.forsale
[0. 0. 0. ... 0. 0. 0.],sci.med
[0.         0.         0.         ... 0.14867752 0.         0.        ],comp.sys.mac.hardware
[0.        0.        0.        ... 0.0735256 0.        0.       ],talk.politics.misc
[0. 0. 0. ... 0. 0. 0.],sci.space
[0. 0. 0. ... 0. 0. 0.],talk.politics.mideast
[0. 0. 0. ... 0. 0. 0.],talk.politics.mideast
[0. 0. 0. ... 0. 0. 0.],talk.politics.misc
[0. 0. 0. ... 0. 0. 0.],misc.forsale
[0. 0. 0. ... 0. 0. 0.],sci.crypt
[0.         0.         0.         ... 0.02798817 0.         0.        ],comp.sys.mac.hardware
[0.         0.         0.         ... 0.12053134 0.06025855 0.        ],misc.forsale
[0.         0.         0.         ... 0.06127789 0.         0.        ],comp.os.ms-windows.misc
[0. 0. 0. ... 0. 0. 0.],soc.religion.christian
[0. 0. 0. ... 0. 0. 0.],misc.forsale
[0. 0. 0. ... 0. 0. 0.],talk.religion.misc
[0.         0.         0.         ... 0.02685714 0.         0.        ],talk.politics.misc
[0.       0.333455 0.       ... 0.       0.       0.      ],sci.space
[0.09456122 0.         0.         ... 0.         0.         0.        ],rec.sport.baseball
[0. 0. 0. ... 0. 0. 0.],alt.atheism
[0.         0.         0.         ... 0.11387726 0.         0.        ],misc.forsale
[0. 0. 0. ... 0. 0. 0.],rec.sport.baseball
[0. 0. 0. ... 0. 0. 0.],rec.sport.hockey
[0. 0. 0. ... 0. 0. 0.],comp.windows.x
[0. 0. 0. ... 0. 0. 0.],sci.med
[0.        0.        0.        ... 0.0595855 0.        0.       ],talk.politics.misc
[0.10534172 0.         0.         ... 0.         0.         0.        ],sci.crypt
[0. 0. 0. ... 0. 0. 0.],comp.sys.ibm.pc.hardware
[0. 0. 0. ... 0. 0. 0.],talk.politics.mideast
[0. 0. 0. ... 0. 0. 0.],soc.religion.christian
[0.         0.         0.         ... 0.08510567 0.         0.        ],comp.graphics
[0. 0. 0. ... 0. 0. 0.],sci.electronics
[0. 0. 0. ... 0. 0. 0.],sci.crypt
[0. 0. 0. ... 0. 0. 0.],talk.religion.misc
[0. 0. 0. ... 0. 0. 0.],sci.space
[0.         0.         0.         ... 0.04461315 0.         0.        ],rec.motorcycles
[0. 0. 0. ... 0. 0. 0.],comp.graphics
[0. 0. 0. ... 0. 0. 0.],talk.politics.guns
[0. 0. 0. ... 0. 0. 0.],rec.sport.baseball
[0. 0. 0. ... 0. 0. 0.],talk.politics.guns
[0.         0.         0.         ... 0.07031594 0.         0.        ],alt.atheism
[0.24289698 0.         0.         ... 0.         0.         0.        ],rec.sport.baseball
[0. 0. 0. ... 0. 0. 0.],alt.atheism
[0. 0. 0. ... 0. 0. 0.],rec.sport.hockey
[0. 0. 0. ... 0. 0. 0.],comp.sys.mac.hardware
[0. 0. 0. ... 0. 0. 0.],talk.politics.guns
[0. 0. 0. ... 0. 0. 0.],rec.sport.hockey
[0.         0.         0.         ... 0.10850705 0.         0.        ],rec.sport.hockey
[0. 0. 0. ... 0. 0. 0.],comp.sys.ibm.pc.hardware
[0. 0. 0. ... 0. 0. 0.],sci.med
[0.         0.         0.         ... 0.06973219 0.         0.        ],talk.politics.mideast
[0. 0. 0. ... 0. 0. 0.],talk.politics.misc
[0. 0. 0. ... 0. 0. 0.],comp.windows.x
[0.         0.18125851 0.         ... 0.         0.         0.        ],sci.space
[0. 0. 0. ... 0. 0. 0.],rec.motorcycles
[0. 0. 0. ... 0. 0. 0.],alt.atheism
[0.         0.         0.         ... 0.06072251 0.         0.        ],rec.sport.baseball
[0.         0.         0.         ... 0.04397967 0.         0.        ],comp.sys.mac.hardware
[0.         0.         0.         ... 0.04393776 0.         0.        ],talk.politics.mideast
[0.         0.         0.         ... 0.10519464 0.04207289 0.        ],sci.space
[0.         0.         0.         ... 0.03572817 0.         0.        ],soc.religion.christian
[0. 0. 0. ... 0. 0. 0.],talk.politics.guns
[0. 0. 0. ... 0. 0. 0.],rec.sport.hockey
[0. 0. 0. ... 0. 0. 0.],comp.windows.x
[0. 0. 0. ... 0. 0. 0.],rec.motorcycles
[0. 0. 0. ... 0. 0. 0.],comp.os.ms-windows.misc
[0. 0. 0. ... 0. 0. 0.],talk.politics.guns
[0.11525978 0.         0.         ... 0.06185564 0.         0.        ],rec.sport.baseball
[0. 0. 0. ... 0. 0. 0.],talk.politics.mideast
[0. 0. 0. ... 0. 0. 0.],comp.sys.ibm.pc.hardware
[0. 0. 0. ... 0. 0. 0.],comp.sys.mac.hardware
[0.         0.         0.         ... 0.02757728 0.         0.        ],comp.os.ms-windows.misc
[0.         0.         0.         ... 0.01946761 0.         0.        ],misc.forsale
[0.         0.         0.         ... 0.03718268 0.07435659 0.        ],rec.sport.hockey
[0. 0. 0. ... 0. 0. 0.],sci.electronics
[0.         0.         0.         ... 0.13313761 0.         0.        ],talk.politics.mideast
[0.         0.         0.         ... 0.05247981 0.         0.        ],comp.os.ms-windows.misc
[0.         0.         0.         ... 0.02714852 0.         0.        ],comp.graphics
[0. 0. 0. ... 0. 0. 0.],rec.sport.hockey
[0. 0. 0. ... 0. 0. 0.],sci.space
[0. 0. 0. ... 0. 0. 0.],talk.politics.misc
[0. 0. 0. ... 0. 0. 0.],sci.space
[0. 0. 0. ... 0. 0. 0.],rec.sport.baseball
[0. 0. 0. ... 0. 0. 0.],talk.politics.mideast
[0. 0. 0. ... 0. 0. 0.],sci.crypt
[0.         0.         0.         ... 0.01326619 0.         0.        ],sci.med
[0. 0. 0. ... 0. 0. 0.],sci.med
[0. 0. 0. ... 0. 0. 0.],soc.religion.christian
[0. 0. 0. ... 0. 0. 0.],comp.windows.x
[0.         0.         0.         ... 0.08611719 0.         0.        ],talk.religion.misc
[0. 0. 0. ... 0. 0. 0.],talk.politics.misc
[0.         0.         0.         ... 0.01718203 0.         0.        ],rec.sport.hockey
[0. 0. 0. ... 0. 0. 0.],rec.motorcycles
[0.00430013 0.         0.         ... 0.         0.         0.        ],talk.politics.mideast
[0.         0.         0.         ... 0.05798127 0.         0.        ],talk.politics.mideast
[0. 0. 0. ... 0. 0. 0.],sci.med
[0. 0. 0. ... 0. 0. 0.],talk.religion.misc
[0.         0.         0.         ... 0.04155083 0.         0.        ],comp.sys.mac.hardware
[0. 0. 0. ... 0. 0. 0.],sci.electronics
[0.         0.         0.         ... 0.03573844 0.         0.        ],misc.forsale
[0. 0. 0. ... 0. 0. 0.],soc.religion.christian
[0.         0.         0.         ... 0.06500827 0.         0.        ],sci.space
[0.        0.        0.        ... 0.0413544 0.        0.       ],comp.sys.ibm.pc.hardware
[0. 0. 0. ... 0. 0. 0.],sci.med
[0.01184955 0.02425385 0.         ... 0.         0.         0.        ],misc.forsale
[0. 0. 0. ... 0. 0. 0.],sci.crypt
[0. 0. 0. ... 0. 0. 0.],talk.politics.guns
[0. 0. 0. ... 0. 0. 0.],talk.religion.misc
[0. 0. 0. ... 0. 0. 0.],misc.forsale
[0. 0. 0. ... 0. 0. 0.],talk.politics.mideast
[0.         0.         0.         ... 0.06775839 0.         0.        ],soc.religion.christian
[0.         0.         0.         ... 0.04194967 0.         0.        ],comp.sys.mac.hardware
[0.         0.         0.         ... 0.06191926 0.         0.        ],misc.forsale
[0. 0. 0. ... 0. 0. 0.],comp.sys.mac.hardware
[0.         0.         0.         ... 0.         0.08904453 0.        ],rec.sport.baseball
[0.         0.         0.         ... 0.02313206 0.04625865 0.        ],comp.graphics
[0. 0. 0. ... 0. 0. 0.],rec.sport.baseball
[0.20873572 0.         0.         ... 0.05601035 0.         0.        ],talk.religion.misc
[0. 0. 0. ... 0. 0. 0.],comp.windows.x
[0. 0. 0. ... 0. 0. 0.],talk.religion.misc
[0. 0. 0. ... 0. 0. 0.],comp.sys.ibm.pc.hardware
[0. 0. 0. ... 0. 0. 0.],alt.atheism
[0. 0. 0. ... 0. 0. 0.],comp.windows.x
[0.         0.         0.         ... 0.04782728 0.         0.        ],talk.politics.misc
[0. 0. 0. ... 0. 0. 0.],alt.atheism
[0. 0. 0. ... 0. 0. 0.],misc.forsale
[0. 0. 0. ... 0. 0. 0.],comp.os.ms-windows.misc
[0.         0.         0.         ... 0.08937636 0.         0.22980141],comp.sys.mac.hardware
[0. 0. 0. ... 0. 0. 0.],comp.windows.x
[0.0604295 0.        0.        ... 0.1945816 0.        0.       ],sci.med
[0. 0. 0. ... 0. 0. 0.],comp.sys.mac.hardware
[0. 0. 0. ... 0. 0. 0.],talk.politics.guns
[0. 0. 0. ... 0. 0. 0.],sci.crypt
[0. 0. 0. ... 0. 0. 0.],rec.autos
[0.        0.        0.        ... 0.1071315 0.        0.       ],rec.sport.hockey
[0.         0.         0.         ... 0.03882778 0.         0.        ],comp.windows.x
[0.         0.         0.         ... 0.03924649 0.         0.        ],misc.forsale
[0. 0. 0. ... 0. 0. 0.],soc.religion.christian
[0. 0. 0. ... 0. 0. 0.],sci.med
[0.         0.         0.         ... 0.06918403 0.         0.        ],comp.sys.ibm.pc.hardware
[0. 0. 0. ... 0. 0. 0.],talk.politics.misc
[0. 0. 0. ... 0. 0. 0.],talk.politics.misc
[0.         0.         0.         ... 0.06680647 0.         0.        ],rec.autos
[0. 0. 0. ... 0. 0. 0.],rec.sport.hockey
[0. 0. 0. ... 0. 0. 0.],rec.sport.hockey
[0. 0. 0. ... 0. 0. 0.],talk.politics.misc
[0. 0. 0. ... 0. 0. 0.],sci.med
[0.04937281 0.         0.         ... 0.2119724  0.         0.        ],comp.windows.x
[0. 0. 0. ... 0. 0. 0.],sci.crypt
[0. 0. 0. ... 0. 0. 0.],talk.politics.mideast
[0. 0. 0. ... 0. 0. 0.],rec.sport.baseball
[0. 0. 0. ... 0. 0. 0.],sci.electronics
[0.         0.         0.         ... 0.11461551 0.         0.        ],sci.med
[0. 0. 0. ... 0. 0. 0.],rec.sport.baseball
[0.         0.         0.         ... 0.06071117 0.         0.        ],comp.os.ms-windows.misc
[0.         0.         0.07588208 ... 0.         0.         0.        ],comp.sys.mac.hardware
[0. 0. 0. ... 0. 0. 0.],rec.autos
[0. 0. 0. ... 0. 0. 0.],rec.sport.baseball
[0. 0. 0. ... 0. 0. 0.],comp.windows.x
[0. 0. 0. ... 0. 0. 0.],comp.sys.ibm.pc.hardware
[0. 0. 0. ... 0. 0. 0.],rec.sport.baseball
[0.         0.         0.         ... 0.13971592 0.         0.        ],talk.religion.misc
[0. 0. 0. ... 0. 0. 0.],soc.religion.christian
[0.         0.         0.         ... 0.03859715 0.         0.        ],sci.med
[0.         0.         0.         ... 0.03584737 0.         0.        ],comp.sys.mac.hardware
[0.17300452 0.         0.         ... 0.         0.         0.        ],soc.religion.christian
[0.         0.         0.         ... 0.07770151 0.         0.        ],talk.politics.misc
[0. 0. 0. ... 0. 0. 0.],misc.forsale
[0.         0.         0.         ... 0.05142121 0.         0.        ],soc.religion.christian
[0. 0. 0. ... 0. 0. 0.],rec.motorcycles
[0.         0.         0.         ... 0.10512558 0.         0.        ],rec.sport.hockey
[0. 0. 0. ... 0. 0. 0.],comp.os.ms-windows.misc
[0. 0. 0. ... 0. 0. 0.],alt.atheism
[0.         0.         0.         ... 0.04435748 0.         0.        ],sci.electronics
[0.         0.         0.         ... 0.05151162 0.         0.        ],rec.sport.baseball
[0. 0. 0. ... 0. 0. 0.],talk.politics.guns
[0.         0.         0.         ... 0.08476293 0.         0.        ],misc.forsale
[0. 0. 0. ... 0. 0. 0.],misc.forsale
[0. 0. 0. ... 0. 0. 0.],rec.autos
[0. 0. 0. ... 0. 0. 0.],alt.atheism
[0. 0. 0. ... 0. 0. 0.],talk.religion.misc
[0. 0. 0. ... 0. 0. 0.],alt.atheism
[0.         0.         0.         ... 0.05398492 0.         0.        ],talk.politics.mideast
[0. 0. 0. ... 0. 0. 0.],sci.crypt
[0. 0. 0. ... 0. 0. 0.],alt.atheism
[0.         0.         0.         ... 0.05827162 0.         0.        ],rec.autos
[0.         0.         0.         ... 0.01647226 0.         0.        ],rec.autos
[0. 0. 0. ... 0. 0. 0.],talk.politics.guns
[0. 0. 0. ... 0. 0. 0.],soc.religion.christian
[0. 0. 0. ... 0. 0. 0.],soc.religion.christian
[0.08122989 0.         0.         ... 0.         0.         0.        ],soc.religion.christian
[0. 0. 0. ... 0. 0. 0.],alt.atheism
[0.         0.06982608 0.04035877 ... 0.01830798 0.         0.        ],sci.med
[0. 0. 0. ... 0. 0. 0.],sci.crypt
[0.         0.         0.         ... 0.05797479 0.         0.        ],talk.politics.mideast
[0. 0. 0. ... 0. 0. 0.],comp.os.ms-windows.misc
[0.         0.         0.         ... 0.11215011 0.04485475 0.        ],sci.electronics
[0. 0. 0. ... 0. 0. 0.],sci.crypt
[0. 0. 0. ... 0. 0. 0.],talk.religion.misc
[0.         0.         0.         ... 0.22080524 0.         0.        ],rec.sport.hockey
[0. 0. 0. ... 0. 0. 0.],comp.os.ms-windows.misc
[0.         0.         0.         ... 0.03400515 0.         0.        ],talk.politics.guns
[0.         0.         0.         ... 0.04308136 0.         0.        ],comp.sys.ibm.pc.hardware
[0. 0. 0. ... 0. 0. 0.],alt.atheism
[0.         0.         0.         ... 0.07022913 0.         0.        ],sci.crypt
[0.         0.         0.         ... 0.11053424 0.         0.        ],rec.sport.hockey
[0. 0. 0. ... 0. 0. 0.],comp.windows.x
[0.        0.        0.        ... 0.0320207 0.        0.       ],comp.sys.ibm.pc.hardware
[0. 0. 0. ... 0. 0. 0.],rec.motorcycles
[0. 0. 0. ... 0. 0. 0.],comp.graphics
[0.         0.         0.         ... 0.03564306 0.         0.        ],comp.os.ms-windows.misc
[0. 0. 0. ... 0. 0. 0.],soc.religion.christian
[0. 0. 0. ... 0. 0. 0.],talk.religion.misc
[0.         0.05863875 0.         ... 0.03074945 0.         0.        ],alt.atheism
[0. 0. 0. ... 0. 0. 0.],comp.graphics
[0.         0.         0.         ... 0.03261835 0.         0.        ],comp.windows.x
[0. 0. 0. ... 0. 0. 0.],rec.sport.hockey
[0. 0. 0. ... 0. 0. 0.],talk.religion.misc
[0.        0.        0.        ... 0.0489522 0.        0.       ],comp.sys.mac.hardware
[0. 0. 0. ... 0. 0. 0.],comp.os.ms-windows.misc
[0. 0. 0. ... 0. 0. 0.],talk.politics.mideast
[0. 0. 0. ... 0. 0. 0.],comp.windows.x
[0. 0. 0. ... 0. 0. 0.],comp.graphics
[0.         0.         0.         ... 0.03029493 0.         0.        ],rec.sport.baseball
[0.         0.         0.         ... 0.01723541 0.         0.        ],talk.politics.misc
[0.         0.         0.         ... 0.02700108 0.         0.        ],talk.politics.misc
[0. 0. 0. ... 0. 0. 0.],talk.politics.guns
[0. 0. 0. ... 0. 0. 0.],soc.religion.christian
[0. 0. 0. ... 0. 0. 0.],comp.os.ms-windows.misc
[0.         0.05553748 0.         ... 0.         0.         0.        ],comp.windows.x
[0.         0.         0.         ... 0.22429511 0.         0.        ],soc.religion.christian
[0. 0. 0. ... 0. 0. 0.],soc.religion.christian
[0. 0. 0. ... 0. 0. 0.],rec.sport.hockey
[0. 0. 0. ... 0. 0. 0.],talk.politics.mideast
[0.         0.         0.         ... 0.03135883 0.         0.        ],comp.windows.x
[0. 0. 0. ... 0. 0. 0.],misc.forsale
[0.         0.         0.         ... 0.03474392 0.         0.        ],comp.sys.ibm.pc.hardware
[0.         0.         0.         ... 0.07481611 0.         0.        ],rec.motorcycles
[0.         0.         0.         ... 0.03173087 0.         0.        ],sci.space
[0.        0.        0.        ... 0.0513609 0.        0.       ],rec.sport.baseball
[0. 0. 0. ... 0. 0. 0.],sci.space
[0. 0. 0. ... 0. 0. 0.],talk.politics.guns
[0.        0.        0.        ... 0.0781327 0.        0.       ],sci.med
[0.         0.         0.         ... 0.12353655 0.         0.        ],rec.sport.baseball
[0. 0. 0. ... 0. 0. 0.],comp.graphics
[0. 0. 0. ... 0. 0. 0.],rec.sport.baseball
[0.         0.         0.         ... 0.12294765 0.         0.        ],soc.religion.christian
[0. 0. 0. ... 0. 0. 0.],sci.electronics
[0. 0. 0. ... 0. 0. 0.],alt.atheism
[0. 0. 0. ... 0. 0. 0.],sci.med
[0. 0. 0. ... 0. 0. 0.],soc.religion.christian
[0. 0. 0. ... 0. 0. 0.],rec.sport.baseball
[0.         0.13714641 0.         ... 0.         0.         0.        ],rec.motorcycles
[0. 0. 0. ... 0. 0. 0.],misc.forsale
[0. 0. 0. ... 0. 0. 0.],talk.politics.guns
[0. 0. 0. ... 0. 0. 0.],rec.motorcycles
[0. 0. 0. ... 0. 0. 0.],comp.sys.mac.hardware
[0. 0. 0. ... 0. 0. 0.],rec.sport.baseball
[0. 0. 0. ... 0. 0. 0.],talk.politics.mideast
[0. 0. 0. ... 0. 0. 0.],misc.forsale
[0. 0. 0. ... 0. 0. 0.],sci.space
[0. 0. 0. ... 0. 0. 0.],rec.motorcycles
[0. 0. 0. ... 0. 0. 0.],comp.graphics
[0.         0.07235852 0.         ... 0.         0.         0.        ],sci.electronics
[0. 0. 0. ... 0. 0. 0.],sci.med
[0. 0. 0. ... 0. 0. 0.],comp.graphics
[0. 0. 0. ... 0. 0. 0.],comp.sys.mac.hardware
[0. 0. 0. ... 0. 0. 0.],soc.religion.christian
[0. 0. 0. ... 0. 0. 0.],sci.electronics
[0. 0. 0. ... 0. 0. 0.],alt.atheism
[0.         0.         0.         ... 0.08638519 0.         0.        ],sci.med
[0.03060733 0.         0.         ... 0.14783234 0.         0.        ],misc.forsale
[0. 0. 0. ... 0. 0. 0.],comp.graphics
[0.         0.         0.         ... 0.04961204 0.         0.        ],soc.religion.christian
[0. 0. 0. ... 0. 0. 0.],rec.motorcycles
[0.         0.         0.         ... 0.08942983 0.         0.        ],comp.os.ms-windows.misc
[0. 0. 0. ... 0. 0. 0.],comp.sys.ibm.pc.hardware
[0.         0.         0.         ... 0.04176013 0.         0.        ],misc.forsale
[0. 0. 0. ... 0. 0. 0.],comp.os.ms-windows.misc
[0.        0.        0.        ... 0.0516019 0.        0.       ],talk.politics.misc
[0.         0.06570254 0.         ... 0.06890723 0.         0.        ],comp.sys.mac.hardware
[0. 0. 0. ... 0. 0. 0.],comp.graphics
[0.         0.         0.         ... 0.14920608 0.         0.        ],alt.atheism
[0. 0. 0. ... 0. 0. 0.],sci.space
[0. 0. 0. ... 0. 0. 0.],sci.electronics
[0. 0. 0. ... 0. 0. 0.],comp.windows.x
[0. 0. 0. ... 0. 0. 0.],comp.sys.ibm.pc.hardware
[0.         0.         0.         ... 0.02392149 0.         0.        ],talk.politics.misc
[0.         0.         0.         ... 0.04658241 0.         0.        ],sci.electronics
[0. 0. 0. ... 0. 0. 0.],rec.sport.hockey
[0. 0. 0. ... 0. 0. 0.],comp.sys.mac.hardware
[0. 0. 0. ... 0. 0. 0.],rec.sport.hockey
[0.         0.         0.         ... 0.06183548 0.         0.        ],sci.space
[0.15566505 0.         0.         ... 0.         0.         0.        ],comp.windows.x
[0. 0. 0. ... 0. 0. 0.],rec.sport.baseball
[0. 0. 0. ... 0. 0. 0.],talk.politics.mideast
[0. 0. 0. ... 0. 0. 0.],sci.electronics
[0.         0.         0.         ... 0.06560437 0.         0.        ],comp.windows.x
[0. 0. 0. ... 0. 0. 0.],sci.med
[0.         0.         0.         ... 0.02458003 0.         0.        ],comp.graphics
[0.         0.         0.         ... 0.07410862 0.         0.        ],talk.religion.misc
[0. 0. 0. ... 0. 0. 0.],misc.forsale
[0. 0. 0. ... 0. 0. 0.],misc.forsale
[0. 0. 0. ... 0. 0. 0.],comp.graphics
[0.         0.         0.         ... 0.13185962 0.         0.        ],misc.forsale
[0. 0. 0. ... 0. 0. 0.],sci.electronics
[0.         0.         0.         ... 0.20586822 0.         0.        ],sci.space
[0.         0.         0.         ... 0.09442003 0.         0.        ],sci.space
[0. 0. 0. ... 0. 0. 0.],rec.sport.baseball
[0. 0. 0. ... 0. 0. 0.],sci.crypt
[0.         0.         0.         ... 0.06575136 0.         0.        ],comp.windows.x
[0. 0. 0. ... 0. 0. 0.],rec.motorcycles
[0. 0. 0. ... 0. 0. 0.],talk.politics.mideast
[0. 0. 0. ... 0. 0. 0.],sci.space
[0. 0. 0. ... 0. 0. 0.],comp.os.ms-windows.misc
[0. 0. 0. ... 0. 0. 0.],comp.windows.x
[0.         0.         0.23546259 ... 0.         0.         0.        ],comp.os.ms-windows.misc
[0. 0. 0. ... 0. 0. 0.],rec.autos
[0. 0. 0. ... 0. 0. 0.],soc.religion.christian
[0. 0. 0. ... 0. 0. 0.],sci.electronics
[0.         0.         0.         ... 0.06584934 0.         0.        ],comp.sys.mac.hardware
[0. 0. 0. ... 0. 0. 0.],sci.electronics
[0. 0. 0. ... 0. 0. 0.],rec.sport.hockey
[0. 0. 0. ... 0. 0. 0.],comp.graphics
[0. 0. 0. ... 0. 0. 0.],sci.crypt
[0. 0. 0. ... 0. 0. 0.],comp.windows.x
[0. 0. 0. ... 0. 0. 0.],comp.sys.ibm.pc.hardware
[0. 0. 0. ... 0. 0. 0.],rec.autos
[0. 0. 0. ... 0. 0. 0.],soc.religion.christian
[0. 0. 0. ... 0. 0. 0.],talk.politics.mideast
[0. 0. 0. ... 0. 0. 0.],comp.sys.ibm.pc.hardware
[0. 0. 0. ... 0. 0. 0.],sci.med
[0. 0. 0. ... 0. 0. 0.],sci.space
[0. 0. 0. ... 0. 0. 0.],misc.forsale
[0.07143639 0.07310858 0.         ... 0.         0.         0.        ],talk.religion.misc
[0. 0. 0. ... 0. 0. 0.],sci.space
[0.         0.         0.         ... 0.         0.06458838 0.        ],rec.autos
[0.         0.         0.         ... 0.07028428 0.         0.        ],talk.politics.mideast
[0. 0. 0. ... 0. 0. 0.],soc.religion.christian
[0. 0. 0. ... 0. 0. 0.],sci.electronics
[0.         0.         0.         ... 0.07187482 0.         0.        ],rec.motorcycles
[0. 0. 0. ... 0. 0. 0.],sci.electronics
[0. 0. 0. ... 0. 0. 0.],sci.electronics
[0. 0. 0. ... 0. 0. 0.],comp.windows.x
[0.         0.         0.         ... 0.21760579 0.         0.        ],comp.sys.mac.hardware
[0. 0. 0. ... 0. 0. 0.],talk.politics.guns
[0.         0.         0.         ... 0.22215431 0.         0.        ],sci.crypt
[0. 0. 0. ... 0. 0. 0.],sci.med
[0. 0. 0. ... 0. 0. 0.],comp.graphics
[0.13145668 0.         0.46655526 ... 0.         0.         0.        ],comp.windows.x
[0. 0. 0. ... 0. 0. 0.],alt.atheism
[0. 0. 0. ... 0. 0. 0.],soc.religion.christian
[0. 0. 0. ... 0. 0. 0.],soc.religion.christian
[0. 0. 0. ... 0. 0. 0.],comp.graphics
[0. 0. 0. ... 0. 0. 0.],talk.politics.mideast
[0.         0.         0.         ... 0.06559939 0.         0.        ],rec.sport.baseball
[0.         0.         0.         ... 0.09005148 0.         0.        ],soc.religion.christian
[0.         0.23503492 0.         ... 0.         0.         0.        ],sci.med
[0.         0.         0.         ... 0.0740135  0.14800952 0.        ],sci.electronics
[0. 0. 0. ... 0. 0. 0.],rec.autos
[0.         0.         0.         ... 0.08305152 0.         0.        ],rec.motorcycles
[0. 0. 0. ... 0. 0. 0.],sci.med
[0.         0.         0.         ... 0.10283525 0.06854874 0.        ],rec.sport.hockey
[0. 0. 0. ... 0. 0. 0.],comp.windows.x
[0. 0. 0. ... 0. 0. 0.],misc.forsale
[0. 0. 0. ... 0. 0. 0.],alt.atheism
[0. 0. 0. ... 0. 0. 0.],rec.sport.baseball
[0.         0.         0.         ... 0.02750161 0.         0.        ],talk.politics.guns
[0.         0.         0.         ... 0.19971078 0.         0.        ],misc.forsale
[0. 0. 0. ... 0. 0. 0.],alt.atheism
[0.         0.         0.         ... 0.05774033 0.         0.        ],soc.religion.christian
[0.35657823 0.         0.         ... 0.         0.         0.        ],sci.space
[0. 0. 0. ... 0. 0. 0.],talk.politics.guns
[0.         0.         0.         ... 0.03157752 0.         0.        ],rec.motorcycles
[0. 0. 0. ... 0. 0. 0.],comp.graphics
[0.         0.         0.         ... 0.04589919 0.         0.        ],sci.space
[0.3034335 0.        0.        ... 0.        0.        0.       ],talk.politics.mideast
[0. 0. 0. ... 0. 0. 0.],rec.autos
[0. 0. 0. ... 0. 0. 0.],soc.religion.christian
[0.         0.         0.         ... 0.03912541 0.         0.        ],rec.sport.baseball
[0. 0. 0. ... 0. 0. 0.],comp.graphics
[0. 0. 0. ... 0. 0. 0.],comp.sys.ibm.pc.hardware
[0. 0. 0. ... 0. 0. 0.],rec.sport.hockey
[0.         0.         0.         ... 0.05525741 0.         0.        ],rec.motorcycles
[0. 0. 0. ... 0. 0. 0.],rec.sport.hockey
[0. 0. 0. ... 0. 0. 0.],talk.politics.mideast
[0. 0. 0. ... 0. 0. 0.],misc.forsale
[0.1362307  0.         0.         ... 0.03655498 0.         0.        ],talk.politics.guns
[0. 0. 0. ... 0. 0. 0.],comp.sys.ibm.pc.hardware
[0.         0.         0.         ... 0.10126769 0.         0.        ],talk.religion.misc
[0.         0.         0.         ... 0.03135417 0.         0.        ],sci.electronics
[0. 0. 0. ... 0. 0. 0.],soc.religion.christian
[0.         0.         0.         ... 0.17441224 0.1162611  0.        ],comp.sys.ibm.pc.hardware
[0. 0. 0. ... 0. 0. 0.],talk.politics.misc
[0. 0. 0. ... 0. 0. 0.],talk.religion.misc
[0. 0. 0. ... 0. 0. 0.],rec.sport.hockey
[0.         0.57091935 0.0235704  ... 0.         0.         0.        ],talk.politics.misc
[0.         0.         0.         ... 0.06346594 0.         0.        ],soc.religion.christian
[0. 0. 0. ... 0. 0. 0.],comp.windows.x
[0.55409927 0.         0.         ... 0.         0.         0.        ],talk.politics.guns
[0.         0.         0.         ... 0.01216857 0.         0.        ],comp.sys.mac.hardware
[0.         0.         0.         ... 0.07215127 0.         0.        ],rec.sport.baseball
[0.07757595 0.         0.2753262  ... 0.         0.         0.        ],misc.forsale
[0. 0. 0. ... 0. 0. 0.],talk.politics.mideast
[0. 0. 0. ... 0. 0. 0.],comp.sys.ibm.pc.hardware
[0.         0.         0.00775844 ... 0.01055839 0.         0.        ],sci.electronics
[0.         0.         0.         ... 0.18298265 0.12197403 0.        ],sci.space
[0.         0.         0.         ... 0.05781127 0.         0.        ],soc.religion.christian
[0. 0. 0. ... 0. 0. 0.],talk.politics.guns
[0. 0. 0. ... 0. 0. 0.],talk.politics.mideast
[0. 0. 0. ... 0. 0. 0.],sci.electronics
[0. 0. 0. ... 0. 0. 0.],comp.sys.ibm.pc.hardware
[0. 0. 0. ... 0. 0. 0.],comp.graphics
[0. 0. 0. ... 0. 0. 0.],soc.religion.christian
[0. 0. 0. ... 0. 0. 0.],sci.med
[0. 0. 0. ... 0. 0. 0.],sci.space
[0. 0. 0. ... 0. 0. 0.],alt.atheism
[0. 0. 0. ... 0. 0. 0.],rec.sport.baseball
[0.         0.         0.         ... 0.01930822 0.         0.        ],sci.space
[0.        0.0981009 0.        ... 0.        0.        0.       ],comp.sys.mac.hardware
[0. 0. 0. ... 0. 0. 0.],comp.sys.ibm.pc.hardware
[0.         0.         0.         ... 0.18401921 0.         0.        ],comp.os.ms-windows.misc
[0.         0.         0.         ... 0.04605073 0.         0.        ],comp.graphics
[0. 0. 0. ... 0. 0. 0.],comp.sys.mac.hardware
[0. 0. 0. ... 0. 0. 0.],sci.crypt
[0. 0. 0. ... 0. 0. 0.],talk.politics.mideast
[0. 0. 0. ... 0. 0. 0.],sci.space
[0.05866095 0.12006818 0.         ... 0.         0.         0.        ],sci.med
[0.         0.57706027 0.         ... 0.         0.         0.        ],talk.politics.misc
[0. 0. 0. ... 0. 0. 0.],misc.forsale
[0. 0. 0. ... 0. 0. 0.],sci.crypt
[0.         0.         0.         ... 0.05505263 0.         0.        ],misc.forsale
[0. 0. 0. ... 0. 0. 0.],sci.electronics
[0. 0. 0. ... 0. 0. 0.],talk.politics.misc
[0. 0. 0. ... 0. 0. 0.],rec.motorcycles
[0. 0. 0. ... 0. 0. 0.],comp.sys.mac.hardware
[0. 0. 0. ... 0. 0. 0.],talk.religion.misc
[0.         0.         0.         ... 0.07999585 0.         0.        ],misc.forsale
[0. 0. 0. ... 0. 0. 0.],sci.electronics
[0.         0.         0.         ... 0.03279296 0.         0.        ],comp.windows.x
[0. 0. 0. ... 0. 0. 0.],rec.autos
[0. 0. 0. ... 0. 0. 0.],comp.os.ms-windows.misc
[0. 0. 0. ... 0. 0. 0.],rec.sport.baseball
[0.07591232 0.         0.         ... 0.02036966 0.         0.        ],comp.os.ms-windows.misc
[0. 0. 0. ... 0. 0. 0.],talk.politics.misc
[0.09212131 0.         0.32694941 ... 0.         0.         0.        ],soc.religion.christian
[0. 0. 0. ... 0. 0. 0.],comp.windows.x
[0. 0. 0. ... 0. 0. 0.],soc.religion.christian
[0. 0. 0. ... 0. 0. 0.],comp.sys.mac.hardware
[0.         0.16369781 0.         ... 0.         0.         0.        ],talk.politics.mideast
[0. 0. 0. ... 0. 0. 0.],comp.sys.mac.hardware
[0. 0. 0. ... 0. 0. 0.],comp.sys.mac.hardware
[0. 0. 0. ... 0. 0. 0.],talk.religion.misc
[0. 0. 0. ... 0. 0. 0.],talk.politics.guns
[0. 0. 0. ... 0. 0. 0.],comp.os.ms-windows.misc
[0. 0. 0. ... 0. 0. 0.],talk.religion.misc
[0. 0. 0. ... 0. 0. 0.],soc.religion.christian
[0. 0. 0. ... 0. 0. 0.],sci.space
[0. 0. 0. ... 0. 0. 0.],comp.sys.ibm.pc.hardware
[0.         0.         0.         ... 0.04751448 0.         0.        ],rec.sport.baseball
[0. 0. 0. ... 0. 0. 0.],comp.graphics
[0. 0. 0. ... 0. 0. 0.],sci.space
[0. 0. 0. ... 0. 0. 0.],comp.sys.mac.hardware
[0. 0. 0. ... 0. 0. 0.],sci.crypt
[0.16263592 0.         0.         ... 0.         0.         0.        ],rec.sport.baseball
[0.         0.         0.         ... 0.02154406 0.         0.        ],misc.forsale
[0. 0. 0. ... 0. 0. 0.],rec.motorcycles
[0.        0.        0.        ... 0.0277545 0.        0.       ],comp.sys.mac.hardware
[0. 0. 0. ... 0. 0. 0.],sci.med
[0.        0.        0.        ... 0.0364394 0.        0.       ],rec.sport.hockey
[0. 0. 0. ... 0. 0. 0.],comp.graphics
[0.         0.         0.         ... 0.18273581 0.         0.        ],sci.space
[0.         0.         0.         ... 0.03462594 0.         0.        ],sci.electronics
[0.         0.         0.         ... 0.06084049 0.         0.        ],sci.med
[0. 0. 0. ... 0. 0. 0.],rec.sport.hockey
[0.         0.         0.         ... 0.05121365 0.         0.        ],rec.motorcycles
[0. 0. 0. ... 0. 0. 0.],alt.atheism
[0.         0.         0.         ... 0.06091205 0.         0.        ],sci.electronics
[0. 0. 0. ... 0. 0. 0.],sci.crypt
[0. 0. 0. ... 0. 0. 0.],sci.crypt
[0. 0. 0. ... 0. 0. 0.],rec.sport.baseball
[0. 0. 0. ... 0. 0. 0.],comp.os.ms-windows.misc
[0. 0. 0. ... 0. 0. 0.],talk.politics.guns
[0.         0.         0.         ... 0.03861963 0.         0.        ],talk.politics.mideast
[0.         0.         0.         ... 0.08615878 0.         0.        ],sci.electronics
[0. 0. 0. ... 0. 0. 0.],rec.motorcycles
[0. 0. 0. ... 0. 0. 0.],comp.sys.ibm.pc.hardware
[0. 0. 0. ... 0. 0. 0.],sci.space
[0. 0. 0. ... 0. 0. 0.],talk.politics.guns
[0.         0.         0.         ... 0.18340623 0.         0.        ],sci.med
[0. 0. 0. ... 0. 0. 0.],rec.autos
[0. 0. 0. ... 0. 0. 0.],rec.autos
[0. 0. 0. ... 0. 0. 0.],rec.autos
[0.         0.25926218 0.         ... 0.         0.         0.        ],rec.motorcycles
[0. 0. 0. ... 0. 0. 0.],talk.politics.misc
[0.         0.         0.         ... 0.00890337 0.         0.        ],soc.religion.christian
[0. 0. 0. ... 0. 0. 0.],sci.med
[0. 0. 0. ... 0. 0. 0.],comp.os.ms-windows.misc
[0.         0.10239293 0.         ... 0.         0.         0.        ],talk.politics.mideast
[0. 0. 0. ... 0. 0. 0.],sci.space
[0.         0.         0.         ... 0.05911568 0.         0.        ],talk.religion.misc
[0. 0. 0. ... 0. 0. 0.],sci.med
[0.         0.         0.         ... 0.05647771 0.         0.        ],comp.windows.x
[0. 0. 0. ... 0. 0. 0.],misc.forsale
[0.        0.        0.        ... 0.1335925 0.        0.       ],sci.electronics
[0. 0. 0. ... 0. 0. 0.],misc.forsale
[0.         0.         0.         ... 0.03438034 0.         0.        ],comp.sys.ibm.pc.hardware
[0. 0. 0. ... 0. 0. 0.],comp.sys.ibm.pc.hardware
[0. 0. 0. ... 0. 0. 0.],comp.graphics
[0.         0.         0.         ... 0.09178112 0.         0.        ],rec.sport.baseball
[0. 0. 0. ... 0. 0. 0.],soc.religion.christian
[0. 0. 0. ... 0. 0. 0.],soc.religion.christian
[0. 0. 0. ... 0. 0. 0.],misc.forsale
[0. 0. 0. ... 0. 0. 0.],comp.graphics
[0. 0. 0. ... 0. 0. 0.],sci.crypt
[0. 0. 0. ... 0. 0. 0.],talk.religion.misc
[0.05363941 0.         0.         ... 0.         0.         0.        ],rec.sport.baseball
[0. 0. 0. ... 0. 0. 0.],misc.forsale
[0. 0. 0. ... 0. 0. 0.],rec.autos
[0. 0. 0. ... 0. 0. 0.],comp.graphics
[0.         0.         0.         ... 0.07071946 0.         0.        ],comp.os.ms-windows.misc
[0. 0. 0. ... 0. 0. 0.],sci.electronics
[0.02746656 0.         0.         ... 0.         0.         0.        ],talk.politics.mideast
[0. 0. 0. ... 0. 0. 0.],comp.os.ms-windows.misc
[0.         0.         0.         ... 0.         0.         0.07993009],rec.autos
[0.         0.         0.         ... 0.03977431 0.         0.        ],misc.forsale
[0. 0. 0. ... 0. 0. 0.],sci.crypt
[0. 0. 0. ... 0. 0. 0.],rec.autos
[0. 0. 0. ... 0. 0. 0.],talk.politics.mideast
[0. 0. 0. ... 0. 0. 0.],sci.electronics
[0. 0. 0. ... 0. 0. 0.],soc.religion.christian
[0.0232558  0.09520068 0.         ... 0.         0.         0.        ],sci.med
[0.         0.         0.         ... 0.04971143 0.         0.        ],comp.sys.ibm.pc.hardware
[0.         0.29432416 0.         ... 0.         0.         0.        ],rec.sport.baseball
[0. 0. 0. ... 0. 0. 0.],talk.politics.misc
[0. 0. 0. ... 0. 0. 0.],soc.religion.christian
[0.         0.         0.         ... 0.04313161 0.         0.        ],rec.autos
[0.         0.         0.         ... 0.06247245 0.         0.        ],rec.sport.baseball
[0.05147882 0.05268385 0.         ... 0.         0.         0.        ],sci.space
[0. 0. 0. ... 0. 0. 0.],rec.sport.baseball
[0.         0.         0.         ... 0.05197544 0.         0.        ],comp.sys.ibm.pc.hardware
[0.66542163 0.         0.         ... 0.01983928 0.         0.        ],sci.crypt
[0.         0.         0.         ... 0.22669757 0.         0.        ],misc.forsale
[0. 0. 0. ... 0. 0. 0.],comp.graphics
[0. 0. 0. ... 0. 0. 0.],talk.politics.guns
[0. 0. 0. ... 0. 0. 0.],rec.autos
[0. 0. 0. ... 0. 0. 0.],comp.windows.x
[0. 0. 0. ... 0. 0. 0.],sci.electronics
[0.         0.         0.         ... 0.17831622 0.11886345 0.        ],rec.sport.baseball
[0. 0. 0. ... 0. 0. 0.],alt.atheism
[0.         0.06957092 0.         ... 0.         0.07295567 0.        ],rec.motorcycles
[0. 0. 0. ... 0. 0. 0.],talk.politics.misc
[0. 0. 0. ... 0. 0. 0.],comp.sys.mac.hardware
[0.         0.         0.         ... 0.06817565 0.         0.        ],rec.autos
[0.         0.         0.         ... 0.06020701 0.         0.        ],comp.sys.ibm.pc.hardware
[0.         0.         0.         ... 0.04208994 0.         0.        ],comp.graphics
[0. 0. 0. ... 0. 0. 0.],rec.sport.baseball
[0.         0.         0.         ... 0.         0.11353791 0.        ],rec.sport.baseball
[0. 0. 0. ... 0. 0. 0.],rec.autos
[0. 0. 0. ... 0. 0. 0.],talk.politics.mideast
[0.         0.05099664 0.         ... 0.18719415 0.         0.        ],rec.motorcycles
[0. 0. 0. ... 0. 0. 0.],misc.forsale
[0. 0. 0. ... 0. 0. 0.],sci.crypt
[0.         0.         0.         ... 0.05040303 0.         0.        ],comp.sys.ibm.pc.hardware
[0.         0.19028123 0.         ... 0.         0.         0.        ],misc.forsale
[0.         0.         0.         ... 0.02966886 0.         0.        ],rec.autos
[0.         0.         0.         ... 0.06390448 0.         0.        ],talk.politics.guns
[0. 0. 0. ... 0. 0. 0.],sci.electronics
[0.         0.         0.         ... 0.03971695 0.07942451 0.        ],comp.graphics
[0. 0. 0. ... 0. 0. 0.],talk.politics.guns
[0. 0. 0. ... 0. 0. 0.],rec.sport.baseball
[0.03828852 0.         0.         ... 0.34931644 0.         0.        ],comp.os.ms-windows.misc
[0. 0. 0. ... 0. 0. 0.],comp.graphics
[0. 0. 0. ... 0. 0. 0.],comp.sys.mac.hardware
[0. 0. 0. ... 0. 0. 0.],comp.sys.ibm.pc.hardware
[0. 0. 0. ... 0. 0. 0.],comp.windows.x
[0.         0.         0.         ... 0.08088728 0.         0.        ],misc.forsale
[0.08325592 0.         0.         ... 0.         0.         0.        ],talk.politics.mideast
[0. 0. 0. ... 0. 0. 0.],alt.atheism
[0. 0. 0. ... 0. 0. 0.],talk.politics.mideast
[0.         0.03661423 0.         ... 0.         0.         0.        ],comp.sys.mac.hardware
[0.14103212 0.         0.         ... 0.         0.         0.        ],comp.sys.mac.hardware
[0. 0. 0. ... 0. 0. 0.],sci.electronics
[0. 0. 0. ... 0. 0. 0.],talk.politics.guns
[0. 0. 0. ... 0. 0. 0.],talk.religion.misc
[0. 0. 0. ... 0. 0. 0.],sci.space
[0. 0. 0. ... 0. 0. 0.],comp.graphics
[0. 0. 0. ... 0. 0. 0.],rec.motorcycles
[0. 0. 0. ... 0. 0. 0.],sci.med
[0. 0. 0. ... 0. 0. 0.],misc.forsale
[0. 0. 0. ... 0. 0. 0.],sci.electronics
[0. 0. 0. ... 0. 0. 0.],soc.religion.christian
[0. 0. 0. ... 0. 0. 0.],rec.motorcycles
[0. 0. 0. ... 0. 0. 0.],sci.space
[0.         0.         0.         ... 0.01448863 0.01448692 0.        ],sci.med
[0. 0. 0. ... 0. 0. 0.],rec.sport.hockey
[0.         0.         0.         ... 0.02607146 0.         0.        ],sci.med
[0.         0.         0.         ... 0.05590277 0.         0.        ],talk.politics.guns
[0.         0.         0.         ... 0.         0.03924713 0.        ],rec.autos
[0. 0. 0. ... 0. 0. 0.],comp.os.ms-windows.misc
[0. 0. 0. ... 0. 0. 0.],talk.politics.guns
[0. 0. 0. ... 0. 0. 0.],comp.sys.ibm.pc.hardware
[0. 0. 0. ... 0. 0. 0.],rec.sport.baseball
[0. 0. 0. ... 0. 0. 0.],talk.politics.misc
[0.         0.         0.         ... 0.22585845 0.         0.        ],rec.motorcycles
[0.         0.         0.         ... 0.07844425 0.         0.        ],comp.windows.x
[0.         0.         0.         ... 0.08141987 0.02035256 0.        ],comp.windows.x
[0. 0. 0. ... 0. 0. 0.],sci.space
[0. 0. 0. ... 0. 0. 0.],sci.space
[0.       0.       0.       ... 0.       0.072053 0.      ],comp.graphics
[0. 0. 0. ... 0. 0. 0.],talk.politics.guns
[0. 0. 0. ... 0. 0. 0.],rec.sport.baseball
[0. 0. 0. ... 0. 0. 0.],sci.crypt
[0. 0. 0. ... 0. 0. 0.],soc.religion.christian
[0. 0. 0. ... 0. 0. 0.],soc.religion.christian
[0. 0. 0. ... 0. 0. 0.],comp.windows.x
[0. 0. 0. ... 0. 0. 0.],rec.autos
[0. 0. 0. ... 0. 0. 0.],misc.forsale
[0. 0. 0. ... 0. 0. 0.],rec.sport.hockey
[0.         0.         0.         ... 0.02517021 0.         0.        ],talk.politics.mideast
[0. 0. 0. ... 0. 0. 0.],rec.motorcycles
[0.         0.02103322 0.         ... 0.         0.         0.        ],misc.forsale
[0. 0. 0. ... 0. 0. 0.],talk.politics.guns
[0.         0.06249857 0.         ... 0.         0.         0.        ],sci.space
[0. 0. 0. ... 0. 0. 0.],comp.graphics
[0.         0.         0.         ... 0.04774302 0.         0.        ],soc.religion.christian
[0.         0.         0.         ... 0.05466409 0.         0.        ],rec.autos
[0. 0. 0. ... 0. 0. 0.],rec.sport.hockey
[0. 0. 0. ... 0. 0. 0.],comp.sys.mac.hardware
[0. 0. 0. ... 0. 0. 0.],comp.sys.ibm.pc.hardware
[0. 0. 0. ... 0. 0. 0.],rec.motorcycles
[0. 0. 0. ... 0. 0. 0.],comp.sys.ibm.pc.hardware
[0.         0.         0.         ... 0.03913081 0.         0.        ],comp.sys.mac.hardware
[0. 0. 0. ... 0. 0. 0.],sci.crypt
[0.         0.         0.         ... 0.17926189 0.02987346 0.        ],rec.autos
[0. 0. 0. ... 0. 0. 0.],comp.sys.mac.hardware
[0. 0. 0. ... 0. 0. 0.],sci.crypt
[0. 0. 0. ... 0. 0. 0.],rec.autos
[0. 0. 0. ... 0. 0. 0.],sci.crypt
[0. 0. 0. ... 0. 0. 0.],rec.motorcycles
[0.         0.         0.         ... 0.09250308 0.         0.        ],rec.sport.baseball
[0. 0. 0. ... 0. 0. 0.],talk.politics.misc
[0.         0.         0.         ... 0.         0.11994645 0.        ],alt.atheism
[0. 0. 0. ... 0. 0. 0.],sci.electronics
[0. 0. 0. ... 0. 0. 0.],talk.politics.guns
[0. 0. 0. ... 0. 0. 0.],rec.sport.hockey
[0. 0. 0. ... 0. 0. 0.],rec.motorcycles
[0.         0.         0.         ... 0.03308788 0.06616794 0.        ],sci.space
[0.         0.         0.         ... 0.07647438 0.         0.        ],rec.sport.baseball
[0. 0. 0. ... 0. 0. 0.],sci.space
[0. 0. 0. ... 0. 0. 0.],rec.sport.baseball
[0. 0. 0. ... 0. 0. 0.],comp.windows.x
[0. 0. 0. ... 0. 0. 0.],sci.space
[0. 0. 0. ... 0. 0. 0.],comp.sys.mac.hardware
[0. 0. 0. ... 0. 0. 0.],rec.sport.hockey
[0.         0.         0.         ... 0.07310318 0.         0.        ],sci.space
[0. 0. 0. ... 0. 0. 0.],comp.sys.ibm.pc.hardware
[0. 0. 0. ... 0. 0. 0.],sci.electronics
[0.         0.         0.         ... 0.06893971 0.         0.        ],comp.os.ms-windows.misc
[0. 0. 0. ... 0. 0. 0.],talk.politics.guns
[0. 0. 0. ... 0. 0. 0.],sci.crypt
[0. 0. 0. ... 0. 0. 0.],sci.med
[0. 0. 0. ... 0. 0. 0.],rec.sport.baseball
[0.         0.         0.         ... 0.03369714 0.         0.        ],talk.politics.mideast
[0. 0. 0. ... 0. 0. 0.],comp.graphics
[0. 0. 0. ... 0. 0. 0.],talk.politics.mideast
[0. 0. 0. ... 0. 0. 0.],rec.motorcycles
[0.         0.         0.         ... 0.06011409 0.         0.        ],rec.sport.hockey
[0. 0. 0. ... 0. 0. 0.],rec.autos
[0. 0. 0. ... 0. 0. 0.],comp.os.ms-windows.misc
[0. 0. 0. ... 0. 0. 0.],alt.atheism
[0. 0. 0. ... 0. 0. 0.],comp.sys.ibm.pc.hardware
[0. 0. 0. ... 0. 0. 0.],sci.electronics
[0. 0. 0. ... 0. 0. 0.],rec.motorcycles
[0.15284402 0.         0.         ... 0.         0.         0.        ],sci.crypt
[0.         0.         0.03657444 ... 0.09954772 0.         0.        ],talk.politics.misc
[0. 0. 0. ... 0. 0. 0.],sci.electronics
[0.13161278 0.         0.         ... 0.         0.         0.        ],sci.crypt
[0.         0.06001585 0.         ... 0.         0.         0.        ],comp.windows.x
[0. 0. 0. ... 0. 0. 0.],comp.sys.mac.hardware
[0. 0. 0. ... 0. 0. 0.],comp.graphics
[0. 0. 0. ... 0. 0. 0.],rec.sport.baseball
[0.         0.         0.         ... 0.04263679 0.         0.        ],rec.sport.hockey
[0. 0. 0. ... 0. 0. 0.],comp.graphics
[0. 0. 0. ... 0. 0. 0.],sci.space
[0. 0. 0. ... 0. 0. 0.],comp.os.ms-windows.misc
[0. 0. 0. ... 0. 0. 0.],alt.atheism
[0.        0.        0.        ... 0.0303443 0.        0.       ],talk.religion.misc
[0. 0. 0. ... 0. 0. 0.],comp.graphics
[0. 0. 0. ... 0. 0. 0.],comp.sys.mac.hardware
[0.        0.        0.2307291 ... 0.        0.        0.       ],misc.forsale
[0. 0. 0. ... 0. 0. 0.],sci.space
[0. 0. 0. ... 0. 0. 0.],talk.politics.mideast
[0. 0. 0. ... 0. 0. 0.],soc.religion.christian
[0. 0. 0. ... 0. 0. 0.],comp.sys.mac.hardware
[0.         0.         0.         ... 0.07443047 0.         0.        ],comp.graphics
[0.         0.         0.         ... 0.04743958 0.         0.        ],comp.sys.mac.hardware
[0.         0.         0.         ... 0.04310349 0.         0.        ],soc.religion.christian
[0.         0.         0.         ... 0.07406575 0.         0.        ],comp.graphics
[0.         0.         0.         ... 0.05261393 0.         0.        ],sci.med
[0. 0. 0. ... 0. 0. 0.],comp.sys.ibm.pc.hardware
[0.        0.        0.        ... 0.0599967 0.        0.       ],rec.sport.baseball
[0.         0.         0.         ... 0.04999348 0.         0.        ],rec.autos
[0. 0. 0. ... 0. 0. 0.],soc.religion.christian
[0. 0. 0. ... 0. 0. 0.],comp.windows.x
[0. 0. 0. ... 0. 0. 0.],comp.sys.ibm.pc.hardware
[0. 0. 0. ... 0. 0. 0.],talk.religion.misc
[0. 0. 0. ... 0. 0. 0.],misc.forsale
[0. 0. 0. ... 0. 0. 0.],sci.med
[0.46135666 0.         0.         ... 0.         0.         0.        ],misc.forsale
[0. 0. 0. ... 0. 0. 0.],talk.religion.misc
[0. 0. 0. ... 0. 0. 0.],rec.sport.hockey
[0. 0. 0. ... 0. 0. 0.],comp.os.ms-windows.misc
[0.         0.         0.         ... 0.07325058 0.         0.        ],sci.electronics
[0. 0. 0. ... 0. 0. 0.],sci.med
[0. 0. 0. ... 0. 0. 0.],comp.windows.x
[0.         0.         0.         ... 0.02873335 0.         0.        ],sci.electronics
[0. 0. 0. ... 0. 0. 0.],comp.os.ms-windows.misc
[0. 0. 0. ... 0. 0. 0.],sci.crypt
[0. 0. 0. ... 0. 0. 0.],sci.electronics
[0. 0. 0. ... 0. 0. 0.],alt.atheism
[0. 0. 0. ... 0. 0. 0.],soc.religion.christian
[0. 0. 0. ... 0. 0. 0.],talk.politics.mideast
[0.14795871 0.         0.         ... 0.         0.         0.        ],rec.sport.baseball
[0. 0. 0. ... 0. 0. 0.],talk.politics.guns
[0.         0.         0.         ... 0.02233479 0.         0.        ],comp.windows.x
[0. 0. 0. ... 0. 0. 0.],talk.politics.guns
[0.         0.         0.         ... 0.06668637 0.04445233 0.        ],soc.religion.christian
[0.         0.05236832 0.         ... 0.01373066 0.         0.        ],rec.motorcycles
[0. 0. 0. ... 0. 0. 0.],comp.sys.ibm.pc.hardware
[0. 0. 0. ... 0. 0. 0.],rec.sport.hockey
[0. 0. 0. ... 0. 0. 0.],talk.politics.misc
[0. 0. 0. ... 0. 0. 0.],misc.forsale
[0.         0.         0.         ... 0.07997501 0.         0.        ],comp.sys.ibm.pc.hardware
[0.16798827 0.         0.         ... 0.09015306 0.         0.        ],alt.atheism
[0. 0. 0. ... 0. 0. 0.],comp.windows.x
[0.        0.        0.        ... 0.0884231 0.        0.       ],talk.politics.mideast
[0. 0. 0. ... 0. 0. 0.],rec.sport.hockey
[0.         0.         0.         ... 0.06780567 0.         0.        ],sci.space
[0. 0. 0. ... 0. 0. 0.],comp.windows.x
[0. 0. 0. ... 0. 0. 0.],comp.sys.ibm.pc.hardware
[0. 0. 0. ... 0. 0. 0.],comp.sys.mac.hardware
[0.         0.         0.         ... 0.01378399 0.02756473 0.        ],sci.electronics
[0.         0.1888302  0.         ... 0.09902027 0.         0.        ],sci.med
[0.         0.         0.11160685 ... 0.         0.         0.        ],rec.autos
[0. 0. 0. ... 0. 0. 0.],soc.religion.christian
[0. 0. 0. ... 0. 0. 0.],soc.religion.christian
[0. 0. 0. ... 0. 0. 0.],rec.sport.baseball
[0. 0. 0. ... 0. 0. 0.],talk.politics.misc
[0. 0. 0. ... 0. 0. 0.],sci.med
[0.         0.         0.14361702 ... 0.         0.         0.        ],sci.electronics
[0. 0. 0. ... 0. 0. 0.],rec.motorcycles
[0.         0.         0.         ... 0.04245477 0.         0.        ],rec.autos
[0.         0.         0.         ... 0.16657711 0.         0.        ],talk.politics.mideast
[0.         0.         0.         ... 0.04676017 0.         0.        ],alt.atheism
[0. 0. 0. ... 0. 0. 0.],comp.graphics
[0.         0.         0.         ... 0.03474648 0.         0.        ],rec.motorcycles
[0. 0. 0. ... 0. 0. 0.],comp.graphics
[0. 0. 0. ... 0. 0. 0.],sci.med
[0. 0. 0. ... 0. 0. 0.],sci.crypt
[0. 0. 0. ... 0. 0. 0.],comp.graphics
[0. 0. 0. ... 0. 0. 0.],misc.forsale
[0. 0. 0. ... 0. 0. 0.],sci.crypt
[0. 0. 0. ... 0. 0. 0.],sci.space
[0.         0.         0.         ... 0.07855423 0.         0.        ],soc.religion.christian
[0. 0. 0. ... 0. 0. 0.],talk.religion.misc
[0.         0.         0.         ... 0.04492952 0.         0.        ],comp.graphics
[0. 0. 0. ... 0. 0. 0.],talk.politics.guns
[0. 0. 0. ... 0. 0. 0.],misc.forsale
[0. 0. 0. ... 0. 0. 0.],comp.graphics
[0.         0.         0.         ... 0.         0.         0.24556623],comp.windows.x
[0. 0. 0. ... 0. 0. 0.],sci.crypt
[0.         0.         0.19207749 ... 0.         0.         0.        ],rec.autos
[0.         0.07954551 0.         ... 0.         0.         0.        ],sci.med
[0. 0. 0. ... 0. 0. 0.],alt.atheism
[0. 0. 0. ... 0. 0. 0.],rec.sport.hockey
[0.         0.         0.         ... 0.07002386 0.         0.        ],soc.religion.christian
[0. 0. 0. ... 0. 0. 0.],sci.crypt
[0. 0. 0. ... 0. 0. 0.],rec.sport.hockey
[0. 0. 0. ... 0. 0. 0.],comp.sys.ibm.pc.hardware
[0.         0.         0.         ... 0.15234194 0.         0.        ],comp.os.ms-windows.misc
[0. 0. 0. ... 0. 0. 0.],comp.sys.mac.hardware
[0. 0. 0. ... 0. 0. 0.],sci.med
[0.         0.         0.         ... 0.1597385  0.10647976 0.        ],comp.os.ms-windows.misc
[0.         0.         0.         ... 0.04121041 0.         0.        ],rec.motorcycles
[0. 0. 0. ... 0. 0. 0.],comp.graphics
[0. 0. 0. ... 0. 0. 0.],comp.windows.x
[0.         0.         0.         ... 0.14280105 0.04079548 0.20980863],comp.sys.mac.hardware
[0.         0.         0.         ... 0.03679545 0.07358221 0.        ],alt.atheism
[0. 0. 0. ... 0. 0. 0.],rec.autos
[0. 0. 0. ... 0. 0. 0.],sci.space
[0. 0. 0. ... 0. 0. 0.],talk.politics.misc
[0. 0. 0. ... 0. 0. 0.],talk.politics.guns
[0. 0. 0. ... 0. 0. 0.],rec.sport.baseball
[0. 0. 0. ... 0. 0. 0.],sci.crypt
[0. 0. 0. ... 0. 0. 0.],talk.religion.misc
[0.         0.09834725 0.         ... 0.05157211 0.         0.        ],sci.space
[0. 0. 0. ... 0. 0. 0.],rec.motorcycles
[0. 0. 0. ... 0. 0. 0.],comp.os.ms-windows.misc
[0. 0. 0. ... 0. 0. 0.],sci.space
[0. 0. 0. ... 0. 0. 0.],comp.graphics
[0.         0.         0.         ... 0.10774724 0.         0.        ],sci.crypt
[0. 0. 0. ... 0. 0. 0.],rec.autos
[0.         0.         0.         ... 0.06863817 0.         0.        ],misc.forsale
[0. 0. 0. ... 0. 0. 0.],talk.politics.mideast
[0. 0. 0. ... 0. 0. 0.],comp.sys.ibm.pc.hardware
[0.         0.         0.09390974 ... 0.         0.         0.        ],comp.sys.ibm.pc.hardware
[0. 0. 0. ... 0. 0. 0.],talk.politics.mideast
[0.         0.         0.         ... 0.02407498 0.         0.        ],talk.religion.misc
[0.         0.         0.         ... 0.02451881 0.         0.        ],rec.autos
[0. 0. 0. ... 0. 0. 0.],soc.religion.christian
[0.         0.         0.         ... 0.13358348 0.         0.        ],rec.motorcycles
[0.         0.         0.         ... 0.06323051 0.01806373 0.        ],rec.sport.baseball
[0. 0. 0. ... 0. 0. 0.],comp.sys.mac.hardware
[0.         0.07112071 0.         ... 0.01243161 0.         0.        ],talk.politics.mideast
[0. 0. 0. ... 0. 0. 0.],comp.graphics
[0.         0.         0.         ... 0.02578737 0.         0.        ],alt.atheism
[0. 0. 0. ... 0. 0. 0.],comp.os.ms-windows.misc
[0. 0. 0. ... 0. 0. 0.],sci.crypt
[0. 0. 0. ... 0. 0. 0.],comp.os.ms-windows.misc
[0.         0.         0.         ... 0.02513443 0.         0.        ],talk.politics.mideast
[0. 0. 0. ... 0. 0. 0.],sci.space
[0. 0. 0. ... 0. 0. 0.],comp.windows.x
[0. 0. 0. ... 0. 0. 0.],misc.forsale
[0.         0.         0.         ... 0.06086169 0.         0.        ],comp.os.ms-windows.misc
[0. 0. 0. ... 0. 0. 0.],sci.electronics
[0. 0. 0. ... 0. 0. 0.],rec.motorcycles
[0. 0. 0. ... 0. 0. 0.],misc.forsale
[0. 0. 0. ... 0. 0. 0.],rec.motorcycles
[0. 0. 0. ... 0. 0. 0.],rec.sport.hockey
[0. 0. 0. ... 0. 0. 0.],rec.sport.baseball
[0. 0. 0. ... 0. 0. 0.],alt.atheism
[0. 0. 0. ... 0. 0. 0.],comp.os.ms-windows.misc
[0. 0. 0. ... 0. 0. 0.],sci.crypt
[0. 0. 0. ... 0. 0. 0.],soc.religion.christian
[0.        0.        0.        ... 0.0194078 0.        0.       ],soc.religion.christian
[0.         0.         0.         ... 0.04262811 0.         0.        ],comp.sys.mac.hardware
[0. 0. 0. ... 0. 0. 0.],comp.sys.mac.hardware
[0. 0. 0. ... 0. 0. 0.],comp.sys.mac.hardware
[0.         0.         0.         ... 0.02529939 0.         0.        ],comp.sys.mac.hardware
[0. 0. 0. ... 0. 0. 0.],misc.forsale
[0.09349745 0.         0.         ... 0.0501766  0.         0.        ],comp.sys.ibm.pc.hardware
[0. 0. 0. ... 0. 0. 0.],sci.crypt
[0. 0. 0. ... 0. 0. 0.],alt.atheism
[0. 0. 0. ... 0. 0. 0.],alt.atheism
[0. 0. 0. ... 0. 0. 0.],sci.med
[0.         0.         0.15644259 ... 0.07096715 0.         0.        ],soc.religion.christian
[0. 0. 0. ... 0. 0. 0.],comp.sys.ibm.pc.hardware
[0. 0. 0. ... 0. 0. 0.],talk.politics.misc
[0. 0. 0. ... 0. 0. 0.],rec.motorcycles
[0. 0. 0. ... 0. 0. 0.],rec.sport.hockey
[0.         0.         0.         ... 0.02392586 0.         0.        ],comp.os.ms-windows.misc
[0.         0.         0.         ... 0.04953769 0.         0.        ],rec.motorcycles
[0. 0. 0. ... 0. 0. 0.],comp.graphics
[0.       0.       0.       ... 0.053658 0.       0.      ],comp.sys.mac.hardware
[0.         0.         0.         ... 0.04983217 0.         0.        ],sci.crypt
[0. 0. 0. ... 0. 0. 0.],talk.politics.misc
[0. 0. 0. ... 0. 0. 0.],sci.med
[0. 0. 0. ... 0. 0. 0.],talk.politics.guns
[0.         0.         0.         ... 0.01000418 0.         0.        ],soc.religion.christian
[0. 0. 0. ... 0. 0. 0.],alt.atheism
[0.         0.         0.         ... 0.07880115 0.         0.        ],comp.windows.x
[0. 0. 0. ... 0. 0. 0.],talk.politics.guns
[0.         0.         0.         ... 0.01146036 0.         0.        ],alt.atheism
[0.         0.         0.         ... 0.12129378 0.         0.        ],sci.electronics
[0. 0. 0. ... 0. 0. 0.],talk.politics.guns
[0.         0.09832506 0.         ... 0.         0.         0.        ],talk.politics.guns
[0. 0. 0. ... 0. 0. 0.],talk.politics.misc
[0. 0. 0. ... 0. 0. 0.],sci.med
[0. 0. 0. ... 0. 0. 0.],rec.motorcycles
[0. 0. 0. ... 0. 0. 0.],comp.graphics
[0.         0.         0.         ... 0.05043037 0.         0.        ],rec.motorcycles
[0. 0. 0. ... 0. 0. 0.],rec.sport.baseball
[0.        0.        0.        ... 0.2205663 0.        0.       ],talk.politics.misc
[0. 0. 0. ... 0. 0. 0.],rec.autos
[0.         0.         0.         ... 0.04014051 0.         0.        ],alt.atheism
[0. 0. 0. ... 0. 0. 0.],talk.religion.misc
[0. 0. 0. ... 0. 0. 0.],rec.sport.baseball
[0.         0.         0.         ... 0.03973679 0.         0.        ],misc.forsale
[0. 0. 0. ... 0. 0. 0.],rec.sport.baseball
[0. 0. 0. ... 0. 0. 0.],sci.space
[0.12763314 0.         0.         ... 0.         0.         0.        ],alt.atheism
[0.         0.         0.         ... 0.03743743 0.         0.        ],sci.med
[0.         0.         0.         ... 0.11109526 0.         0.        ],talk.religion.misc
[0.         0.         0.         ... 0.05606953 0.         0.        ],sci.electronics
[0.         0.         0.         ... 0.01203408 0.         0.        ],rec.sport.hockey
[0. 0. 0. ... 0. 0. 0.],talk.religion.misc
[0. 0. 0. ... 0. 0. 0.],comp.os.ms-windows.misc
[0. 0. 0. ... 0. 0. 0.],talk.religion.misc
[0. 0. 0. ... 0. 0. 0.],sci.med
[0.         0.         0.         ... 0.12661038 0.         0.        ],talk.religion.misc
[0. 0. 0. ... 0. 0. 0.],comp.windows.x
[0. 0. 0. ... 0. 0. 0.],rec.sport.baseball
[0. 0. 0. ... 0. 0. 0.],alt.atheism
[0. 0. 0. ... 0. 0. 0.],sci.electronics
[0. 0. 0. ... 0. 0. 0.],rec.sport.hockey
[0. 0. 0. ... 0. 0. 0.],misc.forsale
[0. 0. 0. ... 0. 0. 0.],rec.autos
[0. 0. 0. ... 0. 0. 0.],sci.space
[0.         0.         0.         ... 0.05814797 0.         0.        ],misc.forsale
[0. 0. 0. ... 0. 0. 0.],rec.autos
[0. 0. 0. ... 0. 0. 0.],talk.politics.mideast
[0.         0.         0.         ... 0.03854827 0.         0.        ],rec.sport.baseball
[0. 0. 0. ... 0. 0. 0.],sci.space
[0. 0. 0. ... 0. 0. 0.],talk.politics.guns
[0.         0.         0.         ... 0.12224314 0.1222287  0.        ],comp.windows.x
[0. 0. 0. ... 0. 0. 0.],sci.electronics
[0. 0. 0. ... 0. 0. 0.],misc.forsale
[0. 0. 0. ... 0. 0. 0.],rec.motorcycles
[0. 0. 0. ... 0. 0. 0.],comp.graphics
[0.         0.         0.         ... 0.03954573 0.         0.        ],sci.med
[0.         0.         0.         ... 0.03058935 0.06117147 0.        ],comp.os.ms-windows.misc
[0.         0.         0.         ... 0.         0.05608335 0.        ],soc.religion.christian
[0. 0. 0. ... 0. 0. 0.],sci.space
[0. 0. 0. ... 0. 0. 0.],sci.electronics
[0. 0. 0. ... 0. 0. 0.],sci.electronics
[0. 0. 0. ... 0. 0. 0.],rec.sport.baseball
[0. 0. 0. ... 0. 0. 0.],comp.sys.ibm.pc.hardware
[0.         0.         0.         ... 0.08153954 0.         0.        ],sci.crypt
[0. 0. 0. ... 0. 0. 0.],sci.space
[0. 0. 0. ... 0. 0. 0.],sci.crypt
[0. 0. 0. ... 0. 0. 0.],soc.religion.christian
[0. 0. 0. ... 0. 0. 0.],rec.sport.hockey
[0. 0. 0. ... 0. 0. 0.],comp.sys.ibm.pc.hardware
[0. 0. 0. ... 0. 0. 0.],talk.politics.misc
[0.         0.         0.         ... 0.06063185 0.         0.        ],sci.crypt
[0. 0. 0. ... 0. 0. 0.],rec.autos
[0. 0. 0. ... 0. 0. 0.],comp.graphics
[0. 0. 0. ... 0. 0. 0.],talk.politics.guns
[0. 0. 0. ... 0. 0. 0.],alt.atheism
[0. 0. 0. ... 0. 0. 0.],sci.crypt
[0. 0. 0. ... 0. 0. 0.],talk.politics.mideast
[0.69113377 0.         0.         ... 0.         0.         0.        ],rec.sport.hockey
[0.         0.         0.         ... 0.04640173 0.0185585  0.        ],talk.politics.mideast
[0. 0. 0. ... 0. 0. 0.],talk.politics.mideast
[0. 0. 0. ... 0. 0. 0.],alt.atheism
[0. 0. 0. ... 0. 0. 0.],talk.religion.misc
[0. 0. 0. ... 0. 0. 0.],rec.motorcycles
[0.         0.13425996 0.15520182 ... 0.         0.         0.        ],rec.autos
[0. 0. 0. ... 0. 0. 0.],comp.windows.x
[0. 0. 0. ... 0. 0. 0.],talk.politics.guns
[0. 0. 0. ... 0. 0. 0.],soc.religion.christian
[0.        0.        0.        ... 0.1618787 0.        0.       ],comp.windows.x
[0.         0.         0.         ... 0.09104319 0.         0.        ],misc.forsale
[0. 0. 0. ... 0. 0. 0.],sci.electronics
[0. 0. 0. ... 0. 0. 0.],comp.os.ms-windows.misc
[0. 0. 0. ... 0. 0. 0.],comp.sys.ibm.pc.hardware
[0. 0. 0. ... 0. 0. 0.],talk.politics.misc
[0. 0. 0. ... 0. 0. 0.],comp.windows.x
[0.         0.         0.05965663 ... 0.1082483  0.         0.        ],alt.atheism
[0. 0. 0. ... 0. 0. 0.],comp.windows.x
[0.         0.         0.         ... 0.01821112 0.         0.        ],misc.forsale
[0. 0. 0. ... 0. 0. 0.],misc.forsale
[0.         0.         0.         ... 0.04217338 0.         0.        ],alt.atheism
[0. 0. 0. ... 0. 0. 0.],rec.autos
[0.         0.         0.         ... 0.04861067 0.         0.        ],comp.graphics
[0. 0. 0. ... 0. 0. 0.],comp.os.ms-windows.misc
[0. 0. 0. ... 0. 0. 0.],rec.autos
[0. 0. 0. ... 0. 0. 0.],sci.crypt
[0.         0.         0.         ... 0.05827615 0.         0.        ],rec.sport.baseball
[0. 0. 0. ... 0. 0. 0.],comp.graphics
[0. 0. 0. ... 0. 0. 0.],comp.sys.ibm.pc.hardware
[0. 0. 0. ... 0. 0. 0.],comp.os.ms-windows.misc
[0.         0.         0.         ... 0.04824952 0.         0.        ],rec.motorcycles
[0.         0.08590393 0.         ... 0.         0.09008332 0.        ],rec.sport.baseball
[0.         0.         0.         ... 0.03371003 0.0674121  0.        ],rec.motorcycles
[0.         0.         0.         ... 0.07911959 0.         0.        ],comp.os.ms-windows.misc
[0. 0. 0. ... 0. 0. 0.],talk.politics.mideast
[0. 0. 0. ... 0. 0. 0.],comp.windows.x
[0. 0. 0. ... 0. 0. 0.],talk.politics.guns
[0. 0. 0. ... 0. 0. 0.],comp.sys.mac.hardware
[0. 0. 0. ... 0. 0. 0.],comp.graphics
[0. 0. 0. ... 0. 0. 0.],comp.windows.x
[0. 0. 0. ... 0. 0. 0.],comp.sys.mac.hardware
[0. 0. 0. ... 0. 0. 0.],comp.graphics
[0. 0. 0. ... 0. 0. 0.],rec.sport.hockey
[0.         0.01476216 0.03412951 ... 0.03096438 0.         0.        ],comp.sys.ibm.pc.hardware
[0. 0. 0. ... 0. 0. 0.],comp.graphics
[0.         0.         0.         ... 0.03355315 0.         0.        ],alt.atheism
[0. 0. 0. ... 0. 0. 0.],sci.med
[0. 0. 0. ... 0. 0. 0.],rec.motorcycles
[0. 0. 0. ... 0. 0. 0.],rec.motorcycles
[0. 0. 0. ... 0. 0. 0.],rec.sport.baseball
[0. 0. 0. ... 0. 0. 0.],alt.atheism
[0. 0. 0. ... 0. 0. 0.],rec.sport.baseball
[0. 0. 0. ... 0. 0. 0.],alt.atheism
[0.61850783 0.0218271  0.         ... 0.         0.         0.        ],comp.graphics
[0. 0. 0. ... 0. 0. 0.],sci.crypt
[0. 0. 0. ... 0. 0. 0.],talk.religion.misc
[0. 0. 0. ... 0. 0. 0.],comp.graphics
[0. 0. 0. ... 0. 0. 0.],misc.forsale
[0.19966549 0.         0.         ... 0.         0.         0.        ],talk.politics.misc
[0. 0. 0. ... 0. 0. 0.],rec.sport.hockey
[0.09955768 0.         0.         ... 0.         0.         0.        ],talk.politics.guns
[0. 0. 0. ... 0. 0. 0.],comp.graphics
[0.         0.         0.         ... 0.05891901 0.         0.        ],misc.forsale
[0.         0.         0.         ... 0.11778722 0.11777331 0.        ],comp.sys.ibm.pc.hardware
[0. 0. 0. ... 0. 0. 0.],talk.politics.guns
[0. 0. 0. ... 0. 0. 0.],talk.politics.mideast
[0. 0. 0. ... 0. 0. 0.],sci.med
[0.00228104 0.         0.         ... 0.00856906 0.         0.        ],rec.sport.baseball
[0. 0. 0. ... 0. 0. 0.],comp.graphics
[0. 0. 0. ... 0. 0. 0.],talk.politics.misc
[0. 0. 0. ... 0. 0. 0.],talk.politics.guns
[0. 0. 0. ... 0. 0. 0.],sci.crypt
[0.07830289 0.         0.         ... 0.         0.         0.        ],talk.politics.misc
[0.         0.         0.         ... 0.05525305 0.         0.        ],sci.crypt
[0. 0. 0. ... 0. 0. 0.],alt.atheism
[0. 0. 0. ... 0. 0. 0.],talk.politics.guns
[0. 0. 0. ... 0. 0. 0.],rec.sport.baseball
[0. 0. 0. ... 0. 0. 0.],talk.politics.misc
[0. 0. 0. ... 0. 0. 0.],sci.space
[0. 0. 0. ... 0. 0. 0.],comp.graphics
[0. 0. 0. ... 0. 0. 0.],rec.autos
[0. 0. 0. ... 0. 0. 0.],comp.os.ms-windows.misc
[0. 0. 0. ... 0. 0. 0.],talk.politics.guns
[0. 0. 0. ... 0. 0. 0.],comp.graphics
[0. 0. 0. ... 0. 0. 0.],rec.sport.baseball
[0. 0. 0. ... 0. 0. 0.],misc.forsale
[0. 0. 0. ... 0. 0. 0.],sci.crypt
[0. 0. 0. ... 0. 0. 0.],sci.electronics
[0. 0. 0. ... 0. 0. 0.],soc.religion.christian
[0.         0.         0.         ... 0.08452589 0.         0.        ],rec.sport.hockey
[0.         0.         0.         ... 0.02723361 0.         0.        ],comp.os.ms-windows.misc
[0. 0. 0. ... 0. 0. 0.],comp.sys.ibm.pc.hardware
[0. 0. 0. ... 0. 0. 0.],rec.motorcycles
[0.         0.         0.         ... 0.09591977 0.         0.        ],sci.med
[0.        0.        0.        ... 0.0412764 0.        0.       ],talk.politics.guns
[0. 0. 0. ... 0. 0. 0.],comp.graphics
[0. 0. 0. ... 0. 0. 0.],rec.sport.hockey
[0.         0.01246098 0.01440465 ... 0.05880949 0.         0.        ],sci.crypt
[0. 0. 0. ... 0. 0. 0.],comp.windows.x
[0.        0.        0.        ... 0.0977669 0.        0.       ],rec.motorcycles
[0.         0.         0.         ... 0.02329591 0.         0.        ],talk.politics.guns
[0. 0. 0. ... 0. 0. 0.],rec.autos
[0.05781224 0.05916552 0.         ... 0.         0.         0.        ],sci.space
[0. 0. 0. ... 0. 0. 0.],talk.politics.mideast
[0.        0.        0.        ... 0.0123292 0.        0.       ],sci.med
[0. 0. 0. ... 0. 0. 0.],comp.graphics
[0.         0.54080956 0.         ... 0.         0.         0.        ],alt.atheism
[0.         0.         0.         ... 0.09362604 0.         0.        ],comp.graphics
[0. 0. 0. ... 0. 0. 0.],rec.motorcycles
[0.         0.         0.         ... 0.05727649 0.         0.        ],rec.autos
[0.         0.         0.         ... 0.13361512 0.         0.        ],rec.sport.baseball
[0. 0. 0. ... 0. 0. 0.],comp.windows.x
[0. 0. 0. ... 0. 0. 0.],sci.med
[0. 0. 0. ... 0. 0. 0.],rec.sport.hockey
[0.         0.         0.         ... 0.05074494 0.         0.        ],misc.forsale
[0. 0. 0. ... 0. 0. 0.],soc.religion.christian
[0.         0.         0.         ... 0.10306828 0.         0.        ],misc.forsale
[0. 0. 0. ... 0. 0. 0.],talk.politics.guns
[0. 0. 0. ... 0. 0. 0.],comp.windows.x
[0. 0. 0. ... 0. 0. 0.],rec.sport.baseball
[0.        0.1565731 0.        ... 0.        0.        0.       ],talk.politics.guns
[0.        0.        0.        ... 0.0481252 0.        0.       ],sci.crypt
[0. 0. 0. ... 0. 0. 0.],talk.politics.mideast
[0. 0. 0. ... 0. 0. 0.],sci.crypt
[0. 0. 0. ... 0. 0. 0.],comp.sys.ibm.pc.hardware
[0. 0. 0. ... 0. 0. 0.],comp.sys.mac.hardware
[0.55603088 0.         0.         ... 0.         0.         0.        ],rec.sport.hockey
[0. 0. 0. ... 0. 0. 0.],talk.politics.misc
[0. 0. 0. ... 0. 0. 0.],rec.motorcycles
[0. 0. 0. ... 0. 0. 0.],soc.religion.christian
[0.17795088 0.         0.         ... 0.         0.         0.        ],comp.windows.x
[0. 0. 0. ... 0. 0. 0.],comp.os.ms-windows.misc
[0. 0. 0. ... 0. 0. 0.],soc.religion.christian
[0. 0. 0. ... 0. 0. 0.],talk.politics.misc
[0. 0. 0. ... 0. 0. 0.],comp.os.ms-windows.misc
[0. 0. 0. ... 0. 0. 0.],sci.space
[0. 0. 0. ... 0. 0. 0.],sci.space
[0. 0. 0. ... 0. 0. 0.],sci.med
[0. 0. 0. ... 0. 0. 0.],sci.med
[0.         0.         0.         ... 0.08542823 0.00826627 0.00354274],sci.crypt
[0. 0. 0. ... 0. 0. 0.],comp.sys.mac.hardware
[0. 0. 0. ... 0. 0. 0.],sci.crypt
[0. 0. 0. ... 0. 0. 0.],misc.forsale
[0. 0. 0. ... 0. 0. 0.],comp.graphics
[0.18937966 0.19381269 0.         ... 0.         0.         0.        ],comp.windows.x
[0.         0.         0.         ... 0.03519846 0.         0.        ],talk.politics.misc
[0. 0. 0. ... 0. 0. 0.],rec.sport.hockey
[0.         0.         0.         ... 0.07356188 0.         0.        ],talk.religion.misc
[0.         0.         0.         ... 0.08356354 0.         0.        ],talk.politics.mideast
[0. 0. 0. ... 0. 0. 0.],comp.os.ms-windows.misc
[0. 0. 0. ... 0. 0. 0.],comp.os.ms-windows.misc
[0. 0. 0. ... 0. 0. 0.],comp.os.ms-windows.misc
[0. 0. 0. ... 0. 0. 0.],talk.religion.misc
[0. 0. 0. ... 0. 0. 0.],talk.religion.misc
[0. 0. 0. ... 0. 0. 0.],comp.sys.ibm.pc.hardware
[0. 0. 0. ... 0. 0. 0.],comp.os.ms-windows.misc
[0. 0. 0. ... 0. 0. 0.],comp.sys.mac.hardware
[0.         0.         0.         ... 0.07224699 0.14447692 0.        ],comp.graphics
[0.         0.         0.         ... 0.05098874 0.         0.        ],talk.religion.misc
[0. 0. 0. ... 0. 0. 0.],sci.crypt
[0. 0. 0. ... 0. 0. 0.],rec.sport.baseball
[0. 0. 0. ... 0. 0. 0.],sci.space
[0. 0. 0. ... 0. 0. 0.],talk.politics.misc
[0. 0. 0. ... 0. 0. 0.],sci.med
[0.         0.         0.09253973 ... 0.         0.         0.        ],rec.sport.baseball
[0. 0. 0. ... 0. 0. 0.],soc.religion.christian
[0. 0. 0. ... 0. 0. 0.],soc.religion.christian
[0.        0.        0.        ... 0.0229536 0.        0.       ],talk.religion.misc
[0. 0. 0. ... 0. 0. 0.],talk.politics.guns
[0. 0. 0. ... 0. 0. 0.],talk.religion.misc
[0. 0. 0. ... 0. 0. 0.],rec.motorcycles
[0. 0. 0. ... 0. 0. 0.],comp.graphics
[0. 0. 0. ... 0. 0. 0.],talk.politics.mideast
[0. 0. 0. ... 0. 0. 0.],comp.sys.ibm.pc.hardware
[0. 0. 0. ... 0. 0. 0.],rec.sport.baseball
[0. 0. 0. ... 0. 0. 0.],rec.sport.baseball
[0. 0. 0. ... 0. 0. 0.],comp.sys.ibm.pc.hardware
[0. 0. 0. ... 0. 0. 0.],talk.politics.mideast
[0. 0. 0. ... 0. 0. 0.],misc.forsale
[0.         0.09646693 0.         ... 0.01686203 0.         0.        ],alt.atheism
[0.         0.         0.         ... 0.10095527 0.         0.        ],rec.motorcycles
[0.         0.         0.         ... 0.03687961 0.         0.        ],sci.crypt
[0.        0.        0.        ... 0.0297672 0.        0.       ],comp.windows.x
[0. 0. 0. ... 0. 0. 0.],sci.space
[0. 0. 0. ... 0. 0. 0.],talk.politics.misc
[0.         0.         0.         ... 0.04786656 0.09572183 0.        ],misc.forsale
[0. 0. 0. ... 0. 0. 0.],sci.space
[0. 0. 0. ... 0. 0. 0.],comp.sys.mac.hardware
[0. 0. 0. ... 0. 0. 0.],misc.forsale
[0.         0.         0.         ... 0.04318869 0.         0.        ],soc.religion.christian
[0. 0. 0. ... 0. 0. 0.],alt.atheism
[0. 0. 0. ... 0. 0. 0.],comp.os.ms-windows.misc
[0.13175615 0.         0.         ... 0.         0.         0.        ],talk.politics.guns
[0.        0.        0.        ... 0.0803591 0.        0.       ],talk.politics.guns
[0.10889654 0.         0.01717718 ... 0.         0.         0.        ],talk.politics.mideast
[0.         0.         0.         ... 0.06334969 0.         0.        ],soc.religion.christian
[0. 0. 0. ... 0. 0. 0.],comp.os.ms-windows.misc
[0. 0. 0. ... 0. 0. 0.],comp.sys.ibm.pc.hardware
[0.         0.         0.         ... 0.10681535 0.         0.        ],misc.forsale
[0.         0.         0.         ... 0.04195809 0.         0.        ],sci.med
[0.02166294 0.04434006 0.         ... 0.         0.         0.        ],talk.religion.misc
[0. 0. 0. ... 0. 0. 0.],talk.politics.guns
[0.         0.         0.         ... 0.04892662 0.         0.        ],sci.crypt
[0. 0. 0. ... 0. 0. 0.],talk.politics.guns
[0. 0. 0. ... 0. 0. 0.],comp.sys.mac.hardware
[0.         0.         0.         ... 0.02390476 0.         0.        ],rec.motorcycles
[0. 0. 0. ... 0. 0. 0.],sci.crypt
[0. 0. 0. ... 0. 0. 0.],rec.sport.hockey
[0. 0. 0. ... 0. 0. 0.],comp.sys.ibm.pc.hardware
[0. 0. 0. ... 0. 0. 0.],sci.space
[0.         0.         0.         ... 0.03050611 0.         0.        ],rec.motorcycles
[0. 0. 0. ... 0. 0. 0.],comp.os.ms-windows.misc
[0.0727025 0.        0.        ... 0.        0.        0.       ],sci.electronics
[0. 0. 0. ... 0. 0. 0.],rec.sport.hockey
[0. 0. 0. ... 0. 0. 0.],talk.politics.mideast
[0. 0. 0. ... 0. 0. 0.],comp.graphics
[0. 0. 0. ... 0. 0. 0.],comp.os.ms-windows.misc
[0. 0. 0. ... 0. 0. 0.],misc.forsale
[0.         0.         0.         ... 0.13597268 0.         0.        ],talk.politics.misc
[0.         0.         0.         ... 0.04608118 0.         0.        ],sci.med
[0. 0. 0. ... 0. 0. 0.],talk.politics.mideast
[0. 0. 0. ... 0. 0. 0.],sci.crypt
[0.         0.         0.         ... 0.12798507 0.         0.        ],comp.windows.x
[0. 0. 0. ... 0. 0. 0.],soc.religion.christian
[0. 0. 0. ... 0. 0. 0.],comp.sys.mac.hardware
[0. 0. 0. ... 0. 0. 0.],sci.electronics
[0.        0.        0.        ... 0.0589371 0.        0.       ],rec.motorcycles
[0. 0. 0. ... 0. 0. 0.],rec.motorcycles
[0. 0. 0. ... 0. 0. 0.],talk.politics.misc
[0. 0. 0. ... 0. 0. 0.],rec.autos
[0.         0.         0.         ... 0.07466462 0.         0.        ],comp.graphics
[0. 0. 0. ... 0. 0. 0.],sci.crypt
[0. 0. 0. ... 0. 0. 0.],talk.religion.misc
[0.         0.         0.09846661 ... 0.         0.         0.        ],comp.sys.ibm.pc.hardware
[0. 0. 0. ... 0. 0. 0.],rec.sport.baseball
[0. 0. 0. ... 0. 0. 0.],comp.windows.x
[0. 0. 0. ... 0. 0. 0.],talk.politics.guns
[0. 0. 0. ... 0. 0. 0.],rec.sport.baseball
[0.         0.         0.         ... 0.03276905 0.         0.        ],comp.sys.ibm.pc.hardware
[0. 0. 0. ... 0. 0. 0.],sci.crypt
[0. 0. 0. ... 0. 0. 0.],comp.windows.x
[0. 0. 0. ... 0. 0. 0.],misc.forsale
[0. 0. 0. ... 0. 0. 0.],soc.religion.christian
[0. 0. 0. ... 0. 0. 0.],rec.sport.baseball
[0. 0. 0. ... 0. 0. 0.],soc.religion.christian
[0. 0. 0. ... 0. 0. 0.],misc.forsale
[0. 0. 0. ... 0. 0. 0.],sci.med
[0. 0. 0. ... 0. 0. 0.],alt.atheism
[0. 0. 0. ... 0. 0. 0.],rec.autos
[0.         0.         0.         ... 0.04979988 0.         0.        ],talk.religion.misc
[0. 0. 0. ... 0. 0. 0.],comp.graphics
[0. 0. 0. ... 0. 0. 0.],comp.graphics
[0. 0. 0. ... 0. 0. 0.],talk.religion.misc
[0. 0. 0. ... 0. 0. 0.],soc.religion.christian
[0. 0. 0. ... 0. 0. 0.],comp.windows.x
[0. 0. 0. ... 0. 0. 0.],talk.politics.misc
[0. 0. 0. ... 0. 0. 0.],misc.forsale
[0. 0. 0. ... 0. 0. 0.],talk.politics.misc
[0.10209973 0.         0.         ... 0.         0.         0.        ],comp.graphics
[0. 0. 0. ... 0. 0. 0.],comp.os.ms-windows.misc
[0. 0. 0. ... 0. 0. 0.],misc.forsale
[0.         0.         0.         ... 0.03613853 0.         0.        ],rec.autos
[0. 0. 0. ... 0. 0. 0.],rec.sport.hockey
[0.         0.         0.         ... 0.17160735 0.         0.        ],talk.politics.mideast
[0. 0. 0. ... 0. 0. 0.],rec.sport.hockey
[0. 0. 0. ... 0. 0. 0.],soc.religion.christian
[0. 0. 0. ... 0. 0. 0.],comp.graphics
[0. 0. 0. ... 0. 0. 0.],talk.politics.guns
[0. 0. 0. ... 0. 0. 0.],sci.space
[0. 0. 0. ... 0. 0. 0.],rec.motorcycles
[0. 0. 0. ... 0. 0. 0.],misc.forsale
[0.        0.        0.        ... 0.0497793 0.        0.       ],rec.sport.hockey
[0.         0.         0.         ... 0.02382184 0.         0.        ],comp.windows.x
[0. 0. 0. ... 0. 0. 0.],misc.forsale
[0.         0.         0.         ... 0.15453167 0.         0.        ],rec.autos
[0. 0. 0. ... 0. 0. 0.],sci.crypt
[0. 0. 0. ... 0. 0. 0.],comp.graphics
[0. 0. 0. ... 0. 0. 0.],misc.forsale
[0.         0.         0.         ... 0.04193983 0.         0.        ],sci.electronics
[0. 0. 0. ... 0. 0. 0.],alt.atheism
[0.         0.         0.         ... 0.06959225 0.         0.        ],comp.windows.x
[0.         0.         0.         ... 0.22700115 0.03782906 0.        ],sci.space
[0. 0. 0. ... 0. 0. 0.],comp.graphics
[0.         0.         0.         ... 0.12676034 0.         0.        ],rec.sport.baseball
[0.         0.         0.         ... 0.02982692 0.         0.        ],comp.sys.ibm.pc.hardware
[0.         0.         0.         ... 0.02915338 0.         0.        ],comp.windows.x
[0. 0. 0. ... 0. 0. 0.],rec.autos
[0. 0. 0. ... 0. 0. 0.],sci.electronics
[0.         0.         0.         ... 0.07171982 0.         0.        ],comp.graphics
[0. 0. 0. ... 0. 0. 0.],sci.electronics
[0.         0.         0.16525124 ... 0.07496302 0.         0.        ],talk.politics.mideast
[0.         0.         0.         ... 0.03023176 0.         0.        ],sci.crypt
[0. 0. 0. ... 0. 0. 0.],rec.motorcycles
[0. 0. 0. ... 0. 0. 0.],rec.sport.hockey
[0. 0. 0. ... 0. 0. 0.],sci.med
[0.         0.         0.         ... 0.15464383 0.         0.        ],rec.sport.baseball
[0. 0. 0. ... 0. 0. 0.],sci.space
[0. 0. 0. ... 0. 0. 0.],comp.sys.ibm.pc.hardware
[0.         0.         0.         ... 0.07443646 0.         0.        ],comp.sys.mac.hardware
[0.         0.         0.         ... 0.01606393 0.         0.        ],sci.electronics
[0. 0. 0. ... 0. 0. 0.],comp.graphics
[0. 0. 0. ... 0. 0. 0.],sci.space
[0. 0. 0. ... 0. 0. 0.],talk.religion.misc
[0. 0. 0. ... 0. 0. 0.],sci.electronics
[0. 0. 0. ... 0. 0. 0.],comp.sys.ibm.pc.hardware
[0. 0. 0. ... 0. 0. 0.],sci.electronics
[0.         0.         0.         ... 0.03747067 0.         0.        ],rec.motorcycles
[0.         0.         0.         ... 0.03862916 0.         0.        ],talk.politics.misc
[0. 0. 0. ... 0. 0. 0.],comp.graphics
[0. 0. 0. ... 0. 0. 0.],sci.electronics
[0. 0. 0. ... 0. 0. 0.],comp.windows.x
[0.         0.         0.         ... 0.06969369 0.         0.        ],comp.os.ms-windows.misc
[0. 0. 0. ... 0. 0. 0.],talk.politics.guns
[0.         0.         0.         ... 0.03649542 0.         0.        ],misc.forsale
[0. 0. 0. ... 0. 0. 0.],talk.politics.mideast
[0.         0.         0.         ... 0.08018398 0.         0.        ],rec.motorcycles
[0. 0. 0. ... 0. 0. 0.],alt.atheism
[0.         0.         0.09283506 ... 0.         0.         0.        ],rec.sport.baseball
[0.         0.         0.         ... 0.04344596 0.         0.        ],misc.forsale
[0. 0. 0. ... 0. 0. 0.],comp.os.ms-windows.misc
[0. 0. 0. ... 0. 0. 0.],comp.graphics
[0. 0. 0. ... 0. 0. 0.],sci.electronics
[0.1997013  0.10218797 0.         ... 0.05358613 0.10715962 0.        ],rec.sport.baseball
[0.         0.         0.         ... 0.11218118 0.         0.        ],comp.windows.x
[0. 0. 0. ... 0. 0. 0.],soc.religion.christian
[0.        0.        0.        ... 0.1606294 0.        0.       ],sci.crypt
[0.05256555 0.         0.06218711 ... 0.02820998 0.         0.        ],alt.atheism
[0. 0. 0. ... 0. 0. 0.],sci.med
[0. 0. 0. ... 0. 0. 0.],sci.space
[0.         0.         0.         ... 0.04393053 0.         0.        ],comp.sys.ibm.pc.hardware
[0. 0. 0. ... 0. 0. 0.],talk.politics.guns
[0.         0.         0.07475687 ... 0.03391201 0.         0.        ],sci.crypt
[0. 0. 0. ... 0. 0. 0.],rec.autos
[0.07775744 0.         0.         ... 0.         0.         0.        ],rec.sport.baseball
[0.07915031 0.         0.         ... 0.04247703 0.         0.        ],sci.space
[0. 0. 0. ... 0. 0. 0.],rec.autos
[0.         0.         0.         ... 0.         0.12408051 0.        ],sci.crypt
[0. 0. 0. ... 0. 0. 0.],talk.religion.misc
[0. 0. 0. ... 0. 0. 0.],sci.med
[0. 0. 0. ... 0. 0. 0.],sci.electronics
[0. 0. 0. ... 0. 0. 0.],rec.motorcycles
[0.         0.         0.         ... 0.03512351 0.         0.        ],talk.politics.mideast
[0.67281728 0.         0.         ... 0.         0.         0.        ],sci.crypt
[0. 0. 0. ... 0. 0. 0.],sci.electronics
[0. 0. 0. ... 0. 0. 0.],comp.os.ms-windows.misc
[0. 0. 0. ... 0. 0. 0.],rec.autos
[0.         0.         0.         ... 0.04140443 0.         0.        ],sci.space
[0. 0. 0. ... 0. 0. 0.],sci.space
[0.06570938 0.         0.         ... 0.         0.         0.        ],sci.electronics
[0. 0. 0. ... 0. 0. 0.],sci.electronics
[0. 0. 0. ... 0. 0. 0.],rec.motorcycles
[0. 0. 0. ... 0. 0. 0.],sci.med
[0. 0. 0. ... 0. 0. 0.],talk.politics.misc
[0. 0. 0. ... 0. 0. 0.],rec.sport.baseball
[0.         0.         0.         ... 0.05732651 0.         0.        ],soc.religion.christian
[0. 0. 0. ... 0. 0. 0.],sci.space
[0.         0.         0.         ... 0.12840782 0.         0.        ],talk.politics.mideast
[0. 0. 0. ... 0. 0. 0.],sci.space
[0. 0. 0. ... 0. 0. 0.],comp.sys.ibm.pc.hardware
[0.00952338 0.         0.0168998  ... 0.         0.         0.        ],soc.religion.christian
[0. 0. 0. ... 0. 0. 0.],misc.forsale
[0.         0.08652688 0.         ... 0.         0.         0.        ],talk.religion.misc
[0. 0. 0. ... 0. 0. 0.],rec.sport.hockey
[0. 0. 0. ... 0. 0. 0.],comp.sys.ibm.pc.hardware
[0. 0. 0. ... 0. 0. 0.],rec.autos
[0. 0. 0. ... 0. 0. 0.],comp.windows.x
[0. 0. 0. ... 0. 0. 0.],talk.politics.misc
[0. 0. 0. ... 0. 0. 0.],sci.crypt
[0.         0.         0.         ... 0.09494101 0.         0.        ],talk.politics.mideast
[0.01718548 0.         0.         ... 0.02766843 0.         0.        ],rec.autos
[0.07028733 0.         0.         ... 0.07544119 0.         0.        ],comp.sys.ibm.pc.hardware
[0. 0. 0. ... 0. 0. 0.],sci.space
[0.         0.         0.         ... 0.         0.         0.23527759],rec.autos
[0. 0. 0. ... 0. 0. 0.],rec.motorcycles
[0. 0. 0. ... 0. 0. 0.],rec.sport.hockey
[0. 0. 0. ... 0. 0. 0.],rec.motorcycles
[0.         0.         0.         ... 0.09265861 0.         0.        ],sci.med
[0.         0.         0.         ... 0.05721223 0.         0.        ],comp.windows.x
[0.         0.         0.         ... 0.18809852 0.         0.        ],rec.sport.baseball
[0. 0. 0. ... 0. 0. 0.],alt.atheism
[0. 0. 0. ... 0. 0. 0.],sci.med
[0. 0. 0. ... 0. 0. 0.],comp.graphics
[0.         0.         0.04010042 ... 0.         0.         0.        ],talk.politics.mideast
[0. 0. 0. ... 0. 0. 0.],comp.windows.x
[0. 0. 0. ... 0. 0. 0.],sci.crypt
[0. 0. 0. ... 0. 0. 0.],comp.graphics
[0.         0.         0.         ... 0.10149013 0.         0.        ],comp.os.ms-windows.misc
[0. 0. 0. ... 0. 0. 0.],rec.autos
[0.       0.       0.       ... 0.038929 0.       0.      ],talk.politics.misc
[0.        0.        0.        ... 0.0844021 0.        0.       ],sci.crypt
[0.         0.         0.         ... 0.07608218 0.         0.        ],talk.politics.misc
[0. 0. 0. ... 0. 0. 0.],rec.autos
[0. 0. 0. ... 0. 0. 0.],rec.autos
[0.         0.         0.         ... 0.01447579 0.         0.        ],sci.crypt
[0. 0. 0. ... 0. 0. 0.],comp.os.ms-windows.misc
[0. 0. 0. ... 0. 0. 0.],rec.sport.baseball
[0.         0.         0.         ... 0.12855144 0.         0.        ],rec.sport.hockey
[0. 0. 0. ... 0. 0. 0.],rec.sport.hockey
[0.         0.         0.         ... 0.         0.03538048 0.        ],comp.sys.mac.hardware
[0. 0. 0. ... 0. 0. 0.],comp.sys.mac.hardware
[0.         0.         0.         ... 0.04020226 0.         0.        ],soc.religion.christian
[0. 0. 0. ... 0. 0. 0.],comp.windows.x
[0. 0. 0. ... 0. 0. 0.],sci.electronics
[0. 0. 0. ... 0. 0. 0.],soc.religion.christian
[0. 0. 0. ... 0. 0. 0.],talk.religion.misc
[0.         0.         0.         ... 0.         0.         0.20273358],rec.autos
[0. 0. 0. ... 0. 0. 0.],talk.religion.misc
[0.         0.         0.         ... 0.05920559 0.         0.        ],talk.politics.guns
[0. 0. 0. ... 0. 0. 0.],comp.os.ms-windows.misc
[0.         0.         0.         ... 0.05816366 0.         0.        ],rec.motorcycles
[0. 0. 0. ... 0. 0. 0.],comp.graphics
[0. 0. 0. ... 0. 0. 0.],comp.os.ms-windows.misc
[0. 0. 0. ... 0. 0. 0.],sci.crypt
[0. 0. 0. ... 0. 0. 0.],rec.sport.hockey
[0.         0.         0.         ... 0.10975209 0.         0.        ],comp.graphics
[0.         0.         0.         ... 0.         0.         0.10829779],rec.sport.hockey
[0. 0. 0. ... 0. 0. 0.],sci.electronics
[0.         0.         0.         ... 0.03954894 0.         0.        ],rec.motorcycles
[0. 0. 0. ... 0. 0. 0.],rec.autos
[0. 0. 0. ... 0. 0. 0.],rec.sport.hockey
[0. 0. 0. ... 0. 0. 0.],sci.electronics
[0.07599788 0.         0.         ... 0.         0.         0.        ],rec.motorcycles
[0.         0.         0.         ... 0.07913605 0.         0.        ],sci.crypt
[0.         0.         0.         ... 0.01483468 0.02966586 0.        ],comp.sys.ibm.pc.hardware
[0.         0.         0.         ... 0.03796995 0.         0.        ],rec.sport.hockey
[0. 0. 0. ... 0. 0. 0.],sci.med
[0.04310389 0.         0.         ... 0.         0.         0.        ],alt.atheism
[0. 0. 0. ... 0. 0. 0.],sci.space
[0. 0. 0. ... 0. 0. 0.],comp.windows.x
[0.         0.         0.         ... 0.07992176 0.         0.        ],talk.politics.mideast
[0. 0. 0. ... 0. 0. 0.],comp.sys.ibm.pc.hardware
[0. 0. 0. ... 0. 0. 0.],misc.forsale
[0. 0. 0. ... 0. 0. 0.],sci.electronics
[0.         0.32573576 0.         ... 0.         0.         0.        ],rec.motorcycles
[0.         0.         0.         ... 0.07740938 0.         0.        ],rec.motorcycles
[0. 0. 0. ... 0. 0. 0.],misc.forsale
[0. 0. 0. ... 0. 0. 0.],sci.med
[0. 0. 0. ... 0. 0. 0.],rec.autos
[0. 0. 0. ... 0. 0. 0.],rec.sport.hockey
[0. 0. 0. ... 0. 0. 0.],sci.electronics
[0. 0. 0. ... 0. 0. 0.],comp.os.ms-windows.misc
[0.         0.         0.         ... 0.05053735 0.         0.        ],misc.forsale
[0. 0. 0. ... 0. 0. 0.],alt.atheism
[0. 0. 0. ... 0. 0. 0.],rec.sport.hockey
[0. 0. 0. ... 0. 0. 0.],sci.crypt
[0.         0.         0.         ... 0.03310682 0.         0.        ],comp.sys.ibm.pc.hardware
[0. 0. 0. ... 0. 0. 0.],sci.crypt
[0.         0.         0.         ... 0.04987918 0.         0.        ],comp.windows.x
[0.         0.05814856 0.         ... 0.         0.         0.        ],talk.religion.misc
[0.         0.         0.         ... 0.         0.         0.04143857],rec.sport.hockey
[0. 0. 0. ... 0. 0. 0.],sci.med
[0.         0.         0.         ... 0.02241257 0.         0.        ],rec.autos
[0.         0.         0.         ... 0.11783653 0.         0.        ],talk.religion.misc
[0. 0. 0. ... 0. 0. 0.],talk.politics.mideast
[0. 0. 0. ... 0. 0. 0.],rec.sport.hockey
[0.         0.         0.         ... 0.08955358 0.         0.        ],comp.sys.ibm.pc.hardware
[0. 0. 0. ... 0. 0. 0.],alt.atheism
[0. 0. 0. ... 0. 0. 0.],talk.politics.mideast
[0. 0. 0. ... 0. 0. 0.],talk.politics.mideast
[0. 0. 0. ... 0. 0. 0.],comp.sys.mac.hardware
[0. 0. 0. ... 0. 0. 0.],sci.med
[0. 0. 0. ... 0. 0. 0.],comp.windows.x
[0. 0. 0. ... 0. 0. 0.],talk.religion.misc
[0.         0.         0.         ... 0.01476697 0.         0.        ],rec.motorcycles
[0. 0. 0. ... 0. 0. 0.],talk.politics.mideast
[0. 0. 0. ... 0. 0. 0.],talk.politics.misc
[0.         0.         0.         ... 0.03690696 0.         0.        ],sci.crypt
[0. 0. 0. ... 0. 0. 0.],sci.electronics
[0. 0. 0. ... 0. 0. 0.],comp.graphics
[0. 0. 0. ... 0. 0. 0.],comp.graphics
[0. 0. 0. ... 0. 0. 0.],alt.atheism
[0. 0. 0. ... 0. 0. 0.],sci.electronics
[0. 0. 0. ... 0. 0. 0.],sci.electronics
[0. 0. 0. ... 0. 0. 0.],talk.politics.mideast
[0.         0.         0.         ... 0.01590495 0.         0.        ],rec.autos
[0. 0. 0. ... 0. 0. 0.],rec.sport.baseball
[0.         0.         0.         ... 0.01116946 0.         0.        ],comp.sys.mac.hardware
[0. 0. 0. ... 0. 0. 0.],rec.autos
[0. 0. 0. ... 0. 0. 0.],rec.motorcycles
[0. 0. 0. ... 0. 0. 0.],sci.electronics
[0. 0. 0. ... 0. 0. 0.],misc.forsale
[0. 0. 0. ... 0. 0. 0.],sci.electronics
[0.13688236 0.         0.         ... 0.03672984 0.         0.        ],alt.atheism
[0. 0. 0. ... 0. 0. 0.],sci.crypt
[0. 0. 0. ... 0. 0. 0.],talk.politics.mideast
[0. 0. 0. ... 0. 0. 0.],rec.sport.baseball
[0. 0. 0. ... 0. 0. 0.],rec.motorcycles
[0. 0. 0. ... 0. 0. 0.],talk.politics.guns
[0. 0. 0. ... 0. 0. 0.],alt.atheism
[0. 0. 0. ... 0. 0. 0.],comp.windows.x
[0.         0.         0.         ... 0.05899669 0.         0.        ],rec.motorcycles
[0. 0. 0. ... 0. 0. 0.],soc.religion.christian
[0. 0. 0. ... 0. 0. 0.],misc.forsale
[0. 0. 0. ... 0. 0. 0.],talk.politics.misc
[0. 0. 0. ... 0. 0. 0.],talk.politics.guns
[0. 0. 0. ... 0. 0. 0.],rec.autos
[0.         0.         0.         ... 0.07998779 0.         0.        ],comp.sys.mac.hardware
[0. 0. 0. ... 0. 0. 0.],talk.politics.guns
[0. 0. 0. ... 0. 0. 0.],sci.electronics
[0.         0.         0.         ... 0.         0.04412985 0.        ],talk.religion.misc
[0. 0. 0. ... 0. 0. 0.],rec.motorcycles
[0. 0. 0. ... 0. 0. 0.],comp.os.ms-windows.misc
[0. 0. 0. ... 0. 0. 0.],talk.politics.misc
[0.         0.         0.         ... 0.05793593 0.         0.        ],alt.atheism
[0.         0.         0.         ... 0.11878093 0.         0.        ],soc.religion.christian
[0.         0.         0.         ... 0.         0.08018068 0.        ],comp.windows.x
[0. 0. 0. ... 0. 0. 0.],sci.space
[0. 0. 0. ... 0. 0. 0.],comp.os.ms-windows.misc
[0. 0. 0. ... 0. 0. 0.],sci.crypt
[0. 0. 0. ... 0. 0. 0.],comp.windows.x
[0. 0. 0. ... 0. 0. 0.],sci.space
[0. 0. 0. ... 0. 0. 0.],sci.electronics
[0. 0. 0. ... 0. 0. 0.],sci.electronics
[0. 0. 0. ... 0. 0. 0.],sci.crypt
[0. 0. 0. ... 0. 0. 0.],sci.electronics
[0. 0. 0. ... 0. 0. 0.],rec.motorcycles
[0. 0. 0. ... 0. 0. 0.],comp.os.ms-windows.misc
[0. 0. 0. ... 0. 0. 0.],misc.forsale
[0. 0. 0. ... 0. 0. 0.],talk.politics.misc
[0. 0. 0. ... 0. 0. 0.],alt.atheism
[0. 0. 0. ... 0. 0. 0.],sci.space
[0. 0. 0. ... 0. 0. 0.],talk.politics.misc
[0. 0. 0. ... 0. 0. 0.],sci.crypt
[0. 0. 0. ... 0. 0. 0.],soc.religion.christian
[0. 0. 0. ... 0. 0. 0.],comp.sys.ibm.pc.hardware
[0. 0. 0. ... 0. 0. 0.],sci.space
[0. 0. 0. ... 0. 0. 0.],misc.forsale
[0.         0.13158285 0.         ... 0.         0.         0.        ],talk.religion.misc
[0. 0. 0. ... 0. 0. 0.],misc.forsale
[0. 0. 0. ... 0. 0. 0.],comp.sys.ibm.pc.hardware
[0.         0.         0.         ... 0.03730006 0.         0.        ],sci.space
[0. 0. 0. ... 0. 0. 0.],sci.med
[0.         0.16334254 0.         ... 0.         0.         0.        ],comp.sys.ibm.pc.hardware
[0. 0. 0. ... 0. 0. 0.],alt.atheism
[0.         0.         0.         ... 0.06961379 0.         0.        ],soc.religion.christian
[0. 0. 0. ... 0. 0. 0.],sci.space
[0. 0. 0. ... 0. 0. 0.],sci.electronics
[0. 0. 0. ... 0. 0. 0.],sci.space
[0.         0.         0.         ... 0.03961234 0.07921533 0.        ],alt.atheism
[0. 0. 0. ... 0. 0. 0.],rec.motorcycles
[0. 0. 0. ... 0. 0. 0.],comp.os.ms-windows.misc
[0. 0. 0. ... 0. 0. 0.],alt.atheism
[0. 0. 0. ... 0. 0. 0.],sci.electronics
[0. 0. 0. ... 0. 0. 0.],talk.politics.misc
[0. 0. 0. ... 0. 0. 0.],alt.atheism
[0.         0.09305931 0.         ... 0.         0.         0.        ],sci.crypt
[0. 0. 0. ... 0. 0. 0.],comp.os.ms-windows.misc
[0. 0. 0. ... 0. 0. 0.],comp.sys.ibm.pc.hardware
[0. 0. 0. ... 0. 0. 0.],sci.space
[0.         0.         0.         ... 0.04569357 0.         0.        ],sci.electronics
[0.         0.         0.         ... 0.11700613 0.         0.        ],talk.politics.mideast
[0. 0. 0. ... 0. 0. 0.],comp.sys.ibm.pc.hardware
[0. 0. 0. ... 0. 0. 0.],talk.religion.misc
[0. 0. 0. ... 0. 0. 0.],comp.sys.mac.hardware
[0. 0. 0. ... 0. 0. 0.],rec.sport.baseball
[0. 0. 0. ... 0. 0. 0.],sci.crypt
[0. 0. 0. ... 0. 0. 0.],comp.graphics
[0. 0. 0. ... 0. 0. 0.],soc.religion.christian
[0. 0. 0. ... 0. 0. 0.],rec.sport.baseball
[0. 0. 0. ... 0. 0. 0.],talk.politics.misc
[0. 0. 0. ... 0. 0. 0.],rec.sport.hockey
[0. 0. 0. ... 0. 0. 0.],comp.graphics
[0.        0.        0.        ... 0.0396942 0.        0.       ],rec.autos
[0. 0. 0. ... 0. 0. 0.],comp.windows.x
[0. 0. 0. ... 0. 0. 0.],soc.religion.christian
[0.         0.         0.         ... 0.03562599 0.         0.        ],comp.os.ms-windows.misc
[0.         0.         0.         ... 0.12493468 0.         0.        ],talk.politics.mideast
[0. 0. 0. ... 0. 0. 0.],misc.forsale
[0. 0. 0. ... 0. 0. 0.],sci.space
[0. 0. 0. ... 0. 0. 0.],rec.motorcycles
[0.         0.01468254 0.         ... 0.01924836 0.         0.        ],talk.politics.mideast
[0. 0. 0. ... 0. 0. 0.],comp.sys.ibm.pc.hardware
[0. 0. 0. ... 0. 0. 0.],rec.sport.baseball
[0. 0. 0. ... 0. 0. 0.],sci.space
[0.         0.         0.         ... 0.07288315 0.         0.        ],soc.religion.christian
[0.         0.         0.         ... 0.02598437 0.         0.        ],talk.politics.misc
[0. 0. 0. ... 0. 0. 0.],alt.atheism
[0. 0. 0. ... 0. 0. 0.],rec.motorcycles
[0. 0. 0. ... 0. 0. 0.],talk.politics.misc
[0.         0.         0.         ... 0.06530321 0.         0.        ],rec.sport.baseball
[0.         0.         0.         ... 0.05310999 0.         0.        ],sci.electronics
[0.23609538 0.         0.         ... 0.         0.         0.        ],rec.sport.baseball
[0.01146098 0.03518779 0.01694849 ... 0.00307534 0.         0.        ],rec.motorcycles
[0.         0.         0.         ... 0.11120614 0.         0.        ],alt.atheism
[0. 0. 0. ... 0. 0. 0.],rec.motorcycles
[0. 0. 0. ... 0. 0. 0.],talk.politics.misc
[0. 0. 0. ... 0. 0. 0.],comp.graphics
[0.         0.26405234 0.         ... 0.         0.         0.        ],sci.med
[0.         0.         0.         ... 0.05802515 0.         0.        ],sci.crypt
[0. 0. 0. ... 0. 0. 0.],rec.autos
[0.07519708 0.         0.         ... 0.16142191 0.         0.        ],sci.electronics
[0.         0.         0.         ... 0.04874209 0.         0.        ],talk.politics.mideast
[0. 0. 0. ... 0. 0. 0.],talk.religion.misc
[0. 0. 0. ... 0. 0. 0.],rec.motorcycles
[0. 0. 0. ... 0. 0. 0.],talk.politics.misc
[0.         0.         0.         ... 0.03027141 0.         0.        ],talk.politics.misc
[0. 0. 0. ... 0. 0. 0.],sci.electronics
[0. 0. 0. ... 0. 0. 0.],soc.religion.christian
[0. 0. 0. ... 0. 0. 0.],comp.os.ms-windows.misc
[0. 0. 0. ... 0. 0. 0.],talk.politics.misc
[0.         0.         0.         ... 0.05441231 0.         0.        ],comp.windows.x
[0.         0.         0.         ... 0.03980862 0.         0.        ],comp.os.ms-windows.misc
[0. 0. 0. ... 0. 0. 0.],comp.sys.ibm.pc.hardware
[0.         0.09881886 0.         ... 0.         0.         0.        ],rec.sport.hockey
[0. 0. 0. ... 0. 0. 0.],sci.med
[0. 0. 0. ... 0. 0. 0.],talk.politics.guns
[0.         0.03575964 0.         ... 0.0129821  0.         0.        ],rec.sport.baseball
[0.         0.         0.         ... 0.06245474 0.         0.        ],rec.sport.baseball
[0. 0. 0. ... 0. 0. 0.],talk.politics.guns
[0. 0. 0. ... 0. 0. 0.],rec.sport.hockey
[0.14022335 0.         0.         ... 0.         0.         0.        ],comp.sys.ibm.pc.hardware
[0. 0. 0. ... 0. 0. 0.],comp.sys.ibm.pc.hardware
[0. 0. 0. ... 0. 0. 0.],sci.electronics
[0. 0. 0. ... 0. 0. 0.],rec.autos
[0.         0.         0.         ... 0.09332151 0.         0.        ],soc.religion.christian
[0. 0. 0. ... 0. 0. 0.],rec.motorcycles
[0. 0. 0. ... 0. 0. 0.],comp.windows.x
[0.         0.         0.03041324 ... 0.08277825 0.         0.        ],sci.med
[0.09149349 0.09363518 0.         ... 0.         0.         0.        ],comp.sys.mac.hardware
[0. 0. 0. ... 0. 0. 0.],sci.electronics
[0. 0. 0. ... 0. 0. 0.],sci.space
[0.         0.         0.         ... 0.03570115 0.         0.        ],alt.atheism
[0. 0. 0. ... 0. 0. 0.],talk.politics.guns
[0. 0. 0. ... 0. 0. 0.],rec.motorcycles
[0.         0.         0.         ... 0.         0.         0.10470605],sci.crypt
[0.         0.         0.         ... 0.03397489 0.         0.        ],talk.politics.guns
[0. 0. 0. ... 0. 0. 0.],talk.politics.guns
[0. 0. 0. ... 0. 0. 0.],talk.politics.mideast
[0.02087481 0.         0.         ... 0.01120273 0.         0.        ],comp.sys.mac.hardware
[0. 0. 0. ... 0. 0. 0.],sci.space
[0.         0.         0.         ... 0.04071859 0.         0.        ],talk.politics.guns
[0. 0. 0. ... 0. 0. 0.],sci.space
[0.         0.         0.         ... 0.05518744 0.         0.        ],comp.graphics
[0. 0. 0. ... 0. 0. 0.],comp.graphics
[0.         0.         0.         ... 0.09058182 0.         0.        ],talk.politics.guns
[0.         0.74964547 0.         ... 0.         0.         0.        ],comp.sys.mac.hardware
[0.         0.         0.         ... 0.0172514  0.03449873 0.        ],rec.sport.hockey
[0.        0.        0.        ... 0.0500469 0.        0.       ],talk.politics.misc
[0. 0. 0. ... 0. 0. 0.],comp.windows.x
[0. 0. 0. ... 0. 0. 0.],comp.graphics
[0. 0. 0. ... 0. 0. 0.],misc.forsale
[0. 0. 0. ... 0. 0. 0.],comp.graphics
[0. 0. 0. ... 0. 0. 0.],comp.sys.mac.hardware
[0. 0. 0. ... 0. 0. 0.],talk.politics.guns
[0.         0.         0.         ... 0.02344977 0.023447   0.        ],soc.religion.christian
[0.         0.         0.         ... 0.01391322 0.         0.        ],talk.politics.guns
[0. 0. 0. ... 0. 0. 0.],comp.sys.ibm.pc.hardware
[0. 0. 0. ... 0. 0. 0.],comp.windows.x
[0.         0.13327538 0.         ... 0.         0.         0.        ],rec.autos
[0.06105949 0.06248878 0.         ... 0.         0.         0.        ],sci.med
[0.         0.         0.         ... 0.04991503 0.         0.        ],rec.motorcycles
[0.         0.         0.         ... 0.05224154 0.         0.13432163],misc.forsale
[0. 0. 0. ... 0. 0. 0.],talk.politics.mideast
[0.         0.         0.         ... 0.02738161 0.         0.        ],comp.windows.x
[0.04760038 0.04871462 0.         ... 0.         0.         0.        ],comp.graphics
[0.         0.         0.         ... 0.17014561 0.         0.        ],soc.religion.christian
[0.         0.         0.         ... 0.03256344 0.         0.        ],sci.med
[0. 0. 0. ... 0. 0. 0.],sci.electronics
[0.         0.         0.08187632 ... 0.07428321 0.         0.        ],sci.crypt
[0.         0.         0.         ... 0.08669901 0.05779252 0.        ],rec.sport.hockey
[0.         0.         0.         ... 0.         0.         0.10880168],rec.motorcycles
[0. 0. 0. ... 0. 0. 0.],talk.politics.misc
[0. 0. 0. ... 0. 0. 0.],rec.autos
[0. 0. 0. ... 0. 0. 0.],rec.sport.baseball
[0.         0.         0.         ... 0.01126682 0.         0.        ],sci.electronics
[0.         0.         0.         ... 0.06775353 0.         0.        ],alt.atheism
[0. 0. 0. ... 0. 0. 0.],rec.autos
[0. 0. 0. ... 0. 0. 0.],talk.politics.misc
[0.         0.         0.         ... 0.03464981 0.06929145 0.        ],rec.sport.hockey
[0. 0. 0. ... 0. 0. 0.],rec.sport.baseball
[0.         0.         0.         ... 0.03718313 0.         0.        ],sci.crypt
[0. 0. 0. ... 0. 0. 0.],sci.crypt
[0. 0. 0. ... 0. 0. 0.],talk.religion.misc
[0. 0. 0. ... 0. 0. 0.],sci.med
[0. 0. 0. ... 0. 0. 0.],alt.atheism
[0.         0.         0.         ... 0.         0.         0.10408807],sci.electronics
[0. 0. 0. ... 0. 0. 0.],comp.windows.x
[0. 0. 0. ... 0. 0. 0.],sci.med
[0. 0. 0. ... 0. 0. 0.],alt.atheism
[0. 0. 0. ... 0. 0. 0.],rec.autos
[0. 0. 0. ... 0. 0. 0.],rec.sport.hockey
[0. 0. 0. ... 0. 0. 0.],comp.graphics
[0.         0.         0.         ... 0.28570337 0.11426786 0.        ],comp.sys.mac.hardware
[0.        0.        0.        ... 0.1416144 0.        0.       ],comp.graphics
[0.         0.         0.         ... 0.04982659 0.         0.        ],talk.politics.mideast
[0. 0. 0. ... 0. 0. 0.],talk.politics.guns
[0. 0. 0. ... 0. 0. 0.],sci.space
[0. 0. 0. ... 0. 0. 0.],rec.sport.baseball
[0.         0.         0.         ... 0.07140255 0.         0.        ],rec.motorcycles
[0. 0. 0. ... 0. 0. 0.],rec.autos
[0. 0. 0. ... 0. 0. 0.],sci.med
[0. 0. 0. ... 0. 0. 0.],rec.autos
[0.         0.         0.         ... 0.03293788 0.         0.        ],sci.electronics
[0. 0. 0. ... 0. 0. 0.],sci.med
[0.         0.08927611 0.         ... 0.         0.         0.        ],comp.os.ms-windows.misc
[0. 0. 0. ... 0. 0. 0.],talk.politics.mideast
[0.07576095 0.         0.         ... 0.         0.         0.        ],comp.sys.mac.hardware
[0. 0. 0. ... 0. 0. 0.],rec.autos
[0.        0.        0.0810911 ... 0.        0.        0.       ],talk.politics.misc
[0. 0. 0. ... 0. 0. 0.],talk.politics.guns
[0.         0.         0.         ... 0.02847257 0.         0.        ],rec.sport.hockey
[0.         0.         0.         ... 0.06822063 0.         0.        ],sci.electronics
[0. 0. 0. ... 0. 0. 0.],rec.sport.baseball
[0. 0. 0. ... 0. 0. 0.],talk.politics.guns
[0. 0. 0. ... 0. 0. 0.],talk.politics.guns
[0. 0. 0. ... 0. 0. 0.],soc.religion.christian
[0. 0. 0. ... 0. 0. 0.],talk.religion.misc
[0. 0. 0. ... 0. 0. 0.],sci.crypt
[0. 0. 0. ... 0. 0. 0.],misc.forsale
[0. 0. 0. ... 0. 0. 0.],rec.motorcycles
[0. 0. 0. ... 0. 0. 0.],rec.sport.baseball
[0. 0. 0. ... 0. 0. 0.],talk.politics.mideast
[0. 0. 0. ... 0. 0. 0.],alt.atheism
[0.         0.         0.         ... 0.08584911 0.         0.        ],alt.atheism
[0.31681295 0.10807632 0.         ... 0.         0.         0.        ],sci.crypt
[0. 0. 0. ... 0. 0. 0.],sci.space
[0. 0. 0. ... 0. 0. 0.],comp.sys.mac.hardware
[0.         0.         0.         ... 0.07627189 0.         0.        ],talk.politics.misc
[0. 0. 0. ... 0. 0. 0.],rec.autos
[0.         0.         0.         ... 0.03658564 0.         0.        ],rec.sport.baseball
[0. 0. 0. ... 0. 0. 0.],talk.politics.misc
[0. 0. 0. ... 0. 0. 0.],rec.motorcycles
[0.         0.         0.         ... 0.02115033 0.         0.        ],sci.space
[0. 0. 0. ... 0. 0. 0.],sci.electronics
[0.         0.         0.         ... 0.0298647  0.05972234 0.        ],talk.politics.guns
[0.         0.         0.15094658 ... 0.         0.         0.        ],rec.autos
[0. 0. 0. ... 0. 0. 0.],comp.graphics
[0.         0.         0.         ... 0.01755173 0.         0.        ],sci.electronics
[0.         0.         0.         ... 0.03829122 0.         0.        ],sci.med
[0.         0.         0.         ... 0.04380997 0.         0.        ],comp.sys.ibm.pc.hardware
[0. 0. 0. ... 0. 0. 0.],talk.politics.mideast
[0.         0.         0.         ... 0.11481991 0.         0.        ],comp.graphics
[0. 0. 0. ... 0. 0. 0.],rec.sport.hockey
[0. 0. 0. ... 0. 0. 0.],rec.sport.hockey
[0. 0. 0. ... 0. 0. 0.],comp.os.ms-windows.misc
[0.06505315 0.         0.         ... 0.         0.         0.        ],soc.religion.christian
[0. 0. 0. ... 0. 0. 0.],soc.religion.christian
[0. 0. 0. ... 0. 0. 0.],rec.autos
[0. 0. 0. ... 0. 0. 0.],rec.autos
[0. 0. 0. ... 0. 0. 0.],sci.space
[0.         0.         0.         ... 0.04479134 0.04478605 0.        ],comp.graphics
[0. 0. 0. ... 0. 0. 0.],rec.sport.hockey
[0. 0. 0. ... 0. 0. 0.],soc.religion.christian
[0.         0.         0.         ... 0.04309799 0.         0.        ],soc.religion.christian
[0. 0. 0. ... 0. 0. 0.],misc.forsale
[0. 0. 0. ... 0. 0. 0.],comp.sys.ibm.pc.hardware
[0. 0. 0. ... 0. 0. 0.],comp.windows.x
[0.         0.         0.         ... 0.03632553 0.         0.        ],comp.os.ms-windows.misc
[0.        0.        0.        ... 0.0849443 0.        0.       ],comp.windows.x
[0. 0. 0. ... 0. 0. 0.],talk.politics.guns
[0.         0.         0.         ... 0.04270577 0.         0.        ],sci.crypt
[0. 0. 0. ... 0. 0. 0.],comp.graphics
[0.         0.         0.         ... 0.06273353 0.         0.        ],talk.politics.mideast
[0. 0. 0. ... 0. 0. 0.],alt.atheism
[0.         0.06591539 0.         ... 0.         0.         0.        ],comp.sys.ibm.pc.hardware
[0.         0.         0.         ... 0.         0.09241622 0.        ],comp.os.ms-windows.misc
[0.08677314 0.         0.         ... 0.         0.         0.        ],comp.sys.ibm.pc.hardware
[0. 0. 0. ... 0. 0. 0.],comp.graphics
[0.         0.         0.         ... 0.11491735 0.         0.        ],misc.forsale
[0.         0.         0.         ... 0.06318819 0.         0.        ],sci.space
[0. 0. 0. ... 0. 0. 0.],comp.sys.ibm.pc.hardware
[0.         0.         0.         ... 0.06553282 0.         0.        ],soc.religion.christian
[0. 0. 0. ... 0. 0. 0.],alt.atheism
[0. 0. 0. ... 0. 0. 0.],rec.autos
[0. 0. 0. ... 0. 0. 0.],comp.windows.x
[0. 0. 0. ... 0. 0. 0.],rec.autos
[0.         0.         0.         ... 0.05329541 0.         0.        ],misc.forsale
[0. 0. 0. ... 0. 0. 0.],comp.os.ms-windows.misc
[0. 0. 0. ... 0. 0. 0.],alt.atheism
[0. 0. 0. ... 0. 0. 0.],sci.med
[0. 0. 0. ... 0. 0. 0.],comp.windows.x
[0. 0. 0. ... 0. 0. 0.],comp.os.ms-windows.misc
[0. 0. 0. ... 0. 0. 0.],rec.motorcycles
[0. 0. 0. ... 0. 0. 0.],comp.sys.mac.hardware
[0.         0.         0.         ... 0.05131574 0.         0.        ],alt.atheism
[0. 0. 0. ... 0. 0. 0.],talk.religion.misc
[0.         0.         0.         ... 0.07063614 0.         0.        ],alt.atheism
[0.        0.        0.1297386 ... 0.0588534 0.        0.       ],rec.sport.baseball
[0. 0. 0. ... 0. 0. 0.],rec.sport.hockey
[0. 0. 0. ... 0. 0. 0.],talk.politics.mideast
[0. 0. 0. ... 0. 0. 0.],talk.religion.misc
[0. 0. 0. ... 0. 0. 0.],comp.sys.ibm.pc.hardware
[0. 0. 0. ... 0. 0. 0.],sci.space
[0.         0.         0.         ... 0.02809513 0.         0.        ],sci.electronics
[0. 0. 0. ... 0. 0. 0.],rec.sport.baseball
[0. 0. 0. ... 0. 0. 0.],talk.politics.mideast
[0.         0.         0.         ... 0.24931942 0.         0.        ],sci.space
[0. 0. 0. ... 0. 0. 0.],comp.windows.x
[0. 0. 0. ... 0. 0. 0.],comp.graphics
[0.         0.         0.         ... 0.04914123 0.         0.        ],rec.autos
[0.         0.         0.         ... 0.09742507 0.         0.        ],comp.graphics
[0. 0. 0. ... 0. 0. 0.],comp.os.ms-windows.misc
[0.14138511 0.         0.         ... 0.         0.         0.        ],soc.religion.christian
[0. 0. 0. ... 0. 0. 0.],rec.motorcycles
[0. 0. 0. ... 0. 0. 0.],rec.sport.hockey
[0. 0. 0. ... 0. 0. 0.],comp.graphics
[0. 0. 0. ... 0. 0. 0.],sci.med
[0. 0. 0. ... 0. 0. 0.],comp.sys.mac.hardware
[0. 0. 0. ... 0. 0. 0.],soc.religion.christian
[0. 0. 0. ... 0. 0. 0.],misc.forsale
[0.         0.         0.08569243 ... 0.07774542 0.         0.        ],talk.religion.misc
[0.         0.         0.         ... 0.04751767 0.         0.        ],talk.politics.misc
[0. 0. 0. ... 0. 0. 0.],sci.electronics
[0. 0. 0. ... 0. 0. 0.],talk.politics.mideast
[0.         0.         0.         ... 0.07092522 0.         0.        ],talk.politics.guns
[0. 0. 0. ... 0. 0. 0.],rec.sport.hockey
[0. 0. 0. ... 0. 0. 0.],sci.space
[0.         0.         0.02060937 ... 0.         0.         0.        ],alt.atheism
[0. 0. 0. ... 0. 0. 0.],rec.sport.baseball
[0.         0.         0.         ... 0.05181895 0.         0.        ],rec.sport.hockey
[0.         0.09787558 0.         ... 0.         0.         0.        ],rec.autos
[0. 0. 0. ... 0. 0. 0.],talk.politics.guns
[0.         0.         0.         ... 0.07998707 0.         0.        ],talk.politics.guns
[0. 0. 0. ... 0. 0. 0.],sci.space
[0.         0.         0.         ... 0.05524569 0.         0.        ],comp.windows.x
[0.03022874 0.         0.07152357 ... 0.         0.         0.        ],sci.space
[0.         0.         0.         ... 0.03036499 0.         0.        ],sci.crypt
[0. 0. 0. ... 0. 0. 0.],talk.religion.misc
[0. 0. 0. ... 0. 0. 0.],talk.politics.mideast
[0. 0. 0. ... 0. 0. 0.],sci.electronics
[0. 0. 0. ... 0. 0. 0.],rec.motorcycles
[0. 0. 0. ... 0. 0. 0.],comp.os.ms-windows.misc
[0.         0.         0.         ... 0.08553069 0.         0.        ],talk.politics.misc
[0. 0. 0. ... 0. 0. 0.],rec.motorcycles
[0. 0. 0. ... 0. 0. 0.],rec.motorcycles
[0. 0. 0. ... 0. 0. 0.],comp.windows.x
[0. 0. 0. ... 0. 0. 0.],sci.electronics
[0. 0. 0. ... 0. 0. 0.],comp.os.ms-windows.misc
[0. 0. 0. ... 0. 0. 0.],talk.politics.guns
[0. 0. 0. ... 0. 0. 0.],sci.crypt
[0. 0. 0. ... 0. 0. 0.],soc.religion.christian
[0. 0. 0. ... 0. 0. 0.],misc.forsale
[0. 0. 0. ... 0. 0. 0.],rec.autos
[0.         0.         0.11011134 ... 0.         0.         0.        ],talk.religion.misc
[0.         0.46833952 0.         ... 0.09209684 0.         0.        ],alt.atheism
[0. 0. 0. ... 0. 0. 0.],comp.sys.ibm.pc.hardware
[0. 0. 0. ... 0. 0. 0.],rec.sport.hockey
[0.         0.         0.         ... 0.08416313 0.         0.        ],sci.space
[0.         0.         0.         ... 0.04925761 0.         0.        ],comp.os.ms-windows.misc
[0.       0.       0.       ... 0.036202 0.       0.      ],sci.med
[0. 0. 0. ... 0. 0. 0.],comp.windows.x
[0.         0.         0.         ... 0.03523511 0.         0.        ],comp.os.ms-windows.misc
[0. 0. 0. ... 0. 0. 0.],sci.crypt
[0. 0. 0. ... 0. 0. 0.],talk.politics.guns
[0. 0. 0. ... 0. 0. 0.],talk.politics.guns
[0.15525129 0.         0.         ... 0.         0.         0.        ],soc.religion.christian
[0. 0. 0. ... 0. 0. 0.],misc.forsale
[0. 0. 0. ... 0. 0. 0.],soc.religion.christian
[0. 0. 0. ... 0. 0. 0.],sci.space
[0. 0. 0. ... 0. 0. 0.],comp.sys.mac.hardware
[0.         0.         0.         ... 0.01526087 0.01525906 0.        ],comp.os.ms-windows.misc
[0.         0.         0.         ... 0.05760203 0.         0.        ],sci.crypt
[0. 0. 0. ... 0. 0. 0.],soc.religion.christian
[0. 0. 0. ... 0. 0. 0.],talk.politics.mideast
[0.        0.        0.        ... 0.0786616 0.        0.       ],comp.windows.x
[0.         0.         0.         ... 0.06377511 0.         0.        ],talk.religion.misc
[0.         0.04475477 0.         ... 0.         0.         0.        ],comp.os.ms-windows.misc
[0. 0. 0. ... 0. 0. 0.],comp.windows.x
[0.03498066 0.         0.         ... 0.11263693 0.         0.        ],comp.sys.ibm.pc.hardware
[0. 0. 0. ... 0. 0. 0.],soc.religion.christian
[0.         0.         0.         ... 0.04307021 0.         0.        ],talk.religion.misc
[0. 0. 0. ... 0. 0. 0.],sci.med
[0.         0.         0.         ... 0.01244429 0.         0.        ],sci.med
[0.         0.27439742 0.         ... 0.01798633 0.         0.        ],sci.space
[0. 0. 0. ... 0. 0. 0.],comp.graphics
[0. 0. 0. ... 0. 0. 0.],comp.os.ms-windows.misc
[0. 0. 0. ... 0. 0. 0.],sci.crypt
[0.         0.         0.         ... 0.08361579 0.         0.        ],comp.windows.x
[0.         0.         0.         ... 0.02725563 0.         0.        ],rec.sport.hockey
[0. 0. 0. ... 0. 0. 0.],talk.politics.mideast
[0.         0.         0.         ... 0.06314408 0.         0.        ],misc.forsale
[0.         0.         0.         ... 0.05048716 0.         0.        ],sci.space
[0. 0. 0. ... 0. 0. 0.],rec.sport.baseball
[0. 0. 0. ... 0. 0. 0.],sci.med
[0. 0. 0. ... 0. 0. 0.],comp.sys.mac.hardware
[0. 0. 0. ... 0. 0. 0.],misc.forsale
[0. 0. 0. ... 0. 0. 0.],comp.graphics
[0.         0.         0.         ... 0.04050912 0.         0.        ],comp.windows.x
[0.         0.         0.         ... 0.07188541 0.         0.        ],comp.sys.mac.hardware
[0.04953211 0.         0.         ... 0.02658204 0.         0.        ],sci.space
[0. 0. 0. ... 0. 0. 0.],talk.politics.misc
[0.         0.06865892 0.         ... 0.         0.         0.        ],rec.sport.baseball
[0. 0. 0. ... 0. 0. 0.],sci.crypt
[0. 0. 0. ... 0. 0. 0.],sci.crypt
[0.         0.         0.         ... 0.12810207 0.         0.        ],sci.med
[0. 0. 0. ... 0. 0. 0.],alt.atheism
[0. 0. 0. ... 0. 0. 0.],rec.sport.baseball
[0.         0.07516427 0.         ... 0.         0.         0.        ],comp.os.ms-windows.misc
[0.         0.         0.         ... 0.05173205 0.         0.        ],comp.sys.ibm.pc.hardware
[0. 0. 0. ... 0. 0. 0.],sci.electronics
[0. 0. 0. ... 0. 0. 0.],soc.religion.christian
[0.         0.         0.         ... 0.03007351 0.         0.        ],misc.forsale
[0. 0. 0. ... 0. 0. 0.],misc.forsale
[0. 0. 0. ... 0. 0. 0.],rec.autos
[0. 0. 0. ... 0. 0. 0.],comp.os.ms-windows.misc
[0. 0. 0. ... 0. 0. 0.],rec.motorcycles
[0. 0. 0. ... 0. 0. 0.],comp.graphics
[0. 0. 0. ... 0. 0. 0.],sci.med
[0. 0. 0. ... 0. 0. 0.],talk.religion.misc
[0. 0. 0. ... 0. 0. 0.],comp.os.ms-windows.misc
[0.         0.         0.         ... 0.07549212 0.         0.        ],misc.forsale
[0.       0.       0.       ... 0.029899 0.       0.      ],sci.med
[0.         0.         0.         ... 0.         0.11359389 0.        ],sci.space
[0. 0. 0. ... 0. 0. 0.],comp.graphics
[0.         0.05377086 0.         ... 0.02819679 0.         0.        ],alt.atheism
[0. 0. 0. ... 0. 0. 0.],sci.crypt
[0. 0. 0. ... 0. 0. 0.],sci.med
[0. 0. 0. ... 0. 0. 0.],talk.religion.misc
[0. 0. 0. ... 0. 0. 0.],comp.os.ms-windows.misc
[0. 0. 0. ... 0. 0. 0.],rec.autos
[0. 0. 0. ... 0. 0. 0.],talk.politics.guns
[0. 0. 0. ... 0. 0. 0.],rec.sport.hockey
[0.         0.11775764 0.         ... 0.         0.         0.        ],comp.sys.ibm.pc.hardware
[0. 0. 0. ... 0. 0. 0.],sci.electronics
[0.         0.         0.         ... 0.08088683 0.         0.        ],sci.electronics
[0.         0.         0.         ... 0.06807688 0.         0.        ],comp.windows.x
[0.         0.         0.         ... 0.10325704 0.         0.        ],comp.windows.x
[0.         0.         0.         ... 0.06313483 0.         0.        ],rec.sport.hockey
[0. 0. 0. ... 0. 0. 0.],rec.motorcycles
[0.         0.         0.         ... 0.05019838 0.         0.        ],talk.religion.misc
[0. 0. 0. ... 0. 0. 0.],rec.autos
[0. 0. 0. ... 0. 0. 0.],misc.forsale
[0. 0. 0. ... 0. 0. 0.],misc.forsale
[0.         0.         0.         ... 0.14110614 0.         0.45350901],talk.politics.mideast
[0. 0. 0. ... 0. 0. 0.],rec.autos
[0.         0.         0.         ... 0.14034546 0.03508222 0.        ],sci.space
[0. 0. 0. ... 0. 0. 0.],rec.motorcycles
[0. 0. 0. ... 0. 0. 0.],comp.sys.ibm.pc.hardware
[0. 0. 0. ... 0. 0. 0.],misc.forsale
[0. 0. 0. ... 0. 0. 0.],alt.atheism
[0. 0. 0. ... 0. 0. 0.],comp.sys.mac.hardware
[0. 0. 0. ... 0. 0. 0.],comp.os.ms-windows.misc
[0.         0.04340899 0.         ... 0.01138157 0.         0.        ],soc.religion.christian
[0.         0.02252843 0.02604241 ... 0.         0.         0.        ],alt.atheism
[0. 0. 0. ... 0. 0. 0.],comp.windows.x
[0. 0. 0. ... 0. 0. 0.],alt.atheism
[0. 0. 0. ... 0. 0. 0.],sci.electronics
[0.         0.         0.         ... 0.04828992 0.         0.        ],comp.sys.mac.hardware
[0. 0. 0. ... 0. 0. 0.],sci.med
[0. 0. 0. ... 0. 0. 0.],comp.os.ms-windows.misc
[0.         0.         0.         ... 0.0993706  0.04967943 0.        ],comp.sys.mac.hardware
[0.         0.         0.         ... 0.05290574 0.         0.        ],rec.sport.hockey
[0. 0. 0. ... 0. 0. 0.],talk.politics.misc
[0.        0.        0.        ... 0.0314489 0.        0.       ],comp.sys.mac.hardware
[0. 0. 0. ... 0. 0. 0.],misc.forsale
[0. 0. 0. ... 0. 0. 0.],misc.forsale
[0.         0.         0.         ... 0.09501989 0.         0.        ],talk.politics.guns
[0. 0. 0. ... 0. 0. 0.],comp.windows.x
[0. 0. 0. ... 0. 0. 0.],comp.graphics
[0.         0.         0.         ... 0.04065822 0.         0.        ],comp.os.ms-windows.misc
[0. 0. 0. ... 0. 0. 0.],comp.windows.x
[0.         0.         0.         ... 0.02529456 0.05058314 0.        ],talk.politics.mideast
[0. 0. 0. ... 0. 0. 0.],rec.sport.hockey
[0. 0. 0. ... 0. 0. 0.],sci.electronics
[0. 0. 0. ... 0. 0. 0.],comp.windows.x
[0. 0. 0. ... 0. 0. 0.],sci.med
[0.04451704 0.         0.         ... 0.02389064 0.         0.        ],talk.politics.misc
[0.         0.         0.         ... 0.04133637 0.         0.        ],talk.politics.guns
[0. 0. 0. ... 0. 0. 0.],sci.space
[0. 0. 0. ... 0. 0. 0.],talk.religion.misc
[0. 0. 0. ... 0. 0. 0.],comp.sys.ibm.pc.hardware
[0.         0.         0.         ... 0.03530502 0.         0.        ],sci.crypt
[0.         0.         0.         ... 0.10648215 0.         0.        ],talk.politics.guns
[0. 0. 0. ... 0. 0. 0.],rec.sport.hockey
[0.         0.         0.         ... 0.09262845 0.         0.        ],sci.crypt
[0. 0. 0. ... 0. 0. 0.],talk.politics.misc
[0.         0.         0.         ... 0.02144666 0.         0.        ],talk.religion.misc
[0.        0.        0.        ... 0.0476719 0.        0.       ],talk.politics.guns
[0.         0.         0.         ... 0.09629976 0.         0.        ],comp.graphics
[0. 0. 0. ... 0. 0. 0.],sci.space
[0. 0. 0. ... 0. 0. 0.],talk.politics.mideast
[0. 0. 0. ... 0. 0. 0.],alt.atheism
[0.         0.         0.         ... 0.         0.12506914 0.        ],alt.atheism
[0. 0. 0. ... 0. 0. 0.],comp.sys.mac.hardware
[0.14489467 0.         0.34283218 ... 0.         0.         0.        ],rec.motorcycles
[0. 0. 0. ... 0. 0. 0.],sci.crypt
[0. 0. 0. ... 0. 0. 0.],rec.autos
[0. 0. 0. ... 0. 0. 0.],comp.graphics
[0. 0. 0. ... 0. 0. 0.],rec.sport.hockey
[0. 0. 0. ... 0. 0. 0.],rec.autos
[0.         0.         0.         ... 0.02743931 0.         0.        ],rec.sport.baseball
[0.         0.         0.         ... 0.04118682 0.         0.        ],comp.sys.mac.hardware
[0. 0. 0. ... 0. 0. 0.],talk.politics.guns
[0. 0. 0. ... 0. 0. 0.],sci.space
[0. 0. 0. ... 0. 0. 0.],sci.med
[0. 0. 0. ... 0. 0. 0.],misc.forsale
[0. 0. 0. ... 0. 0. 0.],comp.sys.ibm.pc.hardware
[0. 0. 0. ... 0. 0. 0.],comp.graphics
[0.         0.         0.         ... 0.06314634 0.         0.        ],alt.atheism
[0. 0. 0. ... 0. 0. 0.],comp.os.ms-windows.misc
[0. 0. 0. ... 0. 0. 0.],soc.religion.christian
[0.         0.         0.         ... 0.15408106 0.         0.        ],rec.autos
[0. 0. 0. ... 0. 0. 0.],sci.electronics
[0. 0. 0. ... 0. 0. 0.],sci.med
[0. 0. 0. ... 0. 0. 0.],sci.crypt
[0. 0. 0. ... 0. 0. 0.],rec.motorcycles
[0. 0. 0. ... 0. 0. 0.],misc.forsale
[0. 0. 0. ... 0. 0. 0.],soc.religion.christian
[0. 0. 0. ... 0. 0. 0.],rec.motorcycles
[0.         0.         0.         ... 0.09342035 0.         0.        ],talk.politics.misc
[0.         0.         0.         ... 0.04522848 0.         0.        ],talk.politics.mideast
[0. 0. 0. ... 0. 0. 0.],rec.sport.hockey
[0. 0. 0. ... 0. 0. 0.],sci.crypt
[0. 0. 0. ... 0. 0. 0.],comp.windows.x
[0. 0. 0. ... 0. 0. 0.],comp.os.ms-windows.misc
[0. 0. 0. ... 0. 0. 0.],talk.politics.mideast
[0. 0. 0. ... 0. 0. 0.],sci.space
[0. 0. 0. ... 0. 0. 0.],comp.sys.mac.hardware
[0. 0. 0. ... 0. 0. 0.],comp.graphics
[0.         0.         0.03452635 ... 0.         0.         0.        ],rec.autos
[0. 0. 0. ... 0. 0. 0.],alt.atheism
[0. 0. 0. ... 0. 0. 0.],rec.autos
[0.         0.         0.         ... 0.05732667 0.         0.        ],comp.windows.x
[0. 0. 0. ... 0. 0. 0.],sci.space
[0.         0.         0.         ... 0.14139024 0.11309884 0.        ],comp.sys.ibm.pc.hardware
[0. 0. 0. ... 0. 0. 0.],talk.politics.guns
[0. 0. 0. ... 0. 0. 0.],sci.med
[0.         0.         0.         ... 0.03121079 0.         0.        ],comp.sys.mac.hardware
[0.         0.         0.         ... 0.12456145 0.06227337 0.        ],talk.religion.misc
[0. 0. 0. ... 0. 0. 0.],sci.space
[0. 0. 0. ... 0. 0. 0.],comp.windows.x
[0.        0.        0.        ... 0.1375227 0.        0.       ],comp.windows.x
[0.         0.         0.         ... 0.05416434 0.         0.        ],comp.sys.mac.hardware
[0. 0. 0. ... 0. 0. 0.],comp.graphics
[0. 0. 0. ... 0. 0. 0.],sci.med
[0.         0.         0.         ... 0.02855888 0.         0.        ],soc.religion.christian
[0. 0. 0. ... 0. 0. 0.],talk.politics.misc
[0. 0. 0. ... 0. 0. 0.],talk.politics.guns
[0. 0. 0. ... 0. 0. 0.],comp.sys.ibm.pc.hardware
[0. 0. 0. ... 0. 0. 0.],rec.autos
[0. 0. 0. ... 0. 0. 0.],talk.politics.mideast
[0. 0. 0. ... 0. 0. 0.],sci.space
[0.         0.         0.         ... 0.11041486 0.         0.        ],rec.autos
[0. 0. 0. ... 0. 0. 0.],comp.windows.x
[0. 0. 0. ... 0. 0. 0.],soc.religion.christian
[0. 0. 0. ... 0. 0. 0.],talk.politics.guns
[0. 0. 0. ... 0. 0. 0.],comp.os.ms-windows.misc
[0. 0. 0. ... 0. 0. 0.],sci.med
[0. 0. 0. ... 0. 0. 0.],comp.sys.mac.hardware
[0. 0. 0. ... 0. 0. 0.],comp.sys.ibm.pc.hardware
[0. 0. 0. ... 0. 0. 0.],talk.politics.guns
[0.         0.         0.         ... 0.12828693 0.         0.        ],talk.politics.misc
[0.         0.         0.         ... 0.03554313 0.         0.        ],rec.sport.baseball
[0. 0. 0. ... 0. 0. 0.],comp.windows.x
[0. 0. 0. ... 0. 0. 0.],rec.autos
[0.         0.         0.         ... 0.04820559 0.02409995 0.        ],talk.politics.guns
[0.         0.         0.         ... 0.05634798 0.         0.        ],comp.sys.ibm.pc.hardware
[0.         0.         0.         ... 0.06432167 0.         0.        ],rec.sport.hockey
[0.         0.         0.         ... 0.04363267 0.         0.        ],comp.windows.x
[0. 0. 0. ... 0. 0. 0.],rec.sport.baseball
[0. 0. 0. ... 0. 0. 0.],sci.space
[0. 0. 0. ... 0. 0. 0.],sci.electronics
[0. 0. 0. ... 0. 0. 0.],comp.sys.ibm.pc.hardware
[0.         0.         0.         ... 0.28217528 0.         0.        ],sci.electronics
[0. 0. 0. ... 0. 0. 0.],rec.autos
[0. 0. 0. ... 0. 0. 0.],soc.religion.christian
[0. 0. 0. ... 0. 0. 0.],comp.graphics
[0. 0. 0. ... 0. 0. 0.],sci.space
[0. 0. 0. ... 0. 0. 0.],sci.electronics
[0. 0. 0. ... 0. 0. 0.],talk.politics.misc
[0. 0. 0. ... 0. 0. 0.],sci.med
[0. 0. 0. ... 0. 0. 0.],rec.autos
[0. 0. 0. ... 0. 0. 0.],comp.graphics
[0.0854201 0.        0.        ... 0.        0.        0.       ],soc.religion.christian
[0.         0.         0.         ... 0.07114858 0.         0.        ],comp.sys.mac.hardware
[0. 0. 0. ... 0. 0. 0.],misc.forsale
[0. 0. 0. ... 0. 0. 0.],comp.sys.ibm.pc.hardware
[0. 0. 0. ... 0. 0. 0.],comp.sys.mac.hardware
[0. 0. 0. ... 0. 0. 0.],comp.os.ms-windows.misc
[0. 0. 0. ... 0. 0. 0.],comp.graphics
[0.         0.         0.         ... 0.05281838 0.         0.        ],rec.motorcycles
[0.         0.         0.         ... 0.13232512 0.         0.        ],talk.religion.misc
[0. 0. 0. ... 0. 0. 0.],rec.sport.baseball
[0.         0.         0.         ... 0.00980394 0.         0.        ],rec.motorcycles
[0. 0. 0. ... 0. 0. 0.],rec.autos
[0. 0. 0. ... 0. 0. 0.],rec.sport.baseball
[0. 0. 0. ... 0. 0. 0.],comp.windows.x
[0. 0. 0. ... 0. 0. 0.],comp.windows.x
[0.         0.05864538 0.         ... 0.         0.         0.        ],comp.sys.mac.hardware
[0.         0.         0.         ... 0.         0.         0.54133408],comp.graphics
[0. 0. 0. ... 0. 0. 0.],rec.sport.hockey
[0. 0. 0. ... 0. 0. 0.],rec.motorcycles
[0.         0.         0.         ... 0.05312472 0.         0.        ],comp.sys.mac.hardware
[0. 0. 0. ... 0. 0. 0.],comp.sys.mac.hardware
[0.         0.         0.         ... 0.08386871 0.05590587 0.        ],rec.motorcycles
[0. 0. 0. ... 0. 0. 0.],sci.electronics
[0. 0. 0. ... 0. 0. 0.],talk.politics.mideast
[0. 0. 0. ... 0. 0. 0.],talk.politics.guns
[0. 0. 0. ... 0. 0. 0.],comp.graphics
[0. 0. 0. ... 0. 0. 0.],misc.forsale
[0.        0.        0.        ... 0.0485452 0.        0.       ],comp.sys.mac.hardware
[0.        0.        0.        ... 0.0434509 0.        0.       ],alt.atheism
[0. 0. 0. ... 0. 0. 0.],rec.autos
[0. 0. 0. ... 0. 0. 0.],comp.sys.ibm.pc.hardware
[0. 0. 0. ... 0. 0. 0.],sci.crypt
[0.         0.         0.         ... 0.         0.08158135 0.        ],rec.sport.baseball
[0. 0. 0. ... 0. 0. 0.],talk.religion.misc
[0. 0. 0. ... 0. 0. 0.],comp.os.ms-windows.misc
[0. 0. 0. ... 0. 0. 0.],sci.med
[0.         0.         0.         ... 0.07035495 0.         0.        ],comp.os.ms-windows.misc
[0.         0.         0.         ... 0.13101146 0.         0.        ],sci.crypt
[0.         0.         0.         ... 0.04168694 0.         0.        ],comp.os.ms-windows.misc
[0. 0. 0. ... 0. 0. 0.],comp.windows.x
[0. 0. 0. ... 0. 0. 0.],comp.windows.x
[0.05321208 0.         0.         ... 0.         0.         0.        ],comp.sys.mac.hardware
[0. 0. 0. ... 0. 0. 0.],rec.motorcycles
[0. 0. 0. ... 0. 0. 0.],talk.politics.guns
[0.         0.         0.         ... 0.18352947 0.         0.        ],sci.crypt
[0. 0. 0. ... 0. 0. 0.],soc.religion.christian
[0.         0.         0.         ... 0.06034013 0.         0.        ],comp.graphics
[0. 0. 0. ... 0. 0. 0.],talk.politics.misc
[0.         0.         0.         ... 0.10901462 0.         0.        ],sci.space
[0. 0. 0. ... 0. 0. 0.],comp.graphics
[0.         0.         0.         ... 0.05092881 0.         0.        ],talk.politics.misc
[0. 0. 0. ... 0. 0. 0.],rec.autos
[0.         0.         0.         ... 0.05485574 0.         0.        ],talk.politics.misc
[0. 0. 0. ... 0. 0. 0.],rec.sport.hockey
[0. 0. 0. ... 0. 0. 0.],comp.windows.x
[0. 0. 0. ... 0. 0. 0.],talk.politics.misc
[0.         0.         0.         ... 0.06178346 0.         0.        ],comp.sys.mac.hardware
[0.         0.         0.         ... 0.02801864 0.         0.        ],rec.sport.baseball
[0. 0. 0. ... 0. 0. 0.],soc.religion.christian
[0.         0.         0.         ... 0.09041014 0.         0.        ],rec.sport.baseball
[0. 0. 0. ... 0. 0. 0.],comp.os.ms-windows.misc
[0.         0.10355846 0.         ... 0.         0.         0.        ],soc.religion.christian
[0. 0. 0. ... 0. 0. 0.],comp.windows.x
[0. 0. 0. ... 0. 0. 0.],talk.religion.misc
[0.         0.         0.         ... 0.06067699 0.         0.        ],comp.windows.x
[0.         0.26766734 0.         ... 0.         0.         0.        ],talk.politics.mideast
[0. 0. 0. ... 0. 0. 0.],alt.atheism
[0. 0. 0. ... 0. 0. 0.],comp.sys.mac.hardware
[0.         0.         0.         ... 0.03979543 0.         0.        ],rec.sport.hockey
[0. 0. 0. ... 0. 0. 0.],talk.politics.guns
[0. 0. 0. ... 0. 0. 0.],rec.motorcycles
[0.         0.         0.         ... 0.03483386 0.         0.        ],rec.autos
[0. 0. 0. ... 0. 0. 0.],rec.autos
[0.         0.         0.         ... 0.04508843 0.         0.        ],sci.space
[0. 0. 0. ... 0. 0. 0.],sci.electronics
[0. 0. 0. ... 0. 0. 0.],misc.forsale
[0.         0.         0.         ... 0.08508975 0.         0.        ],talk.politics.misc
[0. 0. 0. ... 0. 0. 0.],sci.electronics
[0.        0.        0.        ... 0.0254467 0.        0.       ],talk.politics.guns
[0.         0.         0.11964059 ... 0.         0.         0.        ],comp.sys.ibm.pc.hardware
[0.         0.         0.         ... 0.03568081 0.         0.        ],rec.autos
[0. 0. 0. ... 0. 0. 0.],talk.politics.guns
[0. 0. 0. ... 0. 0. 0.],alt.atheism
[0. 0. 0. ... 0. 0. 0.],rec.autos
[0.         0.         0.         ... 0.04710785 0.         0.        ],sci.electronics
[0.         0.         0.         ... 0.07719158 0.         0.        ],talk.politics.guns
[0. 0. 0. ... 0. 0. 0.],comp.graphics
[0. 0. 0. ... 0. 0. 0.],comp.graphics
[0. 0. 0. ... 0. 0. 0.],talk.politics.misc
[0. 0. 0. ... 0. 0. 0.],sci.med
[0. 0. 0. ... 0. 0. 0.],rec.motorcycles
[0.         0.         0.         ... 0.02420385 0.         0.        ],rec.sport.hockey
[0. 0. 0. ... 0. 0. 0.],talk.politics.misc
[0. 0. 0. ... 0. 0. 0.],soc.religion.christian
[0. 0. 0. ... 0. 0. 0.],rec.autos
[0. 0. 0. ... 0. 0. 0.],comp.windows.x
[0.         0.         0.         ... 0.11030669 0.         0.        ],sci.space
[0.         0.         0.         ... 0.06102403 0.         0.        ],rec.sport.baseball
[0. 0. 0. ... 0. 0. 0.],soc.religion.christian
[0. 0. 0. ... 0. 0. 0.],sci.med
[0.         0.         0.         ... 0.15657405 0.         0.        ],rec.autos
[0.         0.         0.         ... 0.07578806 0.         0.        ],comp.os.ms-windows.misc
[0.         0.         0.         ... 0.07798596 0.         0.        ],sci.med
[0. 0. 0. ... 0. 0. 0.],comp.windows.x
[0. 0. 0. ... 0. 0. 0.],rec.sport.baseball
[0. 0. 0. ... 0. 0. 0.],alt.atheism
[0.03629931 0.03714901 0.         ... 0.         0.03895638 0.        ],talk.religion.misc
[0. 0. 0. ... 0. 0. 0.],comp.sys.ibm.pc.hardware
[0. 0. 0. ... 0. 0. 0.],talk.politics.guns
[0. 0. 0. ... 0. 0. 0.],sci.med
[0. 0. 0. ... 0. 0. 0.],comp.graphics
[0. 0. 0. ... 0. 0. 0.],rec.sport.baseball
[0. 0. 0. ... 0. 0. 0.],comp.graphics
[0.         0.         0.         ... 0.09821433 0.         0.        ],talk.politics.misc
[0. 0. 0. ... 0. 0. 0.],talk.religion.misc
[0.         0.07937776 0.         ... 0.         0.         0.        ],talk.politics.guns
[0.         0.         0.         ... 0.07529069 0.         0.        ],sci.electronics
[0.         0.         0.         ... 0.08771636 0.         0.        ],rec.sport.hockey
[0. 0. 0. ... 0. 0. 0.],comp.graphics
[0.         0.         0.         ... 0.07741715 0.         0.        ],comp.os.ms-windows.misc
[0.         0.         0.         ... 0.03605072 0.         0.        ],comp.os.ms-windows.misc
[0. 0. 0. ... 0. 0. 0.],rec.motorcycles
[0. 0. 0. ... 0. 0. 0.],comp.os.ms-windows.misc
[0. 0. 0. ... 0. 0. 0.],comp.graphics
[0.         0.12940486 0.         ... 0.06785834 0.         0.        ],comp.windows.x
[0.         0.         0.         ... 0.04737141 0.01894633 0.        ],comp.os.ms-windows.misc
[0.         0.         0.         ... 0.05039394 0.         0.        ],soc.religion.christian
[0.22369148 0.22892769 0.         ... 0.         0.         0.        ],comp.sys.ibm.pc.hardware
[0. 0. 0. ... 0. 0. 0.],sci.crypt
[0. 0. 0. ... 0. 0. 0.],comp.os.ms-windows.misc
[0.        0.        0.        ... 0.0455909 0.        0.       ],rec.motorcycles
[0. 0. 0. ... 0. 0. 0.],misc.forsale
[0. 0. 0. ... 0. 0. 0.],sci.electronics
[0. 0. 0. ... 0. 0. 0.],sci.crypt
[0. 0. 0. ... 0. 0. 0.],sci.electronics
[0. 0. 0. ... 0. 0. 0.],sci.space
[0. 0. 0. ... 0. 0. 0.],talk.politics.misc
[0. 0. 0. ... 0. 0. 0.],sci.space
[0.         0.         0.         ... 0.         0.06428803 0.        ],talk.religion.misc
[0. 0. 0. ... 0. 0. 0.],comp.os.ms-windows.misc
[0. 0. 0. ... 0. 0. 0.],sci.med
[0. 0. 0. ... 0. 0. 0.],alt.atheism
[0. 0. 0. ... 0. 0. 0.],talk.politics.misc
[0. 0. 0. ... 0. 0. 0.],alt.atheism
[0. 0. 0. ... 0. 0. 0.],comp.sys.ibm.pc.hardware
[0. 0. 0. ... 0. 0. 0.],sci.space
[0.20628125 0.         0.         ... 0.         0.         0.        ],sci.electronics
[0. 0. 0. ... 0. 0. 0.],alt.atheism
[0. 0. 0. ... 0. 0. 0.],sci.med
[0. 0. 0. ... 0. 0. 0.],sci.space
[0. 0. 0. ... 0. 0. 0.],talk.politics.mideast
[0.         0.         0.         ... 0.02838398 0.         0.        ],soc.religion.christian
[0. 0. 0. ... 0. 0. 0.],comp.windows.x
[0. 0. 0. ... 0. 0. 0.],rec.sport.hockey
[0. 0. 0. ... 0. 0. 0.],comp.graphics
[0.       0.       0.       ... 0.141779 0.       0.      ],comp.windows.x
[0. 0. 0. ... 0. 0. 0.],comp.graphics
[0. 0. 0. ... 0. 0. 0.],comp.os.ms-windows.misc
[0. 0. 0. ... 0. 0. 0.],sci.crypt
[0.       0.       0.002754 ... 0.       0.       0.      ],sci.crypt
[0. 0. 0. ... 0. 0. 0.],comp.sys.mac.hardware
[0. 0. 0. ... 0. 0. 0.],sci.crypt
[0. 0. 0. ... 0. 0. 0.],rec.autos
[0. 0. 0. ... 0. 0. 0.],alt.atheism
[0.         0.         0.         ... 0.04793144 0.         0.        ],comp.windows.x
[0. 0. 0. ... 0. 0. 0.],talk.politics.mideast
[0.         0.         0.         ... 0.03129562 0.         0.        ],comp.os.ms-windows.misc
[0. 0. 0. ... 0. 0. 0.],misc.forsale
[0.12255766 0.         0.         ... 0.         0.         0.        ],talk.politics.guns
[0.        0.        0.        ... 0.0299855 0.        0.       ],comp.windows.x
[0.         0.05545598 0.         ... 0.14540221 0.         0.        ],rec.sport.baseball
[0. 0. 0. ... 0. 0. 0.],rec.autos
[0.         0.         0.         ... 0.03103079 0.         0.        ],sci.space
[0.         0.         0.         ... 0.11665774 0.         0.        ],talk.politics.guns
[0. 0. 0. ... 0. 0. 0.],rec.sport.baseball
[0. 0. 0. ... 0. 0. 0.],talk.politics.misc
[0. 0. 0. ... 0. 0. 0.],comp.sys.mac.hardware
[0.         0.         0.         ... 0.02203045 0.         0.        ],sci.electronics
[0.         0.         0.         ... 0.01216974 0.         0.        ],talk.religion.misc
[0.         0.0751444  0.02171635 ... 0.02955361 0.         0.        ],sci.med
[0. 0. 0. ... 0. 0. 0.],comp.graphics
[0.         0.         0.         ... 0.01994562 0.         0.        ],sci.electronics
[0.         0.         0.         ... 0.08993567 0.         0.        ],talk.politics.misc
[0. 0. 0. ... 0. 0. 0.],rec.sport.hockey
[0.         0.         0.         ... 0.14720077 0.         0.        ],sci.electronics
[0. 0. 0. ... 0. 0. 0.],rec.sport.baseball
[0. 0. 0. ... 0. 0. 0.],sci.space
[0.         0.         0.         ... 0.03036939 0.         0.        ],comp.graphics
[0. 0. 0. ... 0. 0. 0.],comp.graphics
[0. 0. 0. ... 0. 0. 0.],rec.sport.hockey
[0. 0. 0. ... 0. 0. 0.],rec.autos
[0. 0. 0. ... 0. 0. 0.],comp.sys.ibm.pc.hardware
[0. 0. 0. ... 0. 0. 0.],talk.politics.mideast
[0. 0. 0. ... 0. 0. 0.],rec.sport.hockey
[0.         0.         0.         ... 0.11830821 0.         0.        ],rec.sport.hockey
[0. 0. 0. ... 0. 0. 0.],comp.os.ms-windows.misc
[0. 0. 0. ... 0. 0. 0.],misc.forsale
[0. 0. 0. ... 0. 0. 0.],comp.os.ms-windows.misc
[0.         0.         0.         ... 0.12077813 0.         0.        ],sci.space
[0. 0. 0. ... 0. 0. 0.],sci.crypt
[0. 0. 0. ... 0. 0. 0.],talk.politics.guns
[0. 0. 0. ... 0. 0. 0.],comp.sys.mac.hardware
[0. 0. 0. ... 0. 0. 0.],comp.graphics
[0.         0.         0.         ... 0.05881628 0.         0.        ],comp.sys.mac.hardware
[0. 0. 0. ... 0. 0. 0.],sci.electronics
[0.05199175 0.         0.         ... 0.         0.         0.        ],talk.religion.misc
[0. 0. 0. ... 0. 0. 0.],sci.space
[0.         0.         0.         ... 0.03976061 0.07951183 0.        ],rec.autos
[0. 0. 0. ... 0. 0. 0.],comp.os.ms-windows.misc
[0.         0.         0.         ... 0.04813552 0.         0.37129316],comp.graphics
[0. 0. 0. ... 0. 0. 0.],sci.space
[0. 0. 0. ... 0. 0. 0.],comp.sys.mac.hardware
[0.         0.12950544 0.         ... 0.02263703 0.         0.        ],alt.atheism
[0.         0.         0.         ... 0.06198789 0.12396115 0.15938112],rec.sport.hockey
[0. 0. 0. ... 0. 0. 0.],talk.politics.misc
[0. 0. 0. ... 0. 0. 0.],comp.sys.mac.hardware
[0. 0. 0. ... 0. 0. 0.],comp.os.ms-windows.misc
[0.        0.        0.0986669 ... 0.        0.        0.       ],comp.os.ms-windows.misc
[0. 0. 0. ... 0. 0. 0.],comp.windows.x
[0. 0. 0. ... 0. 0. 0.],sci.crypt
[0. 0. 0. ... 0. 0. 0.],rec.sport.hockey
[0.         0.         0.         ... 0.04287263 0.         0.        ],comp.windows.x
[0.06028258 0.         0.         ... 0.         0.         0.        ],rec.sport.hockey
[0. 0. 0. ... 0. 0. 0.],comp.sys.ibm.pc.hardware
[0.08395733 0.         0.         ... 0.         0.         0.        ],comp.os.ms-windows.misc
[0.         0.         0.         ... 0.03738155 0.         0.        ],rec.motorcycles
[0.         0.         0.         ... 0.17125071 0.         0.        ],rec.autos
[0.        0.        0.        ... 0.        0.        0.1397329],misc.forsale
[0.         0.         0.         ... 0.06893736 0.         0.        ],misc.forsale
[0. 0. 0. ... 0. 0. 0.],alt.atheism
[0. 0. 0. ... 0. 0. 0.],rec.sport.hockey
[0.         0.         0.         ... 0.16145527 0.         0.        ],sci.electronics
[0.         0.         0.         ... 0.06267297 0.         0.        ],sci.crypt
[0. 0. 0. ... 0. 0. 0.],comp.os.ms-windows.misc
[0. 0. 0. ... 0. 0. 0.],comp.sys.ibm.pc.hardware
[0. 0. 0. ... 0. 0. 0.],comp.sys.mac.hardware
[0.         0.         0.         ... 0.03144255 0.         0.        ],sci.space
[0. 0. 0. ... 0. 0. 0.],soc.religion.christian
[0. 0. 0. ... 0. 0. 0.],comp.windows.x
[0. 0. 0. ... 0. 0. 0.],alt.atheism
[0. 0. 0. ... 0. 0. 0.],talk.politics.guns
[0.05741667 0.         0.         ... 0.         0.         0.        ],rec.sport.hockey
[0. 0. 0. ... 0. 0. 0.],comp.sys.mac.hardware
[0. 0. 0. ... 0. 0. 0.],alt.atheism
[0. 0. 0. ... 0. 0. 0.],rec.sport.hockey
[0. 0. 0. ... 0. 0. 0.],sci.space
[0. 0. 0. ... 0. 0. 0.],comp.graphics
[0.         0.43567864 0.         ... 0.         0.         0.        ],talk.politics.guns
[0. 0. 0. ... 0. 0. 0.],talk.politics.mideast
[0. 0. 0. ... 0. 0. 0.],rec.sport.hockey
[0.        0.        0.        ... 0.0536419 0.        0.       ],sci.crypt
[0. 0. 0. ... 0. 0. 0.],rec.sport.baseball
[0. 0. 0. ... 0. 0. 0.],rec.motorcycles
[0.         0.         0.         ... 0.06262663 0.         0.        ],soc.religion.christian
[0. 0. 0. ... 0. 0. 0.],sci.electronics
[0.         0.         0.         ... 0.05850236 0.         0.        ],comp.sys.mac.hardware
[0.         0.27431342 0.         ... 0.         0.         0.        ],rec.motorcycles
[0. 0. 0. ... 0. 0. 0.],rec.sport.baseball
[0. 0. 0. ... 0. 0. 0.],comp.sys.mac.hardware
[0.         0.         0.         ... 0.03519956 0.         0.        ],comp.sys.ibm.pc.hardware
[0. 0. 0. ... 0. 0. 0.],talk.politics.mideast
[0. 0. 0. ... 0. 0. 0.],comp.os.ms-windows.misc
[0. 0. 0. ... 0. 0. 0.],misc.forsale
[0.         0.         0.         ... 0.08091255 0.         0.        ],comp.os.ms-windows.misc
[0. 0. 0. ... 0. 0. 0.],talk.politics.guns
[0. 0. 0. ... 0. 0. 0.],talk.politics.guns
[0. 0. 0. ... 0. 0. 0.],comp.graphics
[0. 0. 0. ... 0. 0. 0.],alt.atheism
[0.0887058 0.        0.        ... 0.1808994 0.        0.       ],sci.med
[0. 0. 0. ... 0. 0. 0.],rec.motorcycles
[0. 0. 0. ... 0. 0. 0.],comp.os.ms-windows.misc
[0.         0.         0.         ... 0.08196389 0.         0.        ],comp.windows.x
[0. 0. 0. ... 0. 0. 0.],comp.graphics
[0.         0.         0.         ... 0.06025384 0.         0.        ],rec.sport.baseball
[0.         0.         0.         ... 0.03135113 0.         0.        ],talk.politics.guns
[0. 0. 0. ... 0. 0. 0.],talk.politics.guns
[0.         0.         0.         ... 0.05322753 0.10644249 0.        ],comp.graphics
[0.         0.         0.         ... 0.         0.05318858 0.        ],comp.sys.mac.hardware
[0. 0. 0. ... 0. 0. 0.],rec.sport.baseball
[0.         0.         0.         ... 0.10218016 0.         0.        ],misc.forsale
[0.         0.         0.07561864 ... 0.03430293 0.         0.        ],alt.atheism
[0. 0. 0. ... 0. 0. 0.],sci.med
[0. 0. 0. ... 0. 0. 0.],misc.forsale
[0.         0.         0.         ... 0.04642615 0.         0.        ],comp.sys.mac.hardware
[0. 0. 0. ... 0. 0. 0.],talk.politics.misc
[0. 0. 0. ... 0. 0. 0.],comp.sys.ibm.pc.hardware
[0. 0. 0. ... 0. 0. 0.],rec.sport.baseball
[0.         0.         0.         ... 0.15356446 0.         0.        ],talk.politics.mideast
[0. 0. 0. ... 0. 0. 0.],sci.crypt
[0. 0. 0. ... 0. 0. 0.],alt.atheism
[0.         0.         0.         ... 0.03334034 0.         0.        ],talk.religion.misc
[0. 0. 0. ... 0. 0. 0.],comp.os.ms-windows.misc
[0. 0. 0. ... 0. 0. 0.],rec.sport.hockey
[0. 0. 0. ... 0. 0. 0.],soc.religion.christian
[0. 0. 0. ... 0. 0. 0.],rec.sport.baseball
[0.         0.         0.         ... 0.11484151 0.         0.        ],comp.os.ms-windows.misc
[0. 0. 0. ... 0. 0. 0.],sci.med
[0. 0. 0. ... 0. 0. 0.],sci.med
[0.         0.         0.07114176 ... 0.         0.         0.        ],comp.windows.x
[0. 0. 0. ... 0. 0. 0.],sci.med
[0. 0. 0. ... 0. 0. 0.],soc.religion.christian
[0. 0. 0. ... 0. 0. 0.],comp.sys.ibm.pc.hardware
[0.04881509 0.         0.         ... 0.05239449 0.01047766 0.        ],comp.sys.mac.hardware
[0.         0.         0.         ... 0.05791362 0.         0.        ],sci.electronics
[0. 0. 0. ... 0. 0. 0.],talk.politics.mideast
[0. 0. 0. ... 0. 0. 0.],talk.politics.guns
[0. 0. 0. ... 0. 0. 0.],rec.motorcycles
[0. 0. 0. ... 0. 0. 0.],comp.sys.mac.hardware
[0.         0.         0.         ... 0.02868808 0.         0.        ],sci.space
[0. 0. 0. ... 0. 0. 0.],rec.autos
[0. 0. 0. ... 0. 0. 0.],soc.religion.christian
[0. 0. 0. ... 0. 0. 0.],comp.os.ms-windows.misc
[0.         0.         0.         ... 0.01619886 0.         0.        ],comp.graphics
[0. 0. 0. ... 0. 0. 0.],sci.med
[0.         0.         0.         ... 0.06866713 0.         0.        ],comp.sys.ibm.pc.hardware
[0. 0. 0. ... 0. 0. 0.],soc.religion.christian
[0. 0. 0. ... 0. 0. 0.],talk.politics.misc
[0.         0.         0.00657814 ... 0.         0.         0.01534496],comp.windows.x
[0. 0. 0. ... 0. 0. 0.],soc.religion.christian
[0.         0.08374333 0.         ... 0.02195699 0.         0.        ],talk.religion.misc
[0. 0. 0. ... 0. 0. 0.],comp.sys.ibm.pc.hardware
[0. 0. 0. ... 0. 0. 0.],talk.politics.mideast
[0.14792823 0.         0.         ... 0.         0.         0.        ],comp.sys.mac.hardware
[0. 0. 0. ... 0. 0. 0.],sci.space
[0.         0.         0.         ... 0.05823509 0.         0.        ],comp.sys.ibm.pc.hardware
[0. 0. 0. ... 0. 0. 0.],comp.windows.x
[0.         0.         0.         ... 0.09006334 0.         0.        ],comp.os.ms-windows.misc
[0.         0.03927758 0.         ... 0.04119337 0.         0.        ],comp.sys.ibm.pc.hardware
[0. 0. 0. ... 0. 0. 0.],sci.crypt
[0. 0. 0. ... 0. 0. 0.],rec.sport.hockey
[0.         0.         0.         ... 0.09921183 0.         0.        ],comp.windows.x
[0. 0. 0. ... 0. 0. 0.],misc.forsale
[0. 0. 0. ... 0. 0. 0.],talk.politics.mideast
[0. 0. 0. ... 0. 0. 0.],alt.atheism
[0.         0.         0.         ... 0.04157617 0.         0.        ],talk.politics.misc
[0.         0.         0.         ... 0.06734294 0.         0.        ],sci.crypt
[0. 0. 0. ... 0. 0. 0.],sci.med
[0.        0.        0.        ... 0.0404093 0.        0.       ],rec.motorcycles
[0. 0. 0. ... 0. 0. 0.],alt.atheism
[0. 0. 0. ... 0. 0. 0.],comp.sys.ibm.pc.hardware
[0. 0. 0. ... 0. 0. 0.],talk.politics.mideast
[0. 0. 0. ... 0. 0. 0.],comp.graphics
[0. 0. 0. ... 0. 0. 0.],sci.space
[0. 0. 0. ... 0. 0. 0.],talk.politics.misc
[0. 0. 0. ... 0. 0. 0.],comp.sys.mac.hardware
[0. 0. 0. ... 0. 0. 0.],talk.religion.misc
[0. 0. 0. ... 0. 0. 0.],rec.autos
[0. 0. 0. ... 0. 0. 0.],soc.religion.christian
[0.         0.         0.         ... 0.05520681 0.         0.        ],rec.motorcycles
[0.1296322 0.        0.07668   ... 0.        0.        0.       ],talk.politics.mideast
[0.01901928 0.         0.02250056 ... 0.03062083 0.02041147 0.        ],talk.politics.mideast
[0. 0. 0. ... 0. 0. 0.],talk.politics.mideast
[0. 0. 0. ... 0. 0. 0.],rec.autos
[0. 0. 0. ... 0. 0. 0.],sci.space
[0.         0.         0.         ... 0.         0.         0.15916218],talk.politics.guns
[0. 0. 0. ... 0. 0. 0.],alt.atheism
[0. 0. 0. ... 0. 0. 0.],rec.sport.baseball
[0. 0. 0. ... 0. 0. 0.],comp.windows.x
[0.         0.         0.         ... 0.04589066 0.         0.        ],sci.space
[0. 0. 0. ... 0. 0. 0.],talk.politics.guns
[0. 0. 0. ... 0. 0. 0.],rec.sport.hockey
[0. 0. 0. ... 0. 0. 0.],talk.religion.misc
[0.07051392 0.         0.         ... 0.0189211  0.         0.        ],rec.autos
[0.         0.         0.         ... 0.06504449 0.         0.        ],talk.religion.misc
[0. 0. 0. ... 0. 0. 0.],comp.sys.mac.hardware
[0. 0. 0. ... 0. 0. 0.],sci.electronics
[0. 0. 0. ... 0. 0. 0.],comp.sys.ibm.pc.hardware
[0. 0. 0. ... 0. 0. 0.],comp.windows.x
[0. 0. 0. ... 0. 0. 0.],rec.motorcycles
[0. 0. 0. ... 0. 0. 0.],rec.sport.baseball
[0. 0. 0. ... 0. 0. 0.],comp.os.ms-windows.misc
[0.         0.         0.         ... 0.10196126 0.         0.        ],comp.windows.x
[0.08322218 0.         0.         ... 0.02233113 0.         0.        ],rec.motorcycles
[0.         0.         0.         ... 0.03899716 0.         0.        ],sci.electronics
[0. 0. 0. ... 0. 0. 0.],sci.med
[0. 0. 0. ... 0. 0. 0.],rec.sport.baseball
[0. 0. 0. ... 0. 0. 0.],talk.politics.mideast
[0.        0.        0.        ... 0.1592232 0.        0.       ],comp.sys.ibm.pc.hardware
[0. 0. 0. ... 0. 0. 0.],comp.sys.ibm.pc.hardware
[0. 0. 0. ... 0. 0. 0.],rec.sport.hockey
[0.         0.         0.         ... 0.07536843 0.         0.        ],sci.crypt
[0.         0.         0.         ... 0.         0.08456201 0.        ],rec.motorcycles
[0. 0. 0. ... 0. 0. 0.],misc.forsale
[0.         0.         0.         ... 0.03812435 0.         0.        ],rec.sport.hockey
[0.         0.         0.         ... 0.04461036 0.         0.        ],misc.forsale
[0.         0.         0.         ... 0.04835041 0.         0.        ],talk.politics.misc
[0.         0.         0.         ... 0.06629173 0.         0.        ],sci.med
[0. 0. 0. ... 0. 0. 0.],sci.crypt
[0.         0.         0.         ... 0.06407203 0.         0.        ],rec.sport.hockey
[0. 0. 0. ... 0. 0. 0.],rec.motorcycles
[0. 0. 0. ... 0. 0. 0.],talk.religion.misc
[0. 0. 0. ... 0. 0. 0.],talk.politics.guns
[0.         0.         0.         ... 0.07547546 0.         0.        ],rec.sport.hockey
[0. 0. 0. ... 0. 0. 0.],sci.med
[0. 0. 0. ... 0. 0. 0.],talk.politics.misc
[0. 0. 0. ... 0. 0. 0.],comp.sys.ibm.pc.hardware
[0.         0.         0.         ... 0.15882279 0.         0.        ],comp.sys.mac.hardware
[0.         0.         0.         ... 0.         0.12573621 0.        ],rec.autos
[0. 0. 0. ... 0. 0. 0.],comp.graphics
[0.         0.         0.         ... 0.13775389 0.13773763 0.        ],talk.politics.mideast
[0.03659454 0.         0.00481031 ... 0.12874408 0.00436369 0.        ],comp.graphics
[0.         0.         0.         ... 0.13288978 0.         0.        ],comp.sys.ibm.pc.hardware
[0. 0. 0. ... 0. 0. 0.],comp.sys.mac.hardware
[0. 0. 0. ... 0. 0. 0.],comp.sys.mac.hardware
[0.         0.         0.         ... 0.08532809 0.         0.        ],talk.politics.guns
[0. 0. 0. ... 0. 0. 0.],comp.sys.mac.hardware
[0.         0.         0.         ... 0.09175957 0.         0.        ],rec.motorcycles
[0.         0.         0.         ... 0.05274647 0.         0.        ],talk.politics.misc
[0. 0. 0. ... 0. 0. 0.],rec.motorcycles
[0. 0. 0. ... 0. 0. 0.],rec.sport.baseball
[0. 0. 0. ... 0. 0. 0.],sci.crypt
[0. 0. 0. ... 0. 0. 0.],comp.sys.mac.hardware
[0.         0.         0.04593295 ... 0.04167318 0.         0.        ],rec.autos
[0. 0. 0. ... 0. 0. 0.],comp.sys.ibm.pc.hardware
[0.        0.        0.        ... 0.0248012 0.        0.       ],rec.sport.hockey
[0.         0.         0.         ... 0.10793278 0.         0.        ],comp.sys.mac.hardware
[0.         0.         0.         ... 0.03339806 0.         0.        ],soc.religion.christian
[0. 0. 0. ... 0. 0. 0.],comp.sys.mac.hardware
[0. 0. 0. ... 0. 0. 0.],sci.space
[0. 0. 0. ... 0. 0. 0.],talk.politics.misc
[0. 0. 0. ... 0. 0. 0.],rec.autos
[0. 0. 0. ... 0. 0. 0.],misc.forsale
[0. 0. 0. ... 0. 0. 0.],rec.autos
[0. 0. 0. ... 0. 0. 0.],sci.med
[0.         0.         0.         ... 0.04573831 0.         0.        ],soc.religion.christian
[0.07957251 0.         0.         ... 0.         0.         0.        ],sci.electronics
[0.         0.         0.05093668 ... 0.09242576 0.         0.        ],rec.sport.hockey
[0.         0.         0.         ... 0.04372055 0.         0.        ],sci.space
[0. 0. 0. ... 0. 0. 0.],misc.forsale
[0. 0. 0. ... 0. 0. 0.],talk.politics.misc
[0. 0. 0. ... 0. 0. 0.],rec.sport.hockey
[0. 0. 0. ... 0. 0. 0.],comp.sys.ibm.pc.hardware
[0.11335376 0.         0.         ... 0.         0.         0.        ],comp.sys.mac.hardware
[0. 0. 0. ... 0. 0. 0.],misc.forsale
[0.         0.         0.         ... 0.16240381 0.01804274 0.        ],talk.politics.mideast
[0. 0. 0. ... 0. 0. 0.],sci.space
[0. 0. 0. ... 0. 0. 0.],talk.politics.misc
[0.         0.         0.         ... 0.08896979 0.         0.        ],rec.sport.baseball
[0. 0. 0. ... 0. 0. 0.],soc.religion.christian
[0.         0.         0.         ... 0.06239173 0.         0.        ],rec.motorcycles
[0. 0. 0. ... 0. 0. 0.],comp.os.ms-windows.misc
[0.         0.         0.09348122 ... 0.         0.         0.        ],rec.sport.hockey
[0. 0. 0. ... 0. 0. 0.],comp.sys.mac.hardware
[0.         0.         0.         ... 0.02854854 0.         0.        ],comp.windows.x
[0. 0. 0. ... 0. 0. 0.],sci.space
[0. 0. 0. ... 0. 0. 0.],sci.electronics
[0. 0. 0. ... 0. 0. 0.],comp.os.ms-windows.misc
[0. 0. 0. ... 0. 0. 0.],comp.graphics
[0. 0. 0. ... 0. 0. 0.],rec.motorcycles
[0. 0. 0. ... 0. 0. 0.],talk.politics.misc
[0.         0.         0.         ... 0.05749341 0.         0.        ],rec.sport.hockey
[0.         0.         0.         ... 0.06900979 0.         0.        ],comp.sys.mac.hardware
[0. 0. 0. ... 0. 0. 0.],talk.politics.guns
[0. 0. 0. ... 0. 0. 0.],sci.med
[0. 0. 0. ... 0. 0. 0.],sci.space
[0.         0.         0.         ... 0.01271155 0.         0.        ],sci.space
[0. 0. 0. ... 0. 0. 0.],comp.os.ms-windows.misc
[0. 0. 0. ... 0. 0. 0.],rec.autos
[0. 0. 0. ... 0. 0. 0.],rec.motorcycles
[0.         0.         0.         ... 0.00738919 0.         0.        ],talk.politics.mideast
[0.06773682 0.         0.         ... 0.         0.         0.        ],comp.graphics
[0. 0. 0. ... 0. 0. 0.],sci.crypt
[0. 0. 0. ... 0. 0. 0.],rec.sport.hockey
[0.         0.         0.         ... 0.04285105 0.         0.        ],rec.motorcycles
[0.         0.         0.         ... 0.         0.         0.14845717],misc.forsale
[0. 0. 0. ... 0. 0. 0.],talk.religion.misc
[0. 0. 0. ... 0. 0. 0.],sci.electronics
[0.         0.         0.         ... 0.10428869 0.         0.        ],comp.windows.x
[0. 0. 0. ... 0. 0. 0.],comp.graphics
[0. 0. 0. ... 0. 0. 0.],talk.politics.guns
[0.         0.         0.         ... 0.         0.11728907 0.        ],alt.atheism
[0.         0.         0.         ... 0.09677401 0.         0.        ],comp.sys.ibm.pc.hardware
[0. 0. 0. ... 0. 0. 0.],comp.windows.x
[0. 0. 0. ... 0. 0. 0.],rec.sport.hockey
[0.         0.         0.         ... 0.         0.19995835 0.        ],comp.sys.mac.hardware
[0. 0. 0. ... 0. 0. 0.],rec.sport.hockey
[0. 0. 0. ... 0. 0. 0.],rec.sport.baseball
[0. 0. 0. ... 0. 0. 0.],rec.sport.hockey
[0.         0.18464077 0.         ... 0.         0.         0.        ],talk.religion.misc
[0. 0. 0. ... 0. 0. 0.],rec.sport.baseball
[0. 0. 0. ... 0. 0. 0.],sci.med
[0. 0. 0. ... 0. 0. 0.],rec.sport.hockey
[0. 0. 0. ... 0. 0. 0.],soc.religion.christian
[0.         0.         0.         ... 0.05960888 0.         0.        ],sci.electronics
[0. 0. 0. ... 0. 0. 0.],rec.autos
[0.         0.         0.06064013 ... 0.         0.         0.        ],sci.electronics
[0. 0. 0. ... 0. 0. 0.],sci.space
[0. 0. 0. ... 0. 0. 0.],talk.politics.mideast
[0.         0.         0.         ... 0.12260457 0.         0.        ],talk.politics.guns
[0. 0. 0. ... 0. 0. 0.],rec.sport.baseball
[0.       0.124735 0.       ... 0.       0.       0.      ],rec.motorcycles
[0. 0. 0. ... 0. 0. 0.],sci.crypt
[0.         0.         0.         ... 0.02978438 0.         0.        ],comp.sys.ibm.pc.hardware
[0.         0.         0.         ... 0.04733179 0.         0.        ],rec.sport.baseball
[0. 0. 0. ... 0. 0. 0.],rec.motorcycles
[0.         0.08014198 0.         ... 0.04202548 0.         0.        ],rec.sport.baseball
[0.         0.         0.         ... 0.09233262 0.         0.        ],comp.os.ms-windows.misc
[0.         0.         0.         ... 0.08042404 0.06433164 0.        ],comp.graphics
[0.         0.         0.         ... 0.02642081 0.         0.        ],alt.atheism
[0. 0. 0. ... 0. 0. 0.],soc.religion.christian
[0. 0. 0. ... 0. 0. 0.],rec.autos
[0. 0. 0. ... 0. 0. 0.],comp.sys.ibm.pc.hardware
[0.         0.07847806 0.         ... 0.         0.         0.        ],talk.religion.misc
[0. 0. 0. ... 0. 0. 0.],talk.politics.misc
[0. 0. 0. ... 0. 0. 0.],comp.sys.ibm.pc.hardware
[0. 0. 0. ... 0. 0. 0.],sci.electronics
[0. 0. 0. ... 0. 0. 0.],sci.electronics
[0.         0.         0.         ... 0.04328444 0.         0.        ],rec.sport.baseball
[0. 0. 0. ... 0. 0. 0.],comp.windows.x
[0. 0. 0. ... 0. 0. 0.],rec.motorcycles
[0.         0.         0.         ... 0.20769131 0.06922226 0.        ],comp.sys.mac.hardware
[0. 0. 0. ... 0. 0. 0.],sci.space
[0.         0.         0.         ... 0.03975381 0.         0.        ],alt.atheism
[0. 0. 0. ... 0. 0. 0.],rec.autos
[0. 0. 0. ... 0. 0. 0.],rec.sport.hockey
[0. 0. 0. ... 0. 0. 0.],talk.politics.guns
[0. 0. 0. ... 0. 0. 0.],rec.sport.hockey
[0.         0.         0.         ... 0.05741143 0.         0.        ],talk.politics.guns
[0. 0. 0. ... 0. 0. 0.],comp.windows.x
[0. 0. 0. ... 0. 0. 0.],rec.motorcycles
[0.         0.06236122 0.         ... 0.         0.         0.        ],sci.electronics
[0.        0.        0.        ... 0.0462734 0.        0.       ],talk.politics.guns
[0. 0. 0. ... 0. 0. 0.],talk.religion.misc
[0.         0.         0.         ... 0.24733449 0.16487019 0.        ],comp.windows.x
[0. 0. 0. ... 0. 0. 0.],rec.sport.hockey
[0.         0.         0.         ... 0.04547498 0.         0.        ],alt.atheism
[0.         0.         0.         ... 0.04964068 0.         0.        ],talk.religion.misc
[0. 0. 0. ... 0. 0. 0.],misc.forsale
[0. 0. 0. ... 0. 0. 0.],misc.forsale
[0.         0.         0.         ... 0.07699758 0.         0.        ],comp.windows.x
[0. 0. 0. ... 0. 0. 0.],talk.politics.misc
[0. 0. 0. ... 0. 0. 0.],comp.sys.mac.hardware
[0.         0.         0.         ... 0.33863622 0.11286541 0.        ],rec.autos
[0.         0.         0.         ... 0.06876364 0.03437776 0.        ],comp.graphics
[0.04723418 0.         0.09313316 ... 0.         0.         0.        ],talk.politics.misc
[0. 0. 0. ... 0. 0. 0.],comp.sys.ibm.pc.hardware
[0. 0. 0. ... 0. 0. 0.],talk.politics.guns
[0.         0.         0.         ... 0.08997158 0.         0.        ],sci.electronics
[0. 0. 0. ... 0. 0. 0.],comp.sys.ibm.pc.hardware
[0. 0. 0. ... 0. 0. 0.],comp.sys.ibm.pc.hardware
[0. 0. 0. ... 0. 0. 0.],comp.sys.ibm.pc.hardware
[0. 0. 0. ... 0. 0. 0.],comp.sys.ibm.pc.hardware
[0. 0. 0. ... 0. 0. 0.],talk.politics.guns
[0.         0.         0.         ... 0.09633681 0.         0.        ],rec.sport.hockey
[0. 0. 0. ... 0. 0. 0.],sci.med
[0. 0. 0. ... 0. 0. 0.],comp.sys.mac.hardware
[0. 0. 0. ... 0. 0. 0.],sci.crypt
[0. 0. 0. ... 0. 0. 0.],comp.windows.x
[0.         0.         0.04970176 ... 0.02254624 0.         0.        ],comp.windows.x
[0. 0. 0. ... 0. 0. 0.],sci.electronics
[0. 0. 0. ... 0. 0. 0.],comp.os.ms-windows.misc
[0.         0.         0.         ... 0.04501632 0.         0.        ],talk.politics.mideast
[0. 0. 0. ... 0. 0. 0.],comp.graphics
[0.         0.05104559 0.         ... 0.         0.         0.        ],talk.religion.misc
[0.        0.        0.        ... 0.0196436 0.        0.       ],comp.os.ms-windows.misc
[0.         0.         0.         ... 0.02865588 0.         0.        ],talk.politics.mideast
[0. 0. 0. ... 0. 0. 0.],comp.sys.ibm.pc.hardware
[0.         0.         0.17113054 ... 0.         0.         0.        ],rec.sport.hockey
[0. 0. 0. ... 0. 0. 0.],comp.os.ms-windows.misc
[0. 0. 0. ... 0. 0. 0.],comp.sys.ibm.pc.hardware
[0.12889499 0.         0.         ... 0.         0.         0.        ],sci.space
[0. 0. 0. ... 0. 0. 0.],comp.os.ms-windows.misc
[0.         0.         0.         ... 0.04087309 0.         0.        ],sci.electronics
[0. 0. 0. ... 0. 0. 0.],sci.crypt
[0. 0. 0. ... 0. 0. 0.],sci.med
[0. 0. 0. ... 0. 0. 0.],sci.electronics
[0. 0. 0. ... 0. 0. 0.],alt.atheism
[0. 0. 0. ... 0. 0. 0.],rec.autos
[0.         0.         0.         ... 0.04241554 0.         0.        ],alt.atheism
[0. 0. 0. ... 0. 0. 0.],rec.motorcycles
[0. 0. 0. ... 0. 0. 0.],sci.electronics
[0.         0.         0.         ... 0.11227045 0.         0.        ],rec.sport.baseball
[0. 0. 0. ... 0. 0. 0.],talk.politics.guns
[0. 0. 0. ... 0. 0. 0.],comp.sys.mac.hardware
[0. 0. 0. ... 0. 0. 0.],talk.religion.misc
[0. 0. 0. ... 0. 0. 0.],soc.religion.christian
[0. 0. 0. ... 0. 0. 0.],sci.med
[0.         0.         0.         ... 0.01874725 0.         0.        ],sci.space
[0. 0. 0. ... 0. 0. 0.],alt.atheism
[0. 0. 0. ... 0. 0. 0.],sci.electronics
[0. 0. 0. ... 0. 0. 0.],sci.crypt
[0. 0. 0. ... 0. 0. 0.],sci.space
[0.         0.         0.         ... 0.         0.05649273 0.        ],comp.sys.ibm.pc.hardware
[0. 0. 0. ... 0. 0. 0.],sci.space
[0. 0. 0. ... 0. 0. 0.],comp.os.ms-windows.misc
[0. 0. 0. ... 0. 0. 0.],talk.politics.misc
[0. 0. 0. ... 0. 0. 0.],comp.windows.x
[0.         0.         0.         ... 0.07387703 0.         0.        ],talk.religion.misc
[0. 0. 0. ... 0. 0. 0.],rec.autos
[0. 0. 0. ... 0. 0. 0.],talk.politics.guns
[0. 0. 0. ... 0. 0. 0.],comp.graphics
[0. 0. 0. ... 0. 0. 0.],rec.motorcycles
[0. 0. 0. ... 0. 0. 0.],talk.politics.misc
[0. 0. 0. ... 0. 0. 0.],comp.graphics
[0. 0. 0. ... 0. 0. 0.],comp.sys.mac.hardware
[0. 0. 0. ... 0. 0. 0.],talk.politics.mideast
[0.         0.         0.         ... 0.05083909 0.         0.        ],comp.sys.ibm.pc.hardware
[0. 0. 0. ... 0. 0. 0.],comp.windows.x
[0. 0. 0. ... 0. 0. 0.],comp.sys.mac.hardware
[0. 0. 0. ... 0. 0. 0.],alt.atheism
[0. 0. 0. ... 0. 0. 0.],rec.sport.baseball
[0. 0. 0. ... 0. 0. 0.],comp.graphics
[0. 0. 0. ... 0. 0. 0.],sci.med
[0. 0. 0. ... 0. 0. 0.],talk.politics.misc
[0. 0. 0. ... 0. 0. 0.],rec.motorcycles
[0. 0. 0. ... 0. 0. 0.],comp.windows.x
[0. 0. 0. ... 0. 0. 0.],alt.atheism
[0. 0. 0. ... 0. 0. 0.],sci.space
[0. 0. 0. ... 0. 0. 0.],talk.politics.misc
[0.         0.         0.         ... 0.06442435 0.         0.        ],rec.sport.hockey
[0. 0. 0. ... 0. 0. 0.],sci.crypt
[0. 0. 0. ... 0. 0. 0.],comp.sys.ibm.pc.hardware
[0.         0.         0.05658321 ... 0.         0.         0.        ],sci.med
[0. 0. 0. ... 0. 0. 0.],sci.med
[0. 0. 0. ... 0. 0. 0.],talk.religion.misc
[0. 0. 0. ... 0. 0. 0.],comp.graphics
[0.         0.         0.         ... 0.01340172 0.         0.        ],sci.med
[0.         0.03048941 0.         ... 0.         0.         0.        ],sci.space
[0. 0. 0. ... 0. 0. 0.],sci.med
[0.         0.         0.         ... 0.03461157 0.         0.        ],sci.space
[0.08796738 0.         0.         ... 0.         0.         0.        ],misc.forsale
[0.         0.         0.         ... 0.04443644 0.0888624  0.        ],talk.politics.guns
[0. 0. 0. ... 0. 0. 0.],sci.crypt
[0. 0. 0. ... 0. 0. 0.],comp.sys.ibm.pc.hardware
[0. 0. 0. ... 0. 0. 0.],comp.windows.x
[0. 0. 0. ... 0. 0. 0.],misc.forsale
[0. 0. 0. ... 0. 0. 0.],sci.crypt
[0.35726779 0.         0.         ... 0.04793309 0.         0.        ],sci.crypt
[0. 0. 0. ... 0. 0. 0.],sci.med
[0. 0. 0. ... 0. 0. 0.],sci.space
[0. 0. 0. ... 0. 0. 0.],talk.politics.guns
[0.         0.         0.         ... 0.23266115 0.         0.        ],rec.motorcycles
[0.        0.        0.        ... 0.1093497 0.        0.       ],comp.sys.mac.hardware
[0. 0. 0. ... 0. 0. 0.],sci.crypt
[0.         0.         0.         ... 0.03686398 0.         0.        ],rec.autos
[0.        0.        0.        ... 0.0943309 0.        0.       ],comp.os.ms-windows.misc
[0.        0.        0.        ... 0.0594933 0.        0.       ],rec.autos
[0. 0. 0. ... 0. 0. 0.],rec.motorcycles
[0.         0.         0.         ... 0.04245648 0.         0.        ],sci.med
[0.         0.         0.         ... 0.18624168 0.         0.        ],comp.windows.x
[0. 0. 0. ... 0. 0. 0.],misc.forsale
[0. 0. 0. ... 0. 0. 0.],talk.politics.misc
[0.        0.        0.        ... 0.0361902 0.        0.       ],rec.sport.hockey
[0. 0. 0. ... 0. 0. 0.],soc.religion.christian
[0. 0. 0. ... 0. 0. 0.],alt.atheism
[0.03867767 0.07916608 0.         ... 0.         0.         0.        ],talk.politics.guns
[0. 0. 0. ... 0. 0. 0.],talk.religion.misc
[0. 0. 0. ... 0. 0. 0.],rec.autos
[0.         0.         0.         ... 0.13552337 0.         0.        ],comp.os.ms-windows.misc
[0.         0.04523734 0.         ... 0.01186096 0.         0.        ],comp.windows.x
[0. 0. 0. ... 0. 0. 0.],soc.religion.christian
[0. 0. 0. ... 0. 0. 0.],misc.forsale
[0. 0. 0. ... 0. 0. 0.],rec.sport.hockey
[0. 0. 0. ... 0. 0. 0.],talk.politics.mideast
[0. 0. 0. ... 0. 0. 0.],sci.electronics
[0. 0. 0. ... 0. 0. 0.],sci.crypt
[0. 0. 0. ... 0. 0. 0.],talk.politics.guns
[0.         0.         0.         ... 0.03905331 0.         0.        ],talk.religion.misc
[0. 0. 0. ... 0. 0. 0.],sci.electronics
[0. 0. 0. ... 0. 0. 0.],rec.autos
[0. 0. 0. ... 0. 0. 0.],misc.forsale
[0. 0. 0. ... 0. 0. 0.],rec.autos
[0. 0. 0. ... 0. 0. 0.],sci.med
[0.         0.         0.         ... 0.09267679 0.         0.        ],talk.politics.mideast
[0. 0. 0. ... 0. 0. 0.],sci.space
[0. 0. 0. ... 0. 0. 0.],soc.religion.christian
[0. 0. 0. ... 0. 0. 0.],comp.sys.mac.hardware
[0. 0. 0. ... 0. 0. 0.],rec.autos
[0. 0. 0. ... 0. 0. 0.],misc.forsale
[0.         0.         0.         ... 0.21041417 0.         0.        ],talk.politics.mideast
[0. 0. 0. ... 0. 0. 0.],sci.electronics
[0. 0. 0. ... 0. 0. 0.],comp.os.ms-windows.misc
[0. 0. 0. ... 0. 0. 0.],sci.crypt
[0. 0. 0. ... 0. 0. 0.],sci.med
[0. 0. 0. ... 0. 0. 0.],sci.electronics
[0. 0. 0. ... 0. 0. 0.],sci.electronics
[0. 0. 0. ... 0. 0. 0.],rec.autos
[0.         0.         0.         ... 0.04360192 0.         0.        ],misc.forsale
[0. 0. 0. ... 0. 0. 0.],rec.autos
[0. 0. 0. ... 0. 0. 0.],rec.autos
[0. 0. 0. ... 0. 0. 0.],talk.religion.misc
[0. 0. 0. ... 0. 0. 0.],comp.windows.x
[0.        0.        0.        ... 0.1532339 0.        0.       ],sci.electronics
[0.        0.        0.        ... 0.0704106 0.        0.       ],talk.politics.misc
[0. 0. 0. ... 0. 0. 0.],talk.politics.guns
[0. 0. 0. ... 0. 0. 0.],comp.sys.mac.hardware
[0.         0.         0.         ... 0.02381942 0.         0.        ],talk.politics.misc
[0.         0.         0.09664014 ... 0.         0.         0.        ],misc.forsale
[0. 0. 0. ... 0. 0. 0.],rec.sport.baseball
[0. 0. 0. ... 0. 0. 0.],talk.politics.guns
[0.         0.         0.         ... 0.13156591 0.         0.        ],sci.electronics
[0. 0. 0. ... 0. 0. 0.],rec.autos
[0. 0. 0. ... 0. 0. 0.],sci.med
[0. 0. 0. ... 0. 0. 0.],rec.sport.hockey
[0. 0. 0. ... 0. 0. 0.],sci.space
[0. 0. 0. ... 0. 0. 0.],comp.graphics
[0. 0. 0. ... 0. 0. 0.],rec.autos
[0. 0. 0. ... 0. 0. 0.],comp.windows.x
[0. 0. 0. ... 0. 0. 0.],comp.sys.mac.hardware
[0.         0.         0.         ... 0.05448646 0.         0.        ],sci.crypt
[0. 0. 0. ... 0. 0. 0.],sci.med
[0.02962325 0.         0.         ... 0.03179539 0.         0.        ],comp.sys.mac.hardware
[0.         0.         0.         ... 0.05256864 0.         0.        ],talk.politics.guns
[0.         0.15909531 0.         ... 0.04171383 0.         0.        ],soc.religion.christian
[0. 0. 0. ... 0. 0. 0.],talk.politics.guns
[0. 0. 0. ... 0. 0. 0.],comp.sys.ibm.pc.hardware
[0.1146031 0.        0.        ... 0.        0.        0.       ],comp.graphics
[0.         0.         0.         ... 0.02865853 0.         0.        ],rec.sport.hockey
[0. 0. 0. ... 0. 0. 0.],soc.religion.christian
[0. 0. 0. ... 0. 0. 0.],alt.atheism
[0. 0. 0. ... 0. 0. 0.],rec.motorcycles
[0.         0.         0.         ... 0.08464873 0.         0.        ],rec.motorcycles
[0. 0. 0. ... 0. 0. 0.],comp.os.ms-windows.misc
[0. 0. 0. ... 0. 0. 0.],comp.graphics
[0. 0. 0. ... 0. 0. 0.],rec.autos
[0. 0. 0. ... 0. 0. 0.],sci.electronics
[0.         0.         0.         ... 0.03055991 0.         0.        ],talk.politics.mideast
[0. 0. 0. ... 0. 0. 0.],sci.electronics
[0. 0. 0. ... 0. 0. 0.],sci.med
[0. 0. 0. ... 0. 0. 0.],comp.windows.x
[0.         0.         0.         ... 0.02251553 0.         0.        ],sci.crypt
[0.         0.         0.         ... 0.07211125 0.         0.        ],misc.forsale
[0.06495024 0.         0.         ... 0.         0.         0.        ],rec.sport.baseball
[0. 0. 0. ... 0. 0. 0.],sci.space
[0.        0.        0.        ... 0.0819274 0.        0.       ],sci.electronics
[0. 0. 0. ... 0. 0. 0.],sci.space
[0.         0.         0.         ... 0.13079275 0.06538865 0.        ],sci.med
[0. 0. 0. ... 0. 0. 0.],rec.sport.baseball
[0. 0. 0. ... 0. 0. 0.],comp.windows.x
[0. 0. 0. ... 0. 0. 0.],talk.politics.guns
[0. 0. 0. ... 0. 0. 0.],sci.crypt
[0. 0. 0. ... 0. 0. 0.],rec.motorcycles
[0.         0.         0.         ... 0.         0.16265473 0.        ],rec.sport.hockey
[0. 0. 0. ... 0. 0. 0.],sci.electronics
[0.         0.         0.         ... 0.08874241 0.         0.        ],talk.politics.guns
[0. 0. 0. ... 0. 0. 0.],sci.space
[0.         0.         0.05885294 ... 0.02669749 0.         0.        ],rec.motorcycles
[0.04479457 0.         0.33121089 ... 0.         0.         0.        ],comp.sys.ibm.pc.hardware
[0.         0.         0.         ... 0.02991705 0.         0.        ],comp.sys.mac.hardware
[0.         0.02780668 0.         ... 0.         0.         0.        ],rec.autos
[0. 0. 0. ... 0. 0. 0.],talk.politics.guns
[0.         0.         0.         ... 0.         0.         0.14292913],sci.space
[0. 0. 0. ... 0. 0. 0.],alt.atheism
[0.         0.         0.         ... 0.04283039 0.         0.        ],sci.space
[0. 0. 0. ... 0. 0. 0.],comp.graphics
[0.06183248 0.         0.         ... 0.06636639 0.01327171 0.        ],sci.crypt
[0. 0. 0. ... 0. 0. 0.],misc.forsale
[0.         0.         0.         ... 0.         0.         0.35730408],sci.space
[0. 0. 0. ... 0. 0. 0.],soc.religion.christian
[0. 0. 0. ... 0. 0. 0.],alt.atheism
[0. 0. 0. ... 0. 0. 0.],alt.atheism
[0. 0. 0. ... 0. 0. 0.],rec.sport.hockey
[0. 0. 0. ... 0. 0. 0.],rec.sport.hockey
[0. 0. 0. ... 0. 0. 0.],comp.sys.mac.hardware
[0.         0.         0.         ... 0.19263607 0.         0.        ],comp.windows.x
[0. 0. 0. ... 0. 0. 0.],comp.sys.ibm.pc.hardware
[0. 0. 0. ... 0. 0. 0.],rec.sport.baseball
[0. 0. 0. ... 0. 0. 0.],sci.crypt
[0.         0.         0.         ... 0.10367086 0.         0.        ],comp.sys.mac.hardware
[0.         0.         0.         ... 0.05215904 0.         0.        ],sci.med
[0. 0. 0. ... 0. 0. 0.],sci.electronics
[0. 0. 0. ... 0. 0. 0.],alt.atheism
[0.         0.07420065 0.         ... 0.11672976 0.         0.        ],soc.religion.christian
[0.         0.         0.         ... 0.03858889 0.         0.        ],comp.sys.mac.hardware
[0.         0.         0.         ... 0.06440089 0.         0.        ],talk.politics.guns
[0. 0. 0. ... 0. 0. 0.],misc.forsale
[0.         0.         0.         ... 0.06752951 0.         0.        ],soc.religion.christian
[0. 0. 0. ... 0. 0. 0.],talk.politics.misc
[0. 0. 0. ... 0. 0. 0.],talk.religion.misc
[0. 0. 0. ... 0. 0. 0.],rec.sport.hockey
[0.         0.12813836 0.         ... 0.         0.         0.        ],talk.politics.mideast
[0. 0. 0. ... 0. 0. 0.],sci.electronics
[0. 0. 0. ... 0. 0. 0.],soc.religion.christian
[0. 0. 0. ... 0. 0. 0.],sci.med
[0.         0.         0.         ... 0.05638981 0.         0.        ],sci.med
[0. 0. 0. ... 0. 0. 0.],comp.windows.x
[0. 0. 0. ... 0. 0. 0.],comp.windows.x
[0. 0. 0. ... 0. 0. 0.],alt.atheism
[0. 0. 0. ... 0. 0. 0.],sci.space
[0.        0.        0.        ... 0.0892109 0.        0.       ],rec.sport.hockey
[0. 0. 0. ... 0. 0. 0.],soc.religion.christian
[0. 0. 0. ... 0. 0. 0.],talk.religion.misc
[0.         0.         0.         ... 0.07113546 0.         0.        ],talk.politics.misc
[0. 0. 0. ... 0. 0. 0.],comp.sys.ibm.pc.hardware
[0. 0. 0. ... 0. 0. 0.],rec.motorcycles
[0. 0. 0. ... 0. 0. 0.],comp.os.ms-windows.misc
[0. 0. 0. ... 0. 0. 0.],sci.med
[0. 0. 0. ... 0. 0. 0.],sci.med
[0.         0.         0.         ... 0.08164433 0.         0.        ],sci.space
[0. 0. 0. ... 0. 0. 0.],sci.electronics
[0.         0.         0.         ... 0.         0.         0.11231334],sci.space
[0. 0. 0. ... 0. 0. 0.],talk.politics.guns
[0. 0. 0. ... 0. 0. 0.],comp.os.ms-windows.misc
[0. 0. 0. ... 0. 0. 0.],rec.motorcycles
[0. 0. 0. ... 0. 0. 0.],soc.religion.christian
[0.         0.         0.06801396 ... 0.03085321 0.         0.        ],comp.os.ms-windows.misc
[0.        0.        0.        ... 0.0147894 0.        0.       ],rec.autos
[0. 0. 0. ... 0. 0. 0.],rec.motorcycles
[0. 0. 0. ... 0. 0. 0.],comp.os.ms-windows.misc
[0. 0. 0. ... 0. 0. 0.],sci.crypt
[0. 0. 0. ... 0. 0. 0.],comp.graphics
[0.         0.         0.         ... 0.03958146 0.         0.        ],sci.med
[0. 0. 0. ... 0. 0. 0.],talk.politics.misc
[0.         0.09352929 0.         ... 0.04904563 0.         0.        ],comp.sys.ibm.pc.hardware
[0.         0.         0.         ... 0.03106329 0.         0.        ],talk.religion.misc
[0.         0.         0.         ... 0.         0.05612538 0.        ],rec.autos
[0. 0. 0. ... 0. 0. 0.],talk.politics.mideast
[0. 0. 0. ... 0. 0. 0.],comp.sys.ibm.pc.hardware
[0.         0.         0.         ... 0.01884821 0.         0.        ],comp.windows.x
[0.         0.         0.         ... 0.         0.         0.12961605],comp.sys.ibm.pc.hardware
[0. 0. 0. ... 0. 0. 0.],comp.sys.mac.hardware
[0. 0. 0. ... 0. 0. 0.],comp.graphics
[0. 0. 0. ... 0. 0. 0.],sci.crypt
[0. 0. 0. ... 0. 0. 0.],rec.motorcycles
[0. 0. 0. ... 0. 0. 0.],comp.windows.x
[0.         0.         0.11743243 ... 0.         0.         0.        ],talk.politics.mideast
[0.         0.         0.         ... 0.04572721 0.06096242 0.        ],comp.sys.ibm.pc.hardware
[0.        0.        0.        ... 0.0829226 0.        0.       ],comp.sys.ibm.pc.hardware
[0. 0. 0. ... 0. 0. 0.],talk.politics.mideast
[0. 0. 0. ... 0. 0. 0.],talk.politics.guns
[0.         0.04515175 0.         ... 0.         0.         0.        ],sci.space
[0. 0. 0. ... 0. 0. 0.],rec.motorcycles
[0. 0. 0. ... 0. 0. 0.],comp.os.ms-windows.misc
[0.         0.         0.         ... 0.05578109 0.         0.        ],sci.electronics
[0. 0. 0. ... 0. 0. 0.],rec.autos
[0.         0.         0.         ... 0.09502717 0.         0.        ],talk.religion.misc
[0.         0.07017473 0.         ... 0.14719512 0.         0.        ],comp.sys.ibm.pc.hardware
[0. 0. 0. ... 0. 0. 0.],soc.religion.christian
[0.         0.         0.         ... 0.01813849 0.         0.        ],rec.sport.baseball
[0. 0. 0. ... 0. 0. 0.],sci.space
[0. 0. 0. ... 0. 0. 0.],sci.electronics
[0. 0. 0. ... 0. 0. 0.],soc.religion.christian
[0. 0. 0. ... 0. 0. 0.],sci.electronics
[0. 0. 0. ... 0. 0. 0.],talk.politics.mideast
[0.         0.         0.         ... 0.06279655 0.         0.        ],sci.electronics
[0. 0. 0. ... 0. 0. 0.],rec.autos
[0. 0. 0. ... 0. 0. 0.],comp.sys.ibm.pc.hardware
[0.        0.        0.        ... 0.0248689 0.        0.       ],talk.politics.guns
[0. 0. 0. ... 0. 0. 0.],comp.sys.mac.hardware
[0. 0. 0. ... 0. 0. 0.],rec.sport.baseball
[0. 0. 0. ... 0. 0. 0.],talk.politics.mideast
[0. 0. 0. ... 0. 0. 0.],rec.motorcycles
[0. 0. 0. ... 0. 0. 0.],sci.space
[0. 0. 0. ... 0. 0. 0.],comp.sys.mac.hardware
[0.         0.         0.         ... 0.02519045 0.         0.        ],comp.windows.x
[0.         0.         0.         ... 0.04233738 0.         0.        ],rec.autos
[0. 0. 0. ... 0. 0. 0.],sci.crypt
[0.         0.         0.00110792 ... 0.00050259 0.         0.        ],rec.sport.hockey
[0. 0. 0. ... 0. 0. 0.],sci.crypt
[0.         0.         0.         ... 0.         0.11514076 0.        ],comp.graphics
[0. 0. 0. ... 0. 0. 0.],sci.med
[0. 0. 0. ... 0. 0. 0.],rec.autos
[0. 0. 0. ... 0. 0. 0.],comp.sys.mac.hardware
[0. 0. 0. ... 0. 0. 0.],comp.sys.mac.hardware
[0. 0. 0. ... 0. 0. 0.],comp.sys.ibm.pc.hardware
[0.         0.         0.         ... 0.11798584 0.         0.        ],soc.religion.christian
[0. 0. 0. ... 0. 0. 0.],talk.religion.misc
[0.         0.         0.         ... 0.04306736 0.         0.        ],rec.sport.baseball
[0. 0. 0. ... 0. 0. 0.],comp.windows.x
[0. 0. 0. ... 0. 0. 0.],sci.electronics
[0.         0.1636446  0.         ... 0.02860442 0.         0.        ],sci.crypt
[0. 0. 0. ... 0. 0. 0.],talk.politics.mideast
[0. 0. 0. ... 0. 0. 0.],rec.motorcycles
[0.07773957 0.         0.         ... 0.         0.         0.        ],rec.motorcycles
[0. 0. 0. ... 0. 0. 0.],misc.forsale
[0. 0. 0. ... 0. 0. 0.],sci.med
[0.         0.         0.         ... 0.10212494 0.         0.        ],talk.politics.guns
[0. 0. 0. ... 0. 0. 0.],misc.forsale
[0.         0.         0.         ... 0.13404293 0.         0.        ],talk.politics.mideast
[0. 0. 0. ... 0. 0. 0.],rec.autos
[0.         0.         0.         ... 0.06619223 0.03309221 0.        ],talk.politics.mideast
[0. 0. 0. ... 0. 0. 0.],comp.os.ms-windows.misc
[0. 0. 0. ... 0. 0. 0.],talk.politics.mideast
[0. 0. 0. ... 0. 0. 0.],talk.politics.guns
[0. 0. 0. ... 0. 0. 0.],comp.os.ms-windows.misc
[0. 0. 0. ... 0. 0. 0.],comp.os.ms-windows.misc
[0. 0. 0. ... 0. 0. 0.],rec.sport.hockey
[0. 0. 0. ... 0. 0. 0.],comp.sys.mac.hardware
[0.         0.         0.         ... 0.02970552 0.         0.        ],talk.politics.misc
[0.03246947 0.         0.         ... 0.         0.         0.        ],sci.space
[0. 0. 0. ... 0. 0. 0.],comp.windows.x
[0. 0. 0. ... 0. 0. 0.],sci.electronics
[0. 0. 0. ... 0. 0. 0.],talk.politics.mideast
[0. 0. 0. ... 0. 0. 0.],comp.sys.ibm.pc.hardware
[0. 0. 0. ... 0. 0. 0.],sci.crypt
[0.         0.         0.         ... 0.06693498 0.         0.        ],rec.autos
[0. 0. 0. ... 0. 0. 0.],rec.motorcycles
[0.         0.12770514 0.         ... 0.         0.         0.        ],talk.religion.misc
[0. 0. 0. ... 0. 0. 0.],rec.sport.baseball
[0.         0.         0.         ... 0.17395084 0.         0.        ],rec.motorcycles
[0. 0. 0. ... 0. 0. 0.],sci.electronics
[0. 0. 0. ... 0. 0. 0.],sci.crypt
[0.         0.         0.         ... 0.01918316 0.         0.        ],comp.windows.x
[0.05508938 0.05637892 0.         ... 0.         0.         0.        ],rec.autos
[0. 0. 0. ... 0. 0. 0.],comp.graphics
[0.09865314 0.         0.         ... 0.         0.         0.        ],rec.sport.baseball
[0.         0.         0.         ... 0.00873923 0.         0.        ],comp.sys.ibm.pc.hardware
[0.         0.         0.         ... 0.23301539 0.         0.        ],misc.forsale
[0. 0. 0. ... 0. 0. 0.],comp.windows.x
[0. 0. 0. ... 0. 0. 0.],sci.space
[0. 0. 0. ... 0. 0. 0.],sci.med
[0. 0. 0. ... 0. 0. 0.],soc.religion.christian
[0. 0. 0. ... 0. 0. 0.],sci.med
[0. 0. 0. ... 0. 0. 0.],sci.electronics
[0. 0. 0. ... 0. 0. 0.],comp.windows.x
[0. 0. 0. ... 0. 0. 0.],sci.electronics
[0. 0. 0. ... 0. 0. 0.],comp.graphics
[0. 0. 0. ... 0. 0. 0.],rec.sport.baseball
[0. 0. 0. ... 0. 0. 0.],talk.politics.guns
[0. 0. 0. ... 0. 0. 0.],comp.graphics
[0. 0. 0. ... 0. 0. 0.],talk.religion.misc
[0. 0. 0. ... 0. 0. 0.],sci.med
[0.        0.        0.        ... 0.1315083 0.        0.       ],rec.autos
[0. 0. 0. ... 0. 0. 0.],talk.politics.guns
[0. 0. 0. ... 0. 0. 0.],soc.religion.christian
[0. 0. 0. ... 0. 0. 0.],rec.sport.baseball
[0. 0. 0. ... 0. 0. 0.],sci.med
[0. 0. 0. ... 0. 0. 0.],misc.forsale
[0. 0. 0. ... 0. 0. 0.],talk.politics.mideast
[0. 0. 0. ... 0. 0. 0.],talk.politics.misc
[0. 0. 0. ... 0. 0. 0.],sci.space
[0.05174735 0.         0.         ... 0.         0.         0.        ],rec.motorcycles
[0. 0. 0. ... 0. 0. 0.],misc.forsale
[0. 0. 0. ... 0. 0. 0.],sci.space
[0. 0. 0. ... 0. 0. 0.],sci.electronics
[0. 0. 0. ... 0. 0. 0.],talk.politics.misc
[0. 0. 0. ... 0. 0. 0.],rec.sport.hockey
[0. 0. 0. ... 0. 0. 0.],sci.space
[0. 0. 0. ... 0. 0. 0.],comp.os.ms-windows.misc
[0.         0.         0.15163447 ... 0.06878604 0.         0.        ],rec.motorcycles
[0. 0. 0. ... 0. 0. 0.],comp.os.ms-windows.misc
[0.         0.         0.         ... 0.1025354  0.05126165 0.        ],misc.forsale
[0. 0. 0. ... 0. 0. 0.],rec.sport.hockey
[0.         0.         0.         ... 0.         0.12112565 0.        ],comp.sys.mac.hardware
[0. 0. 0. ... 0. 0. 0.],alt.atheism
[0. 0. 0. ... 0. 0. 0.],sci.crypt
[0. 0. 0. ... 0. 0. 0.],comp.os.ms-windows.misc
[0.         0.         0.         ... 0.11941522 0.         0.        ],rec.sport.baseball
[0. 0. 0. ... 0. 0. 0.],sci.electronics
[0. 0. 0. ... 0. 0. 0.],sci.crypt
[0. 0. 0. ... 0. 0. 0.],rec.sport.baseball
[0. 0. 0. ... 0. 0. 0.],comp.os.ms-windows.misc
[0. 0. 0. ... 0. 0. 0.],sci.electronics
[0.         0.         0.         ... 0.15653153 0.         0.        ],talk.politics.mideast
[0.         0.         0.         ... 0.04593952 0.         0.        ],sci.med
[0.         0.         0.         ... 0.         0.05442536 0.        ],alt.atheism
[0.         0.         0.         ... 0.04263309 0.         0.        ],comp.windows.x
[0. 0. 0. ... 0. 0. 0.],comp.sys.mac.hardware
[0. 0. 0. ... 0. 0. 0.],sci.space
[0.         0.         0.         ... 0.06904483 0.         0.        ],alt.atheism
[0. 0. 0. ... 0. 0. 0.],misc.forsale
[0. 0. 0. ... 0. 0. 0.],comp.sys.ibm.pc.hardware
[0.06846345 0.07006606 0.         ... 0.         0.         0.        ],comp.windows.x
[0. 0. 0. ... 0. 0. 0.],talk.politics.guns
[0. 0. 0. ... 0. 0. 0.],comp.os.ms-windows.misc
[0. 0. 0. ... 0. 0. 0.],soc.religion.christian
[0. 0. 0. ... 0. 0. 0.],comp.os.ms-windows.misc
[0.         0.         0.         ... 0.07990263 0.         0.        ],comp.os.ms-windows.misc
[0.         0.         0.         ... 0.06731548 0.         0.        ],sci.space
[0.         0.         0.         ... 0.05019046 0.         0.        ],comp.sys.ibm.pc.hardware
[0.18976114 0.         0.         ... 0.         0.         0.        ],sci.crypt
[0.         0.08482667 0.         ... 0.04448208 0.         0.        ],sci.med
[0. 0. 0. ... 0. 0. 0.],sci.med
[0. 0. 0. ... 0. 0. 0.],sci.space
[0. 0. 0. ... 0. 0. 0.],comp.os.ms-windows.misc
[0. 0. 0. ... 0. 0. 0.],talk.politics.guns
[0. 0. 0. ... 0. 0. 0.],soc.religion.christian
[0. 0. 0. ... 0. 0. 0.],misc.forsale
[0.         0.03741167 0.         ... 0.         0.         0.        ],rec.motorcycles
[0. 0. 0. ... 0. 0. 0.],rec.motorcycles
[0.        0.        0.        ... 0.0185236 0.        0.       ],rec.sport.hockey
[0. 0. 0. ... 0. 0. 0.],comp.sys.mac.hardware
[0. 0. 0. ... 0. 0. 0.],comp.graphics
[0. 0. 0. ... 0. 0. 0.],rec.sport.hockey
[0.        0.        0.        ... 0.0599622 0.        0.       ],rec.sport.baseball
[0. 0. 0. ... 0. 0. 0.],misc.forsale
[0. 0. 0. ... 0. 0. 0.],comp.sys.mac.hardware
[0. 0. 0. ... 0. 0. 0.],rec.autos
[0. 0. 0. ... 0. 0. 0.],comp.windows.x
[0. 0. 0. ... 0. 0. 0.],rec.sport.hockey
[0. 0. 0. ... 0. 0. 0.],comp.sys.mac.hardware
[0. 0. 0. ... 0. 0. 0.],comp.graphics
[0.         0.20951507 0.         ... 0.         0.         0.        ],soc.religion.christian
[0.         0.         0.         ... 0.04648436 0.         0.        ],comp.os.ms-windows.misc
[0. 0. 0. ... 0. 0. 0.],rec.sport.baseball
[0.         0.         0.07486099 ... 0.03395924 0.         0.        ],talk.politics.mideast
[0. 0. 0. ... 0. 0. 0.],comp.sys.mac.hardware
[0.         0.         0.         ... 0.03208515 0.         0.        ],comp.windows.x
[0. 0. 0. ... 0. 0. 0.],comp.sys.mac.hardware
[0. 0. 0. ... 0. 0. 0.],misc.forsale
[0. 0. 0. ... 0. 0. 0.],sci.electronics
[0. 0. 0. ... 0. 0. 0.],comp.sys.mac.hardware
[0. 0. 0. ... 0. 0. 0.],sci.electronics
[0. 0. 0. ... 0. 0. 0.],rec.sport.baseball
[0. 0. 0. ... 0. 0. 0.],talk.religion.misc
[0.         0.         0.         ... 0.04172531 0.         0.        ],comp.windows.x
[0.         0.         0.         ... 0.07368161 0.         0.        ],rec.sport.hockey
[0.         0.         0.         ... 0.07722333 0.         0.        ],comp.graphics
[0. 0. 0. ... 0. 0. 0.],rec.sport.baseball
[0.         0.         0.         ... 0.0612156  0.18362513 0.        ],rec.sport.hockey
[0. 0. 0. ... 0. 0. 0.],sci.electronics
[0. 0. 0. ... 0. 0. 0.],rec.motorcycles
[0. 0. 0. ... 0. 0. 0.],rec.autos
[0.         0.         0.         ... 0.08684461 0.         0.        ],talk.politics.guns
[0. 0. 0. ... 0. 0. 0.],comp.windows.x
[0.         0.         0.         ... 0.         0.18747815 0.        ],soc.religion.christian
[0. 0. 0. ... 0. 0. 0.],talk.politics.misc
[0.         0.         0.         ... 0.05432664 0.         0.        ],rec.sport.baseball
[0. 0. 0. ... 0. 0. 0.],rec.sport.hockey
[0.07977428 0.         0.04718806 ... 0.         0.         0.        ],talk.politics.misc
[0. 0. 0. ... 0. 0. 0.],rec.sport.hockey
[0.         0.         0.         ... 0.04952767 0.         0.        ],rec.sport.baseball
[0. 0. 0. ... 0. 0. 0.],rec.sport.hockey
[0.         0.         0.         ... 0.06223955 0.         0.        ],comp.sys.ibm.pc.hardware
[0. 0. 0. ... 0. 0. 0.],talk.politics.guns
[0. 0. 0. ... 0. 0. 0.],alt.atheism
[0. 0. 0. ... 0. 0. 0.],sci.med
[0.         0.         0.         ... 0.03865082 0.         0.        ],rec.sport.hockey
[0. 0. 0. ... 0. 0. 0.],comp.sys.ibm.pc.hardware
[0. 0. 0. ... 0. 0. 0.],soc.religion.christian
[0. 0. 0. ... 0. 0. 0.],sci.space
[0.         0.         0.         ... 0.05464143 0.         0.        ],sci.med
[0. 0. 0. ... 0. 0. 0.],rec.sport.hockey
[0. 0. 0. ... 0. 0. 0.],comp.os.ms-windows.misc
[0. 0. 0. ... 0. 0. 0.],sci.crypt
[0. 0. 0. ... 0. 0. 0.],comp.graphics
[0. 0. 0. ... 0. 0. 0.],sci.crypt
[0. 0. 0. ... 0. 0. 0.],comp.sys.ibm.pc.hardware
[0. 0. 0. ... 0. 0. 0.],sci.med
[0.         0.         0.         ... 0.07873937 0.         0.        ],talk.politics.mideast
[0.         0.14776418 0.         ... 0.         0.         0.        ],talk.politics.mideast
[0.         0.         0.         ... 0.         0.         0.36558986],rec.sport.hockey
[0. 0. 0. ... 0. 0. 0.],alt.atheism
[0.         0.         0.         ... 0.02445422 0.         0.        ],talk.politics.mideast
[0.         0.         0.         ... 0.12430088 0.         0.        ],sci.med
[0. 0. 0. ... 0. 0. 0.],talk.politics.mideast
[0.         0.0508946  0.         ... 0.02668851 0.         0.        ],alt.atheism
[0.         0.         0.         ... 0.16259055 0.01806348 0.        ],alt.atheism
[0.         0.         0.         ... 0.06121131 0.         0.        ],comp.windows.x
[0.         0.         0.         ... 0.18291648 0.         0.        ],comp.os.ms-windows.misc
[0.         0.02835173 0.         ... 0.         0.         0.        ],comp.graphics
[0. 0. 0. ... 0. 0. 0.],comp.graphics
[0.         0.         0.         ... 0.06508233 0.         0.        ],sci.electronics
[0.         0.         0.         ... 0.03828775 0.         0.        ],sci.med
[0. 0. 0. ... 0. 0. 0.],rec.autos
[0.         0.06306927 0.         ... 0.         0.         0.        ],comp.windows.x
[0.         0.         0.         ... 0.11820488 0.23638186 0.        ],comp.sys.mac.hardware
[0. 0. 0. ... 0. 0. 0.],soc.religion.christian
[0.         0.         0.         ... 0.10783395 0.         0.        ],comp.windows.x
[0.         0.         0.         ... 0.14537788 0.05814429 0.        ],talk.politics.misc
[0. 0. 0. ... 0. 0. 0.],comp.sys.mac.hardware
[0. 0. 0. ... 0. 0. 0.],talk.politics.mideast
[0.09016578 0.         0.         ... 0.         0.         0.        ],alt.atheism
[0.         0.05061745 0.         ... 0.05308636 0.         0.        ],comp.windows.x
[0. 0. 0. ... 0. 0. 0.],sci.electronics
[0.        0.        0.        ... 0.0411605 0.        0.       ],talk.religion.misc
[0. 0. 0. ... 0. 0. 0.],rec.autos
[0. 0. 0. ... 0. 0. 0.],soc.religion.christian
[0.09698179 0.09925195 0.         ... 0.10409304 0.         0.        ],talk.politics.misc
[0. 0. 0. ... 0. 0. 0.],misc.forsale
[0. 0. 0. ... 0. 0. 0.],comp.sys.mac.hardware
[0.         0.         0.         ... 0.02970604 0.         0.        ],sci.space
[0. 0. 0. ... 0. 0. 0.],comp.graphics
[0. 0. 0. ... 0. 0. 0.],talk.politics.misc
[0. 0. 0. ... 0. 0. 0.],misc.forsale
[0. 0. 0. ... 0. 0. 0.],comp.graphics
[0. 0. 0. ... 0. 0. 0.],comp.windows.x
[0.         0.         0.         ... 0.18229126 0.         0.        ],sci.med
[0. 0. 0. ... 0. 0. 0.],alt.atheism
[0.         0.         0.         ... 0.22412343 0.14939798 0.        ],comp.sys.mac.hardware
[0.         0.         0.14977466 ... 0.         0.         0.        ],comp.sys.ibm.pc.hardware
[0.         0.         0.         ... 0.01927561 0.         0.        ],talk.politics.misc
[0. 0. 0. ... 0. 0. 0.],comp.os.ms-windows.misc
[0.         0.         0.         ... 0.06956553 0.         0.        ],rec.sport.baseball
[0.         0.         0.         ... 0.09038955 0.         0.        ],rec.autos
[0. 0. 0. ... 0. 0. 0.],rec.motorcycles
[0. 0. 0. ... 0. 0. 0.],rec.autos
[0. 0. 0. ... 0. 0. 0.],comp.windows.x
[0. 0. 0. ... 0. 0. 0.],sci.space
[0.         0.         0.         ... 0.07421334 0.         0.        ],talk.politics.guns
[0. 0. 0. ... 0. 0. 0.],comp.graphics
[0. 0. 0. ... 0. 0. 0.],sci.space
[0.0144967  0.08901623 0.01715016 ... 0.05445887 0.         0.        ],talk.politics.mideast
[0. 0. 0. ... 0. 0. 0.],talk.religion.misc
[0. 0. 0. ... 0. 0. 0.],rec.sport.baseball
[0. 0. 0. ... 0. 0. 0.],comp.graphics
[0.         0.         0.         ... 0.         0.10655954 0.        ],misc.forsale
[0.         0.         0.         ... 0.11932692 0.         0.        ],comp.graphics
[0. 0. 0. ... 0. 0. 0.],alt.atheism
[0. 0. 0. ... 0. 0. 0.],rec.autos
[0.         0.         0.         ... 0.04876402 0.         0.        ],misc.forsale
[0.         0.         0.         ... 0.05958802 0.         0.        ],rec.sport.hockey
[0.         0.07142864 0.         ... 0.07491262 0.         0.        ],comp.graphics
[0. 0. 0. ... 0. 0. 0.],comp.os.ms-windows.misc
[0.         0.         0.         ... 0.02378237 0.         0.        ],misc.forsale
[0. 0. 0. ... 0. 0. 0.],talk.religion.misc
[0. 0. 0. ... 0. 0. 0.],comp.windows.x
[0. 0. 0. ... 0. 0. 0.],comp.sys.ibm.pc.hardware
[0.         0.         0.         ... 0.16490869 0.02997986 0.        ],sci.med
[0. 0. 0. ... 0. 0. 0.],comp.sys.mac.hardware
[0.         0.         0.         ... 0.07478473 0.         0.        ],talk.politics.misc
[0. 0. 0. ... 0. 0. 0.],rec.sport.hockey
[0.         0.         0.         ... 0.09671714 0.         0.        ],comp.sys.mac.hardware
[0. 0. 0. ... 0. 0. 0.],talk.politics.misc
[0. 0. 0. ... 0. 0. 0.],rec.sport.hockey
[0.         0.         0.         ... 0.08991442 0.         0.        ],rec.motorcycles
[0. 0. 0. ... 0. 0. 0.],soc.religion.christian
[0. 0. 0. ... 0. 0. 0.],sci.electronics
[0.         0.         0.         ... 0.05189827 0.         0.        ],sci.space
[0.         0.         0.         ... 0.02921354 0.         0.        ],talk.politics.guns
[0. 0. 0. ... 0. 0. 0.],talk.politics.mideast
[0.         0.         0.         ... 0.03466733 0.         0.08913544],sci.space
[0. 0. 0. ... 0. 0. 0.],sci.space
[0.01937348 0.         0.         ... 0.00693135 0.         0.00891083],comp.sys.ibm.pc.hardware
[0.         0.         0.         ... 0.06043907 0.         0.        ],comp.windows.x
[0. 0. 0. ... 0. 0. 0.],rec.sport.baseball
[0. 0. 0. ... 0. 0. 0.],sci.crypt
[0. 0. 0. ... 0. 0. 0.],comp.os.ms-windows.misc
[0. 0. 0. ... 0. 0. 0.],sci.space
[0. 0. 0. ... 0. 0. 0.],talk.religion.misc
[0. 0. 0. ... 0. 0. 0.],comp.sys.ibm.pc.hardware
[0. 0. 0. ... 0. 0. 0.],sci.crypt
[0.         0.         0.         ... 0.03400096 0.         0.        ],rec.sport.hockey
[0. 0. 0. ... 0. 0. 0.],rec.motorcycles
[0. 0. 0. ... 0. 0. 0.],sci.electronics
[0. 0. 0. ... 0. 0. 0.],comp.os.ms-windows.misc
[0. 0. 0. ... 0. 0. 0.],rec.sport.baseball
[0.         0.         0.         ... 0.05531708 0.11062109 0.        ],rec.motorcycles
[0. 0. 0. ... 0. 0. 0.],comp.sys.mac.hardware
[0. 0. 0. ... 0. 0. 0.],comp.os.ms-windows.misc
[0. 0. 0. ... 0. 0. 0.],talk.politics.misc
[0. 0. 0. ... 0. 0. 0.],sci.med
[0. 0. 0. ... 0. 0. 0.],talk.politics.misc
[0. 0. 0. ... 0. 0. 0.],sci.space
[0. 0. 0. ... 0. 0. 0.],sci.electronics
[0.         0.         0.08972671 ... 0.         0.         0.        ],sci.crypt
[0. 0. 0. ... 0. 0. 0.],comp.graphics
[0.         0.         0.         ... 0.03793033 0.         0.        ],sci.space
[0.         0.         0.         ... 0.02613835 0.         0.        ],sci.med
[0.05149546 0.         0.         ... 0.13817849 0.         0.        ],sci.space
[0. 0. 0. ... 0. 0. 0.],talk.politics.guns
[0. 0. 0. ... 0. 0. 0.],sci.med
[0. 0. 0. ... 0. 0. 0.],comp.sys.mac.hardware
[0. 0. 0. ... 0. 0. 0.],talk.politics.guns
[0.         0.         0.11476431 ... 0.         0.         0.        ],comp.graphics
[0. 0. 0. ... 0. 0. 0.],talk.politics.mideast
[0. 0. 0. ... 0. 0. 0.],rec.motorcycles
[0. 0. 0. ... 0. 0. 0.],sci.space
[0. 0. 0. ... 0. 0. 0.],talk.politics.misc
[0.         0.         0.         ... 0.08304058 0.         0.        ],comp.sys.ibm.pc.hardware
[0. 0. 0. ... 0. 0. 0.],sci.electronics
[0. 0. 0. ... 0. 0. 0.],talk.politics.guns
[0. 0. 0. ... 0. 0. 0.],rec.sport.hockey
[0. 0. 0. ... 0. 0. 0.],talk.politics.guns
[0. 0. 0. ... 0. 0. 0.],rec.sport.hockey
[0. 0. 0. ... 0. 0. 0.],sci.crypt
[0.         0.         0.         ... 0.04252117 0.         0.        ],sci.electronics
[0. 0. 0. ... 0. 0. 0.],rec.sport.baseball
[0. 0. 0. ... 0. 0. 0.],rec.motorcycles
[0. 0. 0. ... 0. 0. 0.],sci.space
[0. 0. 0. ... 0. 0. 0.],comp.sys.ibm.pc.hardware
[0. 0. 0. ... 0. 0. 0.],alt.atheism
[0.         0.         0.         ... 0.03661564 0.         0.        ],talk.politics.mideast
[0.         0.         0.         ... 0.14851953 0.         0.        ],comp.sys.ibm.pc.hardware
[0.         0.         0.         ... 0.02348909 0.         0.        ],comp.os.ms-windows.misc
[0. 0. 0. ... 0. 0. 0.],misc.forsale
[0.         0.         0.         ... 0.02825987 0.         0.        ],talk.politics.misc
[0.         0.         0.         ... 0.         0.         0.08974242],comp.sys.mac.hardware
[0. 0. 0. ... 0. 0. 0.],sci.space
[0.         0.         0.         ... 0.03765936 0.         0.        ],rec.motorcycles
[0. 0. 0. ... 0. 0. 0.],soc.religion.christian
[0. 0. 0. ... 0. 0. 0.],comp.sys.mac.hardware
[0. 0. 0. ... 0. 0. 0.],rec.motorcycles
[0. 0. 0. ... 0. 0. 0.],misc.forsale
[0. 0. 0. ... 0. 0. 0.],rec.sport.baseball
[0. 0. 0. ... 0. 0. 0.],alt.atheism
[0.         0.         0.         ... 0.10233812 0.         0.        ],comp.sys.ibm.pc.hardware
[0.         0.13237851 0.         ... 0.         0.         0.        ],sci.electronics
[0. 0. 0. ... 0. 0. 0.],rec.autos
[0. 0. 0. ... 0. 0. 0.],rec.sport.hockey
[0. 0. 0. ... 0. 0. 0.],comp.sys.ibm.pc.hardware
[0. 0. 0. ... 0. 0. 0.],rec.sport.baseball
[0. 0. 0. ... 0. 0. 0.],talk.politics.mideast
[0.         0.         0.         ... 0.12123384 0.         0.        ],comp.os.ms-windows.misc
[0.0258627  0.         0.         ... 0.01387955 0.         0.        ],comp.graphics
[0. 0. 0. ... 0. 0. 0.],rec.autos
[0.         0.         0.         ... 0.08968336 0.         0.        ],alt.atheism
[0. 0. 0. ... 0. 0. 0.],soc.religion.christian
[0.         0.         0.         ... 0.16468514 0.         0.        ],comp.graphics
[0. 0. 0. ... 0. 0. 0.],talk.politics.guns
[0.         0.         0.         ... 0.12843291 0.         0.        ],rec.motorcycles
[0.         0.         0.         ... 0.04496492 0.         0.        ],rec.sport.hockey
[0. 0. 0. ... 0. 0. 0.],comp.sys.ibm.pc.hardware
[0.        0.        0.        ... 0.0388443 0.        0.       ],talk.politics.misc
[0. 0. 0. ... 0. 0. 0.],sci.crypt
[0. 0. 0. ... 0. 0. 0.],sci.space
[0. 0. 0. ... 0. 0. 0.],sci.electronics
[0. 0. 0. ... 0. 0. 0.],comp.graphics
[0. 0. 0. ... 0. 0. 0.],soc.religion.christian
[0.         0.         0.         ... 0.04491912 0.         0.        ],rec.autos
[0. 0. 0. ... 0. 0. 0.],comp.sys.mac.hardware
[0.         0.02961674 0.         ... 0.03106132 0.         0.        ],rec.sport.hockey
[0.         0.         0.         ... 0.03478783 0.         0.        ],rec.sport.baseball
[0.       0.       0.       ... 0.039842 0.       0.      ],comp.graphics
[0. 0. 0. ... 0. 0. 0.],sci.crypt
[0. 0. 0. ... 0. 0. 0.],comp.os.ms-windows.misc
[0. 0. 0. ... 0. 0. 0.],comp.graphics
[0. 0. 0. ... 0. 0. 0.],talk.politics.guns
[0.         0.         0.         ... 0.         0.         0.12015633],rec.sport.hockey
[0. 0. 0. ... 0. 0. 0.],sci.electronics
[0. 0. 0. ... 0. 0. 0.],talk.politics.guns
[0. 0. 0. ... 0. 0. 0.],sci.crypt
[0.         0.         0.         ... 0.04520076 0.         0.        ],rec.motorcycles
[0. 0. 0. ... 0. 0. 0.],rec.autos
[0. 0. 0. ... 0. 0. 0.],comp.sys.mac.hardware
[0.         0.         0.         ... 0.06884696 0.         0.        ],comp.graphics
[0.10461899 0.         0.         ... 0.         0.         0.        ],sci.electronics
[0. 0. 0. ... 0. 0. 0.],sci.electronics
[0.         0.         0.         ... 0.11676608 0.         0.        ],talk.politics.mideast
[0. 0. 0. ... 0. 0. 0.],rec.sport.hockey
[0.         0.         0.         ... 0.01541346 0.         0.        ],sci.crypt
[0. 0. 0. ... 0. 0. 0.],sci.space
[0.         0.         0.         ... 0.02720517 0.         0.        ],misc.forsale
[0. 0. 0. ... 0. 0. 0.],alt.atheism
[0. 0. 0. ... 0. 0. 0.],talk.politics.guns
[0. 0. 0. ... 0. 0. 0.],sci.electronics
[0.         0.         0.         ... 0.04758388 0.         0.        ],comp.sys.mac.hardware
[0. 0. 0. ... 0. 0. 0.],comp.graphics
[0. 0. 0. ... 0. 0. 0.],comp.os.ms-windows.misc
[0. 0. 0. ... 0. 0. 0.],comp.os.ms-windows.misc
[0. 0. 0. ... 0. 0. 0.],soc.religion.christian
[0. 0. 0. ... 0. 0. 0.],rec.sport.baseball
[0. 0. 0. ... 0. 0. 0.],comp.os.ms-windows.misc
[0. 0. 0. ... 0. 0. 0.],sci.med
[0. 0. 0. ... 0. 0. 0.],comp.sys.ibm.pc.hardware
[0. 0. 0. ... 0. 0. 0.],comp.graphics
[0. 0. 0. ... 0. 0. 0.],soc.religion.christian
[0. 0. 0. ... 0. 0. 0.],sci.electronics
[0.         0.         0.         ... 0.02750713 0.         0.        ],comp.graphics
[0. 0. 0. ... 0. 0. 0.],talk.politics.mideast
[0. 0. 0. ... 0. 0. 0.],sci.electronics
[0. 0. 0. ... 0. 0. 0.],comp.os.ms-windows.misc
[0.         0.         0.         ... 0.040937   0.08186434 0.        ],alt.atheism
[0. 0. 0. ... 0. 0. 0.],alt.atheism
[0. 0. 0. ... 0. 0. 0.],talk.religion.misc
[0. 0. 0. ... 0. 0. 0.],comp.windows.x
[0. 0. 0. ... 0. 0. 0.],talk.religion.misc
[0. 0. 0. ... 0. 0. 0.],talk.politics.mideast
[0. 0. 0. ... 0. 0. 0.],misc.forsale
[0.        0.        0.        ... 0.0929561 0.        0.       ],comp.sys.ibm.pc.hardware
[0. 0. 0. ... 0. 0. 0.],rec.autos
[0.         0.         0.         ... 0.01542089 0.03083814 0.        ],rec.motorcycles
[0. 0. 0. ... 0. 0. 0.],comp.windows.x
[0.         0.         0.         ... 0.13254918 0.         0.        ],misc.forsale
[0. 0. 0. ... 0. 0. 0.],comp.graphics
[0. 0. 0. ... 0. 0. 0.],talk.religion.misc
[0. 0. 0. ... 0. 0. 0.],talk.politics.guns
[0.         0.         0.         ... 0.04745467 0.         0.        ],comp.sys.ibm.pc.hardware
[0. 0. 0. ... 0. 0. 0.],comp.os.ms-windows.misc
[0. 0. 0. ... 0. 0. 0.],soc.religion.christian
[0. 0. 0. ... 0. 0. 0.],comp.sys.mac.hardware
[0. 0. 0. ... 0. 0. 0.],sci.electronics
[0. 0. 0. ... 0. 0. 0.],rec.motorcycles
[0. 0. 0. ... 0. 0. 0.],sci.crypt
[0.         0.         0.         ... 0.17074445 0.         0.        ],comp.graphics
[0. 0. 0. ... 0. 0. 0.],talk.politics.mideast
[0. 0. 0. ... 0. 0. 0.],comp.os.ms-windows.misc
[0. 0. 0. ... 0. 0. 0.],sci.electronics
[0. 0. 0. ... 0. 0. 0.],rec.motorcycles
[0. 0. 0. ... 0. 0. 0.],rec.sport.baseball
[0. 0. 0. ... 0. 0. 0.],rec.sport.hockey
[0. 0. 0. ... 0. 0. 0.],misc.forsale
[0. 0. 0. ... 0. 0. 0.],sci.med
[0. 0. 0. ... 0. 0. 0.],comp.os.ms-windows.misc
[0. 0. 0. ... 0. 0. 0.],talk.politics.guns
[0. 0. 0. ... 0. 0. 0.],sci.crypt
[0. 0. 0. ... 0. 0. 0.],comp.windows.x
[0. 0. 0. ... 0. 0. 0.],sci.med
[0.         0.         0.         ... 0.03475726 0.         0.        ],talk.religion.misc
[0.         0.         0.         ... 0.10109619 0.         0.        ],sci.space
[0. 0. 0. ... 0. 0. 0.],alt.atheism
[0. 0. 0. ... 0. 0. 0.],alt.atheism
[0. 0. 0. ... 0. 0. 0.],talk.politics.mideast
[0. 0. 0. ... 0. 0. 0.],talk.politics.misc
[0.         0.         0.         ... 0.08267473 0.08266497 0.        ],rec.sport.baseball
[0.         0.         0.14973076 ... 0.         0.         0.        ],talk.politics.guns
[0. 0. 0. ... 0. 0. 0.],misc.forsale
[0. 0. 0. ... 0. 0. 0.],comp.os.ms-windows.misc
[0. 0. 0. ... 0. 0. 0.],alt.atheism
[0. 0. 0. ... 0. 0. 0.],rec.autos
[0.         0.         0.         ... 0.10071947 0.         0.        ],sci.med
[0.         0.         0.         ... 0.16847207 0.         0.        ],talk.politics.guns
[0. 0. 0. ... 0. 0. 0.],comp.windows.x
[0. 0. 0. ... 0. 0. 0.],comp.windows.x
[0. 0. 0. ... 0. 0. 0.],talk.politics.misc
[0.         0.         0.06162739 ... 0.         0.         0.        ],rec.autos
[0. 0. 0. ... 0. 0. 0.],sci.electronics
[0. 0. 0. ... 0. 0. 0.],rec.sport.hockey
[0. 0. 0. ... 0. 0. 0.],comp.windows.x
[0. 0. 0. ... 0. 0. 0.],sci.electronics
[0. 0. 0. ... 0. 0. 0.],rec.sport.hockey
[0. 0. 0. ... 0. 0. 0.],talk.politics.mideast
[0. 0. 0. ... 0. 0. 0.],sci.electronics
[0. 0. 0. ... 0. 0. 0.],misc.forsale
[0.         0.         0.         ... 0.03965816 0.         0.        ],sci.med
[0. 0. 0. ... 0. 0. 0.],comp.sys.ibm.pc.hardware
[0. 0. 0. ... 0. 0. 0.],alt.atheism
[0. 0. 0. ... 0. 0. 0.],talk.politics.misc
[0.         0.         0.         ... 0.         0.16281627 0.        ],comp.windows.x
[0. 0. 0. ... 0. 0. 0.],rec.autos
[0.         0.         0.         ... 0.01383446 0.         0.        ],rec.sport.baseball
[0.         0.         0.         ... 0.03915741 0.         0.        ],sci.crypt
[0.         0.         0.         ... 0.13812922 0.18415054 0.        ],talk.politics.misc
[0. 0. 0. ... 0. 0. 0.],sci.crypt
[0.         0.         0.         ... 0.13625786 0.         0.        ],comp.os.ms-windows.misc
[0. 0. 0. ... 0. 0. 0.],sci.med
[0. 0. 0. ... 0. 0. 0.],talk.religion.misc
[0. 0. 0. ... 0. 0. 0.],comp.windows.x
[0.07280483 0.         0.         ... 0.         0.         0.        ],rec.motorcycles
[0. 0. 0. ... 0. 0. 0.],talk.politics.mideast
[0. 0. 0. ... 0. 0. 0.],comp.sys.ibm.pc.hardware
[0. 0. 0. ... 0. 0. 0.],comp.graphics
[0. 0. 0. ... 0. 0. 0.],comp.sys.ibm.pc.hardware
[0.         0.         0.         ... 0.05300397 0.         0.        ],comp.windows.x
[0. 0. 0. ... 0. 0. 0.],sci.med
[0.         0.         0.         ... 0.05269907 0.05269284 0.        ],comp.graphics
[0. 0. 0. ... 0. 0. 0.],talk.politics.mideast
[0. 0. 0. ... 0. 0. 0.],misc.forsale
[0. 0. 0. ... 0. 0. 0.],soc.religion.christian
[0.         0.         0.         ... 0.09445991 0.         0.        ],comp.os.ms-windows.misc
[0.         0.10088656 0.         ... 0.         0.         0.        ],rec.motorcycles
[0. 0. 0. ... 0. 0. 0.],talk.religion.misc
[0.         0.         0.         ... 0.02358462 0.         0.        ],comp.os.ms-windows.misc
[0.23733476 0.         0.         ... 0.         0.         0.        ],rec.autos
[0. 0. 0. ... 0. 0. 0.],comp.os.ms-windows.misc
[0. 0. 0. ... 0. 0. 0.],rec.autos
[0. 0. 0. ... 0. 0. 0.],rec.sport.hockey
[0.11337029 0.         0.         ... 0.         0.         0.        ],talk.religion.misc
[0. 0. 0. ... 0. 0. 0.],soc.religion.christian
[0. 0. 0. ... 0. 0. 0.],rec.motorcycles
[0. 0. 0. ... 0. 0. 0.],misc.forsale
[0. 0. 0. ... 0. 0. 0.],talk.politics.mideast
[0.        0.        0.        ... 0.        0.        0.1075548],comp.os.ms-windows.misc
[0. 0. 0. ... 0. 0. 0.],rec.motorcycles
[0. 0. 0. ... 0. 0. 0.],misc.forsale
[0. 0. 0. ... 0. 0. 0.],rec.sport.baseball
[0. 0. 0. ... 0. 0. 0.],comp.graphics
[0. 0. 0. ... 0. 0. 0.],talk.politics.guns
[0. 0. 0. ... 0. 0. 0.],soc.religion.christian
[0. 0. 0. ... 0. 0. 0.],sci.space
[0.10067775 0.         0.         ... 0.         0.         0.        ],rec.motorcycles
[0. 0. 0. ... 0. 0. 0.],talk.politics.misc
[0.        0.1469733 0.        ... 0.        0.        0.       ],rec.motorcycles
[0.         0.         0.         ... 0.05871629 0.         0.        ],comp.graphics
[0.         0.         0.         ... 0.04290045 0.         0.        ],sci.crypt
[0. 0. 0. ... 0. 0. 0.],rec.motorcycles
[0. 0. 0. ... 0. 0. 0.],misc.forsale
[0. 0. 0. ... 0. 0. 0.],rec.autos
[0. 0. 0. ... 0. 0. 0.],alt.atheism
[0.         0.         0.         ... 0.08046544 0.         0.        ],sci.electronics
[0.         0.         0.         ... 0.06071678 0.         0.        ],sci.med
[0. 0. 0. ... 0. 0. 0.],comp.os.ms-windows.misc
[0. 0. 0. ... 0. 0. 0.],comp.sys.ibm.pc.hardware
[0.         0.         0.         ... 0.08480438 0.         0.        ],sci.electronics
[0. 0. 0. ... 0. 0. 0.],alt.atheism
[0.         0.         0.         ... 0.05954048 0.         0.        ],rec.sport.baseball
[0. 0. 0. ... 0. 0. 0.],rec.sport.hockey
[0. 0. 0. ... 0. 0. 0.],rec.autos
[0.         0.         0.         ... 0.06243669 0.         0.        ],talk.politics.mideast
[0.         0.13600591 0.         ... 0.         0.         0.        ],talk.religion.misc
[0. 0. 0. ... 0. 0. 0.],comp.os.ms-windows.misc
[0.        0.        0.        ... 0.1249519 0.        0.       ],comp.os.ms-windows.misc
[0. 0. 0. ... 0. 0. 0.],sci.electronics
[0. 0. 0. ... 0. 0. 0.],alt.atheism
[0. 0. 0. ... 0. 0. 0.],comp.os.ms-windows.misc
[0. 0. 0. ... 0. 0. 0.],sci.crypt
[0. 0. 0. ... 0. 0. 0.],rec.motorcycles
[0. 0. 0. ... 0. 0. 0.],rec.motorcycles
[0. 0. 0. ... 0. 0. 0.],rec.sport.baseball
[0. 0. 0. ... 0. 0. 0.],rec.autos
[0. 0. 0. ... 0. 0. 0.],rec.sport.baseball
[0. 0. 0. ... 0. 0. 0.],talk.politics.mideast
[0. 0. 0. ... 0. 0. 0.],sci.crypt
[0. 0. 0. ... 0. 0. 0.],sci.med
[0. 0. 0. ... 0. 0. 0.],rec.sport.baseball
[0. 0. 0. ... 0. 0. 0.],rec.sport.baseball
[0. 0. 0. ... 0. 0. 0.],sci.crypt
[0. 0. 0. ... 0. 0. 0.],rec.autos
[0. 0. 0. ... 0. 0. 0.],sci.med
[0. 0. 0. ... 0. 0. 0.],rec.sport.hockey
[0.         0.         0.         ... 0.05310449 0.         0.        ],soc.religion.christian
[0.         0.         0.         ... 0.05248419 0.         0.        ],talk.politics.guns
[0. 0. 0. ... 0. 0. 0.],rec.motorcycles
[0. 0. 0. ... 0. 0. 0.],comp.sys.mac.hardware
[0. 0. 0. ... 0. 0. 0.],talk.politics.misc
[0. 0. 0. ... 0. 0. 0.],comp.sys.ibm.pc.hardware
[0. 0. 0. ... 0. 0. 0.],talk.politics.mideast
[0. 0. 0. ... 0. 0. 0.],sci.crypt
[0. 0. 0. ... 0. 0. 0.],talk.politics.misc
[0. 0. 0. ... 0. 0. 0.],sci.space
[0.        0.        0.        ... 0.1067885 0.        0.       ],comp.os.ms-windows.misc
[0.31068155 0.         0.         ... 0.         0.         0.        ],comp.graphics
[0.         0.         0.         ... 0.05384349 0.         0.        ],comp.sys.mac.hardware
[0. 0. 0. ... 0. 0. 0.],sci.electronics
[0. 0. 0. ... 0. 0. 0.],talk.politics.misc
[0. 0. 0. ... 0. 0. 0.],comp.sys.ibm.pc.hardware
[0. 0. 0. ... 0. 0. 0.],rec.motorcycles
[0. 0. 0. ... 0. 0. 0.],sci.crypt
[0.         0.         0.         ... 0.04135567 0.         0.        ],soc.religion.christian
[0. 0. 0. ... 0. 0. 0.],sci.crypt
[0. 0. 0. ... 0. 0. 0.],sci.crypt
[0. 0. 0. ... 0. 0. 0.],comp.sys.mac.hardware
[0. 0. 0. ... 0. 0. 0.],comp.os.ms-windows.misc
[0. 0. 0. ... 0. 0. 0.],rec.sport.baseball
[0. 0. 0. ... 0. 0. 0.],sci.med
[0.         0.         0.         ... 0.04339983 0.         0.        ],comp.sys.ibm.pc.hardware
[0.05936866 0.         0.07023546 ... 0.         0.         0.        ],misc.forsale
[0.         0.         0.         ... 0.05700761 0.         0.        ],sci.med
[0. 0. 0. ... 0. 0. 0.],rec.autos
[0. 0. 0. ... 0. 0. 0.],comp.windows.x
[0. 0. 0. ... 0. 0. 0.],sci.med
[0. 0. 0. ... 0. 0. 0.],talk.religion.misc
[0. 0. 0. ... 0. 0. 0.],comp.graphics
[0.         0.         0.         ... 0.         0.         0.29332512],comp.graphics
[0. 0. 0. ... 0. 0. 0.],rec.autos
[0.         0.         0.         ... 0.04343847 0.         0.        ],sci.space
[0. 0. 0. ... 0. 0. 0.],sci.space
[0. 0. 0. ... 0. 0. 0.],sci.med
[0. 0. 0. ... 0. 0. 0.],sci.space
[0. 0. 0. ... 0. 0. 0.],sci.crypt
[0. 0. 0. ... 0. 0. 0.],sci.electronics
[0.         0.         0.         ... 0.06133598 0.         0.        ],comp.os.ms-windows.misc
[0. 0. 0. ... 0. 0. 0.],comp.graphics
[0. 0. 0. ... 0. 0. 0.],soc.religion.christian
[0.         0.         0.         ... 0.03806052 0.         0.        ],sci.space
[0.         0.         0.         ... 0.03044926 0.         0.        ],rec.sport.hockey
[0.         0.         0.         ... 0.01931226 0.         0.        ],talk.politics.mideast
[0. 0. 0. ... 0. 0. 0.],comp.windows.x
[0. 0. 0. ... 0. 0. 0.],comp.sys.ibm.pc.hardware
[0.         0.06438195 0.         ... 0.10128334 0.         0.        ],rec.sport.baseball
[0. 0. 0. ... 0. 0. 0.],misc.forsale
[0. 0. 0. ... 0. 0. 0.],comp.windows.x
[0. 0. 0. ... 0. 0. 0.],sci.med
[0. 0. 0. ... 0. 0. 0.],rec.sport.hockey
[0. 0. 0. ... 0. 0. 0.],talk.politics.mideast
[0.         0.         0.         ... 0.03818191 0.         0.        ],talk.politics.mideast
[0. 0. 0. ... 0. 0. 0.],talk.religion.misc
[0.         0.         0.         ... 0.09062274 0.09061204 0.        ],comp.sys.ibm.pc.hardware
[0.         0.         0.         ... 0.08415723 0.         0.        ],soc.religion.christian
[0.08313188 0.08507785 0.         ... 0.         0.         0.        ],sci.med
[0.         0.         0.         ... 0.03774057 0.         0.        ],comp.sys.mac.hardware
[0.         0.         0.         ... 0.         0.         0.07440318],rec.sport.baseball
[0. 0. 0. ... 0. 0. 0.],soc.religion.christian
[0. 0. 0. ... 0. 0. 0.],comp.sys.ibm.pc.hardware
[0. 0. 0. ... 0. 0. 0.],comp.windows.x
[0. 0. 0. ... 0. 0. 0.],sci.med
[0. 0. 0. ... 0. 0. 0.],sci.crypt
[0. 0. 0. ... 0. 0. 0.],sci.med
[0. 0. 0. ... 0. 0. 0.],rec.autos
[0.         0.         0.         ... 0.19332771 0.         0.        ],rec.sport.hockey
[0.1610951 0.        0.        ... 0.        0.        0.       ],soc.religion.christian
[0. 0. 0. ... 0. 0. 0.],comp.sys.ibm.pc.hardware
[0. 0. 0. ... 0. 0. 0.],comp.sys.ibm.pc.hardware
[0.         0.         0.         ... 0.04685315 0.         0.        ],alt.atheism
[0.         0.         0.         ... 0.06210991 0.01380057 0.        ],alt.atheism
[0.         0.         0.         ... 0.01001627 0.         0.        ],soc.religion.christian
[0. 0. 0. ... 0. 0. 0.],sci.crypt
[0. 0. 0. ... 0. 0. 0.],rec.autos
[0.         0.         0.         ... 0.05845387 0.         0.        ],rec.motorcycles
[0. 0. 0. ... 0. 0. 0.],alt.atheism
[0.         0.         0.         ... 0.02093235 0.         0.        ],sci.crypt
[0. 0. 0. ... 0. 0. 0.],sci.crypt
[0.         0.         0.         ... 0.06540699 0.         0.        ],talk.politics.guns
[0. 0. 0. ... 0. 0. 0.],rec.sport.baseball
[0. 0. 0. ... 0. 0. 0.],sci.space
[0. 0. 0. ... 0. 0. 0.],sci.med
[0. 0. 0. ... 0. 0. 0.],comp.sys.ibm.pc.hardware
[0. 0. 0. ... 0. 0. 0.],alt.atheism
[0.         0.         0.         ... 0.03894512 0.         0.        ],rec.sport.hockey
[0.38389527 0.         0.         ... 0.         0.         0.        ],rec.motorcycles
[0.         0.         0.         ... 0.06181318 0.         0.        ],comp.os.ms-windows.misc
[0. 0. 0. ... 0. 0. 0.],talk.politics.mideast
[0. 0. 0. ... 0. 0. 0.],rec.autos
[0. 0. 0. ... 0. 0. 0.],talk.religion.misc
[0.         0.         0.         ... 0.13352058 0.         0.        ],rec.sport.hockey
[0. 0. 0. ... 0. 0. 0.],talk.politics.misc
[0. 0. 0. ... 0. 0. 0.],rec.autos
[0.         0.         0.         ... 0.01813451 0.         0.        ],rec.sport.baseball
[0. 0. 0. ... 0. 0. 0.],alt.atheism
[0. 0. 0. ... 0. 0. 0.],talk.politics.mideast
[0.         0.         0.08971504 ... 0.         0.08138537 0.        ],sci.med
[0. 0. 0. ... 0. 0. 0.],comp.os.ms-windows.misc
[0. 0. 0. ... 0. 0. 0.],talk.politics.misc
[0. 0. 0. ... 0. 0. 0.],comp.os.ms-windows.misc
[0. 0. 0. ... 0. 0. 0.],sci.electronics
[0. 0. 0. ... 0. 0. 0.],rec.autos
[0. 0. 0. ... 0. 0. 0.],rec.motorcycles
[0.         0.         0.         ... 0.05099736 0.         0.        ],talk.politics.misc
[0.         0.         0.         ... 0.05690608 0.         0.        ],sci.electronics
[0.         0.         0.         ... 0.04307123 0.         0.        ],sci.space
[0.         0.         0.         ... 0.08214296 0.         0.        ],alt.atheism
[0.20089713 0.         0.         ... 0.         0.         0.        ],rec.sport.baseball
[0.         0.         0.         ... 0.14861025 0.         0.        ],rec.sport.hockey
[0. 0. 0. ... 0. 0. 0.],rec.autos
[0. 0. 0. ... 0. 0. 0.],rec.sport.hockey
[0. 0. 0. ... 0. 0. 0.],rec.motorcycles
[0. 0. 0. ... 0. 0. 0.],comp.graphics
[0.         0.         0.         ... 0.08626683 0.05750443 0.        ],talk.politics.misc
[0. 0. 0. ... 0. 0. 0.],sci.electronics
[0.         0.         0.         ... 0.05057769 0.         0.        ],rec.sport.hockey
[0.         0.         0.         ... 0.05320812 0.         0.        ],talk.politics.guns
[0. 0. 0. ... 0. 0. 0.],talk.politics.guns
[0. 0. 0. ... 0. 0. 0.],rec.sport.baseball
[0. 0. 0. ... 0. 0. 0.],talk.politics.guns
[0. 0. 0. ... 0. 0. 0.],rec.sport.baseball
[0.         0.         0.         ... 0.07748336 0.         0.        ],comp.graphics
[0.         0.         0.         ... 0.04497892 0.         0.        ],sci.space
[0. 0. 0. ... 0. 0. 0.],comp.graphics
[0. 0. 0. ... 0. 0. 0.],talk.religion.misc
[0. 0. 0. ... 0. 0. 0.],alt.atheism
[0. 0. 0. ... 0. 0. 0.],talk.politics.mideast
[0. 0. 0. ... 0. 0. 0.],rec.sport.baseball
[0. 0. 0. ... 0. 0. 0.],sci.space
[0.        0.0763676 0.        ... 0.        0.        0.       ],sci.space
[0.         0.         0.         ... 0.03243839 0.         0.        ],rec.motorcycles
[0. 0. 0. ... 0. 0. 0.],sci.space
[0.         0.         0.         ... 0.09138958 0.         0.        ],talk.religion.misc
[0.         0.         0.         ... 0.05891257 0.         0.        ],sci.med
[0. 0. 0. ... 0. 0. 0.],rec.autos
[0. 0. 0. ... 0. 0. 0.],sci.space
[0. 0. 0. ... 0. 0. 0.],rec.sport.baseball
[0. 0. 0. ... 0. 0. 0.],talk.politics.misc
[0. 0. 0. ... 0. 0. 0.],soc.religion.christian
[0. 0. 0. ... 0. 0. 0.],soc.religion.christian
[0.         0.         0.         ... 0.09872744 0.         0.        ],rec.sport.hockey
[0. 0. 0. ... 0. 0. 0.],rec.sport.baseball
[0. 0. 0. ... 0. 0. 0.],talk.politics.guns
[0. 0. 0. ... 0. 0. 0.],misc.forsale
[0.        0.        0.        ... 0.        0.        0.2464035],talk.politics.guns
[0. 0. 0. ... 0. 0. 0.],rec.motorcycles
[0.         0.         0.         ... 0.05060695 0.         0.        ],comp.sys.mac.hardware
[0. 0. 0. ... 0. 0. 0.],comp.os.ms-windows.misc
[0. 0. 0. ... 0. 0. 0.],rec.autos
[0.         0.         0.         ... 0.04111803 0.         0.        ],rec.sport.hockey
[0.68469386 0.02002061 0.         ... 0.         0.         0.        ],comp.sys.mac.hardware
[0.         0.         0.         ... 0.01319704 0.         0.        ],sci.space
[0. 0. 0. ... 0. 0. 0.],talk.politics.guns
[0. 0. 0. ... 0. 0. 0.],talk.politics.mideast
[0.         0.         0.         ... 0.         0.06743424 0.        ],talk.politics.mideast
[0.         0.         0.         ... 0.07279367 0.         0.        ],sci.med
[0. 0. 0. ... 0. 0. 0.],comp.sys.mac.hardware
[0.         0.         0.         ... 0.04130981 0.         0.        ],misc.forsale
[0.         0.         0.         ... 0.08612087 0.         0.        ],rec.autos
[0. 0. 0. ... 0. 0. 0.],misc.forsale
[0.         0.05731819 0.         ... 0.03005697 0.         0.        ],rec.sport.hockey
[0.         0.         0.         ... 0.19096328 0.0293755  0.        ],soc.religion.christian
[0.04018597 0.         0.         ... 0.         0.         0.        ],talk.politics.misc
[0.08968289 0.         0.         ... 0.         0.         0.        ],talk.religion.misc
[0.         0.         0.         ... 0.07220725 0.         0.        ],sci.space
[0.         0.         0.         ... 0.05476888 0.         0.        ],sci.crypt
[0. 0. 0. ... 0. 0. 0.],sci.med
[0. 0. 0. ... 0. 0. 0.],talk.politics.mideast
[0. 0. 0. ... 0. 0. 0.],comp.sys.ibm.pc.hardware
[0.         0.         0.         ... 0.05933785 0.         0.        ],talk.politics.misc
[0. 0. 0. ... 0. 0. 0.],rec.autos
[0.         0.         0.         ... 0.04463944 0.         0.        ],misc.forsale
[0. 0. 0. ... 0. 0. 0.],comp.graphics
[0. 0. 0. ... 0. 0. 0.],sci.electronics
[0.         0.         0.         ... 0.01969368 0.03938271 0.        ],comp.windows.x
[0. 0. 0. ... 0. 0. 0.],talk.politics.misc
[0. 0. 0. ... 0. 0. 0.],comp.graphics
[0. 0. 0. ... 0. 0. 0.],soc.religion.christian
[0.        0.        0.        ... 0.0391454 0.        0.       ],rec.motorcycles
[0.         0.         0.         ... 0.05296494 0.         0.        ],sci.space
[0. 0. 0. ... 0. 0. 0.],sci.space
[0. 0. 0. ... 0. 0. 0.],rec.motorcycles
[0. 0. 0. ... 0. 0. 0.],sci.med
[0. 0. 0. ... 0. 0. 0.],sci.space
[0. 0. 0. ... 0. 0. 0.],rec.motorcycles
[0. 0. 0. ... 0. 0. 0.],rec.motorcycles
[0.08464256 0.         0.         ... 0.         0.         0.        ],comp.sys.mac.hardware
[0. 0. 0. ... 0. 0. 0.],comp.sys.ibm.pc.hardware
[0. 0. 0. ... 0. 0. 0.],soc.religion.christian
[0.04887629 0.         0.         ... 0.05246018 0.         0.        ],rec.sport.baseball
[0.         0.         0.         ... 0.03603564 0.         0.        ],comp.sys.ibm.pc.hardware
[0.         0.         0.         ... 0.17852311 0.         0.        ],talk.religion.misc
[0. 0. 0. ... 0. 0. 0.],rec.autos
[0. 0. 0. ... 0. 0. 0.],rec.motorcycles
[0. 0. 0. ... 0. 0. 0.],sci.space
[0. 0. 0. ... 0. 0. 0.],comp.sys.ibm.pc.hardware
[0. 0. 0. ... 0. 0. 0.],rec.sport.baseball
[0. 0. 0. ... 0. 0. 0.],rec.sport.hockey
[0. 0. 0. ... 0. 0. 0.],talk.politics.guns
[0. 0. 0. ... 0. 0. 0.],rec.autos
[0. 0. 0. ... 0. 0. 0.],comp.sys.mac.hardware
[0.        0.        0.        ... 0.0464233 0.        0.       ],sci.med
[0. 0. 0. ... 0. 0. 0.],comp.os.ms-windows.misc
[0.         0.         0.         ... 0.05971732 0.         0.        ],alt.atheism
[0. 0. 0. ... 0. 0. 0.],comp.os.ms-windows.misc
[0. 0. 0. ... 0. 0. 0.],rec.autos
[0. 0. 0. ... 0. 0. 0.],talk.religion.misc
[0. 0. 0. ... 0. 0. 0.],comp.os.ms-windows.misc
[0.         0.05674491 0.         ... 0.         0.         0.        ],talk.politics.mideast
[0. 0. 0. ... 0. 0. 0.],comp.sys.ibm.pc.hardware
[0. 0. 0. ... 0. 0. 0.],misc.forsale
[0. 0. 0. ... 0. 0. 0.],misc.forsale
[0. 0. 0. ... 0. 0. 0.],comp.graphics
[0.         0.         0.         ... 0.03343286 0.06685784 0.        ],talk.religion.misc
[0. 0. 0. ... 0. 0. 0.],sci.med
[0.22301323 0.         0.         ... 0.         0.         0.        ],talk.politics.mideast
[0.         0.         0.         ... 0.09434341 0.         0.        ],sci.electronics
[0. 0. 0. ... 0. 0. 0.],sci.space
[0. 0. 0. ... 0. 0. 0.],comp.windows.x
[0. 0. 0. ... 0. 0. 0.],sci.crypt
[0.         0.         0.         ... 0.03866108 0.         0.        ],rec.autos
[0.57443345 0.         0.         ... 0.         0.         0.        ],sci.space
[0. 0. 0. ... 0. 0. 0.],rec.sport.hockey
[0.         0.         0.         ... 0.12580466 0.         0.        ],rec.autos
[0.         0.         0.         ... 0.05800365 0.         0.        ],alt.atheism
[0.         0.         0.         ... 0.05327366 0.         0.        ],sci.crypt
[0. 0. 0. ... 0. 0. 0.],rec.autos
[0. 0. 0. ... 0. 0. 0.],misc.forsale
[0. 0. 0. ... 0. 0. 0.],rec.autos
[0.         0.         0.         ... 0.06802746 0.         0.        ],comp.windows.x
[0. 0. 0. ... 0. 0. 0.],soc.religion.christian
[0. 0. 0. ... 0. 0. 0.],talk.religion.misc
[0. 0. 0. ... 0. 0. 0.],comp.windows.x
[0. 0. 0. ... 0. 0. 0.],comp.os.ms-windows.misc
[0. 0. 0. ... 0. 0. 0.],rec.motorcycles
[0.         0.         0.         ... 0.30011052 0.         0.        ],comp.graphics
[0. 0. 0. ... 0. 0. 0.],sci.electronics
[0. 0. 0. ... 0. 0. 0.],rec.autos
[0. 0. 0. ... 0. 0. 0.],rec.sport.baseball
[0. 0. 0. ... 0. 0. 0.],rec.sport.baseball
[0.         0.         0.         ... 0.08773225 0.         0.        ],sci.med
[0. 0. 0. ... 0. 0. 0.],rec.sport.hockey
[0.         0.         0.         ... 0.04226951 0.         0.        ],sci.space
[0. 0. 0. ... 0. 0. 0.],sci.electronics
[0. 0. 0. ... 0. 0. 0.],rec.sport.hockey
[0.         0.         0.         ... 0.11506277 0.         0.        ],rec.autos
[0. 0. 0. ... 0. 0. 0.],talk.politics.guns
[0. 0. 0. ... 0. 0. 0.],sci.crypt
[0. 0. 0. ... 0. 0. 0.],comp.sys.mac.hardware
[0. 0. 0. ... 0. 0. 0.],rec.motorcycles
[0.         0.         0.         ... 0.05846587 0.         0.        ],sci.electronics
[0. 0. 0. ... 0. 0. 0.],alt.atheism
[0.         0.         0.         ... 0.08712276 0.         0.        ],sci.electronics
[0. 0. 0. ... 0. 0. 0.],comp.windows.x
[0.         0.         0.         ... 0.12089311 0.         0.        ],rec.sport.baseball
[0. 0. 0. ... 0. 0. 0.],misc.forsale
[0. 0. 0. ... 0. 0. 0.],comp.windows.x
[0. 0. 0. ... 0. 0. 0.],comp.windows.x
[0.         0.         0.         ... 0.10613662 0.         0.        ],misc.forsale
[0.         0.         0.         ... 0.02946267 0.         0.        ],comp.graphics
[0. 0. 0. ... 0. 0. 0.],sci.space
[0. 0. 0. ... 0. 0. 0.],rec.autos
[0. 0. 0. ... 0. 0. 0.],sci.crypt
[0.         0.         0.         ... 0.13000809 0.         0.        ],talk.politics.mideast
[0.         0.         0.         ... 0.01054177 0.         0.        ],comp.sys.ibm.pc.hardware
[0.         0.         0.         ... 0.03736694 0.         0.        ],misc.forsale
[0. 0. 0. ... 0. 0. 0.],sci.space
[0. 0. 0. ... 0. 0. 0.],comp.sys.ibm.pc.hardware
[0.         0.         0.         ... 0.01847164 0.         0.        ],talk.politics.mideast
[0. 0. 0. ... 0. 0. 0.],talk.religion.misc
[0.        0.1043139 0.        ... 0.        0.        0.       ],comp.graphics
[0.        0.        0.        ... 0.0508283 0.        0.       ],rec.autos
[0.        0.        0.        ... 0.0985672 0.        0.       ],rec.sport.baseball
[0.         0.         0.         ... 0.08905771 0.         0.        ],rec.sport.baseball
[0. 0. 0. ... 0. 0. 0.],rec.motorcycles
[0.         0.         0.         ... 0.14185242 0.         0.        ],sci.crypt
[0. 0. 0. ... 0. 0. 0.],comp.os.ms-windows.misc
[0. 0. 0. ... 0. 0. 0.],talk.politics.mideast
[0. 0. 0. ... 0. 0. 0.],rec.sport.baseball
[0.         0.         0.         ... 0.08456456 0.         0.        ],misc.forsale
[0. 0. 0. ... 0. 0. 0.],alt.atheism
[0.         0.         0.         ... 0.05032026 0.10062864 0.        ],talk.politics.mideast
[0. 0. 0. ... 0. 0. 0.],comp.sys.ibm.pc.hardware
[0. 0. 0. ... 0. 0. 0.],talk.politics.guns
[0. 0. 0. ... 0. 0. 0.],rec.autos
[0. 0. 0. ... 0. 0. 0.],comp.sys.mac.hardware
[0.         0.         0.         ... 0.04514572 0.09028079 0.        ],sci.electronics
[0. 0. 0. ... 0. 0. 0.],rec.motorcycles
[0.1130872  0.         0.         ... 0.01213794 0.         0.        ],sci.med
[0. 0. 0. ... 0. 0. 0.],soc.religion.christian
[0. 0. 0. ... 0. 0. 0.],rec.motorcycles
[0. 0. 0. ... 0. 0. 0.],talk.politics.misc
[0. 0. 0. ... 0. 0. 0.],misc.forsale
[0. 0. 0. ... 0. 0. 0.],soc.religion.christian
[0. 0. 0. ... 0. 0. 0.],comp.sys.ibm.pc.hardware
[0.33202136 0.         0.         ... 0.02227294 0.         0.        ],misc.forsale
[0. 0. 0. ... 0. 0. 0.],talk.politics.guns
[0. 0. 0. ... 0. 0. 0.],comp.windows.x
[0.         0.         0.         ... 0.04542884 0.09084694 0.        ],sci.space
[0.         0.         0.         ... 0.23633763 0.         0.        ],sci.space
[0. 0. 0. ... 0. 0. 0.],sci.space
[0. 0. 0. ... 0. 0. 0.],comp.windows.x
[0. 0. 0. ... 0. 0. 0.],sci.med
[0. 0. 0. ... 0. 0. 0.],talk.politics.misc
[0.01197389 0.         0.07082792 ... 0.         0.         0.        ],sci.crypt
[0. 0. 0. ... 0. 0. 0.],comp.windows.x
[0. 0. 0. ... 0. 0. 0.],comp.graphics
[0. 0. 0. ... 0. 0. 0.],talk.politics.guns
[0.         0.         0.         ... 0.04247785 0.         0.        ],rec.autos
[0. 0. 0. ... 0. 0. 0.],comp.os.ms-windows.misc
[0. 0. 0. ... 0. 0. 0.],sci.space
[0. 0. 0. ... 0. 0. 0.],talk.politics.guns
[0.         0.         0.10692461 ... 0.         0.         0.        ],sci.electronics
[0. 0. 0. ... 0. 0. 0.],rec.sport.baseball
[0.         0.         0.         ... 0.04598544 0.         0.        ],rec.autos
[0.         0.         0.05826648 ... 0.02643146 0.         0.        ],rec.sport.baseball
[0.         0.         0.         ... 0.03322998 0.         0.        ],rec.autos
[0. 0. 0. ... 0. 0. 0.],comp.sys.ibm.pc.hardware
[0. 0. 0. ... 0. 0. 0.],comp.graphics
[0. 0. 0. ... 0. 0. 0.],comp.sys.mac.hardware
[0. 0. 0. ... 0. 0. 0.],sci.crypt
[0. 0. 0. ... 0. 0. 0.],talk.politics.guns
[0. 0. 0. ... 0. 0. 0.],rec.autos
[0. 0. 0. ... 0. 0. 0.],rec.sport.hockey
[0. 0. 0. ... 0. 0. 0.],sci.space
[0. 0. 0. ... 0. 0. 0.],rec.sport.hockey
[0. 0. 0. ... 0. 0. 0.],comp.os.ms-windows.misc
[0. 0. 0. ... 0. 0. 0.],talk.religion.misc
[0. 0. 0. ... 0. 0. 0.],sci.electronics
[0.         0.         0.         ... 0.04337154 0.         0.        ],comp.graphics
[0. 0. 0. ... 0. 0. 0.],rec.sport.hockey
[0.         0.06767773 0.         ... 0.         0.         0.        ],comp.graphics
[0. 0. 0. ... 0. 0. 0.],sci.med
[0. 0. 0. ... 0. 0. 0.],comp.sys.mac.hardware
[0.         0.         0.         ... 0.08238461 0.         0.        ],comp.graphics
[0. 0. 0. ... 0. 0. 0.],comp.sys.mac.hardware
[0.         0.         0.         ... 0.04201654 0.         0.        ],sci.space
[0.         0.         0.         ... 0.06965147 0.         0.        ],sci.space
[0.07209934 0.07378705 0.         ... 0.         0.         0.        ],soc.religion.christian
[0. 0. 0. ... 0. 0. 0.],rec.sport.baseball
[0.         0.         0.         ... 0.15283067 0.         0.        ],alt.atheism
[0. 0. 0. ... 0. 0. 0.],talk.religion.misc
[0. 0. 0. ... 0. 0. 0.],rec.sport.baseball
[0. 0. 0. ... 0. 0. 0.],comp.os.ms-windows.misc
[0. 0. 0. ... 0. 0. 0.],comp.graphics
[0.         0.13555591 0.         ... 0.         0.         0.        ],sci.crypt
[0.        0.        0.        ... 0.1672343 0.        0.       ],sci.crypt
[0.         0.07178265 0.         ... 0.         0.         0.        ],rec.motorcycles
[0.         0.         0.         ... 0.03222849 0.         0.        ],talk.politics.misc
[0. 0. 0. ... 0. 0. 0.],rec.sport.hockey
[0. 0. 0. ... 0. 0. 0.],comp.sys.ibm.pc.hardware
[0.         0.         0.         ... 0.04796182 0.         0.        ],misc.forsale
[0.         0.14509629 0.         ... 0.01268112 0.         0.        ],comp.sys.mac.hardware
[0.         0.06838741 0.         ... 0.         0.         0.        ],comp.graphics
[0. 0. 0. ... 0. 0. 0.],sci.electronics
[0. 0. 0. ... 0. 0. 0.],rec.autos
[0. 0. 0. ... 0. 0. 0.],sci.med
[0. 0. 0. ... 0. 0. 0.],sci.electronics
[0.15575128 0.         0.         ... 0.         0.         0.        ],misc.forsale
[0. 0. 0. ... 0. 0. 0.],comp.windows.x
[0. 0. 0. ... 0. 0. 0.],talk.politics.guns
[0.         0.09248823 0.         ... 0.         0.         0.        ],rec.sport.hockey
[0. 0. 0. ... 0. 0. 0.],soc.religion.christian
[0.         0.         0.         ... 0.1087309  0.05435903 0.        ],rec.sport.hockey
[0. 0. 0. ... 0. 0. 0.],sci.electronics
[0.         0.         0.         ... 0.04640004 0.02651118 0.        ],talk.politics.misc
[0. 0. 0. ... 0. 0. 0.],rec.sport.baseball
[0. 0. 0. ... 0. 0. 0.],sci.med
[0. 0. 0. ... 0. 0. 0.],alt.atheism
[0. 0. 0. ... 0. 0. 0.],talk.politics.misc
[0. 0. 0. ... 0. 0. 0.],talk.politics.guns
[0.         0.         0.         ... 0.06541971 0.         0.        ],rec.sport.hockey
[0. 0. 0. ... 0. 0. 0.],talk.politics.misc
[0. 0. 0. ... 0. 0. 0.],comp.os.ms-windows.misc
[0. 0. 0. ... 0. 0. 0.],comp.graphics
[0. 0. 0. ... 0. 0. 0.],rec.sport.baseball
[0.         0.         0.         ... 0.23843974 0.         0.        ],comp.sys.ibm.pc.hardware
[0.        0.        0.        ... 0.0777981 0.        0.       ],rec.autos
[0.         0.         0.         ... 0.18726175 0.         0.        ],rec.motorcycles
[0. 0. 0. ... 0. 0. 0.],comp.graphics
[0. 0. 0. ... 0. 0. 0.],comp.windows.x
[0. 0. 0. ... 0. 0. 0.],rec.sport.baseball
[0. 0. 0. ... 0. 0. 0.],comp.sys.ibm.pc.hardware
[0. 0. 0. ... 0. 0. 0.],misc.forsale
[0. 0. 0. ... 0. 0. 0.],comp.graphics
[0. 0. 0. ... 0. 0. 0.],rec.motorcycles
[0. 0. 0. ... 0. 0. 0.],talk.politics.misc
[0. 0. 0. ... 0. 0. 0.],rec.motorcycles
[0. 0. 0. ... 0. 0. 0.],comp.sys.ibm.pc.hardware
[0. 0. 0. ... 0. 0. 0.],comp.sys.mac.hardware
[0. 0. 0. ... 0. 0. 0.],misc.forsale
[0.         0.16593786 0.         ... 0.02008057 0.         0.        ],comp.sys.ibm.pc.hardware
[0. 0. 0. ... 0. 0. 0.],rec.motorcycles
[0.         0.         0.         ... 0.05622457 0.         0.        ],comp.windows.x
[0. 0. 0. ... 0. 0. 0.],sci.space
[0.         0.         0.         ... 0.04636323 0.         0.        ],soc.religion.christian
[0. 0. 0. ... 0. 0. 0.],sci.crypt
[0. 0. 0. ... 0. 0. 0.],comp.os.ms-windows.misc
[0. 0. 0. ... 0. 0. 0.],talk.politics.guns
[0. 0. 0. ... 0. 0. 0.],rec.sport.baseball
[0.         0.         0.         ... 0.03770104 0.         0.        ],sci.crypt
[0. 0. 0. ... 0. 0. 0.],rec.motorcycles
[0.11780999 0.         0.         ... 0.06322424 0.         0.        ],comp.sys.mac.hardware
[0.         0.         0.         ... 0.15093599 0.         0.        ],comp.sys.mac.hardware
[0.        0.        0.        ... 0.0461329 0.        0.       ],comp.sys.mac.hardware
[0. 0. 0. ... 0. 0. 0.],talk.politics.mideast
[0. 0. 0. ... 0. 0. 0.],sci.crypt
[0. 0. 0. ... 0. 0. 0.],sci.crypt
[0.         0.         0.         ... 0.04813876 0.         0.        ],sci.space
[0. 0. 0. ... 0. 0. 0.],sci.space
[0.         0.         0.         ... 0.05460556 0.         0.        ],alt.atheism
[0. 0. 0. ... 0. 0. 0.],misc.forsale
[0.         0.31045393 0.         ... 0.         0.         0.        ],comp.windows.x
[0. 0. 0. ... 0. 0. 0.],comp.sys.ibm.pc.hardware
[0. 0. 0. ... 0. 0. 0.],sci.crypt
[0. 0. 0. ... 0. 0. 0.],soc.religion.christian
[0. 0. 0. ... 0. 0. 0.],comp.windows.x
[0. 0. 0. ... 0. 0. 0.],sci.med
[0. 0. 0. ... 0. 0. 0.],talk.politics.guns
[0. 0. 0. ... 0. 0. 0.],sci.space
[0.         0.         0.         ... 0.06114995 0.         0.        ],talk.politics.mideast
[0. 0. 0. ... 0. 0. 0.],rec.autos
[0. 0. 0. ... 0. 0. 0.],misc.forsale
[0. 0. 0. ... 0. 0. 0.],talk.politics.mideast
[0. 0. 0. ... 0. 0. 0.],rec.autos
[0. 0. 0. ... 0. 0. 0.],alt.atheism
[0.         0.         0.         ... 0.11165667 0.         0.        ],alt.atheism
[0.         0.         0.         ... 0.04393591 0.         0.        ],rec.sport.hockey
[0. 0. 0. ... 0. 0. 0.],comp.windows.x
[0.         0.         0.         ... 0.04731641 0.         0.        ],talk.politics.mideast
[0. 0. 0. ... 0. 0. 0.],rec.sport.baseball
[0. 0. 0. ... 0. 0. 0.],comp.sys.mac.hardware
[0. 0. 0. ... 0. 0. 0.],sci.space
[0.        0.        0.        ... 0.0668467 0.        0.       ],comp.sys.ibm.pc.hardware
[0.08102165 0.         0.         ... 0.04348131 0.         0.        ],rec.motorcycles
[0. 0. 0. ... 0. 0. 0.],rec.sport.hockey
[0. 0. 0. ... 0. 0. 0.],talk.politics.misc
[0. 0. 0. ... 0. 0. 0.],rec.sport.hockey
[0. 0. 0. ... 0. 0. 0.],rec.sport.baseball
[0. 0. 0. ... 0. 0. 0.],comp.graphics
[0. 0. 0. ... 0. 0. 0.],comp.graphics
[0. 0. 0. ... 0. 0. 0.],sci.space
[0. 0. 0. ... 0. 0. 0.],comp.windows.x
[0.         0.         0.         ... 0.03859741 0.         0.        ],sci.crypt
[0.         0.11594699 0.         ... 0.         0.         0.        ],sci.space
[0. 0. 0. ... 0. 0. 0.],rec.autos
[0. 0. 0. ... 0. 0. 0.],misc.forsale
[0. 0. 0. ... 0. 0. 0.],soc.religion.christian
[0. 0. 0. ... 0. 0. 0.],comp.sys.mac.hardware
[0. 0. 0. ... 0. 0. 0.],alt.atheism
[0.         0.         0.         ... 0.19039055 0.         0.        ],sci.space
[0. 0. 0. ... 0. 0. 0.],comp.sys.mac.hardware
[0. 0. 0. ... 0. 0. 0.],sci.electronics
[0. 0. 0. ... 0. 0. 0.],talk.politics.guns
[0.         0.         0.08846561 ... 0.         0.         0.        ],comp.graphics
[0.         0.         0.         ... 0.11663614 0.         0.        ],talk.politics.guns
[0.         0.         0.         ... 0.05591091 0.         0.        ],comp.graphics
[0.         0.         0.         ... 0.03179748 0.         0.        ],sci.electronics
[0. 0. 0. ... 0. 0. 0.],comp.graphics
[0. 0. 0. ... 0. 0. 0.],sci.med
[0. 0. 0. ... 0. 0. 0.],rec.motorcycles
[0.         0.         0.         ... 0.03051087 0.         0.        ],sci.electronics
[0. 0. 0. ... 0. 0. 0.],comp.sys.mac.hardware
[0. 0. 0. ... 0. 0. 0.],rec.sport.baseball
[0.         0.01445443 0.         ... 0.02273918 0.         0.        ],talk.politics.misc
[0. 0. 0. ... 0. 0. 0.],talk.politics.mideast
[0. 0. 0. ... 0. 0. 0.],soc.religion.christian
[0. 0. 0. ... 0. 0. 0.],soc.religion.christian
[0.        0.        0.        ... 0.0964056 0.        0.       ],talk.politics.guns
[0. 0. 0. ... 0. 0. 0.],rec.sport.baseball
[0.         0.         0.         ... 0.06178471 0.         0.        ],sci.med
[0. 0. 0. ... 0. 0. 0.],comp.os.ms-windows.misc
[0. 0. 0. ... 0. 0. 0.],talk.politics.mideast
[0. 0. 0. ... 0. 0. 0.],comp.windows.x
[0. 0. 0. ... 0. 0. 0.],rec.autos
[0.         0.         0.         ... 0.06895325 0.         0.        ],comp.sys.mac.hardware
[0.         0.04867608 0.         ... 0.         0.         0.        ],rec.sport.baseball
[0. 0. 0. ... 0. 0. 0.],rec.sport.hockey
[0. 0. 0. ... 0. 0. 0.],sci.crypt
[0. 0. 0. ... 0. 0. 0.],rec.sport.hockey
[0. 0. 0. ... 0. 0. 0.],comp.os.ms-windows.misc
[0. 0. 0. ... 0. 0. 0.],comp.windows.x
[0. 0. 0. ... 0. 0. 0.],rec.sport.baseball
[0.        0.0335428 0.        ... 0.        0.        0.       ],alt.atheism
[0. 0. 0. ... 0. 0. 0.],sci.crypt
[0.         0.         0.         ... 0.03391084 0.         0.        ],talk.politics.guns
[0.        0.        0.        ... 0.0455646 0.        0.       ],comp.sys.mac.hardware
[0. 0. 0. ... 0. 0. 0.],rec.autos
[0. 0. 0. ... 0. 0. 0.],talk.politics.mideast
[0. 0. 0. ... 0. 0. 0.],rec.autos
[0. 0. 0. ... 0. 0. 0.],comp.graphics
[0. 0. 0. ... 0. 0. 0.],rec.motorcycles
[0. 0. 0. ... 0. 0. 0.],sci.space
[0. 0. 0. ... 0. 0. 0.],comp.os.ms-windows.misc
[0. 0. 0. ... 0. 0. 0.],talk.politics.guns
[0. 0. 0. ... 0. 0. 0.],comp.windows.x
[0.         0.         0.         ... 0.01735633 0.00867714 0.        ],comp.windows.x
[0. 0. 0. ... 0. 0. 0.],sci.crypt
[0.         0.         0.         ... 0.05137213 0.         0.        ],alt.atheism
[0.         0.         0.         ... 0.08231866 0.         0.        ],talk.politics.mideast
[0. 0. 0. ... 0. 0. 0.],comp.sys.ibm.pc.hardware
[0. 0. 0. ... 0. 0. 0.],rec.motorcycles
[0. 0. 0. ... 0. 0. 0.],rec.motorcycles
[0. 0. 0. ... 0. 0. 0.],talk.politics.mideast
[0. 0. 0. ... 0. 0. 0.],talk.politics.guns
[0. 0. 0. ... 0. 0. 0.],comp.os.ms-windows.misc
[0. 0. 0. ... 0. 0. 0.],comp.sys.ibm.pc.hardware
[0. 0. 0. ... 0. 0. 0.],rec.sport.baseball
[0. 0. 0. ... 0. 0. 0.],comp.sys.mac.hardware
[0.         0.         0.         ... 0.10003335 0.         0.        ],talk.politics.mideast
[0.         0.         0.         ... 0.01654458 0.         0.        ],talk.religion.misc
[0. 0. 0. ... 0. 0. 0.],alt.atheism
[0. 0. 0. ... 0. 0. 0.],talk.politics.mideast
[0. 0. 0. ... 0. 0. 0.],talk.politics.misc
[0.         0.         0.         ... 0.01886312 0.         0.        ],alt.atheism
[0. 0. 0. ... 0. 0. 0.],soc.religion.christian
[0. 0. 0. ... 0. 0. 0.],rec.motorcycles
[0. 0. 0. ... 0. 0. 0.],talk.politics.misc
[0. 0. 0. ... 0. 0. 0.],comp.windows.x
[0. 0. 0. ... 0. 0. 0.],rec.sport.baseball
[0.03401377 0.         0.04023962 ... 0.         0.         0.        ],comp.windows.x
[0. 0. 0. ... 0. 0. 0.],comp.windows.x
[0. 0. 0. ... 0. 0. 0.],sci.space
[0.         0.         0.         ... 0.05838861 0.         0.        ],talk.religion.misc
[0.       0.       0.       ... 0.052641 0.       0.      ],sci.med
[0. 0. 0. ... 0. 0. 0.],comp.os.ms-windows.misc
[0. 0. 0. ... 0. 0. 0.],rec.sport.hockey
[0. 0. 0. ... 0. 0. 0.],sci.crypt
[0. 0. 0. ... 0. 0. 0.],talk.politics.guns
[0.         0.         0.         ... 0.12656372 0.         0.        ],rec.motorcycles
[0.         0.         0.         ... 0.01446097 0.05783704 0.        ],talk.religion.misc
[0.         0.         0.         ... 0.03777931 0.         0.        ],talk.politics.misc
[0. 0. 0. ... 0. 0. 0.],comp.sys.mac.hardware
[0. 0. 0. ... 0. 0. 0.],sci.med
[0. 0. 0. ... 0. 0. 0.],alt.atheism
[0.         0.         0.         ... 0.02731724 0.         0.        ],sci.space
[0. 0. 0. ... 0. 0. 0.],alt.atheism
[0. 0. 0. ... 0. 0. 0.],sci.space
[0. 0. 0. ... 0. 0. 0.],alt.atheism
[0. 0. 0. ... 0. 0. 0.],rec.sport.hockey
[0. 0. 0. ... 0. 0. 0.],comp.windows.x
[0. 0. 0. ... 0. 0. 0.],comp.sys.ibm.pc.hardware
[0. 0. 0. ... 0. 0. 0.],comp.sys.mac.hardware
[0. 0. 0. ... 0. 0. 0.],sci.electronics
[0.        0.        0.        ... 0.0362368 0.        0.       ],alt.atheism
[0. 0. 0. ... 0. 0. 0.],rec.sport.baseball
[0. 0. 0. ... 0. 0. 0.],sci.space
[0. 0. 0. ... 0. 0. 0.],rec.sport.baseball
[0. 0. 0. ... 0. 0. 0.],sci.space
[0. 0. 0. ... 0. 0. 0.],alt.atheism
[0.         0.         0.         ... 0.11252697 0.         0.        ],sci.crypt
[0.         0.         0.06794366 ... 0.06164265 0.         0.        ],comp.sys.ibm.pc.hardware
[0. 0. 0. ... 0. 0. 0.],rec.sport.hockey
[0. 0. 0. ... 0. 0. 0.],comp.sys.ibm.pc.hardware
[0. 0. 0. ... 0. 0. 0.],sci.electronics
[0. 0. 0. ... 0. 0. 0.],talk.politics.mideast
[0. 0. 0. ... 0. 0. 0.],comp.os.ms-windows.misc
[0.         0.         0.         ... 0.06920374 0.         0.        ],rec.autos
[0. 0. 0. ... 0. 0. 0.],rec.autos
[0. 0. 0. ... 0. 0. 0.],misc.forsale
[0. 0. 0. ... 0. 0. 0.],rec.motorcycles
[0.         0.04929263 0.         ... 0.05169691 0.05169081 0.        ],comp.os.ms-windows.misc
[0. 0. 0. ... 0. 0. 0.],sci.crypt
[0. 0. 0. ... 0. 0. 0.],rec.sport.hockey
[0.         0.         0.06538661 ... 0.05932273 0.         0.        ],rec.autos
[0. 0. 0. ... 0. 0. 0.],comp.os.ms-windows.misc
[0. 0. 0. ... 0. 0. 0.],rec.sport.baseball
[0. 0. 0. ... 0. 0. 0.],rec.motorcycles
[0. 0. 0. ... 0. 0. 0.],misc.forsale
[0. 0. 0. ... 0. 0. 0.],misc.forsale
[0. 0. 0. ... 0. 0. 0.],talk.politics.misc
[0. 0. 0. ... 0. 0. 0.],rec.motorcycles
[0.         0.         0.         ... 0.03576404 0.         0.        ],rec.motorcycles
[0. 0. 0. ... 0. 0. 0.],rec.sport.hockey
[0. 0. 0. ... 0. 0. 0.],soc.religion.christian
[0.         0.         0.         ... 0.17873229 0.         0.        ],comp.sys.ibm.pc.hardware
[0.         0.         0.         ... 0.13471579 0.         0.        ],rec.motorcycles
[0. 0. 0. ... 0. 0. 0.],alt.atheism
[0. 0. 0. ... 0. 0. 0.],rec.autos
[0. 0. 0. ... 0. 0. 0.],sci.crypt
[0.07877877 0.         0.         ... 0.         0.         0.        ],talk.politics.mideast
[0. 0. 0. ... 0. 0. 0.],alt.atheism
[0. 0. 0. ... 0. 0. 0.],sci.space
[0.         0.         0.         ... 0.04684127 0.         0.        ],comp.sys.ibm.pc.hardware
[0. 0. 0. ... 0. 0. 0.],rec.sport.hockey
[0. 0. 0. ... 0. 0. 0.],alt.atheism
[0. 0. 0. ... 0. 0. 0.],talk.politics.mideast
[0.         0.         0.08459964 ... 0.         0.         0.        ],rec.sport.baseball
[0.         0.         0.         ... 0.11033466 0.         0.        ],alt.atheism
[0.17356542 0.         0.         ... 0.         0.         0.        ],talk.politics.guns
[0. 0. 0. ... 0. 0. 0.],sci.crypt
[0. 0. 0. ... 0. 0. 0.],rec.sport.baseball
[0. 0. 0. ... 0. 0. 0.],soc.religion.christian
[0. 0. 0. ... 0. 0. 0.],comp.sys.mac.hardware
[0.         0.14683618 0.08486984 ... 0.         0.         0.        ],comp.os.ms-windows.misc
[0. 0. 0. ... 0. 0. 0.],sci.crypt
[0.         0.         0.         ... 0.04427926 0.         0.        ],talk.politics.misc
[0. 0. 0. ... 0. 0. 0.],comp.sys.ibm.pc.hardware
[0. 0. 0. ... 0. 0. 0.],comp.windows.x
[0. 0. 0. ... 0. 0. 0.],rec.sport.baseball
[0.         0.         0.         ... 0.05020916 0.         0.        ],soc.religion.christian
[0. 0. 0. ... 0. 0. 0.],soc.religion.christian
[0. 0. 0. ... 0. 0. 0.],sci.electronics
[0. 0. 0. ... 0. 0. 0.],sci.crypt
[0. 0. 0. ... 0. 0. 0.],misc.forsale
[0. 0. 0. ... 0. 0. 0.],rec.sport.hockey
[0. 0. 0. ... 0. 0. 0.],sci.space
[0. 0. 0. ... 0. 0. 0.],alt.atheism
[0. 0. 0. ... 0. 0. 0.],soc.religion.christian
[0. 0. 0. ... 0. 0. 0.],talk.politics.mideast
[0. 0. 0. ... 0. 0. 0.],sci.med
[0. 0. 0. ... 0. 0. 0.],misc.forsale
[0.        0.        0.        ... 0.0263021 0.        0.       ],sci.crypt
[0. 0. 0. ... 0. 0. 0.],soc.religion.christian
[0.         0.         0.         ... 0.02067326 0.         0.        ],rec.motorcycles
[0. 0. 0. ... 0. 0. 0.],soc.religion.christian
[0. 0. 0. ... 0. 0. 0.],talk.politics.mideast
[0. 0. 0. ... 0. 0. 0.],talk.religion.misc
[0. 0. 0. ... 0. 0. 0.],talk.politics.misc
[0. 0. 0. ... 0. 0. 0.],sci.electronics
[0. 0. 0. ... 0. 0. 0.],comp.graphics
[0. 0. 0. ... 0. 0. 0.],misc.forsale
[0. 0. 0. ... 0. 0. 0.],rec.motorcycles
[0.         0.         0.         ... 0.04276113 0.         0.        ],rec.sport.baseball
[0. 0. 0. ... 0. 0. 0.],talk.politics.guns
[0. 0. 0. ... 0. 0. 0.],sci.crypt
[0.       0.080524 0.       ... 0.       0.       0.      ],talk.politics.mideast
[0. 0. 0. ... 0. 0. 0.],comp.sys.mac.hardware
[0.        0.        0.1141087 ... 0.        0.        0.       ],sci.space
[0.         0.         0.         ... 0.05203315 0.         0.        ],comp.graphics
[0. 0. 0. ... 0. 0. 0.],alt.atheism
[0.         0.18647276 0.         ... 0.         0.         0.        ],rec.motorcycles
[0. 0. 0. ... 0. 0. 0.],rec.motorcycles
[0. 0. 0. ... 0. 0. 0.],talk.religion.misc
[0.         0.         0.         ... 0.         0.         0.58799566],soc.religion.christian
[0.        0.        0.        ... 0.1129287 0.        0.       ],sci.crypt
[0. 0. 0. ... 0. 0. 0.],comp.graphics
[0. 0. 0. ... 0. 0. 0.],rec.autos
[0.         0.         0.         ... 0.11661914 0.         0.        ],soc.religion.christian
[0. 0. 0. ... 0. 0. 0.],rec.autos
[0. 0. 0. ... 0. 0. 0.],rec.motorcycles
[0.         0.         0.11918216 ... 0.05406468 0.         0.        ],rec.sport.baseball
[0. 0. 0. ... 0. 0. 0.],comp.sys.mac.hardware
[0.         0.         0.         ... 0.01375652 0.         0.        ],misc.forsale
[0. 0. 0. ... 0. 0. 0.],comp.sys.mac.hardware
[0. 0. 0. ... 0. 0. 0.],soc.religion.christian
[0. 0. 0. ... 0. 0. 0.],comp.sys.mac.hardware
[0. 0. 0. ... 0. 0. 0.],talk.politics.mideast
[0.         0.         0.         ... 0.02193149 0.         0.        ],talk.politics.misc
[0.         0.         0.         ... 0.11015469 0.         0.        ],comp.graphics
[0. 0. 0. ... 0. 0. 0.],comp.windows.x
[0.         0.00776466 0.         ... 0.00407169 0.         0.        ],talk.politics.guns
[0. 0. 0. ... 0. 0. 0.],comp.sys.mac.hardware
[0. 0. 0. ... 0. 0. 0.],sci.crypt
[0. 0. 0. ... 0. 0. 0.],rec.autos
[0.         0.12876062 0.         ... 0.         0.         0.        ],rec.sport.baseball
[0. 0. 0. ... 0. 0. 0.],comp.sys.ibm.pc.hardware
[0. 0. 0. ... 0. 0. 0.],comp.sys.mac.hardware
[0. 0. 0. ... 0. 0. 0.],rec.sport.hockey
[0. 0. 0. ... 0. 0. 0.],rec.sport.baseball
[0. 0. 0. ... 0. 0. 0.],rec.sport.baseball
[0.        0.        0.        ... 0.0234795 0.        0.       ],comp.windows.x
[0.         0.         0.         ... 0.04516098 0.         0.        ],sci.electronics
[0. 0. 0. ... 0. 0. 0.],sci.med
[0.         0.         0.         ... 0.07436478 0.         0.        ],talk.politics.mideast
[0. 0. 0. ... 0. 0. 0.],soc.religion.christian
[0. 0. 0. ... 0. 0. 0.],sci.space
[0.         0.         0.         ... 0.12573935 0.         0.        ],talk.religion.misc
[0. 0. 0. ... 0. 0. 0.],sci.electronics
[0.         0.         0.         ... 0.05575427 0.         0.        ],rec.sport.baseball
[0. 0. 0. ... 0. 0. 0.],sci.electronics
[0. 0. 0. ... 0. 0. 0.],comp.sys.ibm.pc.hardware
[0. 0. 0. ... 0. 0. 0.],talk.politics.misc
[0. 0. 0. ... 0. 0. 0.],talk.politics.mideast
[0. 0. 0. ... 0. 0. 0.],rec.sport.hockey
[0.14094742 0.         0.         ... 0.         0.         0.        ],talk.politics.misc
[0. 0. 0. ... 0. 0. 0.],soc.religion.christian
[0. 0. 0. ... 0. 0. 0.],sci.electronics
[0. 0. 0. ... 0. 0. 0.],rec.autos
[0.         0.         0.         ... 0.07560812 0.         0.        ],comp.graphics
[0. 0. 0. ... 0. 0. 0.],comp.os.ms-windows.misc
[0. 0. 0. ... 0. 0. 0.],rec.sport.baseball
[0. 0. 0. ... 0. 0. 0.],sci.space
[0. 0. 0. ... 0. 0. 0.],sci.med
[0. 0. 0. ... 0. 0. 0.],rec.autos
[0. 0. 0. ... 0. 0. 0.],comp.sys.mac.hardware
[0. 0. 0. ... 0. 0. 0.],sci.crypt
[0. 0. 0. ... 0. 0. 0.],talk.politics.guns
[0. 0. 0. ... 0. 0. 0.],sci.med
[0. 0. 0. ... 0. 0. 0.],sci.space
[0.         0.         0.         ... 0.19829797 0.         0.        ],soc.religion.christian
[0. 0. 0. ... 0. 0. 0.],rec.sport.baseball
[0.09008346 0.         0.         ... 0.         0.         0.        ],comp.graphics
[0. 0. 0. ... 0. 0. 0.],talk.politics.mideast
[0. 0. 0. ... 0. 0. 0.],sci.space
[0. 0. 0. ... 0. 0. 0.],talk.politics.misc
[0. 0. 0. ... 0. 0. 0.],soc.religion.christian
[0. 0. 0. ... 0. 0. 0.],soc.religion.christian
[0.         0.         0.         ... 0.09548023 0.         0.        ],rec.autos
[0. 0. 0. ... 0. 0. 0.],sci.crypt
[0. 0. 0. ... 0. 0. 0.],rec.sport.baseball
[0. 0. 0. ... 0. 0. 0.],alt.atheism
[0. 0. 0. ... 0. 0. 0.],talk.politics.guns
[0.        0.        0.        ... 0.0387554 0.        0.       ],comp.sys.mac.hardware
[0. 0. 0. ... 0. 0. 0.],rec.motorcycles
[0. 0. 0. ... 0. 0. 0.],sci.space
[0. 0. 0. ... 0. 0. 0.],sci.crypt
[0.       0.       0.       ... 0.028546 0.       0.      ],comp.windows.x
[0.         0.         0.         ... 0.01038499 0.         0.        ],comp.graphics
[0. 0. 0. ... 0. 0. 0.],comp.os.ms-windows.misc
[0. 0. 0. ... 0. 0. 0.],sci.electronics
[0. 0. 0. ... 0. 0. 0.],rec.sport.hockey
[0. 0. 0. ... 0. 0. 0.],rec.motorcycles
[0. 0. 0. ... 0. 0. 0.],talk.politics.misc
[0. 0. 0. ... 0. 0. 0.],sci.crypt
[0.         0.         0.         ... 0.06050444 0.         0.        ],rec.motorcycles
[0. 0. 0. ... 0. 0. 0.],talk.politics.mideast
[0.         0.         0.         ... 0.21708404 0.         0.06976987],talk.politics.mideast
[0. 0. 0. ... 0. 0. 0.],soc.religion.christian
[0. 0. 0. ... 0. 0. 0.],sci.crypt
[0. 0. 0. ... 0. 0. 0.],comp.graphics
[0. 0. 0. ... 0. 0. 0.],sci.electronics
[0.         0.         0.         ... 0.03267236 0.065337   0.        ],sci.med
[0. 0. 0. ... 0. 0. 0.],comp.graphics
[0. 0. 0. ... 0. 0. 0.],talk.politics.mideast
[0. 0. 0. ... 0. 0. 0.],alt.atheism
[0. 0. 0. ... 0. 0. 0.],sci.space
[0.         0.         0.         ... 0.04013564 0.         0.        ],sci.space
[0. 0. 0. ... 0. 0. 0.],rec.motorcycles
[0.         0.10120109 0.         ... 0.07075816 0.0353749  0.        ],misc.forsale
[0. 0. 0. ... 0. 0. 0.],comp.graphics
[0. 0. 0. ... 0. 0. 0.],comp.os.ms-windows.misc
[0. 0. 0. ... 0. 0. 0.],sci.med
[0.         0.         0.         ... 0.04887889 0.         0.        ],comp.os.ms-windows.misc
[0. 0. 0. ... 0. 0. 0.],rec.autos
[0.         0.15703973 0.         ... 0.         0.         0.        ],rec.autos
[0. 0. 0. ... 0. 0. 0.],rec.motorcycles
[0. 0. 0. ... 0. 0. 0.],comp.sys.mac.hardware
[0. 0. 0. ... 0. 0. 0.],rec.sport.baseball
[0. 0. 0. ... 0. 0. 0.],rec.sport.hockey
[0. 0. 0. ... 0. 0. 0.],talk.politics.guns
[0. 0. 0. ... 0. 0. 0.],comp.sys.mac.hardware
[0.         0.         0.         ... 0.16811088 0.         0.        ],sci.crypt
[0. 0. 0. ... 0. 0. 0.],talk.religion.misc
[0.         0.         0.         ... 0.09622546 0.06414274 0.        ],talk.politics.mideast
[0. 0. 0. ... 0. 0. 0.],comp.sys.ibm.pc.hardware
[0. 0. 0. ... 0. 0. 0.],comp.os.ms-windows.misc
[0. 0. 0. ... 0. 0. 0.],sci.electronics
[0. 0. 0. ... 0. 0. 0.],sci.med
[0. 0. 0. ... 0. 0. 0.],rec.sport.hockey
[0. 0. 0. ... 0. 0. 0.],rec.autos
[0. 0. 0. ... 0. 0. 0.],rec.motorcycles
[0. 0. 0. ... 0. 0. 0.],sci.space
[0.         0.         0.         ... 0.07635633 0.         0.        ],comp.sys.mac.hardware
[0.         0.         0.         ... 0.11902819 0.09521131 0.        ],rec.sport.hockey
[0. 0. 0. ... 0. 0. 0.],rec.motorcycles
[0. 0. 0. ... 0. 0. 0.],rec.sport.hockey
[0. 0. 0. ... 0. 0. 0.],alt.atheism
[0. 0. 0. ... 0. 0. 0.],sci.med
[0. 0. 0. ... 0. 0. 0.],comp.sys.ibm.pc.hardware
[0. 0. 0. ... 0. 0. 0.],comp.windows.x
[0. 0. 0. ... 0. 0. 0.],sci.electronics
[0.         0.         0.         ... 0.03415038 0.         0.        ],comp.os.ms-windows.misc
[0.         0.         0.         ... 0.11623672 0.         0.        ],comp.sys.ibm.pc.hardware
[0. 0. 0. ... 0. 0. 0.],rec.motorcycles
[0.160399 0.       0.       ... 0.       0.       0.      ],comp.os.ms-windows.misc
[0.68214412 0.01994605 0.         ... 0.         0.         0.        ],talk.politics.guns
[0. 0. 0. ... 0. 0. 0.],sci.space
[0.         0.         0.         ... 0.24946304 0.12471679 0.        ],comp.windows.x
[0. 0. 0. ... 0. 0. 0.],sci.space
[0. 0. 0. ... 0. 0. 0.],comp.os.ms-windows.misc
[0.         0.05332913 0.         ... 0.11186059 0.         0.        ],comp.graphics
[0. 0. 0. ... 0. 0. 0.],comp.sys.ibm.pc.hardware
[0. 0. 0. ... 0. 0. 0.],rec.sport.hockey
[0. 0. 0. ... 0. 0. 0.],rec.autos
[0. 0. 0. ... 0. 0. 0.],sci.med
[0. 0. 0. ... 0. 0. 0.],soc.religion.christian
[0. 0. 0. ... 0. 0. 0.],talk.politics.mideast
[0. 0. 0. ... 0. 0. 0.],sci.med
[0.         0.         0.         ... 0.02580952 0.         0.        ],talk.politics.guns
[0.        0.        0.        ... 0.0448915 0.        0.       ],sci.crypt
[0. 0. 0. ... 0. 0. 0.],talk.politics.misc
[0. 0. 0. ... 0. 0. 0.],rec.motorcycles
[0. 0. 0. ... 0. 0. 0.],comp.graphics
[0. 0. 0. ... 0. 0. 0.],comp.sys.ibm.pc.hardware
[0. 0. 0. ... 0. 0. 0.],talk.religion.misc
[0.         0.         0.         ... 0.05687722 0.         0.        ],rec.autos
[0. 0. 0. ... 0. 0. 0.],misc.forsale
[0.         0.         0.         ... 0.015911   0.03181825 0.        ],sci.space
[0. 0. 0. ... 0. 0. 0.],alt.atheism
[0. 0. 0. ... 0. 0. 0.],alt.atheism
[0.        0.        0.        ... 0.1057895 0.        0.       ],sci.crypt
[0. 0. 0. ... 0. 0. 0.],comp.sys.ibm.pc.hardware
[0. 0. 0. ... 0. 0. 0.],rec.autos
[0.         0.         0.         ... 0.07591414 0.         0.        ],sci.electronics
[0. 0. 0. ... 0. 0. 0.],sci.space
[0. 0. 0. ... 0. 0. 0.],comp.sys.ibm.pc.hardware
[0. 0. 0. ... 0. 0. 0.],comp.sys.mac.hardware
[0. 0. 0. ... 0. 0. 0.],rec.motorcycles
[0. 0. 0. ... 0. 0. 0.],sci.crypt
[0. 0. 0. ... 0. 0. 0.],comp.graphics
[0.         0.13518529 0.         ... 0.         0.         0.        ],comp.sys.ibm.pc.hardware
[0. 0. 0. ... 0. 0. 0.],sci.electronics
[0. 0. 0. ... 0. 0. 0.],rec.sport.hockey
[0.08406203 0.         0.         ... 0.         0.         0.        ],rec.sport.hockey
[0. 0. 0. ... 0. 0. 0.],sci.space
[0.         0.         0.         ... 0.05813325 0.         0.        ],talk.politics.mideast
[0. 0. 0. ... 0. 0. 0.],talk.religion.misc
[0. 0. 0. ... 0. 0. 0.],rec.sport.hockey
[0.         0.         0.         ... 0.05590765 0.         0.        ],comp.windows.x
[0. 0. 0. ... 0. 0. 0.],rec.motorcycles
[0. 0. 0. ... 0. 0. 0.],sci.space
[0.         0.         0.         ... 0.21244167 0.         0.        ],alt.atheism
[0.         0.         0.03918701 ... 0.         0.         0.        ],misc.forsale
[0. 0. 0. ... 0. 0. 0.],rec.sport.hockey
[0.         0.         0.         ... 0.12235404 0.         0.        ],rec.motorcycles
[0. 0. 0. ... 0. 0. 0.],sci.crypt
[0. 0. 0. ... 0. 0. 0.],rec.motorcycles
[0.        0.        0.        ... 0.0618648 0.        0.       ],talk.religion.misc
[0. 0. 0. ... 0. 0. 0.],sci.electronics
[0.         0.         0.06001547 ... 0.         0.         0.        ],sci.electronics
[0. 0. 0. ... 0. 0. 0.],comp.sys.mac.hardware
[0. 0. 0. ... 0. 0. 0.],comp.sys.ibm.pc.hardware
[0. 0. 0. ... 0. 0. 0.],talk.politics.misc
[0.         0.         0.         ... 0.04641546 0.         0.        ],rec.motorcycles
[0. 0. 0. ... 0. 0. 0.],comp.windows.x
[0. 0. 0. ... 0. 0. 0.],soc.religion.christian
[0.         0.         0.         ... 0.05474836 0.         0.        ],rec.autos
[0.         0.         0.         ... 0.02125613 0.         0.        ],soc.religion.christian
[0. 0. 0. ... 0. 0. 0.],comp.graphics
[0.         0.08146335 0.         ... 0.         0.1708534  0.        ],rec.sport.hockey
[0. 0. 0. ... 0. 0. 0.],sci.med
[0. 0. 0. ... 0. 0. 0.],rec.autos
[0.         0.         0.         ... 0.0743853  0.07437652 0.        ],soc.religion.christian
[0.00750291 0.         0.         ... 0.02013267 0.00805212 0.05694087],misc.forsale
[0. 0. 0. ... 0. 0. 0.],comp.sys.ibm.pc.hardware
[0. 0. 0. ... 0. 0. 0.],rec.motorcycles
[0. 0. 0. ... 0. 0. 0.],misc.forsale
[0. 0. 0. ... 0. 0. 0.],alt.atheism
[0. 0. 0. ... 0. 0. 0.],comp.graphics
[0. 0. 0. ... 0. 0. 0.],comp.sys.ibm.pc.hardware
[0. 0. 0. ... 0. 0. 0.],talk.religion.misc
[0. 0. 0. ... 0. 0. 0.],rec.sport.baseball
[0.         0.         0.         ... 0.09547362 0.         0.        ],sci.med
[0.         0.         0.         ... 0.12452712 0.         0.        ],alt.atheism
[0. 0. 0. ... 0. 0. 0.],talk.religion.misc
[0. 0. 0. ... 0. 0. 0.],alt.atheism
[0. 0. 0. ... 0. 0. 0.],misc.forsale
[0. 0. 0. ... 0. 0. 0.],soc.religion.christian
[0. 0. 0. ... 0. 0. 0.],comp.sys.ibm.pc.hardware
[0.01718862 0.         0.         ... 0.02767348 0.         0.        ],rec.motorcycles
[0. 0. 0. ... 0. 0. 0.],rec.motorcycles
[0.         0.         0.         ... 0.01910763 0.         0.        ],rec.sport.hockey
[0. 0. 0. ... 0. 0. 0.],sci.space
[0.         0.         0.         ... 0.03248254 0.         0.        ],sci.space
[0.         0.         0.         ... 0.03553275 0.         0.        ],talk.politics.misc
[0. 0. 0. ... 0. 0. 0.],comp.graphics
[0. 0. 0. ... 0. 0. 0.],rec.autos
[0.         0.         0.         ... 0.01494139 0.         0.        ],talk.politics.mideast
[0. 0. 0. ... 0. 0. 0.],misc.forsale
[0. 0. 0. ... 0. 0. 0.],comp.os.ms-windows.misc
[0.         0.         0.         ... 0.11065821 0.         0.        ],rec.sport.baseball
[0.         0.         0.         ... 0.03357412 0.         0.        ],sci.electronics
[0.         0.         0.         ... 0.04427807 0.         0.        ],comp.windows.x
[0.01303641 0.         0.04626774 ... 0.         0.         0.        ],comp.sys.mac.hardware
[0.         0.         0.         ... 0.09267694 0.         0.        ],comp.sys.mac.hardware
[0.         0.         0.         ... 0.02225284 0.         0.        ],talk.politics.mideast
[0.        0.        0.        ... 0.0131376 0.        0.       ],rec.autos
[0. 0. 0. ... 0. 0. 0.],comp.windows.x
[0. 0. 0. ... 0. 0. 0.],talk.politics.misc
[0. 0. 0. ... 0. 0. 0.],alt.atheism
[0.        0.        0.        ... 0.0418415 0.        0.       ],soc.religion.christian
[0. 0. 0. ... 0. 0. 0.],talk.politics.misc
[0. 0. 0. ... 0. 0. 0.],comp.os.ms-windows.misc
[0. 0. 0. ... 0. 0. 0.],comp.windows.x
[0. 0. 0. ... 0. 0. 0.],talk.politics.misc
[0. 0. 0. ... 0. 0. 0.],talk.politics.mideast
[0. 0. 0. ... 0. 0. 0.],rec.sport.hockey
[0. 0. 0. ... 0. 0. 0.],sci.crypt
[0.         0.14493273 0.         ... 0.         0.         0.        ],talk.politics.guns
[0. 0. 0. ... 0. 0. 0.],comp.sys.ibm.pc.hardware
[0. 0. 0. ... 0. 0. 0.],soc.religion.christian
[0.         0.         0.         ... 0.07510834 0.         0.        ],comp.graphics
[0.17327341 0.17732943 0.         ... 0.         0.         0.        ],sci.space
[0. 0. 0. ... 0. 0. 0.],sci.electronics
[0.         0.         0.         ... 0.01399392 0.         0.        ],rec.sport.baseball
[0. 0. 0. ... 0. 0. 0.],comp.sys.mac.hardware
[0.         0.         0.         ... 0.16142358 0.10760301 0.        ],rec.sport.hockey
[0.02579478 0.05279717 0.         ... 0.         0.         0.        ],comp.sys.mac.hardware
[0.10478547 0.         0.         ... 0.         0.         0.        ],comp.windows.x
[0.00341842 0.00349844 0.         ... 0.13208671 0.01834321 0.0047169 ],misc.forsale
[0. 0. 0. ... 0. 0. 0.],comp.windows.x
[0.10963852 0.         0.         ... 0.05883892 0.         0.        ],rec.sport.baseball
[0.         0.         0.         ... 0.12228724 0.0815152  0.        ],comp.graphics
[0.         0.         0.         ... 0.05653572 0.         0.        ],rec.sport.baseball
[0. 0. 0. ... 0. 0. 0.],soc.religion.christian
[0.07439403 0.         0.         ... 0.         0.         0.        ],talk.politics.guns
[0. 0. 0. ... 0. 0. 0.],comp.sys.mac.hardware
[0.         0.         0.         ... 0.05121957 0.         0.        ],alt.atheism
[0. 0. 0. ... 0. 0. 0.],comp.sys.ibm.pc.hardware
[0.         0.         0.         ... 0.03347002 0.         0.        ],soc.religion.christian
[0.         0.         0.         ... 0.04624247 0.         0.        ],rec.autos
[0. 0. 0. ... 0. 0. 0.],sci.electronics
[0. 0. 0. ... 0. 0. 0.],misc.forsale
[0. 0. 0. ... 0. 0. 0.],talk.politics.misc
[0. 0. 0. ... 0. 0. 0.],rec.autos
[0. 0. 0. ... 0. 0. 0.],talk.politics.guns
[0. 0. 0. ... 0. 0. 0.],rec.sport.baseball
[0. 0. 0. ... 0. 0. 0.],comp.sys.ibm.pc.hardware
[0. 0. 0. ... 0. 0. 0.],misc.forsale
[0.         0.         0.         ... 0.06528708 0.         0.        ],talk.politics.misc
[0. 0. 0. ... 0. 0. 0.],comp.sys.ibm.pc.hardware
[0. 0. 0. ... 0. 0. 0.],alt.atheism
[0.         0.         0.         ... 0.03746041 0.         0.        ],rec.sport.baseball
[0.         0.         0.06845819 ... 0.         0.         0.        ],rec.sport.hockey
[0.         0.         0.         ... 0.05756723 0.         0.        ],sci.crypt
[0. 0. 0. ... 0. 0. 0.],misc.forsale
[0. 0. 0. ... 0. 0. 0.],comp.windows.x
[0. 0. 0. ... 0. 0. 0.],alt.atheism
[0.         0.09268627 0.         ... 0.         0.         0.        ],talk.politics.guns
[0. 0. 0. ... 0. 0. 0.],sci.crypt
[0. 0. 0. ... 0. 0. 0.],rec.autos
[0. 0. 0. ... 0. 0. 0.],sci.space
[0. 0. 0. ... 0. 0. 0.],talk.politics.guns
[0.         0.         0.         ... 0.10229347 0.         0.        ],sci.electronics
[0. 0. 0. ... 0. 0. 0.],rec.autos
[0. 0. 0. ... 0. 0. 0.],rec.autos
[0. 0. 0. ... 0. 0. 0.],soc.religion.christian
[0. 0. 0. ... 0. 0. 0.],comp.windows.x
[0. 0. 0. ... 0. 0. 0.],comp.sys.ibm.pc.hardware
[0. 0. 0. ... 0. 0. 0.],sci.med
[0.         0.         0.         ... 0.03574334 0.         0.        ],rec.motorcycles
[0.         0.03339794 0.         ... 0.03502695 0.03502281 0.        ],sci.space
[0. 0. 0. ... 0. 0. 0.],talk.politics.guns
[0.0315392 0.        0.        ... 0.        0.        0.       ],soc.religion.christian
[0. 0. 0. ... 0. 0. 0.],sci.electronics
[0. 0. 0. ... 0. 0. 0.],misc.forsale
[0. 0. 0. ... 0. 0. 0.],comp.graphics
[0. 0. 0. ... 0. 0. 0.],comp.sys.mac.hardware
[0. 0. 0. ... 0. 0. 0.],rec.sport.hockey
[0. 0. 0. ... 0. 0. 0.],sci.crypt
[0. 0. 0. ... 0. 0. 0.],sci.med
[0. 0. 0. ... 0. 0. 0.],comp.sys.mac.hardware
[0. 0. 0. ... 0. 0. 0.],rec.motorcycles
[0. 0. 0. ... 0. 0. 0.],soc.religion.christian
[0. 0. 0. ... 0. 0. 0.],soc.religion.christian
[0.        0.        0.        ... 0.0496683 0.        0.       ],sci.med
[0. 0. 0. ... 0. 0. 0.],comp.windows.x
[0. 0. 0. ... 0. 0. 0.],misc.forsale
[0. 0. 0. ... 0. 0. 0.],sci.crypt
[0. 0. 0. ... 0. 0. 0.],sci.electronics
[0.         0.01959946 0.         ... 0.00685181 0.         0.        ],comp.sys.ibm.pc.hardware
[0. 0. 0. ... 0. 0. 0.],sci.med
[0.         0.         0.         ... 0.13572481 0.         0.        ],soc.religion.christian
[0. 0. 0. ... 0. 0. 0.],comp.os.ms-windows.misc
[0.        0.        0.        ... 0.0724478 0.        0.       ],rec.autos
[0. 0. 0. ... 0. 0. 0.],rec.sport.hockey
[0. 0. 0. ... 0. 0. 0.],comp.os.ms-windows.misc
[0. 0. 0. ... 0. 0. 0.],talk.politics.misc
[0. 0. 0. ... 0. 0. 0.],rec.autos
[0. 0. 0. ... 0. 0. 0.],misc.forsale
[0. 0. 0. ... 0. 0. 0.],comp.graphics
[0. 0. 0. ... 0. 0. 0.],comp.graphics
[0. 0. 0. ... 0. 0. 0.],rec.sport.hockey
[0.         0.         0.         ... 0.01028373 0.         0.        ],sci.space
[0.         0.         0.         ... 0.03684454 0.         0.        ],comp.sys.ibm.pc.hardware
[0.         0.         0.         ... 0.04606184 0.         0.        ],comp.sys.mac.hardware
[0.         0.         0.         ... 0.05302598 0.         0.        ],comp.windows.x
[0. 0. 0. ... 0. 0. 0.],sci.med
[0. 0. 0. ... 0. 0. 0.],soc.religion.christian
[0. 0. 0. ... 0. 0. 0.],comp.graphics
[0. 0. 0. ... 0. 0. 0.],talk.politics.mideast
[0. 0. 0. ... 0. 0. 0.],soc.religion.christian
[0.00402796 0.02061122 0.         ... 0.03890978 0.0043228  0.00555797],sci.electronics
[0. 0. 0. ... 0. 0. 0.],soc.religion.christian
[0. 0. 0. ... 0. 0. 0.],talk.politics.guns
[0. 0. 0. ... 0. 0. 0.],sci.electronics
[0. 0. 0. ... 0. 0. 0.],sci.space
[0. 0. 0. ... 0. 0. 0.],comp.os.ms-windows.misc
[0. 0. 0. ... 0. 0. 0.],sci.crypt
[0. 0. 0. ... 0. 0. 0.],sci.space
[0. 0. 0. ... 0. 0. 0.],sci.med
[0.         0.         0.         ... 0.04340111 0.         0.        ],talk.politics.misc
[0.         0.         0.         ... 0.10480673 0.         0.        ],soc.religion.christian
[0. 0. 0. ... 0. 0. 0.],misc.forsale
[0.         0.         0.         ... 0.09387557 0.         0.        ],rec.sport.hockey
[0.         0.         0.         ... 0.03895143 0.         0.        ],talk.politics.mideast
[0. 0. 0. ... 0. 0. 0.],sci.electronics
[0. 0. 0. ... 0. 0. 0.],talk.politics.mideast
[0. 0. 0. ... 0. 0. 0.],misc.forsale
[0. 0. 0. ... 0. 0. 0.],misc.forsale
[0.         0.         0.         ... 0.         0.05514755 0.        ],alt.atheism
[0.         0.         0.         ... 0.12139512 0.         0.        ],rec.sport.baseball
[0. 0. 0. ... 0. 0. 0.],sci.electronics
[0.         0.         0.         ... 0.04437564 0.         0.        ],rec.sport.baseball
[0. 0. 0. ... 0. 0. 0.],talk.politics.guns
[0. 0. 0. ... 0. 0. 0.],comp.sys.mac.hardware
[0.         0.         0.         ... 0.13263268 0.         0.        ],sci.med
[0. 0. 0. ... 0. 0. 0.],rec.autos
[0.         0.         0.         ... 0.06801336 0.         0.        ],rec.autos
[0. 0. 0. ... 0. 0. 0.],rec.autos
[0. 0. 0. ... 0. 0. 0.],talk.politics.mideast
[0.         0.         0.         ... 0.05992792 0.         0.        ],talk.politics.mideast
[0. 0. 0. ... 0. 0. 0.],talk.politics.mideast
[0.         0.         0.06435923 ... 0.         0.         0.        ],comp.windows.x
[0.         0.         0.         ... 0.04427603 0.         0.        ],rec.sport.hockey
[0.         0.         0.         ... 0.04766424 0.         0.        ],soc.religion.christian
[0.        0.        0.        ... 0.0623119 0.        0.       ],rec.sport.baseball
[0. 0. 0. ... 0. 0. 0.],rec.sport.hockey
[0.         0.         0.         ... 0.06260873 0.         0.        ],sci.med
[0. 0. 0. ... 0. 0. 0.],talk.politics.guns
[0. 0. 0. ... 0. 0. 0.],misc.forsale
[0.         0.         0.         ... 0.07020844 0.         0.        ],sci.med
[0. 0. 0. ... 0. 0. 0.],sci.crypt
[0.         0.04699012 0.         ... 0.02464105 0.04927628 0.        ],rec.autos
[0. 0. 0. ... 0. 0. 0.],sci.space
[0. 0. 0. ... 0. 0. 0.],comp.os.ms-windows.misc
[0.        0.        0.        ... 0.1636832 0.        0.       ],sci.electronics
[0. 0. 0. ... 0. 0. 0.],rec.sport.baseball
[0.         0.         0.         ... 0.0863216  0.08631141 0.        ],comp.graphics
[0.11813183 0.04835883 0.02795092 ... 0.         0.         0.        ],sci.space
[0.         0.15595412 0.         ... 0.         0.         0.        ],sci.crypt
[0.         0.         0.         ... 0.06515729 0.         0.        ],comp.sys.ibm.pc.hardware
[0. 0. 0. ... 0. 0. 0.],sci.crypt
[0. 0. 0. ... 0. 0. 0.],comp.sys.mac.hardware
[0. 0. 0. ... 0. 0. 0.],rec.autos
[0. 0. 0. ... 0. 0. 0.],comp.windows.x
[0.         0.         0.         ... 0.05515802 0.0220606  0.        ],sci.space
[0. 0. 0. ... 0. 0. 0.],rec.motorcycles
[0.        0.        0.        ... 0.0389408 0.        0.       ],comp.sys.ibm.pc.hardware
[0. 0. 0. ... 0. 0. 0.],talk.religion.misc
[0. 0. 0. ... 0. 0. 0.],misc.forsale
[0. 0. 0. ... 0. 0. 0.],soc.religion.christian
[0. 0. 0. ... 0. 0. 0.],alt.atheism
[0. 0. 0. ... 0. 0. 0.],comp.os.ms-windows.misc
[0. 0. 0. ... 0. 0. 0.],sci.electronics
[0.         0.         0.         ... 0.03072734 0.         0.        ],rec.autos
[0. 0. 0. ... 0. 0. 0.],sci.space
[0. 0. 0. ... 0. 0. 0.],talk.politics.mideast
[0. 0. 0. ... 0. 0. 0.],talk.politics.misc
[0. 0. 0. ... 0. 0. 0.],comp.sys.ibm.pc.hardware
[0. 0. 0. ... 0. 0. 0.],misc.forsale
[0. 0. 0. ... 0. 0. 0.],talk.politics.mideast
[0. 0. 0. ... 0. 0. 0.],comp.os.ms-windows.misc
[0. 0. 0. ... 0. 0. 0.],sci.space
[0. 0. 0. ... 0. 0. 0.],comp.sys.mac.hardware
[0. 0. 0. ... 0. 0. 0.],comp.sys.ibm.pc.hardware
[0. 0. 0. ... 0. 0. 0.],sci.electronics
[0.        0.        0.        ... 0.0309955 0.        0.       ],alt.atheism
[0. 0. 0. ... 0. 0. 0.],comp.graphics
[0.         0.         0.         ... 0.03585302 0.07169757 0.        ],comp.sys.mac.hardware
[0.         0.         0.         ... 0.03238118 0.         0.        ],talk.politics.guns
[0. 0. 0. ... 0. 0. 0.],rec.autos
[0. 0. 0. ... 0. 0. 0.],rec.sport.hockey
[0.         0.         0.         ... 0.11785852 0.         0.        ],talk.religion.misc
[0. 0. 0. ... 0. 0. 0.],rec.sport.hockey
[0. 0. 0. ... 0. 0. 0.],rec.sport.hockey
[0.         0.         0.         ... 0.10649227 0.         0.        ],comp.os.ms-windows.misc
[0. 0. 0. ... 0. 0. 0.],talk.politics.mideast
[0. 0. 0. ... 0. 0. 0.],talk.politics.mideast
[0. 0. 0. ... 0. 0. 0.],comp.graphics
[0. 0. 0. ... 0. 0. 0.],misc.forsale
[0.         0.         0.         ... 0.03133566 0.         0.16113834],talk.politics.guns
[0. 0. 0. ... 0. 0. 0.],misc.forsale
[0.         0.12136202 0.         ... 0.         0.         0.        ],rec.sport.hockey
[0. 0. 0. ... 0. 0. 0.],comp.sys.mac.hardware
[0.         0.03019442 0.         ... 0.02375038 0.         0.02035539],misc.forsale
[0. 0. 0. ... 0. 0. 0.],alt.atheism
[0.         0.         0.         ... 0.03669648 0.         0.        ],talk.religion.misc
[0.         0.         0.         ... 0.11071838 0.         0.        ],sci.space
[0. 0. 0. ... 0. 0. 0.],rec.sport.hockey
[0.         0.         0.         ... 0.06501783 0.         0.        ],misc.forsale
[0. 0. 0. ... 0. 0. 0.],rec.sport.hockey
[0. 0. 0. ... 0. 0. 0.],sci.med
[0.        0.0698535 0.        ... 0.        0.        0.       ],talk.politics.guns
[0. 0. 0. ... 0. 0. 0.],sci.electronics
[0.         0.         0.         ... 0.07051556 0.         0.        ],comp.windows.x
[0. 0. 0. ... 0. 0. 0.],comp.os.ms-windows.misc
[0. 0. 0. ... 0. 0. 0.],sci.crypt
[0. 0. 0. ... 0. 0. 0.],rec.autos
[0.06944654 0.         0.         ... 0.03726938 0.         0.        ],comp.sys.ibm.pc.hardware
[0. 0. 0. ... 0. 0. 0.],rec.sport.hockey
[0.         0.         0.         ... 0.01858832 0.         0.        ],comp.graphics
[0. 0. 0. ... 0. 0. 0.],comp.graphics
[0.         0.         0.         ... 0.02748349 0.         0.        ],alt.atheism
[0. 0. 0. ... 0. 0. 0.],comp.sys.mac.hardware
[0.         0.01024554 0.         ... 0.03760846 0.         0.        ],sci.crypt
[0. 0. 0. ... 0. 0. 0.],rec.sport.hockey
[0. 0. 0. ... 0. 0. 0.],comp.windows.x
[0. 0. 0. ... 0. 0. 0.],sci.electronics
[0. 0. 0. ... 0. 0. 0.],comp.windows.x
[0.        0.        0.        ... 0.0397111 0.        0.       ],sci.med
[0.         0.         0.         ... 0.03318573 0.         0.        ],talk.politics.mideast
[0. 0. 0. ... 0. 0. 0.],comp.windows.x
[0.         0.         0.         ... 0.12415043 0.         0.        ],comp.windows.x
[0. 0. 0. ... 0. 0. 0.],misc.forsale
[0. 0. 0. ... 0. 0. 0.],rec.sport.hockey
[0. 0. 0. ... 0. 0. 0.],talk.politics.guns
[0. 0. 0. ... 0. 0. 0.],comp.os.ms-windows.misc
[0. 0. 0. ... 0. 0. 0.],sci.space
[0.         0.         0.17792295 ... 0.04035565 0.         0.        ],rec.sport.baseball
[0. 0. 0. ... 0. 0. 0.],talk.politics.misc
[0. 0. 0. ... 0. 0. 0.],sci.space
[0. 0. 0. ... 0. 0. 0.],rec.motorcycles
[0. 0. 0. ... 0. 0. 0.],misc.forsale
[0. 0. 0. ... 0. 0. 0.],rec.autos
[0. 0. 0. ... 0. 0. 0.],sci.electronics
[0. 0. 0. ... 0. 0. 0.],rec.sport.baseball
[0.         0.         0.         ... 0.03104714 0.         0.        ],rec.sport.hockey
[0. 0. 0. ... 0. 0. 0.],comp.sys.ibm.pc.hardware
[0. 0. 0. ... 0. 0. 0.],sci.crypt
[0. 0. 0. ... 0. 0. 0.],rec.motorcycles
[0. 0. 0. ... 0. 0. 0.],talk.religion.misc
[0. 0. 0. ... 0. 0. 0.],rec.sport.hockey
[0. 0. 0. ... 0. 0. 0.],soc.religion.christian
[0. 0. 0. ... 0. 0. 0.],alt.atheism
[0. 0. 0. ... 0. 0. 0.],talk.religion.misc
[0.26096368 0.         0.         ... 0.         0.         0.        ],comp.windows.x
[0.         0.         0.         ... 0.11029378 0.         0.        ],rec.autos
[0. 0. 0. ... 0. 0. 0.],comp.sys.mac.hardware
[0. 0. 0. ... 0. 0. 0.],sci.med
[0. 0. 0. ... 0. 0. 0.],talk.religion.misc
[0. 0. 0. ... 0. 0. 0.],rec.sport.baseball
[0. 0. 0. ... 0. 0. 0.],talk.religion.misc
[0. 0. 0. ... 0. 0. 0.],rec.sport.hockey
[0. 0. 0. ... 0. 0. 0.],comp.sys.mac.hardware
[0.         0.         0.         ... 0.02055483 0.         0.        ],talk.politics.guns
[0. 0. 0. ... 0. 0. 0.],comp.os.ms-windows.misc
[0. 0. 0. ... 0. 0. 0.],rec.motorcycles
[0. 0. 0. ... 0. 0. 0.],talk.religion.misc
[0. 0. 0. ... 0. 0. 0.],sci.crypt
[0. 0. 0. ... 0. 0. 0.],alt.atheism
[0.         0.         0.         ... 0.09895435 0.03298089 0.        ],sci.space
[0. 0. 0. ... 0. 0. 0.],sci.med
[0.         0.27988399 0.         ... 0.         0.         0.        ],comp.graphics
[0. 0. 0. ... 0. 0. 0.],sci.med
[0.         0.         0.11752387 ... 0.         0.         0.        ],comp.windows.x
[0.00816464 0.         0.         ... 0.0153358  0.         0.        ],rec.sport.hockey
[0. 0. 0. ... 0. 0. 0.],rec.autos
[0. 0. 0. ... 0. 0. 0.],talk.politics.mideast
[0.         0.         0.         ... 0.07658726 0.         0.        ],rec.autos
[0. 0. 0. ... 0. 0. 0.],rec.motorcycles
[0. 0. 0. ... 0. 0. 0.],rec.sport.baseball
[0. 0. 0. ... 0. 0. 0.],sci.crypt
[0.         0.         0.         ... 0.10264357 0.         0.        ],sci.electronics
[0.         0.         0.         ... 0.04717003 0.         0.        ],talk.politics.misc
[0.         0.         0.         ... 0.02765816 0.         0.        ],sci.space
[0.         0.         0.         ... 0.17916775 0.         0.        ],sci.space
[0. 0. 0. ... 0. 0. 0.],comp.windows.x
[0. 0. 0. ... 0. 0. 0.],soc.religion.christian
[0. 0. 0. ... 0. 0. 0.],sci.med
[0.         0.         0.         ... 0.01927553 0.         0.        ],rec.sport.hockey
[0.         0.         0.         ... 0.15803635 0.         0.        ],comp.windows.x
[0.         0.         0.         ... 0.05733516 0.         0.        ],soc.religion.christian
[0. 0. 0. ... 0. 0. 0.],comp.sys.mac.hardware
[0. 0. 0. ... 0. 0. 0.],sci.space
[0. 0. 0. ... 0. 0. 0.],comp.os.ms-windows.misc
[0.         0.         0.         ... 0.28673796 0.         0.        ],comp.sys.ibm.pc.hardware
[0. 0. 0. ... 0. 0. 0.],comp.graphics
[0. 0. 0. ... 0. 0. 0.],comp.os.ms-windows.misc
[0.         0.         0.         ... 0.03655298 0.         0.        ],rec.sport.baseball
[0.         0.         0.         ... 0.01289302 0.         0.        ],comp.sys.ibm.pc.hardware
[0.         0.         0.         ... 0.07264343 0.         0.        ],rec.sport.hockey
[0. 0. 0. ... 0. 0. 0.],rec.sport.hockey
[0. 0. 0. ... 0. 0. 0.],rec.sport.hockey
[0.         0.         0.         ... 0.06385708 0.         0.        ],sci.electronics
[0. 0. 0. ... 0. 0. 0.],sci.electronics
[0. 0. 0. ... 0. 0. 0.],comp.sys.ibm.pc.hardware
[0. 0. 0. ... 0. 0. 0.],comp.os.ms-windows.misc
[0. 0. 0. ... 0. 0. 0.],misc.forsale
[0. 0. 0. ... 0. 0. 0.],rec.autos
[0. 0. 0. ... 0. 0. 0.],talk.politics.guns
[0. 0. 0. ... 0. 0. 0.],soc.religion.christian
[0. 0. 0. ... 0. 0. 0.],comp.windows.x
[0. 0. 0. ... 0. 0. 0.],alt.atheism
[0. 0. 0. ... 0. 0. 0.],sci.crypt
[0. 0. 0. ... 0. 0. 0.],misc.forsale
[0. 0. 0. ... 0. 0. 0.],sci.med
[0.         0.         0.         ... 0.04849084 0.         0.        ],sci.crypt
[0.         0.         0.         ... 0.04124386 0.         0.        ],misc.forsale
[0. 0. 0. ... 0. 0. 0.],sci.space
[0. 0. 0. ... 0. 0. 0.],rec.sport.hockey
[0. 0. 0. ... 0. 0. 0.],comp.graphics
[0. 0. 0. ... 0. 0. 0.],rec.sport.hockey
[0. 0. 0. ... 0. 0. 0.],talk.politics.guns
[0. 0. 0. ... 0. 0. 0.],sci.crypt
[0.         0.         0.         ... 0.07589079 0.         0.        ],rec.motorcycles
[0. 0. 0. ... 0. 0. 0.],comp.sys.mac.hardware
[0. 0. 0. ... 0. 0. 0.],rec.sport.hockey
[0. 0. 0. ... 0. 0. 0.],comp.sys.ibm.pc.hardware
[0.09150582 0.09364781 0.         ... 0.04910778 0.         0.        ],rec.sport.hockey
[0. 0. 0. ... 0. 0. 0.],rec.sport.hockey
[0. 0. 0. ... 0. 0. 0.],sci.crypt
[0.         0.         0.         ... 0.07979147 0.         0.        ],misc.forsale
[0. 0. 0. ... 0. 0. 0.],sci.electronics
[0.         0.07219925 0.         ... 0.03786041 0.         0.        ],sci.space
[0.         0.         0.         ... 0.03955236 0.         0.        ],talk.politics.mideast
[0. 0. 0. ... 0. 0. 0.],sci.electronics
[0. 0. 0. ... 0. 0. 0.],talk.politics.mideast
[0. 0. 0. ... 0. 0. 0.],comp.os.ms-windows.misc
[0. 0. 0. ... 0. 0. 0.],alt.atheism
[0. 0. 0. ... 0. 0. 0.],sci.space
[0. 0. 0. ... 0. 0. 0.],comp.windows.x
[0. 0. 0. ... 0. 0. 0.],comp.windows.x
[0. 0. 0. ... 0. 0. 0.],talk.politics.mideast
[0. 0. 0. ... 0. 0. 0.],alt.atheism
[0. 0. 0. ... 0. 0. 0.],talk.politics.misc
[0. 0. 0. ... 0. 0. 0.],rec.motorcycles
[0. 0. 0. ... 0. 0. 0.],sci.space
[0.10615348 0.         0.         ... 0.         0.         0.        ],alt.atheism
[0. 0. 0. ... 0. 0. 0.],sci.space
[0.         0.         0.         ... 0.05350247 0.         0.        ],talk.politics.guns
[0. 0. 0. ... 0. 0. 0.],sci.space
[0. 0. 0. ... 0. 0. 0.],comp.windows.x
[0.         0.         0.         ... 0.00683994 0.         0.        ],soc.religion.christian
[0. 0. 0. ... 0. 0. 0.],rec.sport.baseball
[0. 0. 0. ... 0. 0. 0.],rec.motorcycles
[0. 0. 0. ... 0. 0. 0.],rec.sport.hockey
[0. 0. 0. ... 0. 0. 0.],comp.os.ms-windows.misc
[0. 0. 0. ... 0. 0. 0.],sci.crypt
[0.         0.         0.         ... 0.07629041 0.         0.        ],soc.religion.christian
[0. 0. 0. ... 0. 0. 0.],sci.electronics
[0.17119646 0.         0.         ... 0.         0.         0.        ],rec.sport.baseball
[0.         0.         0.         ... 0.09420947 0.         0.        ],rec.autos
[0.         0.         0.10676738 ... 0.         0.         0.        ],rec.motorcycles
[0. 0. 0. ... 0. 0. 0.],rec.motorcycles
[0. 0. 0. ... 0. 0. 0.],rec.sport.hockey
[0. 0. 0. ... 0. 0. 0.],rec.motorcycles
[0. 0. 0. ... 0. 0. 0.],comp.os.ms-windows.misc
[0.06971709 0.         0.         ... 0.         0.         0.        ],sci.crypt
[0. 0. 0. ... 0. 0. 0.],sci.med
[0.         0.03245629 0.         ... 0.         0.         0.        ],alt.atheism
[0. 0. 0. ... 0. 0. 0.],comp.graphics
[0. 0. 0. ... 0. 0. 0.],sci.electronics
[0. 0. 0. ... 0. 0. 0.],alt.atheism
[0. 0. 0. ... 0. 0. 0.],rec.sport.hockey
[0. 0. 0. ... 0. 0. 0.],misc.forsale
[0. 0. 0. ... 0. 0. 0.],sci.electronics
[0. 0. 0. ... 0. 0. 0.],rec.autos
[0. 0. 0. ... 0. 0. 0.],comp.sys.mac.hardware
[0. 0. 0. ... 0. 0. 0.],comp.graphics
[0.72324718 0.         0.         ... 0.03881399 0.         0.        ],alt.atheism
[0.         0.01531253 0.         ... 0.02408912 0.         0.        ],comp.sys.mac.hardware
[0. 0. 0. ... 0. 0. 0.],sci.electronics
[0.         0.         0.         ... 0.03923021 0.         0.        ],alt.atheism
[0. 0. 0. ... 0. 0. 0.],rec.sport.hockey
[0. 0. 0. ... 0. 0. 0.],comp.sys.ibm.pc.hardware
[0. 0. 0. ... 0. 0. 0.],comp.os.ms-windows.misc
[0.         0.         0.         ... 0.13324128 0.17763406 0.        ],comp.graphics
[0.         0.         0.         ... 0.07437771 0.         0.        ],sci.med
[0. 0. 0. ... 0. 0. 0.],talk.religion.misc
[0. 0. 0. ... 0. 0. 0.],misc.forsale
[0. 0. 0. ... 0. 0. 0.],rec.autos
[0. 0. 0. ... 0. 0. 0.],comp.windows.x
[0. 0. 0. ... 0. 0. 0.],comp.os.ms-windows.misc
[0. 0. 0. ... 0. 0. 0.],rec.sport.baseball
[0.         0.         0.         ... 0.08887186 0.         0.        ],talk.politics.mideast
[0. 0. 0. ... 0. 0. 0.],talk.politics.misc
[0. 0. 0. ... 0. 0. 0.],comp.graphics
[0. 0. 0. ... 0. 0. 0.],rec.autos
[0.         0.         0.         ... 0.04284804 0.         0.        ],soc.religion.christian
[0. 0. 0. ... 0. 0. 0.],rec.sport.baseball
[0. 0. 0. ... 0. 0. 0.],rec.sport.hockey
[0. 0. 0. ... 0. 0. 0.],comp.windows.x
[0.         0.         0.         ... 0.10059472 0.         0.        ],sci.crypt
[0.        0.1885855 0.        ... 0.        0.        0.       ],rec.sport.hockey
[0.         0.         0.         ... 0.05918519 0.         0.        ],misc.forsale
[0. 0. 0. ... 0. 0. 0.],sci.space
[0.         0.         0.         ... 0.07128081 0.         0.        ],talk.politics.guns
[0. 0. 0. ... 0. 0. 0.],talk.politics.mideast
[0.         0.         0.         ... 0.14942766 0.         0.        ],talk.politics.mideast
[0. 0. 0. ... 0. 0. 0.],comp.os.ms-windows.misc
[0. 0. 0. ... 0. 0. 0.],rec.motorcycles
[0. 0. 0. ... 0. 0. 0.],soc.religion.christian
[0. 0. 0. ... 0. 0. 0.],sci.space
[0. 0. 0. ... 0. 0. 0.],comp.sys.mac.hardware
[0. 0. 0. ... 0. 0. 0.],sci.space
[0. 0. 0. ... 0. 0. 0.],rec.autos
[0. 0. 0. ... 0. 0. 0.],comp.sys.ibm.pc.hardware
[0. 0. 0. ... 0. 0. 0.],sci.electronics
[0.         0.06250906 0.         ... 0.         0.         0.        ],rec.motorcycles
[0.0805412  0.         0.         ... 0.04322347 0.         0.        ],rec.autos
[0.         0.41441682 0.         ... 0.         0.         0.        ],talk.religion.misc
[0. 0. 0. ... 0. 0. 0.],rec.sport.hockey
[0.         0.         0.         ... 0.03050311 0.         0.        ],rec.motorcycles
[0. 0. 0. ... 0. 0. 0.],comp.os.ms-windows.misc
[0. 0. 0. ... 0. 0. 0.],rec.motorcycles
[0.        0.        0.        ... 0.0719115 0.        0.       ],sci.med
[0. 0. 0. ... 0. 0. 0.],talk.politics.misc
[0. 0. 0. ... 0. 0. 0.],sci.crypt
[0.         0.         0.         ... 0.04023281 0.         0.        ],comp.os.ms-windows.misc
[0.04328349 0.         0.         ... 0.         0.         0.        ],talk.religion.misc
[0.        0.        0.        ... 0.0713619 0.        0.       ],rec.sport.hockey
[0.         0.         0.         ... 0.04021902 0.         0.        ],sci.space
[0.        0.        0.        ... 0.0856618 0.        0.       ],comp.sys.mac.hardware
[0. 0. 0. ... 0. 0. 0.],sci.space
[0. 0. 0. ... 0. 0. 0.],alt.atheism
[0.         0.         0.         ... 0.         0.         0.07640182],talk.politics.guns
[0.         0.         0.         ... 0.07283699 0.         0.        ],talk.politics.guns
[0. 0. 0. ... 0. 0. 0.],comp.sys.mac.hardware
[0. 0. 0. ... 0. 0. 0.],sci.med
[0. 0. 0. ... 0. 0. 0.],comp.graphics
[0. 0. 0. ... 0. 0. 0.],rec.sport.baseball
[0. 0. 0. ... 0. 0. 0.],comp.graphics
[0. 0. 0. ... 0. 0. 0.],sci.med
[0. 0. 0. ... 0. 0. 0.],talk.politics.mideast
[0. 0. 0. ... 0. 0. 0.],alt.atheism
[0.         0.         0.         ... 0.04581469 0.         0.        ],comp.windows.x
[0.         0.         0.         ... 0.03275888 0.         0.        ],talk.politics.misc
[0. 0. 0. ... 0. 0. 0.],sci.space
[0. 0. 0. ... 0. 0. 0.],misc.forsale
[0.         0.         0.         ... 0.10803253 0.         0.        ],talk.religion.misc
[0. 0. 0. ... 0. 0. 0.],sci.space
[0. 0. 0. ... 0. 0. 0.],talk.religion.misc
[0. 0. 0. ... 0. 0. 0.],comp.os.ms-windows.misc
[0. 0. 0. ... 0. 0. 0.],sci.med
[0. 0. 0. ... 0. 0. 0.],rec.autos
[0.         0.         0.         ... 0.08287075 0.         0.        ],comp.sys.mac.hardware
[0. 0. 0. ... 0. 0. 0.],soc.religion.christian
[0.         0.         0.         ... 0.0329442  0.06588061 0.        ],comp.sys.ibm.pc.hardware
[0.         0.         0.         ... 0.06387716 0.         0.        ],comp.os.ms-windows.misc
[0. 0. 0. ... 0. 0. 0.],alt.atheism
[0.        0.        0.        ... 0.0704191 0.        0.       ],sci.med
[0.         0.         0.         ... 0.03268762 0.         0.        ],comp.sys.ibm.pc.hardware
[0.         0.         0.         ... 0.06454708 0.         0.        ],talk.politics.misc
[0. 0. 0. ... 0. 0. 0.],rec.motorcycles
[0. 0. 0. ... 0. 0. 0.],sci.electronics
[0. 0. 0. ... 0. 0. 0.],talk.politics.misc
[0.         0.         0.         ... 0.06478939 0.         0.        ],comp.windows.x
[0. 0. 0. ... 0. 0. 0.],comp.graphics
[0. 0. 0. ... 0. 0. 0.],sci.crypt
[0. 0. 0. ... 0. 0. 0.],rec.sport.hockey
[0. 0. 0. ... 0. 0. 0.],talk.politics.mideast
[0.         0.         0.         ... 0.03155994 0.         0.        ],talk.politics.mideast
[0. 0. 0. ... 0. 0. 0.],sci.space
[0.         0.04413035 0.         ... 0.         0.         0.        ],soc.religion.christian
[0.         0.         0.         ... 0.04844335 0.         0.        ],rec.autos
[0.        0.        0.        ... 0.0566126 0.        0.       ],sci.space
[0.         0.         0.         ... 0.15485348 0.         0.        ],sci.electronics
[0.         0.         0.         ... 0.06695542 0.         0.        ],sci.space
[0. 0. 0. ... 0. 0. 0.],rec.sport.hockey
[0. 0. 0. ... 0. 0. 0.],rec.sport.baseball
[0. 0. 0. ... 0. 0. 0.],comp.sys.mac.hardware
[0.         0.         0.         ... 0.05650511 0.         0.        ],soc.religion.christian
[0. 0. 0. ... 0. 0. 0.],sci.crypt
[0. 0. 0. ... 0. 0. 0.],sci.electronics
[0. 0. 0. ... 0. 0. 0.],talk.religion.misc
[0. 0. 0. ... 0. 0. 0.],comp.windows.x
[0. 0. 0. ... 0. 0. 0.],comp.sys.mac.hardware
[0. 0. 0. ... 0. 0. 0.],sci.crypt
[0. 0. 0. ... 0. 0. 0.],comp.graphics
[0.         0.         0.         ... 0.12352562 0.         0.        ],rec.autos
[0. 0. 0. ... 0. 0. 0.],talk.religion.misc
[0. 0. 0. ... 0. 0. 0.],sci.electronics
[0. 0. 0. ... 0. 0. 0.],rec.autos
[0. 0. 0. ... 0. 0. 0.],talk.politics.misc
[0. 0. 0. ... 0. 0. 0.],talk.politics.misc
[0. 0. 0. ... 0. 0. 0.],sci.crypt
[0.         0.         0.         ... 0.03164829 0.         0.        ],sci.crypt
[0.         0.         0.         ... 0.02824346 0.         0.        ],rec.sport.baseball
[0.         0.         0.         ... 0.03874134 0.         0.        ],sci.med
[0. 0. 0. ... 0. 0. 0.],comp.os.ms-windows.misc
[0. 0. 0. ... 0. 0. 0.],rec.autos
[0. 0. 0. ... 0. 0. 0.],comp.graphics
[0. 0. 0. ... 0. 0. 0.],comp.os.ms-windows.misc
[0. 0. 0. ... 0. 0. 0.],rec.sport.baseball
[0. 0. 0. ... 0. 0. 0.],talk.politics.misc
[0. 0. 0. ... 0. 0. 0.],rec.autos
[0. 0. 0. ... 0. 0. 0.],talk.politics.mideast
[0. 0. 0. ... 0. 0. 0.],talk.politics.misc
[0. 0. 0. ... 0. 0. 0.],misc.forsale
[0. 0. 0. ... 0. 0. 0.],comp.graphics
[0. 0. 0. ... 0. 0. 0.],comp.sys.ibm.pc.hardware
[0. 0. 0. ... 0. 0. 0.],comp.graphics
[0. 0. 0. ... 0. 0. 0.],talk.politics.misc
[0. 0. 0. ... 0. 0. 0.],sci.med
[0. 0. 0. ... 0. 0. 0.],rec.sport.hockey
[0. 0. 0. ... 0. 0. 0.],comp.os.ms-windows.misc
[0. 0. 0. ... 0. 0. 0.],rec.autos
[0. 0. 0. ... 0. 0. 0.],comp.graphics
[0.         0.         0.         ... 0.14318294 0.         0.        ],sci.crypt
[0. 0. 0. ... 0. 0. 0.],sci.med
[0. 0. 0. ... 0. 0. 0.],comp.sys.ibm.pc.hardware
[0. 0. 0. ... 0. 0. 0.],sci.electronics
[0. 0. 0. ... 0. 0. 0.],talk.religion.misc
[0. 0. 0. ... 0. 0. 0.],rec.autos
[0. 0. 0. ... 0. 0. 0.],talk.politics.guns
[0. 0. 0. ... 0. 0. 0.],soc.religion.christian
[0.        0.        0.        ... 0.0772787 0.        0.       ],rec.autos
[0. 0. 0. ... 0. 0. 0.],misc.forsale
[0. 0. 0. ... 0. 0. 0.],soc.religion.christian
[0. 0. 0. ... 0. 0. 0.],rec.autos
[0. 0. 0. ... 0. 0. 0.],sci.crypt
[0.         0.         0.         ... 0.05437988 0.         0.        ],sci.med
[0. 0. 0. ... 0. 0. 0.],comp.sys.mac.hardware
[0. 0. 0. ... 0. 0. 0.],sci.crypt
[0. 0. 0. ... 0. 0. 0.],comp.os.ms-windows.misc
[0. 0. 0. ... 0. 0. 0.],rec.sport.hockey
[0. 0. 0. ... 0. 0. 0.],comp.os.ms-windows.misc
[0.         0.         0.         ... 0.         0.04459112 0.        ],rec.sport.hockey
[0.        0.        0.        ... 0.0378658 0.        0.       ],talk.politics.guns
[0. 0. 0. ... 0. 0. 0.],comp.sys.ibm.pc.hardware
[0. 0. 0. ... 0. 0. 0.],rec.sport.hockey
[0.10905525 0.         0.         ... 0.07803453 0.         0.        ],rec.sport.hockey
[0. 0. 0. ... 0. 0. 0.],rec.sport.baseball
[0.         0.         0.         ... 0.04440158 0.         0.        ],sci.med
[0.         0.         0.         ... 0.07806895 0.         0.        ],misc.forsale
[0. 0. 0. ... 0. 0. 0.],talk.politics.mideast
[0.         0.         0.         ... 0.02410754 0.         0.        ],comp.os.ms-windows.misc
[0.         0.         0.         ... 0.06008809 0.         0.        ],sci.space
[0.        0.        0.        ... 0.1074395 0.        0.       ],misc.forsale
[0. 0. 0. ... 0. 0. 0.],rec.sport.hockey
[0.         0.         0.         ... 0.27965067 0.         0.        ],comp.graphics
[0. 0. 0. ... 0. 0. 0.],comp.os.ms-windows.misc
[0. 0. 0. ... 0. 0. 0.],talk.religion.misc
[0. 0. 0. ... 0. 0. 0.],rec.sport.baseball
[0.         0.         0.         ... 0.03883208 0.         0.        ],soc.religion.christian
[0. 0. 0. ... 0. 0. 0.],talk.politics.guns
[0.         0.         0.         ... 0.04327246 0.         0.        ],talk.politics.mideast
[0. 0. 0. ... 0. 0. 0.],comp.windows.x
[0. 0. 0. ... 0. 0. 0.],talk.politics.mideast
[0.         0.         0.         ... 0.         0.         0.13493429],talk.politics.mideast
[0. 0. 0. ... 0. 0. 0.],sci.med
[0.         0.         0.         ... 0.01671372 0.         0.        ],soc.religion.christian
[0. 0. 0. ... 0. 0. 0.],comp.graphics
[0. 0. 0. ... 0. 0. 0.],comp.sys.mac.hardware
[0.         0.         0.         ... 0.03493743 0.         0.        ],rec.sport.hockey
[0. 0. 0. ... 0. 0. 0.],misc.forsale
[0. 0. 0. ... 0. 0. 0.],comp.graphics
[0.         0.07549665 0.         ... 0.         0.         0.        ],comp.sys.ibm.pc.hardware
[0.         0.         0.         ... 0.02134253 0.         0.        ],rec.sport.baseball
[0.         0.         0.         ... 0.03961762 0.         0.        ],soc.religion.christian
[0. 0. 0. ... 0. 0. 0.],talk.politics.mideast
[0. 0. 0. ... 0. 0. 0.],rec.sport.baseball
[0.11326966 0.         0.06700123 ... 0.         0.         0.        ],comp.sys.mac.hardware
[0. 0. 0. ... 0. 0. 0.],alt.atheism
[0. 0. 0. ... 0. 0. 0.],comp.windows.x
[0.23069023 0.         0.         ... 0.         0.         0.        ],sci.med
[0. 0. 0. ... 0. 0. 0.],sci.space
[0. 0. 0. ... 0. 0. 0.],talk.politics.guns
[0. 0. 0. ... 0. 0. 0.],sci.med
[0. 0. 0. ... 0. 0. 0.],rec.autos
[0.08010953 0.         0.         ... 0.         0.         0.        ],rec.sport.hockey
[0.         0.         0.         ... 0.05688568 0.         0.        ],rec.sport.hockey
[0. 0. 0. ... 0. 0. 0.],comp.sys.mac.hardware
[0.12196529 0.         0.         ... 0.         0.         0.        ],rec.autos
[0. 0. 0. ... 0. 0. 0.],rec.autos
[0. 0. 0. ... 0. 0. 0.],misc.forsale
[0.         0.         0.         ... 0.07103705 0.         0.        ],talk.politics.misc
[0.        0.        0.        ... 0.1146703 0.        0.       ],sci.space
[0. 0. 0. ... 0. 0. 0.],comp.sys.ibm.pc.hardware
[0. 0. 0. ... 0. 0. 0.],soc.religion.christian
[0. 0. 0. ... 0. 0. 0.],sci.med
[0.         0.         0.         ... 0.02728523 0.         0.        ],rec.sport.baseball
[0.         0.         0.         ... 0.07210352 0.         0.        ],soc.religion.christian
[0. 0. 0. ... 0. 0. 0.],rec.autos
[0.         0.         0.         ... 0.03033011 0.         0.        ],sci.electronics
[0. 0. 0. ... 0. 0. 0.],comp.sys.mac.hardware
[0. 0. 0. ... 0. 0. 0.],talk.politics.mideast
[0. 0. 0. ... 0. 0. 0.],comp.graphics
[0. 0. 0. ... 0. 0. 0.],rec.sport.hockey
[0.         0.03211328 0.         ... 0.         0.         0.        ],rec.sport.baseball
[0. 0. 0. ... 0. 0. 0.],talk.politics.guns
[0. 0. 0. ... 0. 0. 0.],soc.religion.christian
[0. 0. 0. ... 0. 0. 0.],comp.sys.mac.hardware
[0. 0. 0. ... 0. 0. 0.],misc.forsale
[0.         0.         0.         ... 0.04285936 0.         0.        ],sci.space
[0.         0.         0.         ... 0.05163207 0.         0.        ],talk.politics.mideast
[0. 0. 0. ... 0. 0. 0.],rec.motorcycles
[0.         0.07476585 0.         ... 0.04900788 0.01960084 0.        ],sci.electronics
[0. 0. 0. ... 0. 0. 0.],comp.os.ms-windows.misc
[0. 0. 0. ... 0. 0. 0.],comp.sys.ibm.pc.hardware
[0. 0. 0. ... 0. 0. 0.],comp.os.ms-windows.misc
[0. 0. 0. ... 0. 0. 0.],sci.med
[0.         0.         0.         ... 0.09657388 0.         0.        ],comp.windows.x
[0.         0.         0.         ... 0.04572484 0.         0.        ],sci.electronics
[0.        0.        0.        ... 0.0216104 0.        0.       ],misc.forsale
[0. 0. 0. ... 0. 0. 0.],alt.atheism
[0. 0. 0. ... 0. 0. 0.],rec.sport.baseball
[0. 0. 0. ... 0. 0. 0.],rec.autos
[0. 0. 0. ... 0. 0. 0.],alt.atheism
[0. 0. 0. ... 0. 0. 0.],sci.crypt
[0. 0. 0. ... 0. 0. 0.],rec.motorcycles
[0. 0. 0. ... 0. 0. 0.],talk.religion.misc
[0. 0. 0. ... 0. 0. 0.],rec.sport.hockey
[0. 0. 0. ... 0. 0. 0.],comp.sys.mac.hardware
[0. 0. 0. ... 0. 0. 0.],comp.sys.ibm.pc.hardware
[0. 0. 0. ... 0. 0. 0.],comp.os.ms-windows.misc
[0. 0. 0. ... 0. 0. 0.],sci.electronics
[0. 0. 0. ... 0. 0. 0.],rec.sport.hockey
[0.        0.        0.        ... 0.0271986 0.        0.       ],talk.politics.mideast
[0.         0.         0.         ... 0.05464427 0.         0.        ],comp.windows.x
[0. 0. 0. ... 0. 0. 0.],sci.electronics
[0.         0.         0.         ... 0.05367259 0.         0.        ],comp.graphics
[0. 0. 0. ... 0. 0. 0.],misc.forsale
[0. 0. 0. ... 0. 0. 0.],rec.sport.baseball
[0.         0.         0.         ... 0.12184781 0.         0.        ],comp.sys.ibm.pc.hardware
[0. 0. 0. ... 0. 0. 0.],rec.motorcycles
[0.         0.07223809 0.         ... 0.         0.         0.        ],rec.motorcycles
[0.         0.         0.         ... 0.         0.         0.13778733],sci.electronics
[0. 0. 0. ... 0. 0. 0.],misc.forsale
[0. 0. 0. ... 0. 0. 0.],sci.crypt
[0. 0. 0. ... 0. 0. 0.],soc.religion.christian
[0. 0. 0. ... 0. 0. 0.],sci.space
[0. 0. 0. ... 0. 0. 0.],sci.crypt
[0. 0. 0. ... 0. 0. 0.],comp.sys.ibm.pc.hardware
[0.         0.         0.         ... 0.03646103 0.         0.        ],rec.sport.baseball
[0. 0. 0. ... 0. 0. 0.],talk.politics.misc
[0. 0. 0. ... 0. 0. 0.],alt.atheism
[0. 0. 0. ... 0. 0. 0.],talk.politics.guns
[0. 0. 0. ... 0. 0. 0.],sci.crypt
[0. 0. 0. ... 0. 0. 0.],comp.os.ms-windows.misc
[0. 0. 0. ... 0. 0. 0.],sci.crypt
[0.         0.         0.         ... 0.05128536 0.         0.        ],rec.sport.hockey
[0. 0. 0. ... 0. 0. 0.],talk.politics.misc
[0.         0.         0.         ... 0.20902502 0.         0.        ],sci.space
[0. 0. 0. ... 0. 0. 0.],comp.sys.ibm.pc.hardware
[0. 0. 0. ... 0. 0. 0.],misc.forsale
[0.         0.         0.15521191 ... 0.         0.         0.        ],rec.autos
[0. 0. 0. ... 0. 0. 0.],alt.atheism
[0.02505994 0.         0.         ... 0.02689747 0.         0.        ],rec.autos
[0. 0. 0. ... 0. 0. 0.],sci.electronics
[0. 0. 0. ... 0. 0. 0.],sci.med
[0. 0. 0. ... 0. 0. 0.],rec.autos
[0.         0.         0.         ... 0.05418385 0.         0.        ],sci.crypt
[0. 0. 0. ... 0. 0. 0.],talk.politics.mideast
[0. 0. 0. ... 0. 0. 0.],rec.sport.baseball
[0.         0.         0.         ... 0.01198476 0.         0.        ],sci.med
[0.         0.13908214 0.         ... 0.         0.         0.        ],sci.electronics
[0.         0.09682229 0.         ... 0.         0.         0.        ],comp.graphics
[0. 0. 0. ... 0. 0. 0.],comp.graphics
[0. 0. 0. ... 0. 0. 0.],rec.sport.baseball
[0. 0. 0. ... 0. 0. 0.],talk.religion.misc
[0. 0. 0. ... 0. 0. 0.],comp.windows.x
[0.         0.         0.         ... 0.01989381 0.03978292 0.        ],comp.sys.mac.hardware
[0. 0. 0. ... 0. 0. 0.],talk.politics.misc
[0.         0.         0.         ... 0.04357549 0.         0.        ],alt.atheism
[0. 0. 0. ... 0. 0. 0.],talk.politics.misc
[0. 0. 0. ... 0. 0. 0.],talk.religion.misc
[0.         0.         0.         ... 0.04180025 0.         0.        ],rec.autos
[0.         0.         0.         ... 0.         0.         0.12264103],sci.med
[0. 0. 0. ... 0. 0. 0.],sci.electronics
[0.        0.        0.        ... 0.0228695 0.        0.       ],sci.electronics
[0. 0. 0. ... 0. 0. 0.],comp.windows.x
[0. 0. 0. ... 0. 0. 0.],talk.religion.misc
[0. 0. 0. ... 0. 0. 0.],rec.motorcycles
[0. 0. 0. ... 0. 0. 0.],alt.atheism
[0.         0.07392283 0.         ... 0.03876424 0.         0.        ],sci.med
[0. 0. 0. ... 0. 0. 0.],sci.crypt
[0. 0. 0. ... 0. 0. 0.],misc.forsale
[0.         0.         0.         ... 0.09514584 0.         0.        ],comp.sys.ibm.pc.hardware
[0. 0. 0. ... 0. 0. 0.],talk.religion.misc
[0.         0.         0.         ... 0.05162235 0.         0.        ],talk.politics.misc
[0.         0.         0.         ... 0.04471335 0.08941614 0.        ],rec.autos
[0. 0. 0. ... 0. 0. 0.],misc.forsale
[0.         0.         0.         ... 0.07988868 0.         0.        ],rec.autos
[0. 0. 0. ... 0. 0. 0.],comp.graphics
[0.        0.        0.1150655 ... 0.        0.        0.       ],comp.os.ms-windows.misc
[0. 0. 0. ... 0. 0. 0.],comp.graphics
[0. 0. 0. ... 0. 0. 0.],comp.sys.mac.hardware
[0. 0. 0. ... 0. 0. 0.],sci.space
[0.         0.         0.         ... 0.         0.15332035 0.        ],rec.motorcycles
[0. 0. 0. ... 0. 0. 0.],sci.med
[0. 0. 0. ... 0. 0. 0.],talk.religion.misc
[0. 0. 0. ... 0. 0. 0.],talk.politics.guns
[0.         0.         0.         ... 0.01808926 0.         0.        ],comp.graphics
[0.         0.         0.         ... 0.09316328 0.         0.        ],rec.sport.hockey
[0.         0.03304988 0.         ... 0.         0.         0.        ],sci.crypt
[0. 0. 0. ... 0. 0. 0.],rec.sport.baseball
[0. 0. 0. ... 0. 0. 0.],talk.politics.misc
[0. 0. 0. ... 0. 0. 0.],comp.sys.ibm.pc.hardware
[0. 0. 0. ... 0. 0. 0.],alt.atheism
[0. 0. 0. ... 0. 0. 0.],comp.windows.x
[0. 0. 0. ... 0. 0. 0.],comp.sys.mac.hardware
[0. 0. 0. ... 0. 0. 0.],sci.electronics
[0.         0.         0.         ... 0.02746735 0.05492822 0.        ],comp.sys.ibm.pc.hardware
[0. 0. 0. ... 0. 0. 0.],rec.sport.baseball
[0.         0.         0.         ... 0.01123643 0.         0.        ],comp.sys.mac.hardware
[0.         0.         0.         ... 0.03944106 0.         0.        ],rec.motorcycles
[0.         0.         0.         ... 0.05292792 0.         0.        ],rec.sport.baseball
[0. 0. 0. ... 0. 0. 0.],sci.crypt
[0.         0.         0.         ... 0.20075058 0.         0.        ],sci.med
[0.         0.0369827  0.         ... 0.07757311 0.         0.        ],comp.sys.mac.hardware
[0.03265848 0.         0.         ... 0.         0.         0.        ],comp.os.ms-windows.misc
[0. 0. 0. ... 0. 0. 0.],sci.med
[0.17670476 0.         0.         ... 0.         0.         0.        ],sci.electronics
[0. 0. 0. ... 0. 0. 0.],rec.sport.baseball
[0. 0. 0. ... 0. 0. 0.],rec.autos
[0. 0. 0. ... 0. 0. 0.],comp.os.ms-windows.misc
[0. 0. 0. ... 0. 0. 0.],misc.forsale
[0.         0.         0.         ... 0.10094683 0.         0.        ],talk.politics.guns
[0.         0.         0.         ... 0.02117738 0.         0.        ],comp.os.ms-windows.misc
[0. 0. 0. ... 0. 0. 0.],comp.sys.ibm.pc.hardware
[0. 0. 0. ... 0. 0. 0.],sci.med
[0.         0.         0.         ... 0.05869509 0.03912544 0.        ],rec.sport.baseball
[0. 0. 0. ... 0. 0. 0.],comp.sys.mac.hardware
[0. 0. 0. ... 0. 0. 0.],sci.med
[0. 0. 0. ... 0. 0. 0.],alt.atheism
[0.14873667 0.         0.         ... 0.         0.         0.        ],sci.electronics
[0. 0. 0. ... 0. 0. 0.],sci.electronics
[0. 0. 0. ... 0. 0. 0.],sci.crypt
[0. 0. 0. ... 0. 0. 0.],sci.med
[0.         0.         0.         ... 0.17377885 0.         0.        ],sci.crypt
[0. 0. 0. ... 0. 0. 0.],rec.autos
[0. 0. 0. ... 0. 0. 0.],comp.os.ms-windows.misc
[0. 0. 0. ... 0. 0. 0.],talk.religion.misc
[0. 0. 0. ... 0. 0. 0.],sci.crypt
[0. 0. 0. ... 0. 0. 0.],comp.windows.x
[0.        0.        0.        ... 0.        0.0843081 0.       ],sci.crypt
[0. 0. 0. ... 0. 0. 0.],sci.med
[0. 0. 0. ... 0. 0. 0.],soc.religion.christian
[0. 0. 0. ... 0. 0. 0.],soc.religion.christian
[0.         0.         0.         ... 0.02857204 0.         0.        ],rec.sport.baseball
[0. 0. 0. ... 0. 0. 0.],rec.sport.baseball
[0.         0.         0.         ... 0.21376089 0.         0.        ],rec.sport.hockey
[0. 0. 0. ... 0. 0. 0.],talk.religion.misc
[0. 0. 0. ... 0. 0. 0.],rec.autos
[0.00835032 0.         0.         ... 0.00224065 0.         0.        ],rec.sport.baseball
[0.         0.         0.         ... 0.00960552 0.         0.        ],talk.politics.guns
[0.         0.0112074  0.         ... 0.01763108 0.01175266 0.        ],comp.graphics
[0. 0. 0. ... 0. 0. 0.],sci.crypt
[0.         0.         0.         ... 0.00950444 0.         0.        ],sci.med
[0.         0.         0.         ... 0.07169847 0.         0.        ],sci.electronics
[0. 0. 0. ... 0. 0. 0.],sci.space
[0. 0. 0. ... 0. 0. 0.],comp.windows.x
[0. 0. 0. ... 0. 0. 0.],sci.crypt
[0. 0. 0. ... 0. 0. 0.],rec.motorcycles
[0. 0. 0. ... 0. 0. 0.],comp.graphics
[0. 0. 0. ... 0. 0. 0.],misc.forsale
[0. 0. 0. ... 0. 0. 0.],alt.atheism
[0.         0.         0.         ... 0.13663458 0.         0.        ],comp.os.ms-windows.misc
[0.         0.         0.         ... 0.03770187 0.07539483 0.        ],comp.sys.mac.hardware
[0. 0. 0. ... 0. 0. 0.],misc.forsale
[0. 0. 0. ... 0. 0. 0.],sci.electronics
[0. 0. 0. ... 0. 0. 0.],comp.sys.ibm.pc.hardware
[0.         0.         0.         ... 0.05773342 0.         0.        ],comp.sys.mac.hardware
[0. 0. 0. ... 0. 0. 0.],comp.sys.ibm.pc.hardware
[0. 0. 0. ... 0. 0. 0.],comp.graphics
[0. 0. 0. ... 0. 0. 0.],rec.autos
[0. 0. 0. ... 0. 0. 0.],sci.electronics
[0. 0. 0. ... 0. 0. 0.],soc.religion.christian
[0.         0.         0.         ... 0.04817696 0.1926851  0.        ],talk.politics.guns
[0. 0. 0. ... 0. 0. 0.],sci.med
[0.        0.        0.        ... 0.0151459 0.        0.       ],talk.politics.guns
[0. 0. 0. ... 0. 0. 0.],comp.sys.ibm.pc.hardware
[0. 0. 0. ... 0. 0. 0.],talk.politics.mideast
[0. 0. 0. ... 0. 0. 0.],sci.electronics
[0. 0. 0. ... 0. 0. 0.],rec.autos
[0. 0. 0. ... 0. 0. 0.],talk.religion.misc
[0.22740144 0.         0.         ... 0.         0.         0.        ],talk.politics.mideast
[0. 0. 0. ... 0. 0. 0.],sci.med
[0.         0.         0.         ... 0.02620182 0.         0.        ],misc.forsale
[0.         0.         0.10568859 ... 0.         0.         0.        ],sci.crypt
[0.         0.0046921  0.         ... 0.04674913 0.         0.        ],talk.politics.misc
[0.         0.         0.         ... 0.06779342 0.         0.        ],comp.windows.x
[0.         0.         0.         ... 0.11464048 0.         0.        ],misc.forsale
[0. 0. 0. ... 0. 0. 0.],talk.politics.misc
[0. 0. 0. ... 0. 0. 0.],sci.crypt
[0. 0. 0. ... 0. 0. 0.],talk.religion.misc
[0. 0. 0. ... 0. 0. 0.],alt.atheism
[0.         0.         0.         ... 0.03185896 0.         0.        ],rec.autos
[0.         0.05680186 0.         ... 0.         0.         0.        ],misc.forsale
[0. 0. 0. ... 0. 0. 0.],rec.sport.baseball
[0.         0.         0.         ... 0.01540085 0.         0.        ],comp.os.ms-windows.misc
[0. 0. 0. ... 0. 0. 0.],soc.religion.christian
[0.         0.         0.         ... 0.05334292 0.         0.        ],rec.sport.hockey
[0. 0. 0. ... 0. 0. 0.],comp.windows.x
[0. 0. 0. ... 0. 0. 0.],sci.crypt
[0. 0. 0. ... 0. 0. 0.],sci.electronics
[0. 0. 0. ... 0. 0. 0.],comp.sys.ibm.pc.hardware
[0. 0. 0. ... 0. 0. 0.],rec.sport.baseball
[0. 0. 0. ... 0. 0. 0.],comp.graphics
[0. 0. 0. ... 0. 0. 0.],sci.med
[0.2945933 0.        0.        ... 0.        0.        0.       ],sci.space
[0. 0. 0. ... 0. 0. 0.],soc.religion.christian
[0. 0. 0. ... 0. 0. 0.],alt.atheism
[0. 0. 0. ... 0. 0. 0.],sci.electronics
[0. 0. 0. ... 0. 0. 0.],comp.graphics
[0. 0. 0. ... 0. 0. 0.],comp.windows.x
[0. 0. 0. ... 0. 0. 0.],rec.sport.baseball
[0.         0.         0.13749141 ... 0.         0.         0.        ],sci.crypt
[0. 0. 0. ... 0. 0. 0.],talk.politics.mideast
[0. 0. 0. ... 0. 0. 0.],talk.politics.guns
[0. 0. 0. ... 0. 0. 0.],rec.autos
[0. 0. 0. ... 0. 0. 0.],comp.graphics
[0. 0. 0. ... 0. 0. 0.],soc.religion.christian
[0.         0.         0.         ... 0.10191629 0.         0.        ],comp.os.ms-windows.misc
[0. 0. 0. ... 0. 0. 0.],rec.autos
[0. 0. 0. ... 0. 0. 0.],talk.religion.misc
[0.06458745 0.         0.         ... 0.03466169 0.         0.        ],misc.forsale
[0. 0. 0. ... 0. 0. 0.],rec.sport.baseball
[0. 0. 0. ... 0. 0. 0.],comp.os.ms-windows.misc
[0. 0. 0. ... 0. 0. 0.],rec.sport.baseball
[0. 0. 0. ... 0. 0. 0.],sci.med
[0. 0. 0. ... 0. 0. 0.],rec.autos
[0.         0.         0.         ... 0.02283926 0.         0.        ],sci.crypt
[0. 0. 0. ... 0. 0. 0.],rec.autos
[0.         0.         0.         ... 0.04113298 0.         0.        ],sci.med
[0.         0.         0.         ... 0.03896773 0.         0.        ],soc.religion.christian
[0.         0.         0.         ... 0.08407986 0.         0.        ],comp.os.ms-windows.misc
[0. 0. 0. ... 0. 0. 0.],rec.autos
[0. 0. 0. ... 0. 0. 0.],talk.religion.misc
[0.         0.         0.         ... 0.03359348 0.         0.08637438],talk.politics.misc
[0. 0. 0. ... 0. 0. 0.],misc.forsale
[0. 0. 0. ... 0. 0. 0.],sci.crypt
[0.         0.         0.         ... 0.08115025 0.         0.        ],talk.religion.misc
[0. 0. 0. ... 0. 0. 0.],soc.religion.christian
[0. 0. 0. ... 0. 0. 0.],talk.politics.misc
[0. 0. 0. ... 0. 0. 0.],rec.motorcycles
[0.         0.07221361 0.         ... 0.03786794 0.         0.        ],talk.politics.guns
[0. 0. 0. ... 0. 0. 0.],comp.sys.mac.hardware
[0. 0. 0. ... 0. 0. 0.],sci.electronics
[0. 0. 0. ... 0. 0. 0.],rec.sport.hockey
[0. 0. 0. ... 0. 0. 0.],comp.windows.x
[0. 0. 0. ... 0. 0. 0.],rec.autos
[0.         0.         0.         ... 0.05444628 0.         0.        ],talk.politics.mideast
[0. 0. 0. ... 0. 0. 0.],comp.sys.mac.hardware
[0.         0.39347169 0.         ... 0.         0.         0.        ],talk.politics.misc
[0.         0.         0.         ... 0.07180685 0.         0.        ],talk.politics.mideast
[0.         0.         0.         ... 0.07646352 0.         0.        ],sci.crypt
[0.       0.       0.       ... 0.129486 0.       0.      ],sci.crypt
[0.         0.         0.         ... 0.         0.19022796 0.        ],comp.windows.x
[0.25678413 0.         0.         ... 0.         0.         0.        ],talk.religion.misc
[0.1070545 0.        0.        ... 0.        0.        0.       ],rec.sport.hockey
[0. 0. 0. ... 0. 0. 0.],misc.forsale
[0. 0. 0. ... 0. 0. 0.],comp.graphics
[0.         0.         0.         ... 0.         0.         0.12903047],comp.sys.mac.hardware
[0. 0. 0. ... 0. 0. 0.],sci.crypt
[0. 0. 0. ... 0. 0. 0.],comp.os.ms-windows.misc
[0. 0. 0. ... 0. 0. 0.],sci.electronics
[0.         0.         0.         ... 0.09052288 0.         0.        ],rec.sport.baseball
[0. 0. 0. ... 0. 0. 0.],talk.politics.mideast
[0. 0. 0. ... 0. 0. 0.],comp.graphics
[0.66703942 0.         0.         ... 0.         0.         0.        ],sci.electronics
[0. 0. 0. ... 0. 0. 0.],talk.politics.guns
[0. 0. 0. ... 0. 0. 0.],comp.sys.mac.hardware
[0. 0. 0. ... 0. 0. 0.],misc.forsale
[0. 0. 0. ... 0. 0. 0.],comp.sys.mac.hardware
[0. 0. 0. ... 0. 0. 0.],sci.crypt
[0.         0.         0.         ... 0.03107828 0.         0.        ],comp.sys.ibm.pc.hardware
[0. 0. 0. ... 0. 0. 0.],talk.politics.mideast
[0. 0. 0. ... 0. 0. 0.],comp.windows.x
[0. 0. 0. ... 0. 0. 0.],soc.religion.christian
[0. 0. 0. ... 0. 0. 0.],sci.crypt
[0. 0. 0. ... 0. 0. 0.],comp.windows.x
[0. 0. 0. ... 0. 0. 0.],sci.crypt
[0.         0.05641768 0.         ... 0.02958475 0.         0.        ],talk.religion.misc
[0. 0. 0. ... 0. 0. 0.],comp.graphics
[0. 0. 0. ... 0. 0. 0.],rec.motorcycles
[0. 0. 0. ... 0. 0. 0.],sci.space
[0. 0. 0. ... 0. 0. 0.],rec.sport.baseball
[0. 0. 0. ... 0. 0. 0.],comp.sys.mac.hardware
[0.         0.09528713 0.         ... 0.04996742 0.         0.        ],sci.electronics
[0. 0. 0. ... 0. 0. 0.],misc.forsale
[0.       0.       0.       ... 0.048481 0.       0.      ],comp.sys.ibm.pc.hardware
[0. 0. 0. ... 0. 0. 0.],rec.sport.baseball
[0.         0.         0.         ... 0.04230238 0.         0.        ],talk.politics.mideast
[0.         0.         0.         ... 0.04577132 0.         0.        ],rec.autos
[0.         0.         0.         ... 0.05402415 0.         0.        ],talk.politics.guns
[0.         0.         0.         ... 0.16049517 0.         0.        ],talk.politics.mideast
[0.         0.         0.         ... 0.03146123 0.         0.        ],rec.sport.hockey
[0. 0. 0. ... 0. 0. 0.],soc.religion.christian
[0. 0. 0. ... 0. 0. 0.],comp.os.ms-windows.misc
[0. 0. 0. ... 0. 0. 0.],comp.windows.x
[0.         0.         0.         ... 0.03413558 0.         0.        ],talk.politics.mideast
[0. 0. 0. ... 0. 0. 0.],comp.windows.x
[0. 0. 0. ... 0. 0. 0.],comp.graphics
[0.       0.       0.       ... 0.031232 0.       0.      ],sci.electronics
[0. 0. 0. ... 0. 0. 0.],alt.atheism
[0. 0. 0. ... 0. 0. 0.],sci.crypt
[0.         0.06512219 0.         ... 0.         0.         0.        ],rec.autos
[0.         0.08482619 0.         ... 0.04448182 0.         0.        ],misc.forsale
[0.         0.         0.         ... 0.         0.04355624 0.        ],comp.windows.x
[0. 0. 0. ... 0. 0. 0.],comp.sys.ibm.pc.hardware
[0. 0. 0. ... 0. 0. 0.],rec.sport.baseball
[0. 0. 0. ... 0. 0. 0.],comp.sys.mac.hardware
[0. 0. 0. ... 0. 0. 0.],sci.space
[0. 0. 0. ... 0. 0. 0.],talk.politics.mideast
[0.         0.         0.         ... 0.03877116 0.         0.        ],rec.motorcycles
[0. 0. 0. ... 0. 0. 0.],alt.atheism
[0. 0. 0. ... 0. 0. 0.],rec.sport.baseball
[0. 0. 0. ... 0. 0. 0.],comp.sys.ibm.pc.hardware
[0. 0. 0. ... 0. 0. 0.],comp.sys.ibm.pc.hardware
[0.         0.         0.         ... 0.06540793 0.         0.        ],comp.graphics
[0. 0. 0. ... 0. 0. 0.],sci.crypt
[0.         0.         0.         ... 0.2211108  0.09825987 0.        ],alt.atheism
[0.         0.         0.         ... 0.14705242 0.         0.        ],rec.motorcycles
[0. 0. 0. ... 0. 0. 0.],rec.motorcycles
[0.         0.         0.         ... 0.04385536 0.04385019 0.        ],soc.religion.christian
[0. 0. 0. ... 0. 0. 0.],sci.med
[0.        0.        0.        ... 0.0461294 0.        0.       ],comp.os.ms-windows.misc
[0. 0. 0. ... 0. 0. 0.],comp.windows.x
[0.         0.         0.         ... 0.03841441 0.         0.        ],sci.space
[0. 0. 0. ... 0. 0. 0.],sci.med
[0. 0. 0. ... 0. 0. 0.],comp.sys.mac.hardware
[0. 0. 0. ... 0. 0. 0.],rec.motorcycles
[0. 0. 0. ... 0. 0. 0.],comp.os.ms-windows.misc
[0.         0.         0.         ... 0.07809284 0.         0.        ],comp.os.ms-windows.misc
[0. 0. 0. ... 0. 0. 0.],talk.politics.guns
[0. 0. 0. ... 0. 0. 0.],rec.sport.hockey
[0. 0. 0. ... 0. 0. 0.],sci.space
[0. 0. 0. ... 0. 0. 0.],comp.sys.mac.hardware
[0. 0. 0. ... 0. 0. 0.],comp.sys.ibm.pc.hardware
[0. 0. 0. ... 0. 0. 0.],comp.windows.x
[0. 0. 0. ... 0. 0. 0.],sci.electronics
[0. 0. 0. ... 0. 0. 0.],rec.sport.baseball
[0.         0.         0.         ... 0.12049674 0.         0.        ],soc.religion.christian
[0. 0. 0. ... 0. 0. 0.],sci.electronics
[0. 0. 0. ... 0. 0. 0.],comp.graphics
[0. 0. 0. ... 0. 0. 0.],sci.electronics
[0.         0.         0.         ... 0.00999417 0.         0.        ],comp.sys.mac.hardware
[0. 0. 0. ... 0. 0. 0.],misc.forsale
[0. 0. 0. ... 0. 0. 0.],rec.autos
[0. 0. 0. ... 0. 0. 0.],rec.sport.baseball
[0. 0. 0. ... 0. 0. 0.],rec.sport.hockey
[0. 0. 0. ... 0. 0. 0.],rec.motorcycles
[0.         0.         0.         ... 0.07210108 0.         0.        ],sci.space
[0.         0.         0.         ... 0.06503239 0.         0.        ],alt.atheism
[0.         0.         0.         ... 0.05451456 0.         0.        ],comp.windows.x
[0.08102801 0.         0.05161656 ... 0.00334498 0.         0.00860049],comp.sys.mac.hardware
[0. 0. 0. ... 0. 0. 0.],sci.electronics
[0. 0. 0. ... 0. 0. 0.],talk.politics.mideast
[0. 0. 0. ... 0. 0. 0.],comp.windows.x
[0. 0. 0. ... 0. 0. 0.],rec.sport.baseball
[0. 0. 0. ... 0. 0. 0.],rec.sport.hockey
[0.         0.         0.         ... 0.         0.02540708 0.        ],comp.os.ms-windows.misc
[0. 0. 0. ... 0. 0. 0.],sci.med
[0. 0. 0. ... 0. 0. 0.],sci.crypt
[0.         0.         0.         ... 0.13805116 0.         0.        ],sci.space
[0.         0.02806232 0.         ... 0.01471554 0.         0.        ],sci.crypt
[0.         0.         0.         ... 0.10897151 0.         0.        ],alt.atheism
[0. 0. 0. ... 0. 0. 0.],rec.sport.baseball
[0. 0. 0. ... 0. 0. 0.],comp.graphics
[0. 0. 0. ... 0. 0. 0.],rec.sport.baseball
[0.         0.         0.         ... 0.02931179 0.         0.        ],misc.forsale
[0. 0. 0. ... 0. 0. 0.],comp.windows.x
[0.         0.         0.         ... 0.03110694 0.         0.        ],rec.motorcycles
[0.         0.         0.         ... 0.05347704 0.         0.        ],sci.crypt
[0. 0. 0. ... 0. 0. 0.],sci.space
[0. 0. 0. ... 0. 0. 0.],rec.autos
[0. 0. 0. ... 0. 0. 0.],misc.forsale
[0. 0. 0. ... 0. 0. 0.],rec.sport.baseball
[0.         0.         0.         ... 0.03681789 0.         0.        ],sci.med
[0. 0. 0. ... 0. 0. 0.],sci.med
[0.17344351 0.         0.         ... 0.         0.         0.        ],rec.autos
[0. 0. 0. ... 0. 0. 0.],talk.politics.mideast
[0. 0. 0. ... 0. 0. 0.],sci.crypt
[0. 0. 0. ... 0. 0. 0.],sci.space
[0. 0. 0. ... 0. 0. 0.],sci.crypt
[0. 0. 0. ... 0. 0. 0.],rec.motorcycles
[0.         0.         0.         ... 0.01125849 0.         0.        ],sci.electronics
[0. 0. 0. ... 0. 0. 0.],rec.sport.baseball
[0.23647781 0.         0.27976254 ... 0.         0.         0.        ],rec.sport.hockey
[0. 0. 0. ... 0. 0. 0.],talk.politics.mideast
[0. 0. 0. ... 0. 0. 0.],sci.electronics
[0. 0. 0. ... 0. 0. 0.],sci.crypt
[0. 0. 0. ... 0. 0. 0.],rec.sport.baseball
[0. 0. 0. ... 0. 0. 0.],comp.os.ms-windows.misc
[0.         0.         0.02580487 ... 0.         0.         0.        ],talk.politics.misc
[0.         0.         0.         ... 0.06403065 0.         0.        ],comp.sys.ibm.pc.hardware
[0. 0. 0. ... 0. 0. 0.],sci.med
[0.         0.         0.         ... 0.03225217 0.         0.        ],alt.atheism
[0.         0.04554312 0.         ... 0.04776452 0.         0.        ],alt.atheism
[0. 0. 0. ... 0. 0. 0.],comp.graphics
[0.03391604 0.         0.         ... 0.         0.         0.        ],comp.graphics
[0. 0. 0. ... 0. 0. 0.],sci.crypt
[0. 0. 0. ... 0. 0. 0.],sci.electronics
[0.         0.         0.         ... 0.12547936 0.         0.        ],sci.electronics
[0.         0.         0.         ... 0.11240602 0.         0.        ],sci.electronics
[0. 0. 0. ... 0. 0. 0.],comp.sys.ibm.pc.hardware
[0. 0. 0. ... 0. 0. 0.],talk.politics.misc
[0.         0.         0.         ... 0.26028411 0.         0.        ],sci.med
[0.         0.         0.         ... 0.07113203 0.01778091 0.        ],rec.motorcycles
[0. 0. 0. ... 0. 0. 0.],talk.politics.mideast
[0.         0.         0.         ... 0.09581505 0.         0.        ],comp.windows.x
[0.3489046  0.         0.         ... 0.06241471 0.         0.        ],sci.crypt
[0. 0. 0. ... 0. 0. 0.],sci.space
[0. 0. 0. ... 0. 0. 0.],rec.sport.hockey
[0. 0. 0. ... 0. 0. 0.],comp.graphics
[0. 0. 0. ... 0. 0. 0.],talk.politics.mideast
[0. 0. 0. ... 0. 0. 0.],rec.sport.hockey
[0.         0.         0.         ... 0.06605023 0.         0.        ],talk.religion.misc
[0. 0. 0. ... 0. 0. 0.],rec.motorcycles
[0. 0. 0. ... 0. 0. 0.],talk.politics.misc
[0.         0.         0.         ... 0.12114365 0.         0.        ],comp.os.ms-windows.misc
[0.08195193 0.         0.         ... 0.         0.         0.        ],comp.graphics
[0.         0.         0.         ... 0.07017668 0.         0.        ],talk.politics.guns
[0. 0. 0. ... 0. 0. 0.],sci.space
[0. 0. 0. ... 0. 0. 0.],misc.forsale
[0. 0. 0. ... 0. 0. 0.],sci.space
[0. 0. 0. ... 0. 0. 0.],talk.politics.guns
[0.         0.         0.         ... 0.04976129 0.         0.        ],sci.med
[0.         0.         0.         ... 0.02833292 0.         0.        ],talk.politics.mideast
[0. 0. 0. ... 0. 0. 0.],sci.space
[0. 0. 0. ... 0. 0. 0.],comp.sys.mac.hardware
[0.         0.         0.         ... 0.09437711 0.02359149 0.        ],sci.med
[0. 0. 0. ... 0. 0. 0.],alt.atheism
[0. 0. 0. ... 0. 0. 0.],sci.med
[0. 0. 0. ... 0. 0. 0.],comp.sys.mac.hardware
[0. 0. 0. ... 0. 0. 0.],comp.windows.x
[0. 0. 0. ... 0. 0. 0.],comp.sys.ibm.pc.hardware
[0. 0. 0. ... 0. 0. 0.],comp.windows.x
[0. 0. 0. ... 0. 0. 0.],rec.autos
[0. 0. 0. ... 0. 0. 0.],rec.autos
[0. 0. 0. ... 0. 0. 0.],comp.sys.mac.hardware
[0.         0.         0.         ... 0.02605198 0.         0.        ],comp.os.ms-windows.misc
[0. 0. 0. ... 0. 0. 0.],rec.sport.hockey
[0. 0. 0. ... 0. 0. 0.],rec.motorcycles
[0.         0.         0.         ... 0.05459328 0.         0.        ],talk.religion.misc
[0. 0. 0. ... 0. 0. 0.],comp.sys.mac.hardware
[0.         0.05969934 0.         ... 0.03130561 0.         0.        ],comp.os.ms-windows.misc
[0. 0. 0. ... 0. 0. 0.],comp.sys.ibm.pc.hardware
[0. 0. 0. ... 0. 0. 0.],sci.electronics
[0. 0. 0. ... 0. 0. 0.],talk.religion.misc
[0.         0.         0.         ... 0.02346104 0.         0.        ],sci.electronics
[0. 0. 0. ... 0. 0. 0.],comp.windows.x
[0. 0. 0. ... 0. 0. 0.],rec.sport.hockey
[0.         0.04253756 0.         ... 0.         0.         0.        ],talk.politics.guns
[0.         0.         0.         ... 0.05181968 0.         0.        ],rec.sport.baseball
[0.         0.         0.         ... 0.15536545 0.         0.        ],talk.politics.mideast
[0. 0. 0. ... 0. 0. 0.],rec.sport.hockey
[0.         0.         0.         ... 0.12113913 0.         0.        ],misc.forsale
[0.         0.         0.         ... 0.03117633 0.         0.        ],alt.atheism
[0. 0. 0. ... 0. 0. 0.],rec.sport.hockey
[0.         0.         0.         ... 0.06090544 0.12179651 0.        ],comp.windows.x
[0.         0.         0.         ... 0.04582665 0.         0.        ],sci.electronics
[0. 0. 0. ... 0. 0. 0.],misc.forsale
[0.         0.         0.         ... 0.         0.11524417 0.        ],misc.forsale
[0.         0.         0.         ... 0.11293829 0.         0.        ],comp.sys.mac.hardware
[0. 0. 0. ... 0. 0. 0.],rec.motorcycles
[0. 0. 0. ... 0. 0. 0.],comp.windows.x
[0. 0. 0. ... 0. 0. 0.],talk.politics.misc
[0.         0.         0.         ... 0.05765831 0.         0.        ],comp.sys.ibm.pc.hardware
[0.         0.         0.         ... 0.09619761 0.         0.        ],sci.med
[0. 0. 0. ... 0. 0. 0.],misc.forsale
[0.        0.1288151 0.        ... 0.        0.        0.       ],sci.med
[0. 0. 0. ... 0. 0. 0.],rec.sport.hockey
[0. 0. 0. ... 0. 0. 0.],sci.med
[0.10011271 0.         0.         ... 0.         0.         0.        ],comp.sys.mac.hardware
[0. 0. 0. ... 0. 0. 0.],alt.atheism
[0. 0. 0. ... 0. 0. 0.],misc.forsale
[0. 0. 0. ... 0. 0. 0.],rec.autos
[0. 0. 0. ... 0. 0. 0.],comp.sys.mac.hardware
[0. 0. 0. ... 0. 0. 0.],sci.crypt
[0. 0. 0. ... 0. 0. 0.],soc.religion.christian
[0.        0.0587206 0.        ... 0.        0.        0.       ],talk.politics.mideast
[0.         0.08497519 0.         ... 0.08911992 0.         0.        ],sci.med
[0.08403513 0.         0.         ... 0.04509853 0.         0.        ],rec.motorcycles
[0. 0. 0. ... 0. 0. 0.],sci.crypt
[0. 0. 0. ... 0. 0. 0.],sci.electronics
[0. 0. 0. ... 0. 0. 0.],comp.windows.x
[0. 0. 0. ... 0. 0. 0.],sci.crypt
[0.         0.         0.         ... 0.         0.         0.13809183],misc.forsale
[0. 0. 0. ... 0. 0. 0.],misc.forsale
[0.        0.        0.        ... 0.0315415 0.        0.       ],comp.sys.mac.hardware
[0. 0. 0. ... 0. 0. 0.],soc.religion.christian
[0.         0.07115479 0.         ... 0.         0.         0.        ],comp.os.ms-windows.misc
[0.03527113 0.         0.         ... 0.         0.         0.        ],rec.autos
[0. 0. 0. ... 0. 0. 0.],talk.politics.guns
[0.         0.         0.16877367 ... 0.         0.         0.        ],sci.med
[0. 0. 0. ... 0. 0. 0.],comp.graphics
[0.         0.         0.         ... 0.         0.15554989 0.        ],misc.forsale
[0.         0.         0.         ... 0.08764236 0.08763202 0.        ],rec.motorcycles
[0.         0.         0.14332446 ... 0.         0.         0.        ],rec.sport.hockey
[0. 0. 0. ... 0. 0. 0.],sci.space
[0. 0. 0. ... 0. 0. 0.],sci.crypt
[0. 0. 0. ... 0. 0. 0.],rec.motorcycles
[0. 0. 0. ... 0. 0. 0.],misc.forsale
[0. 0. 0. ... 0. 0. 0.],soc.religion.christian
[0. 0. 0. ... 0. 0. 0.],talk.politics.guns
[0. 0. 0. ... 0. 0. 0.],comp.os.ms-windows.misc
[0. 0. 0. ... 0. 0. 0.],comp.sys.ibm.pc.hardware
[0.         0.         0.         ... 0.20893935 0.         0.        ],comp.windows.x
[0. 0. 0. ... 0. 0. 0.],soc.religion.christian
[0.         0.         0.         ... 0.         0.03326408 0.        ],misc.forsale
[0. 0. 0. ... 0. 0. 0.],rec.motorcycles
[0. 0. 0. ... 0. 0. 0.],comp.sys.mac.hardware
[0. 0. 0. ... 0. 0. 0.],soc.religion.christian
[0. 0. 0. ... 0. 0. 0.],soc.religion.christian
[0. 0. 0. ... 0. 0. 0.],comp.os.ms-windows.misc
[0. 0. 0. ... 0. 0. 0.],soc.religion.christian
[0. 0. 0. ... 0. 0. 0.],sci.crypt
[0. 0. 0. ... 0. 0. 0.],rec.motorcycles
[0.         0.         0.         ... 0.05238928 0.         0.        ],sci.med
[0.         0.         0.         ... 0.06254841 0.         0.        ],comp.sys.ibm.pc.hardware
[0. 0. 0. ... 0. 0. 0.],talk.politics.guns
[0. 0. 0. ... 0. 0. 0.],sci.space
[0. 0. 0. ... 0. 0. 0.],rec.motorcycles
[0. 0. 0. ... 0. 0. 0.],sci.med
[0. 0. 0. ... 0. 0. 0.],talk.religion.misc
[0.         0.         0.         ... 0.         0.         0.11697965],misc.forsale
[0. 0. 0. ... 0. 0. 0.],sci.space
[0.         0.         0.         ... 0.04950291 0.         0.        ],rec.sport.baseball
[0.         0.         0.         ... 0.11615994 0.         0.        ],sci.med
[0.         0.07601678 0.         ... 0.         0.         0.        ],soc.religion.christian
[0. 0. 0. ... 0. 0. 0.],misc.forsale
[0. 0. 0. ... 0. 0. 0.],rec.sport.baseball
[0.         0.         0.08809488 ... 0.         0.         0.        ],rec.sport.baseball
[0.         0.         0.         ... 0.01371406 0.         0.        ],comp.graphics
[0. 0. 0. ... 0. 0. 0.],rec.sport.baseball
[0. 0. 0. ... 0. 0. 0.],comp.sys.mac.hardware
[0. 0. 0. ... 0. 0. 0.],talk.politics.mideast
[0.         0.         0.         ... 0.08561928 0.         0.        ],talk.politics.guns
[0.         0.         0.         ... 0.03184451 0.         0.        ],soc.religion.christian
[0. 0. 0. ... 0. 0. 0.],comp.windows.x
[0. 0. 0. ... 0. 0. 0.],rec.motorcycles
[0.06692084 0.06848734 0.07916999 ... 0.         0.         0.        ],sci.med
[0.         0.         0.         ... 0.17499921 0.         0.        ],comp.graphics
[0.         0.         0.         ... 0.05209113 0.         0.        ],comp.os.ms-windows.misc
[0.         0.         0.         ... 0.09266503 0.         0.        ],misc.forsale
[0. 0. 0. ... 0. 0. 0.],rec.sport.baseball
[0.         0.         0.         ... 0.         0.10036278 0.        ],comp.os.ms-windows.misc
[0.         0.         0.         ... 0.07331593 0.         0.        ],comp.sys.mac.hardware
[0. 0. 0. ... 0. 0. 0.],sci.space
[0.08793363 0.         0.         ... 0.         0.         0.        ],rec.sport.hockey
[0. 0. 0. ... 0. 0. 0.],talk.politics.mideast
[0. 0. 0. ... 0. 0. 0.],rec.motorcycles
[0.         0.         0.         ... 0.06504058 0.         0.        ],comp.os.ms-windows.misc
[0.         0.         0.         ... 0.00896991 0.         0.        ],comp.windows.x
[0. 0. 0. ... 0. 0. 0.],talk.religion.misc
[0. 0. 0. ... 0. 0. 0.],sci.space
[0. 0. 0. ... 0. 0. 0.],comp.windows.x
[0. 0. 0. ... 0. 0. 0.],talk.politics.guns
[0. 0. 0. ... 0. 0. 0.],soc.religion.christian
[0. 0. 0. ... 0. 0. 0.],comp.windows.x
[0. 0. 0. ... 0. 0. 0.],comp.sys.mac.hardware
[0.         0.         0.         ... 0.08844956 0.         0.        ],talk.politics.misc
[0. 0. 0. ... 0. 0. 0.],rec.sport.baseball
[0. 0. 0. ... 0. 0. 0.],comp.sys.ibm.pc.hardware
[0.00360104 0.00368533 0.         ... 0.05990883 0.         0.        ],soc.religion.christian
[0.         0.         0.         ... 0.         0.02554033 0.        ],comp.graphics
[0. 0. 0. ... 0. 0. 0.],comp.sys.ibm.pc.hardware
[0. 0. 0. ... 0. 0. 0.],comp.sys.mac.hardware
[0. 0. 0. ... 0. 0. 0.],rec.motorcycles
[0.         0.         0.         ... 0.06097745 0.         0.        ],rec.motorcycles
[0.         0.         0.         ... 0.0177395  0.07094962 0.        ],sci.space
[0.         0.         0.         ... 0.02919083 0.         0.        ],rec.motorcycles
[0.         0.         0.         ... 0.10564191 0.02347321 0.        ],rec.sport.baseball
[0.         0.19246664 0.         ... 0.         0.         0.        ],comp.sys.mac.hardware
[0. 0. 0. ... 0. 0. 0.],rec.sport.hockey
[0.         0.         0.         ... 0.05302739 0.         0.        ],talk.politics.mideast
[0.         0.         0.         ... 0.05878081 0.         0.        ],comp.sys.ibm.pc.hardware
[0. 0. 0. ... 0. 0. 0.],sci.crypt
[0. 0. 0. ... 0. 0. 0.],talk.politics.mideast
[0. 0. 0. ... 0. 0. 0.],rec.autos
[0.         0.         0.         ... 0.03400218 0.         0.        ],rec.autos
[0.         0.         0.         ... 0.13181474 0.         0.        ],comp.os.ms-windows.misc
[0. 0. 0. ... 0. 0. 0.],sci.electronics
[0. 0. 0. ... 0. 0. 0.],comp.sys.ibm.pc.hardware
[0. 0. 0. ... 0. 0. 0.],talk.politics.mideast
[0.01605262 0.03285676 0.         ... 0.         0.         0.        ],rec.sport.hockey
[0. 0. 0. ... 0. 0. 0.],rec.sport.hockey
[0. 0. 0. ... 0. 0. 0.],comp.sys.mac.hardware
[0.         0.         0.         ... 0.00540633 0.         0.        ],soc.religion.christian
[0. 0. 0. ... 0. 0. 0.],sci.electronics
[0.         0.         0.         ... 0.05686781 0.         0.        ],sci.space
[0. 0. 0. ... 0. 0. 0.],comp.sys.mac.hardware
[0. 0. 0. ... 0. 0. 0.],sci.crypt
